meta,ALA331.P,ALA423.P,ALA423.P,ALA479.P,ALA480.P,ALA77.P,ALA77.P,ALA81.P,ASN353.P,ASN353.P,ASP421.P,ASP421.P,ASP476.P,ASP79.P,ASP79.P,ASP79.P,ASP79.P,GLU428.P,GLU428.P,GLY153.P,GLY323.P,GLY425.P,GLY426.P,GLY75.P,ILE484.P,LEU322.P,LEU322.P,LEU329.P,LEU329.P,MET424.P,PHE114.P,PHE114.P,PHE114.P,PHE155.P,PHE320.P,PHE320.P,PHE320.P,PHE320.P,PHE326.P,PHE326.P,PHE326.P,PHE326.P,PHE332.P,PHE332.P,PHE332.P,PHE76.P,PHE76.P,PHE76.P,SER149.P,SER321.P,SER422.P,SER429.P,THR349.P,THR349.P,TRP84.P,TYR156.P,TYR156.P,TYR156.P,TYR156.P,TYR156.P,TYR335.P,VAL152.P,VAL152.P,VAL259.P,VAL259.P,VAL328.P,VAL328.P,VAL78.P,meta,meta
frame,Hydrophobic,Hydrophobic,VdWContact,VdWContact,VdWContact,Hydrophobic,VdWContact,VdWContact,Hydrophobic,VdWContact,Hydrophobic,VdWContact,VdWContact,Cationic,HBDonor,Hydrophobic,VdWContact,Hydrophobic,VdWContact,VdWContact,VdWContact,VdWContact,VdWContact,VdWContact,VdWContact,Hydrophobic,VdWContact,Hydrophobic,VdWContact,Hydrophobic,Hydrophobic,PiStacking,VdWContact,VdWContact,CationPi,HBDonor,Hydrophobic,VdWContact,CationPi,Hydrophobic,PiStacking,VdWContact,Hydrophobic,PiStacking,VdWContact,Hydrophobic,PiStacking,VdWContact,VdWContact,VdWContact,VdWContact,VdWContact,Hydrophobic,VdWContact,VdWContact,CationPi,HBDonor,Hydrophobic,PiStacking,VdWContact,Hydrophobic,Hydrophobic,VdWContact,Hydrophobic,VdWContact,Hydrophobic,VdWContact,VdWContact,bond_type,drug_name
0,0.0,0.0,0.0,0.0,0.0,0,0,0.0,0.0,0,0.0,1.0,0.0,0,0,1,1,0.0,0.0,0.0,0,0.0,0,0.0,0.0,0.0,0,0.0,0.0,0.0,0.0,0.0,0.0,0.0,0.0,0,0.0,0,0.0,1,0.0,0,0.0,0.0,0.0,1,0,1,0.0,0,1,0.0,0.0,0.0,0.0,0.0,0.0,0,0.0,0,0.0,0,0,0.0,0.0,1.0,1.0,0.0,inward,BZT
1,0.0,0.0,0.0,0.0,0.0,0,0,0.0,0.0,0,0.0,1.0,0.0,0,0,1,1,0.0,0.0,0.0,0,0.0,0,0.0,0.0,0.0,0,0.0,0.0,0.0,0.0,0.0,0.0,0.0,0.0,0,0.0,0,0.0,1,0.0,0,0.0,0.0,0.0,1,0,1,0.0,0,1,0.0,0.0,0.0,0.0,0.0,0.0,0,0.0,0,0.0,0,0,0.0,0.0,1.0,1.0,0.0,inward,BZT
2,0.0,0.0,0.0,0.0,0.0,0,0,0.0,0.0,0,0.0,1.0,0.0,0,0,1,1,0.0,0.0,0.0,0,0.0,0,0.0,0.0,0.0,0,0.0,0.0,0.0,0.0,0.0,0.0,0.0,0.0,0,1.0,0,0.0,1,0.0,0,0.0,0.0,0.0,1,0,0,0.0,0,1,0.0,0.0,0.0,0.0,0.0,0.0,0,0.0,0,0.0,0,0,0.0,0.0,1.0,1.0,0.0,inward,BZT
3,0.0,0.0,0.0,0.0,0.0,0,0,0.0,0.0,0,0.0,1.0,0.0,0,0,1,1,0.0,0.0,0.0,0,0.0,0,1.0,0.0,0.0,0,0.0,0.0,0.0,0.0,0.0,0.0,0.0,0.0,0,0.0,0,0.0,0,0.0,0,0.0,0.0,0.0,1,0,1,0.0,0,1,0.0,0.0,0.0,0.0,0.0,0.0,0,0.0,0,0.0,0,0,0.0,0.0,1.0,1.0,0.0,inward,BZT
4,0.0,0.0,0.0,0.0,0.0,0,0,0.0,0.0,0,0.0,1.0,0.0,0,0,1,0,0.0,0.0,0.0,0,1.0,0,0.0,0.0,0.0,0,0.0,0.0,0.0,0.0,0.0,0.0,0.0,0.0,0,0.0,0,0.0,0,0.0,0,0.0,0.0,0.0,1,0,1,0.0,0,1,0.0,0.0,0.0,0.0,0.0,0.0,0,0.0,0,0.0,0,0,0.0,0.0,1.0,1.0,0.0,inward,BZT
5,0.0,0.0,0.0,0.0,0.0,0,0,0.0,0.0,0,0.0,1.0,0.0,0,0,1,1,0.0,0.0,0.0,0,0.0,0,0.0,0.0,0.0,0,0.0,0.0,0.0,0.0,0.0,0.0,0.0,0.0,0,1.0,0,0.0,1,0.0,0,0.0,0.0,0.0,1,0,0,0.0,0,1,0.0,0.0,0.0,0.0,0.0,0.0,0,0.0,0,0.0,0,0,0.0,0.0,1.0,1.0,0.0,inward,BZT
6,0.0,0.0,0.0,0.0,0.0,0,0,0.0,0.0,0,0.0,1.0,0.0,0,0,1,1,0.0,0.0,0.0,0,0.0,0,0.0,0.0,0.0,0,0.0,0.0,0.0,0.0,0.0,0.0,0.0,0.0,0,0.0,0,0.0,0,0.0,0,0.0,0.0,0.0,1,0,1,0.0,0,1,0.0,0.0,0.0,0.0,0.0,0.0,0,0.0,0,0.0,0,0,0.0,0.0,1.0,1.0,0.0,inward,BZT
7,0.0,0.0,0.0,0.0,0.0,0,0,0.0,0.0,0,0.0,1.0,0.0,0,0,1,1,0.0,0.0,0.0,0,0.0,0,1.0,0.0,0.0,0,0.0,0.0,0.0,0.0,0.0,0.0,0.0,0.0,0,0.0,0,0.0,1,0.0,0,0.0,0.0,0.0,1,0,1,0.0,0,1,0.0,0.0,0.0,0.0,0.0,0.0,0,0.0,0,0.0,0,0,0.0,0.0,1.0,1.0,0.0,inward,BZT
8,0.0,0.0,0.0,0.0,0.0,0,0,0.0,0.0,0,0.0,1.0,0.0,0,0,1,1,0.0,0.0,0.0,0,1.0,0,0.0,0.0,0.0,0,0.0,0.0,0.0,0.0,0.0,0.0,0.0,0.0,0,0.0,0,0.0,1,0.0,1,0.0,0.0,0.0,1,0,1,0.0,0,1,0.0,0.0,0.0,0.0,0.0,0.0,0,0.0,0,0.0,0,0,0.0,0.0,1.0,1.0,0.0,inward,BZT
9,0.0,0.0,0.0,0.0,0.0,0,0,0.0,0.0,0,1.0,1.0,0.0,0,0,1,1,0.0,0.0,0.0,0,0.0,0,0.0,0.0,0.0,0,0.0,0.0,0.0,0.0,0.0,0.0,0.0,0.0,0,0.0,0,0.0,1,0.0,0,0.0,0.0,0.0,1,0,1,0.0,0,1,0.0,0.0,0.0,0.0,0.0,0.0,0,0.0,0,0.0,0,0,0.0,0.0,1.0,1.0,0.0,inward,BZT
10,0.0,0.0,0.0,0.0,0.0,0,0,0.0,0.0,0,0.0,1.0,0.0,0,0,1,1,0.0,0.0,0.0,0,0.0,0,1.0,0.0,0.0,0,0.0,0.0,0.0,0.0,0.0,0.0,0.0,0.0,0,1.0,0,0.0,1,0.0,0,0.0,0.0,0.0,1,0,1,0.0,0,1,0.0,0.0,0.0,0.0,0.0,0.0,0,0.0,0,0.0,0,0,0.0,0.0,1.0,1.0,0.0,inward,BZT
11,0.0,0.0,0.0,0.0,0.0,0,0,0.0,0.0,0,0.0,1.0,0.0,0,0,1,1,0.0,0.0,0.0,0,0.0,0,1.0,0.0,0.0,0,0.0,0.0,0.0,0.0,0.0,0.0,0.0,0.0,0,0.0,0,0.0,1,0.0,0,0.0,0.0,0.0,1,0,1,0.0,0,1,0.0,0.0,0.0,0.0,0.0,0.0,0,0.0,0,0.0,0,0,0.0,0.0,1.0,1.0,0.0,inward,BZT
12,0.0,0.0,0.0,0.0,0.0,0,0,0.0,0.0,0,0.0,1.0,0.0,0,0,1,0,0.0,0.0,0.0,0,0.0,0,1.0,0.0,0.0,0,0.0,0.0,0.0,0.0,0.0,0.0,0.0,0.0,0,0.0,0,0.0,0,0.0,0,0.0,0.0,0.0,1,0,1,0.0,0,1,0.0,0.0,0.0,0.0,0.0,0.0,0,0.0,0,0.0,0,0,0.0,0.0,1.0,1.0,0.0,inward,BZT
13,0.0,0.0,0.0,0.0,0.0,0,0,0.0,0.0,0,0.0,1.0,0.0,0,0,1,1,0.0,0.0,0.0,0,0.0,0,1.0,0.0,0.0,0,0.0,0.0,0.0,0.0,0.0,0.0,0.0,0.0,0,0.0,0,0.0,0,0.0,0,0.0,0.0,0.0,1,0,1,0.0,0,1,0.0,0.0,0.0,0.0,0.0,0.0,0,0.0,0,0.0,0,0,0.0,0.0,1.0,1.0,0.0,inward,BZT
14,0.0,0.0,0.0,0.0,0.0,0,0,0.0,0.0,0,0.0,1.0,0.0,0,0,1,1,0.0,0.0,0.0,0,0.0,0,0.0,0.0,0.0,0,0.0,0.0,0.0,0.0,0.0,0.0,0.0,0.0,0,0.0,0,0.0,1,0.0,1,0.0,0.0,0.0,1,0,1,0.0,0,1,0.0,0.0,0.0,0.0,0.0,0.0,0,0.0,0,0.0,0,0,0.0,0.0,1.0,1.0,0.0,inward,BZT
15,0.0,0.0,0.0,0.0,0.0,0,0,0.0,0.0,0,0.0,1.0,0.0,0,0,1,1,0.0,0.0,0.0,0,0.0,0,0.0,0.0,0.0,0,0.0,0.0,0.0,0.0,0.0,0.0,0.0,0.0,0,1.0,0,0.0,1,0.0,1,0.0,0.0,0.0,1,0,1,0.0,0,1,0.0,0.0,0.0,0.0,0.0,0.0,0,0.0,0,0.0,0,0,0.0,0.0,1.0,1.0,0.0,inward,BZT
16,0.0,0.0,0.0,0.0,0.0,0,0,0.0,0.0,0,0.0,1.0,0.0,0,0,1,1,0.0,0.0,0.0,0,1.0,0,0.0,0.0,0.0,0,0.0,0.0,0.0,0.0,0.0,0.0,0.0,0.0,0,1.0,0,0.0,1,0.0,0,0.0,0.0,0.0,1,0,1,0.0,0,1,0.0,0.0,0.0,0.0,0.0,0.0,0,0.0,0,0.0,0,0,0.0,0.0,1.0,1.0,0.0,inward,BZT
17,0.0,0.0,0.0,0.0,0.0,0,0,0.0,0.0,0,0.0,1.0,0.0,0,0,1,1,0.0,0.0,0.0,0,1.0,0,0.0,0.0,0.0,0,0.0,0.0,0.0,0.0,0.0,0.0,0.0,0.0,0,1.0,0,0.0,1,0.0,0,0.0,0.0,0.0,1,0,1,0.0,0,1,0.0,0.0,0.0,0.0,0.0,0.0,0,0.0,0,0.0,0,0,0.0,0.0,1.0,1.0,0.0,inward,BZT
18,0.0,0.0,0.0,0.0,0.0,0,0,0.0,0.0,0,0.0,1.0,0.0,0,0,1,0,0.0,0.0,0.0,0,1.0,0,0.0,0.0,0.0,0,0.0,0.0,0.0,0.0,0.0,0.0,0.0,0.0,0,0.0,0,0.0,1,0.0,0,0.0,0.0,0.0,1,0,1,0.0,0,1,0.0,0.0,0.0,0.0,0.0,0.0,0,0.0,0,0.0,0,0,0.0,0.0,1.0,1.0,0.0,inward,BZT
19,0.0,0.0,0.0,0.0,0.0,0,0,0.0,0.0,0,0.0,1.0,0.0,0,0,1,0,0.0,0.0,0.0,0,0.0,0,1.0,0.0,0.0,0,0.0,0.0,0.0,0.0,0.0,0.0,0.0,0.0,0,0.0,0,0.0,1,0.0,0,0.0,0.0,0.0,1,0,1,0.0,0,1,0.0,0.0,0.0,0.0,0.0,0.0,0,0.0,0,0.0,0,0,0.0,0.0,1.0,1.0,0.0,inward,BZT
20,0.0,0.0,0.0,0.0,0.0,0,0,0.0,0.0,0,0.0,1.0,0.0,0,0,1,0,0.0,0.0,0.0,0,0.0,0,0.0,0.0,0.0,0,0.0,0.0,0.0,0.0,0.0,0.0,0.0,0.0,0,1.0,0,0.0,1,0.0,1,0.0,0.0,0.0,1,0,1,0.0,0,1,0.0,0.0,0.0,0.0,0.0,0.0,0,0.0,0,0.0,0,0,0.0,0.0,1.0,1.0,0.0,inward,BZT
21,0.0,0.0,0.0,0.0,0.0,0,0,0.0,0.0,0,0.0,1.0,0.0,0,0,1,1,0.0,0.0,0.0,0,0.0,0,0.0,0.0,0.0,0,0.0,0.0,0.0,0.0,0.0,0.0,0.0,0.0,0,1.0,0,0.0,1,0.0,0,0.0,0.0,0.0,1,0,1,0.0,0,1,0.0,0.0,0.0,0.0,0.0,0.0,0,0.0,0,0.0,0,0,0.0,0.0,1.0,1.0,0.0,inward,BZT
22,0.0,0.0,0.0,0.0,0.0,0,0,0.0,0.0,0,0.0,1.0,0.0,0,0,1,1,0.0,0.0,0.0,0,0.0,0,0.0,0.0,0.0,0,0.0,0.0,0.0,0.0,0.0,0.0,0.0,0.0,0,1.0,0,0.0,0,0.0,0,0.0,0.0,0.0,1,0,1,0.0,0,1,0.0,0.0,0.0,0.0,0.0,0.0,0,0.0,0,0.0,0,0,0.0,0.0,1.0,1.0,0.0,inward,BZT
23,0.0,0.0,0.0,0.0,0.0,0,0,0.0,0.0,0,0.0,1.0,0.0,0,0,1,1,0.0,0.0,0.0,0,0.0,0,0.0,0.0,0.0,0,0.0,0.0,0.0,0.0,0.0,0.0,0.0,0.0,0,0.0,0,0.0,0,0.0,0,0.0,0.0,0.0,1,0,1,0.0,0,1,0.0,0.0,0.0,0.0,0.0,0.0,0,0.0,0,0.0,0,0,0.0,0.0,1.0,1.0,0.0,inward,BZT
24,0.0,0.0,0.0,0.0,0.0,0,0,0.0,0.0,0,0.0,1.0,0.0,0,0,1,1,0.0,0.0,0.0,0,0.0,0,0.0,0.0,0.0,0,0.0,0.0,0.0,0.0,0.0,0.0,0.0,0.0,0,0.0,0,0.0,1,0.0,0,0.0,0.0,0.0,1,0,1,0.0,0,1,0.0,0.0,0.0,0.0,0.0,0.0,0,0.0,0,0.0,0,0,0.0,0.0,1.0,1.0,0.0,inward,BZT
25,0.0,0.0,0.0,0.0,0.0,0,0,0.0,0.0,0,0.0,1.0,0.0,0,0,1,1,0.0,0.0,0.0,0,1.0,0,0.0,0.0,0.0,0,0.0,0.0,0.0,0.0,0.0,0.0,0.0,0.0,0,1.0,0,0.0,1,0.0,0,0.0,0.0,0.0,1,0,1,0.0,0,1,0.0,0.0,0.0,0.0,0.0,0.0,0,0.0,0,0.0,0,0,0.0,0.0,1.0,0.0,0.0,inward,BZT
26,0.0,0.0,0.0,0.0,0.0,0,0,0.0,0.0,0,0.0,1.0,0.0,0,0,1,1,0.0,0.0,0.0,0,0.0,0,1.0,0.0,0.0,0,0.0,0.0,0.0,0.0,0.0,0.0,0.0,0.0,0,0.0,0,0.0,0,0.0,0,0.0,0.0,0.0,1,0,1,0.0,0,1,0.0,0.0,0.0,0.0,0.0,0.0,0,0.0,0,0.0,0,0,0.0,0.0,1.0,1.0,0.0,inward,BZT
27,0.0,0.0,0.0,0.0,0.0,0,0,0.0,0.0,0,0.0,1.0,0.0,0,0,1,1,0.0,0.0,0.0,0,0.0,0,0.0,0.0,0.0,0,0.0,0.0,0.0,0.0,0.0,0.0,0.0,0.0,0,0.0,0,0.0,1,0.0,0,0.0,0.0,0.0,1,0,1,0.0,0,1,0.0,0.0,0.0,0.0,0.0,0.0,0,0.0,0,0.0,0,0,0.0,0.0,1.0,1.0,0.0,inward,BZT
28,0.0,0.0,0.0,0.0,0.0,0,0,0.0,0.0,0,0.0,1.0,0.0,0,0,1,1,0.0,0.0,0.0,0,1.0,0,1.0,0.0,0.0,0,0.0,0.0,0.0,0.0,0.0,0.0,0.0,0.0,0,1.0,0,0.0,1,0.0,0,0.0,0.0,0.0,1,0,0,0.0,0,1,0.0,0.0,0.0,0.0,0.0,0.0,0,0.0,0,0.0,0,0,0.0,0.0,1.0,1.0,0.0,inward,BZT
29,0.0,0.0,0.0,0.0,0.0,0,0,0.0,0.0,0,0.0,1.0,0.0,0,0,1,1,0.0,0.0,0.0,0,1.0,0,0.0,0.0,0.0,0,0.0,0.0,0.0,0.0,0.0,0.0,0.0,0.0,0,0.0,0,0.0,0,0.0,0,0.0,0.0,0.0,1,0,1,0.0,0,1,0.0,0.0,0.0,0.0,0.0,0.0,0,0.0,0,0.0,0,0,0.0,0.0,1.0,1.0,0.0,inward,BZT
30,0.0,0.0,0.0,0.0,0.0,0,0,0.0,0.0,0,0.0,1.0,0.0,0,0,1,1,0.0,0.0,0.0,0,0.0,0,0.0,0.0,0.0,0,0.0,0.0,0.0,0.0,0.0,0.0,0.0,0.0,0,0.0,0,0.0,0,0.0,0,0.0,0.0,0.0,1,0,1,0.0,0,1,0.0,0.0,0.0,0.0,0.0,0.0,0,0.0,0,0.0,0,0,0.0,0.0,1.0,1.0,0.0,inward,BZT
31,0.0,0.0,0.0,0.0,0.0,0,0,0.0,0.0,0,0.0,1.0,0.0,0,0,1,1,0.0,0.0,0.0,0,0.0,0,1.0,0.0,0.0,0,0.0,0.0,0.0,0.0,0.0,0.0,0.0,0.0,0,0.0,0,0.0,0,0.0,0,0.0,0.0,0.0,1,0,0,0.0,0,1,0.0,0.0,0.0,0.0,0.0,0.0,0,0.0,0,0.0,0,0,0.0,0.0,1.0,1.0,0.0,inward,BZT
32,0.0,0.0,0.0,0.0,0.0,0,0,0.0,0.0,0,0.0,1.0,0.0,0,0,1,0,0.0,0.0,0.0,0,1.0,0,0.0,0.0,0.0,0,0.0,0.0,0.0,0.0,0.0,0.0,0.0,0.0,0,0.0,0,0.0,1,0.0,0,0.0,0.0,0.0,1,0,0,0.0,0,1,0.0,0.0,0.0,0.0,0.0,0.0,0,0.0,0,0.0,0,0,0.0,0.0,1.0,1.0,0.0,inward,BZT
33,0.0,0.0,0.0,0.0,0.0,0,0,0.0,0.0,0,0.0,1.0,0.0,0,0,1,1,0.0,0.0,0.0,0,1.0,0,0.0,0.0,0.0,0,0.0,0.0,0.0,0.0,0.0,0.0,0.0,0.0,0,0.0,0,0.0,1,0.0,0,0.0,0.0,0.0,1,0,1,0.0,0,1,0.0,0.0,0.0,0.0,0.0,0.0,0,0.0,0,0.0,0,0,0.0,0.0,1.0,1.0,0.0,inward,BZT
34,0.0,0.0,0.0,0.0,0.0,0,0,0.0,0.0,0,0.0,1.0,0.0,0,0,1,1,0.0,0.0,0.0,0,0.0,0,0.0,0.0,0.0,0,0.0,0.0,0.0,0.0,0.0,0.0,0.0,0.0,0,0.0,0,0.0,1,0.0,0,0.0,0.0,0.0,1,0,1,0.0,0,1,0.0,0.0,0.0,0.0,0.0,0.0,0,0.0,0,0.0,0,0,0.0,0.0,1.0,1.0,0.0,inward,BZT
35,0.0,0.0,0.0,0.0,0.0,0,0,0.0,0.0,0,0.0,1.0,0.0,0,0,1,1,0.0,0.0,0.0,0,1.0,0,0.0,0.0,0.0,0,0.0,0.0,0.0,0.0,0.0,0.0,0.0,0.0,0,0.0,0,0.0,1,0.0,0,0.0,0.0,0.0,1,0,1,0.0,0,1,0.0,0.0,0.0,0.0,0.0,0.0,0,0.0,0,0.0,0,0,0.0,0.0,1.0,1.0,0.0,inward,BZT
36,0.0,0.0,0.0,0.0,0.0,0,0,0.0,0.0,0,0.0,1.0,0.0,0,0,1,1,0.0,0.0,0.0,0,0.0,0,0.0,0.0,0.0,0,0.0,0.0,0.0,0.0,0.0,0.0,0.0,0.0,0,0.0,0,0.0,1,0.0,0,0.0,0.0,0.0,1,1,1,0.0,0,1,0.0,0.0,0.0,0.0,0.0,0.0,0,0.0,0,0.0,0,0,0.0,0.0,1.0,1.0,0.0,inward,BZT
37,0.0,0.0,0.0,0.0,0.0,0,0,0.0,0.0,0,0.0,1.0,0.0,0,0,1,1,0.0,0.0,0.0,0,1.0,0,1.0,0.0,0.0,0,0.0,0.0,0.0,0.0,0.0,0.0,0.0,0.0,0,0.0,0,0.0,1,0.0,0,0.0,0.0,0.0,1,0,1,0.0,0,1,0.0,0.0,0.0,0.0,0.0,0.0,0,0.0,0,0.0,0,0,0.0,0.0,1.0,1.0,0.0,inward,BZT
38,0.0,0.0,0.0,0.0,0.0,0,0,0.0,0.0,0,0.0,1.0,0.0,0,0,1,1,0.0,0.0,0.0,0,1.0,0,1.0,0.0,0.0,0,0.0,0.0,0.0,0.0,0.0,0.0,0.0,0.0,0,0.0,0,0.0,0,0.0,0,0.0,0.0,0.0,1,0,1,0.0,0,1,0.0,0.0,0.0,0.0,0.0,0.0,0,0.0,0,0.0,0,0,0.0,0.0,1.0,1.0,0.0,inward,BZT
39,0.0,0.0,0.0,0.0,0.0,0,0,0.0,0.0,0,0.0,1.0,0.0,0,0,1,1,0.0,0.0,0.0,0,0.0,0,0.0,0.0,0.0,0,0.0,0.0,0.0,0.0,0.0,0.0,0.0,0.0,0,0.0,0,0.0,1,0.0,0,0.0,0.0,0.0,1,0,1,0.0,0,1,0.0,0.0,0.0,0.0,0.0,0.0,0,0.0,0,0.0,0,0,0.0,0.0,1.0,1.0,0.0,inward,BZT
40,0.0,0.0,0.0,0.0,0.0,0,0,0.0,0.0,0,0.0,0.0,0.0,0,0,1,1,0.0,0.0,0.0,0,1.0,0,0.0,0.0,0.0,0,0.0,0.0,0.0,0.0,0.0,0.0,0.0,0.0,0,0.0,0,0.0,1,0.0,1,0.0,0.0,0.0,1,0,0,0.0,0,1,0.0,0.0,0.0,0.0,0.0,0.0,0,0.0,0,0.0,0,0,0.0,0.0,1.0,1.0,0.0,inward,BZT
41,0.0,0.0,0.0,0.0,0.0,0,0,0.0,0.0,0,1.0,1.0,0.0,0,0,1,1,0.0,0.0,0.0,0,0.0,0,0.0,0.0,0.0,0,0.0,0.0,0.0,0.0,0.0,0.0,0.0,0.0,0,0.0,0,0.0,1,0.0,0,0.0,0.0,0.0,1,0,1,0.0,0,1,0.0,0.0,0.0,0.0,0.0,0.0,0,0.0,0,0.0,0,0,0.0,0.0,1.0,1.0,0.0,inward,BZT
42,0.0,0.0,0.0,0.0,0.0,0,0,0.0,0.0,0,0.0,1.0,0.0,0,0,1,1,0.0,0.0,0.0,0,0.0,0,0.0,0.0,0.0,0,0.0,0.0,0.0,0.0,0.0,0.0,0.0,0.0,0,1.0,0,0.0,1,0.0,0,0.0,0.0,0.0,1,0,1,0.0,0,1,0.0,0.0,0.0,0.0,0.0,0.0,0,0.0,0,0.0,0,0,0.0,0.0,1.0,1.0,0.0,inward,BZT
43,0.0,0.0,0.0,0.0,0.0,0,0,0.0,0.0,0,0.0,1.0,0.0,0,0,1,1,0.0,0.0,0.0,0,0.0,0,0.0,0.0,0.0,0,0.0,0.0,0.0,0.0,0.0,0.0,0.0,0.0,0,1.0,0,0.0,1,0.0,0,0.0,0.0,0.0,1,0,1,0.0,0,0,0.0,0.0,0.0,0.0,0.0,0.0,0,0.0,0,0.0,0,0,0.0,0.0,1.0,1.0,0.0,inward,BZT
44,0.0,0.0,0.0,0.0,0.0,0,0,0.0,0.0,0,0.0,1.0,0.0,0,0,1,1,0.0,0.0,0.0,0,0.0,0,0.0,0.0,0.0,0,0.0,0.0,0.0,0.0,0.0,0.0,0.0,0.0,0,0.0,0,0.0,1,0.0,0,0.0,0.0,0.0,1,0,1,0.0,0,1,0.0,0.0,0.0,0.0,0.0,0.0,0,0.0,0,0.0,0,0,0.0,0.0,1.0,1.0,0.0,inward,BZT
45,0.0,0.0,0.0,0.0,0.0,0,0,0.0,0.0,0,0.0,1.0,0.0,0,0,1,1,0.0,0.0,0.0,0,0.0,0,0.0,0.0,0.0,0,0.0,0.0,0.0,0.0,0.0,0.0,0.0,0.0,0,0.0,0,0.0,1,0.0,1,0.0,0.0,0.0,1,1,1,0.0,0,1,0.0,0.0,0.0,0.0,0.0,0.0,0,0.0,0,0.0,0,0,0.0,0.0,1.0,0.0,0.0,inward,BZT
46,0.0,0.0,0.0,0.0,0.0,0,0,0.0,0.0,0,0.0,1.0,0.0,0,0,1,1,0.0,0.0,0.0,0,0.0,0,0.0,0.0,0.0,0,0.0,0.0,0.0,0.0,0.0,0.0,0.0,0.0,0,0.0,0,0.0,1,0.0,1,0.0,0.0,0.0,1,0,1,0.0,0,1,0.0,0.0,0.0,0.0,0.0,0.0,0,0.0,0,0.0,0,0,0.0,0.0,1.0,1.0,0.0,inward,BZT
47,0.0,0.0,0.0,0.0,0.0,0,0,0.0,0.0,0,1.0,1.0,0.0,0,0,1,1,0.0,0.0,0.0,0,0.0,0,0.0,0.0,0.0,0,0.0,0.0,0.0,0.0,0.0,0.0,0.0,0.0,0,0.0,0,0.0,0,0.0,0,0.0,0.0,0.0,1,0,0,0.0,0,1,0.0,0.0,0.0,0.0,0.0,0.0,0,0.0,0,0.0,0,0,0.0,0.0,1.0,1.0,0.0,inward,BZT
48,0.0,0.0,0.0,0.0,0.0,0,0,0.0,0.0,0,0.0,1.0,0.0,0,0,1,1,0.0,0.0,0.0,0,0.0,0,0.0,0.0,0.0,0,0.0,0.0,0.0,0.0,0.0,0.0,0.0,0.0,0,0.0,0,0.0,1,0.0,0,0.0,0.0,0.0,1,0,1,0.0,0,1,0.0,0.0,0.0,0.0,0.0,0.0,0,0.0,0,0.0,0,0,0.0,0.0,1.0,1.0,0.0,inward,BZT
49,0.0,0.0,0.0,0.0,0.0,0,0,0.0,0.0,0,1.0,0.0,0.0,0,0,1,1,0.0,0.0,0.0,0,0.0,0,0.0,0.0,0.0,0,0.0,0.0,0.0,0.0,0.0,0.0,0.0,0.0,0,1.0,0,0.0,0,0.0,0,0.0,0.0,0.0,1,1,1,0.0,0,1,0.0,0.0,0.0,0.0,0.0,0.0,0,0.0,0,0.0,0,0,0.0,0.0,1.0,1.0,0.0,inward,BZT
50,0.0,0.0,0.0,0.0,0.0,0,0,0.0,0.0,0,0.0,1.0,0.0,0,0,1,1,0.0,0.0,0.0,0,0.0,0,0.0,0.0,0.0,0,0.0,0.0,0.0,0.0,0.0,0.0,0.0,0.0,0,0.0,1,0.0,0,0.0,0,0.0,0.0,0.0,1,0,1,0.0,0,1,0.0,0.0,0.0,0.0,0.0,0.0,0,0.0,0,0.0,0,0,0.0,0.0,1.0,1.0,0.0,inward,BZT
51,0.0,0.0,0.0,0.0,0.0,0,0,0.0,0.0,0,0.0,1.0,0.0,0,0,1,1,0.0,0.0,0.0,0,1.0,0,0.0,0.0,0.0,0,0.0,0.0,0.0,0.0,0.0,0.0,0.0,0.0,0,0.0,0,0.0,1,0.0,0,0.0,0.0,0.0,1,0,1,0.0,0,1,0.0,0.0,0.0,0.0,0.0,0.0,0,0.0,0,0.0,0,0,0.0,0.0,1.0,1.0,0.0,inward,BZT
52,0.0,0.0,0.0,0.0,0.0,0,0,0.0,0.0,0,0.0,1.0,0.0,0,0,1,1,0.0,0.0,0.0,0,0.0,0,0.0,0.0,0.0,0,0.0,0.0,0.0,0.0,0.0,0.0,0.0,0.0,0,1.0,0,0.0,1,0.0,0,0.0,0.0,0.0,1,0,1,0.0,0,1,0.0,0.0,0.0,0.0,0.0,0.0,0,0.0,0,0.0,0,0,0.0,0.0,1.0,1.0,0.0,inward,BZT
53,0.0,0.0,0.0,0.0,0.0,0,0,0.0,0.0,0,0.0,0.0,0.0,0,0,1,1,0.0,0.0,0.0,0,0.0,0,0.0,0.0,0.0,0,0.0,0.0,0.0,0.0,0.0,0.0,0.0,0.0,0,0.0,0,0.0,0,0.0,0,0.0,0.0,0.0,1,0,1,0.0,0,1,0.0,0.0,0.0,0.0,0.0,0.0,0,0.0,0,0.0,0,0,0.0,0.0,1.0,1.0,0.0,inward,BZT
54,0.0,0.0,0.0,0.0,0.0,0,0,0.0,0.0,0,0.0,0.0,0.0,0,0,1,1,0.0,0.0,0.0,0,0.0,0,1.0,0.0,0.0,0,0.0,0.0,0.0,0.0,0.0,0.0,0.0,0.0,0,0.0,0,0.0,1,0.0,0,0.0,0.0,0.0,1,0,0,0.0,0,1,0.0,0.0,0.0,0.0,0.0,0.0,0,0.0,0,0.0,0,0,0.0,0.0,1.0,1.0,0.0,inward,BZT
55,0.0,0.0,0.0,0.0,0.0,0,0,0.0,0.0,0,0.0,1.0,0.0,0,0,1,1,0.0,0.0,0.0,0,1.0,0,0.0,0.0,0.0,0,0.0,0.0,0.0,0.0,0.0,0.0,0.0,0.0,0,0.0,0,0.0,0,0.0,0,0.0,0.0,0.0,1,1,1,0.0,0,1,0.0,0.0,0.0,0.0,0.0,0.0,0,0.0,0,0.0,0,0,0.0,0.0,1.0,1.0,0.0,inward,BZT
56,0.0,0.0,0.0,0.0,0.0,0,0,0.0,0.0,0,1.0,0.0,0.0,0,0,1,1,0.0,0.0,0.0,0,0.0,0,0.0,0.0,0.0,0,0.0,0.0,0.0,0.0,0.0,0.0,0.0,0.0,0,0.0,0,0.0,1,0.0,0,0.0,0.0,0.0,1,0,1,0.0,0,1,0.0,0.0,0.0,0.0,0.0,0.0,0,0.0,0,0.0,0,0,0.0,0.0,1.0,1.0,0.0,inward,BZT
57,0.0,0.0,0.0,0.0,0.0,0,0,0.0,0.0,0,0.0,1.0,0.0,0,0,1,1,0.0,0.0,0.0,0,1.0,0,0.0,0.0,0.0,0,0.0,0.0,0.0,0.0,0.0,0.0,0.0,0.0,0,0.0,0,0.0,0,0.0,0,0.0,0.0,0.0,1,0,1,0.0,0,1,0.0,0.0,0.0,0.0,0.0,0.0,0,0.0,0,0.0,0,0,0.0,0.0,1.0,1.0,0.0,inward,BZT
58,0.0,0.0,0.0,0.0,0.0,0,0,0.0,0.0,0,0.0,1.0,0.0,0,0,1,1,0.0,0.0,0.0,0,0.0,0,0.0,0.0,0.0,0,0.0,0.0,0.0,0.0,0.0,0.0,0.0,0.0,0,0.0,0,0.0,1,0.0,0,0.0,0.0,0.0,1,0,1,0.0,0,1,0.0,0.0,0.0,0.0,0.0,0.0,0,0.0,0,0.0,0,0,0.0,0.0,1.0,1.0,0.0,inward,BZT
59,0.0,0.0,0.0,0.0,0.0,0,0,0.0,0.0,0,0.0,1.0,0.0,0,0,1,1,0.0,0.0,0.0,0,0.0,0,0.0,0.0,0.0,0,0.0,0.0,0.0,0.0,0.0,0.0,0.0,0.0,0,0.0,0,0.0,1,0.0,0,0.0,0.0,0.0,1,0,0,0.0,0,1,0.0,0.0,0.0,0.0,0.0,0.0,0,0.0,0,0.0,0,0,0.0,0.0,1.0,1.0,0.0,inward,BZT
60,0.0,0.0,0.0,0.0,0.0,0,0,0.0,0.0,0,0.0,0.0,0.0,0,0,1,1,0.0,0.0,0.0,0,0.0,0,0.0,0.0,0.0,0,0.0,0.0,0.0,0.0,0.0,0.0,0.0,0.0,0,0.0,0,0.0,0,0.0,0,0.0,0.0,0.0,1,1,0,0.0,0,1,0.0,0.0,0.0,0.0,0.0,0.0,0,0.0,0,0.0,0,0,0.0,0.0,1.0,1.0,0.0,inward,BZT
61,0.0,0.0,0.0,0.0,0.0,0,0,0.0,0.0,0,0.0,1.0,0.0,0,0,1,1,0.0,0.0,0.0,0,0.0,0,0.0,0.0,0.0,0,0.0,0.0,0.0,0.0,0.0,0.0,0.0,0.0,0,1.0,0,0.0,0,0.0,0,0.0,0.0,0.0,1,0,1,0.0,0,0,0.0,0.0,0.0,0.0,0.0,0.0,0,0.0,0,0.0,0,0,0.0,0.0,1.0,1.0,0.0,inward,BZT
62,0.0,0.0,0.0,0.0,0.0,0,0,0.0,0.0,0,0.0,1.0,0.0,0,0,1,1,0.0,0.0,0.0,0,0.0,0,0.0,0.0,0.0,0,0.0,0.0,0.0,0.0,0.0,0.0,0.0,0.0,0,0.0,0,0.0,0,0.0,1,0.0,0.0,0.0,1,0,0,0.0,0,1,0.0,0.0,0.0,0.0,0.0,0.0,0,0.0,0,0.0,0,0,0.0,0.0,1.0,1.0,0.0,inward,BZT
63,0.0,0.0,0.0,0.0,0.0,0,0,0.0,0.0,0,0.0,0.0,0.0,0,0,1,1,0.0,0.0,0.0,0,0.0,0,0.0,0.0,0.0,0,0.0,0.0,0.0,0.0,0.0,0.0,0.0,0.0,0,0.0,0,0.0,1,0.0,0,0.0,0.0,0.0,1,0,1,0.0,0,1,0.0,0.0,0.0,0.0,0.0,0.0,0,0.0,0,0.0,0,0,0.0,0.0,1.0,1.0,0.0,inward,BZT
64,0.0,0.0,0.0,0.0,0.0,0,0,0.0,0.0,0,0.0,0.0,0.0,0,0,1,1,0.0,0.0,0.0,0,0.0,0,0.0,0.0,0.0,0,0.0,0.0,0.0,0.0,0.0,0.0,0.0,0.0,0,1.0,0,0.0,1,0.0,0,0.0,0.0,0.0,1,0,1,0.0,0,1,0.0,0.0,0.0,0.0,0.0,0.0,0,0.0,0,0.0,0,0,0.0,0.0,1.0,1.0,0.0,inward,BZT
65,0.0,0.0,0.0,0.0,0.0,0,0,0.0,0.0,0,0.0,0.0,0.0,0,0,1,1,0.0,0.0,0.0,0,1.0,0,1.0,0.0,0.0,0,0.0,0.0,0.0,0.0,0.0,0.0,0.0,0.0,0,1.0,0,0.0,0,0.0,0,0.0,0.0,0.0,1,0,1,0.0,0,1,0.0,0.0,0.0,0.0,0.0,0.0,0,0.0,0,0.0,0,0,0.0,0.0,1.0,1.0,0.0,inward,BZT
66,0.0,0.0,0.0,0.0,0.0,0,0,0.0,0.0,0,0.0,0.0,0.0,0,0,1,1,0.0,0.0,0.0,0,1.0,0,0.0,0.0,0.0,0,0.0,0.0,0.0,0.0,0.0,0.0,0.0,0.0,0,0.0,0,0.0,1,0.0,1,0.0,0.0,0.0,1,0,1,0.0,0,1,0.0,0.0,0.0,0.0,0.0,0.0,0,0.0,0,0.0,0,0,0.0,0.0,1.0,1.0,0.0,inward,BZT
67,0.0,0.0,0.0,0.0,0.0,0,0,0.0,0.0,0,0.0,1.0,0.0,0,0,1,1,0.0,0.0,0.0,0,1.0,0,1.0,0.0,0.0,0,0.0,0.0,0.0,0.0,0.0,0.0,0.0,0.0,0,0.0,0,0.0,0,0.0,0,0.0,0.0,0.0,1,0,1,0.0,0,1,0.0,0.0,0.0,0.0,0.0,0.0,0,0.0,0,0.0,0,0,0.0,0.0,1.0,1.0,1.0,inward,BZT
68,0.0,0.0,0.0,0.0,0.0,0,0,0.0,0.0,0,0.0,1.0,0.0,0,0,1,1,0.0,0.0,0.0,0,1.0,0,1.0,0.0,0.0,0,0.0,0.0,0.0,0.0,0.0,0.0,0.0,0.0,0,0.0,0,0.0,0,0.0,0,0.0,0.0,0.0,1,0,1,0.0,0,1,0.0,0.0,0.0,0.0,0.0,0.0,0,0.0,0,0.0,0,0,0.0,0.0,1.0,1.0,0.0,inward,BZT
69,0.0,0.0,0.0,0.0,0.0,0,0,0.0,0.0,0,1.0,0.0,0.0,0,0,1,1,0.0,0.0,0.0,0,1.0,0,1.0,0.0,0.0,0,0.0,0.0,0.0,0.0,0.0,0.0,0.0,0.0,0,0.0,0,0.0,1,0.0,1,0.0,0.0,0.0,1,0,1,0.0,0,1,0.0,0.0,0.0,0.0,0.0,0.0,0,0.0,0,0.0,0,0,0.0,0.0,1.0,1.0,0.0,inward,BZT
70,0.0,0.0,0.0,0.0,0.0,0,0,0.0,0.0,0,0.0,1.0,0.0,0,0,1,1,0.0,0.0,0.0,0,0.0,0,0.0,0.0,0.0,0,0.0,0.0,0.0,0.0,0.0,0.0,0.0,0.0,0,1.0,0,0.0,1,0.0,0,0.0,0.0,0.0,1,1,1,0.0,0,1,0.0,0.0,0.0,0.0,0.0,0.0,0,0.0,0,0.0,0,0,0.0,0.0,1.0,1.0,0.0,inward,BZT
71,0.0,0.0,0.0,0.0,0.0,0,0,0.0,0.0,0,1.0,1.0,0.0,0,0,1,0,0.0,0.0,0.0,0,0.0,0,1.0,0.0,0.0,0,0.0,0.0,0.0,0.0,0.0,0.0,0.0,0.0,0,0.0,0,0.0,1,0.0,0,0.0,0.0,0.0,1,0,1,0.0,0,1,0.0,0.0,0.0,0.0,0.0,0.0,0,0.0,0,0.0,0,0,0.0,0.0,1.0,1.0,0.0,inward,BZT
72,0.0,0.0,0.0,0.0,0.0,0,0,0.0,0.0,0,1.0,1.0,0.0,0,0,1,1,0.0,0.0,0.0,0,0.0,0,0.0,0.0,0.0,0,0.0,0.0,0.0,0.0,0.0,0.0,0.0,0.0,0,1.0,0,0.0,1,0.0,1,0.0,0.0,0.0,1,0,1,0.0,0,1,0.0,0.0,0.0,0.0,0.0,0.0,0,0.0,0,0.0,0,0,0.0,0.0,1.0,1.0,0.0,inward,BZT
73,0.0,0.0,0.0,0.0,0.0,0,0,0.0,0.0,0,0.0,1.0,0.0,0,0,1,1,0.0,0.0,0.0,0,1.0,0,1.0,0.0,0.0,0,0.0,0.0,0.0,0.0,0.0,0.0,0.0,0.0,0,1.0,0,0.0,0,0.0,0,0.0,0.0,0.0,1,1,1,0.0,0,1,0.0,0.0,0.0,0.0,0.0,0.0,0,0.0,0,0.0,0,0,0.0,0.0,1.0,1.0,0.0,inward,BZT
74,0.0,0.0,0.0,0.0,0.0,0,0,0.0,0.0,0,0.0,1.0,0.0,0,0,1,1,0.0,0.0,0.0,0,0.0,0,1.0,0.0,0.0,0,0.0,0.0,0.0,0.0,0.0,0.0,0.0,0.0,0,1.0,0,0.0,1,0.0,1,0.0,0.0,0.0,1,0,1,0.0,0,1,0.0,0.0,0.0,0.0,0.0,0.0,0,0.0,1,0.0,0,0,0.0,0.0,1.0,1.0,0.0,inward,BZT
75,0.0,0.0,0.0,0.0,0.0,0,0,0.0,0.0,0,0.0,1.0,0.0,0,0,1,1,0.0,0.0,0.0,0,0.0,0,0.0,0.0,0.0,0,0.0,0.0,0.0,0.0,0.0,0.0,0.0,0.0,0,0.0,0,0.0,1,0.0,0,0.0,0.0,0.0,1,0,0,0.0,0,1,0.0,0.0,0.0,0.0,0.0,0.0,0,0.0,0,0.0,0,0,0.0,0.0,1.0,1.0,0.0,inward,BZT
76,0.0,0.0,0.0,0.0,0.0,0,0,0.0,0.0,0,0.0,1.0,0.0,0,0,1,1,0.0,0.0,0.0,0,1.0,0,0.0,0.0,0.0,0,0.0,0.0,0.0,0.0,0.0,0.0,0.0,0.0,0,1.0,0,0.0,0,0.0,0,0.0,0.0,0.0,1,0,1,0.0,0,1,0.0,0.0,0.0,0.0,0.0,0.0,0,0.0,0,0.0,0,0,0.0,0.0,1.0,1.0,0.0,inward,BZT
77,0.0,0.0,0.0,0.0,0.0,0,0,0.0,0.0,0,1.0,1.0,0.0,0,0,1,0,0.0,0.0,0.0,0,0.0,0,0.0,0.0,0.0,0,0.0,0.0,0.0,0.0,0.0,0.0,0.0,0.0,0,0.0,0,0.0,0,0.0,0,0.0,0.0,0.0,1,0,1,0.0,0,1,0.0,0.0,0.0,0.0,0.0,0.0,0,0.0,1,0.0,0,0,0.0,0.0,1.0,0.0,0.0,inward,BZT
78,0.0,0.0,0.0,0.0,0.0,0,0,0.0,0.0,0,0.0,0.0,0.0,0,0,1,1,0.0,0.0,0.0,0,0.0,0,1.0,0.0,0.0,0,0.0,0.0,0.0,0.0,0.0,0.0,0.0,0.0,0,0.0,1,0.0,0,0.0,0,0.0,0.0,0.0,1,0,1,0.0,0,0,0.0,0.0,0.0,0.0,0.0,0.0,0,0.0,1,0.0,0,0,0.0,0.0,1.0,1.0,0.0,inward,BZT
79,0.0,0.0,0.0,0.0,0.0,0,0,0.0,0.0,0,0.0,1.0,0.0,0,0,1,1,0.0,0.0,0.0,0,0.0,0,1.0,0.0,0.0,0,0.0,0.0,0.0,0.0,0.0,0.0,0.0,0.0,0,0.0,0,0.0,1,0.0,0,0.0,0.0,0.0,1,0,1,0.0,0,1,0.0,0.0,0.0,0.0,0.0,0.0,0,0.0,0,0.0,0,0,0.0,0.0,1.0,1.0,0.0,inward,BZT
80,0.0,0.0,0.0,0.0,0.0,0,0,0.0,0.0,0,0.0,1.0,0.0,0,0,1,1,0.0,0.0,0.0,0,1.0,0,0.0,0.0,0.0,0,0.0,0.0,0.0,0.0,0.0,0.0,0.0,0.0,0,0.0,0,0.0,0,0.0,0,0.0,0.0,0.0,1,0,1,0.0,0,0,0.0,0.0,0.0,0.0,0.0,0.0,0,0.0,0,0.0,0,0,0.0,0.0,1.0,1.0,0.0,inward,BZT
81,0.0,0.0,0.0,0.0,0.0,0,0,0.0,0.0,0,0.0,1.0,0.0,0,0,1,1,0.0,0.0,0.0,0,1.0,0,0.0,0.0,0.0,0,0.0,0.0,0.0,0.0,0.0,0.0,0.0,0.0,0,0.0,0,0.0,0,0.0,0,0.0,0.0,0.0,1,0,1,0.0,0,1,0.0,0.0,0.0,0.0,0.0,0.0,0,0.0,0,0.0,0,0,0.0,0.0,1.0,1.0,0.0,inward,BZT
82,0.0,0.0,0.0,0.0,0.0,0,0,0.0,0.0,0,0.0,1.0,0.0,0,0,1,1,0.0,0.0,0.0,0,0.0,0,0.0,0.0,0.0,0,0.0,0.0,0.0,0.0,0.0,0.0,0.0,0.0,0,0.0,0,0.0,0,0.0,0,0.0,0.0,0.0,1,0,1,0.0,0,1,0.0,0.0,0.0,0.0,0.0,0.0,0,0.0,0,0.0,0,0,0.0,0.0,1.0,0.0,0.0,inward,BZT
83,0.0,0.0,0.0,0.0,0.0,0,0,0.0,0.0,0,0.0,1.0,0.0,0,0,1,1,0.0,0.0,0.0,0,0.0,0,0.0,0.0,0.0,0,0.0,0.0,0.0,0.0,0.0,0.0,0.0,0.0,0,0.0,0,0.0,0,0.0,0,0.0,0.0,0.0,1,0,1,0.0,0,1,0.0,0.0,0.0,0.0,0.0,0.0,0,0.0,0,0.0,0,0,0.0,0.0,1.0,1.0,1.0,inward,BZT
84,0.0,0.0,0.0,0.0,0.0,0,0,0.0,0.0,0,1.0,1.0,0.0,0,0,1,1,0.0,0.0,0.0,0,0.0,0,1.0,0.0,0.0,0,0.0,0.0,0.0,0.0,0.0,0.0,0.0,0.0,0,0.0,0,0.0,0,0.0,0,0.0,0.0,0.0,1,0,1,0.0,0,1,0.0,0.0,0.0,0.0,0.0,0.0,0,0.0,0,0.0,0,0,0.0,0.0,1.0,1.0,0.0,inward,BZT
85,0.0,0.0,0.0,0.0,0.0,0,0,0.0,0.0,0,1.0,0.0,0.0,0,0,1,1,0.0,0.0,0.0,0,1.0,0,0.0,0.0,0.0,0,0.0,0.0,0.0,0.0,0.0,0.0,0.0,0.0,0,0.0,1,0.0,0,0.0,0,0.0,0.0,0.0,1,1,0,0.0,0,1,0.0,0.0,0.0,0.0,0.0,0.0,0,0.0,0,0.0,0,0,0.0,0.0,1.0,1.0,0.0,inward,BZT
86,0.0,0.0,0.0,0.0,0.0,0,0,0.0,0.0,0,0.0,0.0,0.0,0,0,1,1,0.0,0.0,0.0,0,1.0,0,0.0,0.0,0.0,0,0.0,0.0,0.0,0.0,0.0,0.0,0.0,0.0,0,0.0,0,0.0,0,0.0,1,0.0,0.0,0.0,1,0,1,0.0,0,1,0.0,0.0,0.0,0.0,0.0,0.0,0,0.0,1,0.0,0,0,0.0,0.0,1.0,1.0,0.0,inward,BZT
87,0.0,0.0,0.0,0.0,0.0,0,0,0.0,0.0,0,0.0,1.0,0.0,0,0,1,1,0.0,0.0,0.0,0,1.0,0,0.0,0.0,0.0,0,0.0,0.0,0.0,0.0,0.0,0.0,0.0,0.0,0,0.0,0,0.0,0,0.0,0,0.0,0.0,0.0,1,0,1,0.0,0,1,0.0,0.0,0.0,0.0,0.0,0.0,0,0.0,0,0.0,0,0,0.0,0.0,1.0,1.0,0.0,inward,BZT
88,0.0,0.0,0.0,0.0,0.0,0,0,0.0,0.0,0,0.0,0.0,0.0,0,0,1,1,0.0,0.0,0.0,0,1.0,0,1.0,0.0,0.0,0,0.0,0.0,0.0,0.0,0.0,0.0,0.0,0.0,0,0.0,0,0.0,0,0.0,1,0.0,0.0,0.0,1,0,1,0.0,0,1,0.0,0.0,0.0,0.0,0.0,0.0,0,0.0,0,0.0,0,0,0.0,0.0,1.0,1.0,0.0,inward,BZT
89,0.0,0.0,0.0,0.0,0.0,0,0,0.0,0.0,0,1.0,1.0,0.0,0,0,1,1,0.0,0.0,0.0,0,1.0,0,0.0,0.0,0.0,0,0.0,0.0,0.0,0.0,0.0,0.0,0.0,0.0,0,0.0,0,0.0,0,0.0,1,0.0,0.0,0.0,1,0,1,0.0,0,1,0.0,0.0,0.0,0.0,0.0,0.0,0,0.0,1,0.0,0,0,0.0,0.0,1.0,1.0,0.0,inward,BZT
90,0.0,0.0,0.0,0.0,0.0,0,0,0.0,0.0,0,0.0,1.0,0.0,0,0,1,1,0.0,0.0,0.0,0,0.0,0,1.0,0.0,0.0,0,0.0,0.0,0.0,0.0,0.0,0.0,0.0,0.0,0,0.0,0,0.0,0,0.0,1,0.0,0.0,0.0,1,0,0,0.0,0,1,0.0,0.0,0.0,0.0,0.0,0.0,0,0.0,0,0.0,0,0,0.0,0.0,1.0,0.0,0.0,inward,BZT
91,0.0,0.0,0.0,0.0,0.0,0,0,0.0,0.0,0,0.0,0.0,0.0,0,0,1,1,0.0,0.0,0.0,0,0.0,0,0.0,0.0,0.0,0,0.0,0.0,0.0,0.0,0.0,0.0,0.0,0.0,0,0.0,0,0.0,1,0.0,0,0.0,0.0,0.0,1,0,1,0.0,0,0,0.0,0.0,0.0,0.0,0.0,0.0,0,0.0,0,0.0,0,0,0.0,0.0,1.0,0.0,0.0,inward,BZT
92,0.0,0.0,0.0,0.0,0.0,0,0,0.0,0.0,0,0.0,1.0,0.0,0,0,1,1,0.0,0.0,0.0,0,0.0,0,0.0,0.0,0.0,0,0.0,0.0,0.0,0.0,0.0,0.0,0.0,0.0,0,0.0,0,1.0,1,0.0,1,1.0,0.0,0.0,1,0,1,0.0,0,1,0.0,0.0,0.0,0.0,0.0,0.0,0,0.0,1,0.0,0,0,0.0,0.0,1.0,0.0,0.0,inward,BZT
93,0.0,0.0,0.0,0.0,0.0,0,0,0.0,0.0,0,0.0,1.0,0.0,0,0,1,1,0.0,0.0,0.0,0,1.0,0,0.0,0.0,0.0,0,0.0,0.0,0.0,0.0,0.0,0.0,0.0,0.0,0,0.0,0,0.0,0,0.0,1,0.0,0.0,0.0,1,0,1,0.0,0,1,0.0,0.0,0.0,0.0,0.0,0.0,0,0.0,1,0.0,0,0,0.0,0.0,1.0,1.0,0.0,inward,BZT
94,0.0,0.0,0.0,0.0,0.0,0,0,0.0,0.0,0,0.0,1.0,0.0,0,0,1,1,0.0,0.0,0.0,0,1.0,0,0.0,0.0,0.0,0,0.0,0.0,0.0,0.0,0.0,0.0,0.0,0.0,0,0.0,1,0.0,0,0.0,0,0.0,0.0,0.0,1,0,1,0.0,0,1,0.0,0.0,0.0,0.0,0.0,0.0,0,0.0,0,0.0,0,0,0.0,0.0,1.0,1.0,0.0,inward,BZT
95,0.0,0.0,0.0,0.0,0.0,0,0,0.0,0.0,0,0.0,0.0,0.0,0,0,1,1,0.0,0.0,0.0,0,1.0,0,1.0,0.0,0.0,0,0.0,0.0,0.0,0.0,0.0,0.0,0.0,0.0,0,0.0,0,0.0,0,0.0,0,0.0,0.0,0.0,1,0,0,0.0,0,1,0.0,0.0,0.0,0.0,0.0,0.0,0,0.0,0,0.0,0,0,0.0,0.0,1.0,1.0,0.0,inward,BZT
96,0.0,0.0,0.0,0.0,0.0,0,0,0.0,0.0,0,1.0,0.0,0.0,0,0,1,1,0.0,0.0,0.0,0,0.0,0,1.0,0.0,0.0,0,0.0,0.0,0.0,0.0,0.0,0.0,0.0,0.0,0,0.0,0,0.0,1,0.0,1,0.0,0.0,0.0,1,0,1,0.0,0,1,0.0,0.0,0.0,0.0,0.0,0.0,0,0.0,1,0.0,0,0,0.0,0.0,1.0,1.0,0.0,inward,BZT
97,0.0,0.0,0.0,0.0,0.0,0,0,0.0,0.0,0,0.0,1.0,0.0,0,0,1,1,0.0,0.0,0.0,0,1.0,0,0.0,0.0,0.0,0,0.0,0.0,0.0,0.0,0.0,0.0,0.0,0.0,0,0.0,1,0.0,0,0.0,0,0.0,0.0,0.0,1,0,1,0.0,0,0,0.0,0.0,0.0,0.0,0.0,0.0,0,0.0,0,0.0,0,0,0.0,0.0,1.0,0.0,0.0,inward,BZT
98,0.0,0.0,0.0,0.0,0.0,0,0,0.0,0.0,0,1.0,1.0,0.0,0,0,1,1,0.0,0.0,0.0,0,1.0,0,1.0,0.0,0.0,0,0.0,0.0,0.0,0.0,0.0,0.0,0.0,0.0,0,0.0,0,0.0,0,0.0,1,0.0,0.0,0.0,1,0,0,0.0,0,1,0.0,0.0,0.0,0.0,0.0,0.0,0,0.0,0,0.0,0,0,0.0,0.0,1.0,1.0,0.0,inward,BZT
99,0.0,0.0,0.0,0.0,0.0,0,0,0.0,0.0,0,0.0,1.0,0.0,0,0,1,1,0.0,0.0,0.0,0,0.0,0,0.0,0.0,0.0,0,0.0,0.0,0.0,0.0,0.0,0.0,0.0,0.0,0,0.0,0,0.0,1,0.0,0,0.0,0.0,0.0,1,0,0,0.0,0,1,0.0,0.0,0.0,0.0,0.0,0.0,0,0.0,0,0.0,0,0,0.0,0.0,1.0,1.0,0.0,inward,BZT
100,0.0,0.0,0.0,0.0,0.0,0,0,0.0,0.0,0,1.0,1.0,0.0,0,0,1,1,0.0,0.0,0.0,1,1.0,0,0.0,0.0,0.0,0,0.0,0.0,0.0,0.0,0.0,0.0,0.0,0.0,0,0.0,0,0.0,0,0.0,0,0.0,0.0,0.0,1,0,1,0.0,0,1,0.0,0.0,0.0,0.0,0.0,0.0,0,0.0,0,0.0,0,0,0.0,0.0,1.0,1.0,0.0,inward,BZT
101,0.0,0.0,0.0,0.0,0.0,0,0,0.0,0.0,0,0.0,1.0,0.0,0,0,1,1,0.0,0.0,0.0,1,1.0,0,1.0,0.0,0.0,0,0.0,0.0,0.0,0.0,0.0,0.0,0.0,0.0,0,0.0,0,0.0,0,0.0,0,0.0,0.0,0.0,1,0,1,0.0,0,1,0.0,0.0,0.0,0.0,0.0,0.0,0,0.0,0,0.0,0,0,0.0,0.0,1.0,0.0,0.0,inward,BZT
102,0.0,0.0,0.0,0.0,0.0,0,0,0.0,0.0,0,0.0,1.0,0.0,0,0,1,1,0.0,0.0,0.0,0,1.0,0,0.0,0.0,0.0,0,0.0,0.0,0.0,0.0,0.0,0.0,0.0,0.0,0,0.0,1,0.0,0,0.0,0,0.0,0.0,0.0,1,1,1,0.0,0,1,0.0,0.0,0.0,0.0,0.0,0.0,0,0.0,0,0.0,0,0,0.0,0.0,1.0,1.0,0.0,inward,BZT
103,0.0,0.0,0.0,0.0,0.0,0,0,0.0,0.0,0,0.0,1.0,0.0,0,0,1,1,0.0,0.0,0.0,0,1.0,0,0.0,0.0,0.0,0,0.0,0.0,0.0,0.0,0.0,0.0,0.0,0.0,0,0.0,0,0.0,0,0.0,0,0.0,0.0,0.0,1,0,1,0.0,0,1,0.0,0.0,0.0,0.0,0.0,0.0,0,0.0,1,0.0,0,0,0.0,0.0,1.0,1.0,0.0,inward,BZT
104,0.0,0.0,0.0,0.0,0.0,0,0,0.0,0.0,0,1.0,0.0,0.0,0,0,1,1,0.0,0.0,0.0,0,0.0,0,1.0,0.0,0.0,0,0.0,0.0,0.0,0.0,0.0,0.0,0.0,0.0,0,0.0,1,0.0,0,0.0,0,1.0,0.0,0.0,1,0,1,0.0,0,1,0.0,0.0,0.0,0.0,0.0,0.0,0,0.0,0,0.0,0,0,0.0,0.0,1.0,1.0,0.0,inward,BZT
105,0.0,0.0,0.0,0.0,0.0,0,0,0.0,0.0,0,0.0,0.0,0.0,0,0,1,1,0.0,0.0,0.0,0,1.0,0,1.0,0.0,0.0,0,0.0,0.0,0.0,0.0,0.0,0.0,0.0,0.0,0,0.0,0,1.0,1,0.0,1,0.0,0.0,0.0,1,0,0,0.0,0,1,0.0,0.0,0.0,0.0,0.0,0.0,0,0.0,0,0.0,0,0,0.0,0.0,1.0,1.0,0.0,inward,BZT
106,0.0,0.0,0.0,0.0,0.0,0,0,0.0,0.0,0,0.0,1.0,0.0,0,0,1,1,0.0,0.0,0.0,0,0.0,0,0.0,0.0,0.0,0,0.0,0.0,0.0,0.0,0.0,0.0,0.0,0.0,0,0.0,0,0.0,0,0.0,0,0.0,0.0,0.0,1,0,1,0.0,0,1,0.0,0.0,0.0,0.0,0.0,0.0,0,0.0,0,0.0,0,0,0.0,0.0,1.0,1.0,0.0,inward,BZT
107,0.0,0.0,0.0,0.0,0.0,0,0,0.0,0.0,0,0.0,1.0,0.0,0,0,1,1,0.0,0.0,0.0,0,1.0,0,1.0,0.0,0.0,0,0.0,0.0,0.0,0.0,0.0,0.0,0.0,0.0,0,0.0,0,0.0,0,0.0,0,0.0,0.0,0.0,1,0,1,0.0,0,1,0.0,0.0,0.0,0.0,0.0,0.0,0,0.0,1,0.0,0,0,0.0,0.0,1.0,0.0,0.0,inward,BZT
108,0.0,0.0,0.0,0.0,0.0,0,0,0.0,0.0,0,0.0,1.0,0.0,0,0,1,1,0.0,0.0,0.0,0,0.0,0,1.0,0.0,0.0,0,0.0,0.0,0.0,0.0,0.0,0.0,0.0,0.0,0,0.0,0,0.0,0,0.0,0,0.0,0.0,0.0,1,0,1,0.0,0,1,0.0,0.0,0.0,0.0,0.0,0.0,0,0.0,0,0.0,0,0,0.0,0.0,1.0,0.0,0.0,inward,BZT
109,0.0,0.0,0.0,0.0,0.0,0,0,0.0,0.0,0,0.0,0.0,0.0,0,0,1,1,0.0,0.0,0.0,0,0.0,0,0.0,0.0,0.0,0,0.0,0.0,0.0,0.0,0.0,0.0,0.0,0.0,0,0.0,0,0.0,0,0.0,0,0.0,0.0,0.0,1,0,1,0.0,0,1,0.0,0.0,0.0,0.0,0.0,0.0,0,0.0,0,0.0,0,0,0.0,0.0,1.0,1.0,0.0,inward,BZT
110,0.0,0.0,0.0,0.0,0.0,0,0,0.0,0.0,0,0.0,1.0,0.0,0,0,1,1,0.0,0.0,0.0,0,1.0,0,1.0,0.0,0.0,0,0.0,0.0,0.0,0.0,0.0,0.0,0.0,0.0,0,0.0,0,0.0,0,0.0,0,0.0,0.0,0.0,1,0,1,0.0,0,1,0.0,0.0,0.0,0.0,0.0,0.0,0,0.0,0,0.0,0,0,0.0,0.0,1.0,1.0,0.0,inward,BZT
111,0.0,0.0,0.0,0.0,0.0,0,0,0.0,0.0,0,0.0,1.0,0.0,0,0,1,1,0.0,0.0,0.0,0,1.0,0,0.0,0.0,0.0,0,0.0,0.0,0.0,0.0,0.0,0.0,0.0,0.0,0,0.0,1,0.0,0,0.0,0,0.0,0.0,0.0,1,0,1,0.0,0,1,0.0,0.0,0.0,0.0,0.0,0.0,0,0.0,0,0.0,0,0,0.0,0.0,1.0,1.0,0.0,inward,BZT
112,0.0,0.0,0.0,0.0,0.0,0,0,0.0,0.0,0,0.0,1.0,0.0,0,0,1,1,0.0,0.0,0.0,0,0.0,0,1.0,0.0,0.0,0,0.0,0.0,0.0,0.0,0.0,0.0,0.0,0.0,0,0.0,0,0.0,0,0.0,0,0.0,0.0,0.0,1,0,1,0.0,0,1,0.0,0.0,0.0,0.0,0.0,0.0,0,0.0,0,0.0,0,0,0.0,0.0,1.0,1.0,1.0,inward,BZT
113,0.0,0.0,0.0,0.0,0.0,0,0,0.0,0.0,0,0.0,1.0,0.0,0,0,1,1,0.0,0.0,0.0,0,1.0,0,1.0,0.0,0.0,0,0.0,0.0,0.0,0.0,0.0,0.0,0.0,0.0,0,0.0,0,0.0,0,0.0,0,0.0,0.0,0.0,1,0,0,0.0,0,1,0.0,0.0,0.0,0.0,0.0,0.0,0,0.0,0,0.0,0,0,0.0,0.0,1.0,0.0,0.0,inward,BZT
114,0.0,0.0,0.0,0.0,0.0,0,0,0.0,0.0,0,0.0,1.0,0.0,0,0,1,1,0.0,0.0,0.0,0,0.0,0,0.0,0.0,0.0,0,0.0,0.0,0.0,0.0,0.0,0.0,0.0,0.0,0,0.0,0,0.0,0,0.0,0,0.0,0.0,0.0,1,0,0,0.0,0,1,0.0,0.0,0.0,0.0,0.0,0.0,0,0.0,0,0.0,0,0,0.0,0.0,1.0,0.0,0.0,inward,BZT
115,0.0,0.0,0.0,0.0,0.0,0,0,0.0,0.0,0,0.0,1.0,0.0,0,0,1,1,0.0,0.0,0.0,0,1.0,0,1.0,0.0,0.0,0,0.0,0.0,0.0,0.0,0.0,0.0,0.0,0.0,0,0.0,0,0.0,0,0.0,0,0.0,0.0,0.0,1,0,0,0.0,0,1,0.0,0.0,0.0,0.0,0.0,0.0,0,0.0,0,0.0,0,0,0.0,0.0,1.0,1.0,0.0,inward,BZT
116,0.0,0.0,0.0,0.0,0.0,0,0,0.0,0.0,0,0.0,1.0,0.0,0,0,1,1,0.0,0.0,0.0,0,1.0,0,1.0,0.0,0.0,0,0.0,0.0,0.0,0.0,0.0,0.0,0.0,0.0,0,0.0,1,0.0,0,0.0,0,0.0,0.0,0.0,1,0,1,0.0,0,1,0.0,0.0,0.0,0.0,0.0,0.0,0,0.0,0,0.0,0,0,0.0,0.0,1.0,1.0,1.0,inward,BZT
117,0.0,0.0,0.0,0.0,0.0,0,0,0.0,0.0,0,0.0,1.0,0.0,0,0,1,1,0.0,0.0,0.0,0,1.0,0,1.0,0.0,0.0,0,0.0,0.0,0.0,0.0,0.0,0.0,0.0,0.0,0,0.0,0,0.0,0,0.0,0,0.0,0.0,0.0,1,0,1,0.0,0,1,0.0,0.0,0.0,0.0,0.0,0.0,0,0.0,0,0.0,0,0,0.0,0.0,1.0,1.0,1.0,inward,BZT
118,0.0,0.0,0.0,0.0,0.0,0,0,0.0,0.0,0,0.0,0.0,0.0,0,0,1,1,0.0,0.0,0.0,0,1.0,0,1.0,0.0,0.0,0,0.0,0.0,0.0,0.0,0.0,0.0,0.0,0.0,0,0.0,0,1.0,0,0.0,1,0.0,0.0,0.0,1,0,1,0.0,0,1,0.0,0.0,0.0,0.0,0.0,0.0,0,0.0,0,0.0,0,0,0.0,0.0,1.0,1.0,0.0,inward,BZT
119,0.0,0.0,0.0,0.0,0.0,0,0,0.0,0.0,0,0.0,1.0,0.0,0,0,1,1,0.0,0.0,0.0,0,1.0,0,1.0,0.0,0.0,0,0.0,0.0,0.0,0.0,0.0,0.0,0.0,0.0,0,0.0,0,0.0,0,0.0,1,0.0,0.0,0.0,1,0,1,0.0,0,1,0.0,0.0,0.0,0.0,0.0,0.0,0,0.0,0,0.0,0,0,0.0,0.0,1.0,0.0,1.0,inward,BZT
120,0.0,0.0,0.0,0.0,0.0,0,0,0.0,0.0,0,0.0,1.0,0.0,0,0,1,1,0.0,0.0,0.0,0,1.0,0,0.0,0.0,0.0,0,0.0,0.0,0.0,0.0,0.0,0.0,0.0,0.0,0,0.0,0,0.0,0,0.0,0,0.0,0.0,0.0,1,0,1,0.0,0,1,0.0,0.0,0.0,0.0,0.0,0.0,0,0.0,1,0.0,0,0,0.0,0.0,1.0,1.0,0.0,inward,BZT
121,0.0,0.0,0.0,0.0,0.0,0,0,0.0,0.0,0,1.0,1.0,0.0,0,0,1,0,0.0,0.0,0.0,0,0.0,0,1.0,0.0,0.0,0,0.0,0.0,0.0,0.0,0.0,0.0,0.0,0.0,0,0.0,1,0.0,0,0.0,0,0.0,0.0,0.0,1,0,0,0.0,0,1,0.0,0.0,0.0,0.0,0.0,0.0,0,0.0,0,0.0,0,0,0.0,0.0,1.0,1.0,0.0,inward,BZT
122,0.0,0.0,0.0,0.0,0.0,0,0,0.0,0.0,0,0.0,1.0,0.0,0,0,1,1,0.0,0.0,0.0,1,0.0,0,0.0,0.0,0.0,0,0.0,0.0,0.0,0.0,0.0,0.0,0.0,0.0,0,0.0,0,0.0,0,0.0,0,0.0,0.0,0.0,1,0,0,0.0,0,1,0.0,0.0,0.0,0.0,0.0,0.0,0,0.0,1,0.0,0,0,0.0,0.0,1.0,1.0,0.0,inward,BZT
123,0.0,0.0,0.0,0.0,0.0,0,0,0.0,0.0,0,0.0,1.0,0.0,0,0,1,1,0.0,0.0,0.0,0,0.0,0,1.0,0.0,0.0,0,0.0,0.0,0.0,0.0,0.0,0.0,0.0,0.0,0,0.0,1,0.0,0,0.0,0,0.0,0.0,0.0,1,0,1,0.0,0,1,0.0,0.0,0.0,0.0,0.0,0.0,0,0.0,0,0.0,0,0,0.0,0.0,1.0,1.0,0.0,inward,BZT
124,0.0,0.0,0.0,0.0,0.0,0,0,0.0,0.0,0,0.0,1.0,0.0,0,0,1,1,0.0,0.0,0.0,0,1.0,0,1.0,0.0,0.0,0,0.0,0.0,0.0,0.0,0.0,0.0,0.0,0.0,0,0.0,0,0.0,0,0.0,1,0.0,0.0,0.0,1,0,1,0.0,0,1,0.0,0.0,0.0,0.0,0.0,0.0,0,0.0,1,0.0,0,0,0.0,0.0,1.0,0.0,0.0,inward,BZT
125,0.0,0.0,0.0,0.0,0.0,0,0,0.0,0.0,0,0.0,0.0,0.0,0,0,1,1,0.0,0.0,0.0,1,0.0,0,0.0,0.0,0.0,0,0.0,0.0,0.0,0.0,0.0,0.0,0.0,0.0,0,0.0,0,0.0,0,0.0,0,0.0,0.0,0.0,1,0,1,0.0,0,1,0.0,0.0,0.0,0.0,0.0,0.0,0,0.0,0,0.0,0,0,0.0,0.0,1.0,0.0,0.0,inward,BZT
126,0.0,0.0,0.0,0.0,0.0,0,0,0.0,0.0,0,0.0,1.0,0.0,0,0,1,1,0.0,0.0,0.0,1,1.0,0,0.0,0.0,0.0,0,0.0,0.0,0.0,0.0,0.0,0.0,0.0,0.0,0,0.0,0,0.0,0,0.0,0,0.0,0.0,0.0,1,0,0,0.0,0,1,0.0,0.0,0.0,0.0,0.0,0.0,0,0.0,0,0.0,0,0,0.0,0.0,1.0,1.0,0.0,inward,BZT
127,0.0,0.0,0.0,0.0,0.0,0,0,0.0,0.0,0,1.0,1.0,0.0,0,0,1,1,0.0,0.0,0.0,1,0.0,0,0.0,0.0,0.0,0,0.0,0.0,0.0,0.0,0.0,0.0,0.0,0.0,0,0.0,1,0.0,1,0.0,1,0.0,0.0,0.0,1,0,0,0.0,0,1,0.0,0.0,0.0,0.0,0.0,0.0,0,0.0,0,0.0,0,0,0.0,0.0,1.0,1.0,1.0,inward,BZT
128,0.0,0.0,0.0,0.0,0.0,0,0,0.0,0.0,0,1.0,1.0,0.0,0,0,1,1,0.0,0.0,0.0,0,0.0,0,0.0,0.0,0.0,0,0.0,0.0,0.0,0.0,0.0,0.0,0.0,0.0,0,0.0,0,0.0,0,0.0,0,0.0,0.0,0.0,1,0,1,0.0,0,1,0.0,0.0,0.0,0.0,0.0,0.0,1,0.0,1,0.0,0,0,0.0,0.0,1.0,0.0,0.0,inward,BZT
129,0.0,0.0,0.0,0.0,0.0,0,0,0.0,0.0,0,0.0,1.0,0.0,0,0,1,1,0.0,0.0,0.0,0,1.0,0,1.0,0.0,0.0,0,0.0,0.0,1.0,0.0,0.0,0.0,0.0,0.0,0,0.0,1,0.0,0,0.0,0,0.0,0.0,0.0,1,0,0,0.0,0,1,0.0,0.0,0.0,0.0,0.0,0.0,0,0.0,1,0.0,0,0,0.0,0.0,1.0,1.0,0.0,inward,BZT
130,0.0,0.0,0.0,0.0,0.0,0,0,0.0,0.0,0,1.0,0.0,0.0,0,0,1,1,0.0,0.0,0.0,0,1.0,0,1.0,0.0,0.0,0,0.0,0.0,0.0,0.0,0.0,0.0,0.0,0.0,0,0.0,0,0.0,0,0.0,0,0.0,0.0,0.0,1,0,1,0.0,0,0,0.0,0.0,0.0,0.0,0.0,0.0,0,0.0,0,0.0,0,0,0.0,0.0,1.0,1.0,1.0,inward,BZT
131,0.0,0.0,0.0,0.0,0.0,0,0,0.0,0.0,0,0.0,0.0,0.0,0,0,1,1,0.0,0.0,0.0,0,1.0,0,1.0,0.0,0.0,0,0.0,0.0,0.0,0.0,0.0,0.0,0.0,0.0,0,0.0,1,0.0,0,0.0,0,0.0,0.0,0.0,1,0,1,0.0,0,1,0.0,0.0,0.0,0.0,0.0,0.0,0,0.0,1,0.0,0,0,0.0,0.0,1.0,1.0,0.0,inward,BZT
132,0.0,0.0,0.0,0.0,0.0,0,0,0.0,0.0,0,0.0,1.0,0.0,0,0,1,1,0.0,0.0,0.0,0,1.0,0,1.0,0.0,0.0,0,0.0,0.0,0.0,0.0,0.0,0.0,0.0,0.0,0,0.0,1,0.0,0,0.0,0,0.0,0.0,0.0,1,0,1,0.0,0,0,0.0,0.0,0.0,0.0,0.0,0.0,1,0.0,1,0.0,0,0,0.0,0.0,1.0,1.0,0.0,inward,BZT
133,0.0,0.0,0.0,0.0,0.0,0,0,0.0,0.0,0,1.0,0.0,0.0,0,0,1,1,0.0,0.0,0.0,0,1.0,0,1.0,0.0,0.0,0,0.0,0.0,0.0,0.0,0.0,0.0,0.0,0.0,0,0.0,0,0.0,0,0.0,0,0.0,0.0,0.0,1,0,1,0.0,0,1,0.0,0.0,0.0,0.0,0.0,0.0,0,0.0,0,0.0,0,0,0.0,0.0,1.0,1.0,0.0,inward,BZT
134,0.0,0.0,0.0,0.0,0.0,0,0,0.0,0.0,0,1.0,1.0,0.0,0,0,1,1,0.0,0.0,0.0,1,1.0,0,0.0,0.0,0.0,0,0.0,0.0,0.0,0.0,0.0,0.0,0.0,0.0,0,0.0,0,0.0,0,0.0,0,0.0,0.0,0.0,1,0,0,0.0,0,1,0.0,0.0,0.0,0.0,0.0,0.0,0,0.0,1,0.0,0,0,0.0,0.0,1.0,0.0,0.0,inward,BZT
135,0.0,0.0,0.0,0.0,0.0,0,0,0.0,0.0,0,0.0,0.0,0.0,0,0,1,0,0.0,0.0,0.0,0,0.0,0,1.0,0.0,0.0,0,0.0,0.0,0.0,0.0,0.0,0.0,0.0,0.0,0,0.0,1,0.0,0,0.0,0,0.0,0.0,0.0,1,0,1,0.0,0,1,0.0,0.0,0.0,0.0,0.0,0.0,0,0.0,1,0.0,0,0,0.0,0.0,1.0,0.0,0.0,inward,BZT
136,0.0,0.0,0.0,0.0,0.0,0,0,0.0,0.0,0,0.0,1.0,0.0,0,0,1,1,0.0,0.0,0.0,0,1.0,0,1.0,0.0,0.0,0,0.0,0.0,0.0,0.0,0.0,0.0,0.0,0.0,0,0.0,1,0.0,0,0.0,0,0.0,0.0,0.0,1,0,1,0.0,0,1,0.0,0.0,0.0,0.0,0.0,0.0,0,0.0,1,0.0,0,0,0.0,0.0,1.0,0.0,0.0,inward,BZT
137,0.0,0.0,0.0,0.0,0.0,0,0,0.0,0.0,0,0.0,0.0,0.0,0,0,1,1,0.0,0.0,0.0,0,1.0,0,1.0,0.0,0.0,0,0.0,0.0,0.0,0.0,0.0,0.0,0.0,0.0,0,0.0,0,0.0,0,0.0,0,0.0,0.0,0.0,1,0,1,0.0,0,1,0.0,0.0,0.0,0.0,0.0,0.0,0,0.0,1,0.0,0,0,0.0,0.0,1.0,1.0,0.0,inward,BZT
138,0.0,0.0,0.0,0.0,0.0,0,0,0.0,0.0,0,0.0,0.0,0.0,0,0,1,1,0.0,0.0,0.0,1,0.0,0,0.0,0.0,0.0,0,0.0,0.0,0.0,0.0,0.0,0.0,0.0,0.0,0,0.0,0,0.0,0,0.0,0,0.0,0.0,0.0,1,1,1,0.0,0,1,0.0,0.0,0.0,0.0,0.0,0.0,0,0.0,0,0.0,0,0,0.0,0.0,1.0,1.0,0.0,inward,BZT
139,0.0,0.0,0.0,0.0,0.0,0,0,0.0,0.0,0,0.0,1.0,0.0,0,0,1,1,0.0,0.0,0.0,0,1.0,0,1.0,0.0,0.0,0,0.0,0.0,0.0,0.0,0.0,0.0,0.0,0.0,0,0.0,1,0.0,0,0.0,0,0.0,0.0,0.0,1,0,1,0.0,0,1,0.0,0.0,0.0,0.0,0.0,0.0,0,0.0,1,0.0,0,0,0.0,0.0,1.0,1.0,0.0,inward,BZT
140,0.0,0.0,0.0,0.0,0.0,0,0,0.0,0.0,0,0.0,0.0,0.0,0,0,1,1,0.0,0.0,0.0,0,0.0,0,0.0,0.0,0.0,0,0.0,0.0,0.0,0.0,0.0,0.0,0.0,0.0,0,0.0,1,0.0,0,0.0,0,0.0,0.0,0.0,1,0,1,0.0,0,1,0.0,0.0,0.0,0.0,0.0,0.0,0,0.0,0,0.0,0,0,0.0,0.0,1.0,1.0,0.0,inward,BZT
141,0.0,0.0,0.0,0.0,0.0,0,0,0.0,0.0,0,1.0,1.0,0.0,0,0,1,1,0.0,0.0,0.0,0,1.0,0,1.0,0.0,0.0,0,0.0,0.0,0.0,0.0,0.0,0.0,0.0,0.0,0,0.0,1,0.0,0,0.0,0,0.0,0.0,0.0,1,0,0,0.0,0,0,0.0,0.0,0.0,0.0,0.0,0.0,0,0.0,0,0.0,0,0,0.0,0.0,1.0,1.0,0.0,inward,BZT
142,0.0,0.0,0.0,0.0,0.0,0,0,0.0,0.0,0,1.0,0.0,0.0,0,0,1,1,0.0,0.0,0.0,1,0.0,0,0.0,0.0,0.0,0,0.0,0.0,0.0,0.0,0.0,0.0,0.0,0.0,0,0.0,1,0.0,0,0.0,0,0.0,0.0,0.0,1,0,1,0.0,0,0,0.0,0.0,0.0,0.0,0.0,0.0,0,0.0,1,0.0,0,0,0.0,0.0,1.0,0.0,0.0,inward,BZT
143,0.0,0.0,0.0,0.0,0.0,0,0,0.0,0.0,0,0.0,1.0,0.0,0,0,1,0,0.0,0.0,0.0,0,1.0,0,1.0,0.0,0.0,0,0.0,0.0,0.0,0.0,0.0,0.0,0.0,0.0,0,0.0,0,0.0,0,0.0,0,1.0,0.0,0.0,1,0,1,0.0,0,1,0.0,0.0,0.0,0.0,0.0,0.0,0,0.0,1,0.0,0,0,0.0,0.0,1.0,0.0,0.0,inward,BZT
144,0.0,0.0,0.0,0.0,0.0,0,0,0.0,0.0,0,1.0,0.0,0.0,0,0,1,1,0.0,0.0,0.0,0,0.0,0,0.0,0.0,0.0,0,0.0,0.0,1.0,0.0,0.0,0.0,0.0,0.0,0,0.0,1,0.0,0,0.0,0,0.0,0.0,0.0,1,0,1,0.0,0,1,0.0,0.0,0.0,0.0,0.0,0.0,0,0.0,1,0.0,0,0,0.0,0.0,1.0,1.0,1.0,inward,BZT
145,0.0,0.0,0.0,0.0,0.0,0,0,0.0,0.0,0,0.0,0.0,0.0,0,0,1,1,0.0,0.0,0.0,1,0.0,0,0.0,0.0,0.0,0,0.0,0.0,0.0,0.0,0.0,0.0,0.0,0.0,0,0.0,1,0.0,0,0.0,0,0.0,0.0,0.0,1,0,1,0.0,0,1,0.0,0.0,0.0,0.0,0.0,0.0,0,0.0,1,0.0,0,0,0.0,0.0,1.0,0.0,0.0,inward,BZT
146,0.0,0.0,0.0,0.0,0.0,0,0,0.0,0.0,0,0.0,0.0,0.0,0,0,1,1,0.0,0.0,0.0,1,1.0,0,1.0,0.0,0.0,0,0.0,0.0,0.0,0.0,0.0,0.0,0.0,0.0,0,0.0,1,0.0,0,0.0,0,0.0,0.0,0.0,1,0,1,0.0,0,1,0.0,0.0,0.0,0.0,0.0,0.0,0,0.0,0,0.0,0,0,0.0,0.0,1.0,1.0,0.0,inward,BZT
147,0.0,0.0,0.0,0.0,0.0,0,0,0.0,0.0,0,0.0,1.0,0.0,0,0,1,1,0.0,0.0,0.0,0,1.0,0,1.0,0.0,0.0,0,0.0,0.0,0.0,0.0,0.0,0.0,0.0,0.0,0,0.0,1,0.0,0,0.0,0,0.0,0.0,0.0,1,0,1,0.0,0,1,0.0,0.0,0.0,0.0,0.0,0.0,0,0.0,1,0.0,0,0,0.0,0.0,1.0,1.0,1.0,inward,BZT
148,0.0,0.0,0.0,0.0,0.0,0,0,0.0,0.0,0,0.0,0.0,0.0,0,0,1,1,0.0,0.0,0.0,0,1.0,0,1.0,0.0,0.0,0,0.0,0.0,0.0,0.0,0.0,0.0,0.0,0.0,0,0.0,1,0.0,0,0.0,0,0.0,0.0,0.0,1,0,0,0.0,0,0,0.0,0.0,0.0,0.0,0.0,0.0,0,0.0,0,0.0,0,0,0.0,0.0,1.0,1.0,0.0,inward,BZT
149,0.0,0.0,0.0,0.0,0.0,0,0,0.0,0.0,0,0.0,0.0,0.0,0,0,1,1,0.0,0.0,0.0,0,1.0,0,1.0,0.0,0.0,0,0.0,0.0,0.0,0.0,0.0,0.0,0.0,0.0,0,0.0,1,0.0,0,0.0,0,0.0,0.0,0.0,1,0,1,0.0,0,1,0.0,0.0,0.0,0.0,0.0,0.0,0,0.0,0,0.0,0,0,0.0,0.0,1.0,0.0,0.0,inward,BZT
150,0.0,0.0,0.0,0.0,0.0,0,0,0.0,0.0,0,1.0,1.0,0.0,0,0,1,1,0.0,0.0,0.0,0,1.0,0,0.0,0.0,0.0,0,0.0,0.0,0.0,0.0,0.0,0.0,0.0,0.0,0,0.0,1,0.0,0,0.0,0,0.0,0.0,0.0,1,0,1,0.0,0,1,0.0,0.0,0.0,0.0,0.0,0.0,0,0.0,1,0.0,0,0,0.0,0.0,1.0,1.0,1.0,inward,BZT
151,0.0,0.0,0.0,0.0,0.0,0,0,0.0,0.0,0,0.0,1.0,0.0,0,0,1,1,0.0,0.0,0.0,1,0.0,0,0.0,0.0,0.0,0,0.0,0.0,1.0,0.0,0.0,0.0,0.0,0.0,0,0.0,1,0.0,0,0.0,0,0.0,0.0,0.0,1,0,1,0.0,0,1,0.0,0.0,0.0,0.0,0.0,0.0,0,0.0,1,0.0,0,0,0.0,0.0,1.0,1.0,0.0,inward,BZT
152,0.0,0.0,0.0,0.0,0.0,0,0,0.0,0.0,0,0.0,0.0,0.0,0,0,1,1,0.0,0.0,0.0,1,0.0,0,0.0,0.0,0.0,0,0.0,0.0,0.0,0.0,0.0,0.0,0.0,0.0,0,0.0,1,0.0,0,0.0,0,0.0,0.0,0.0,1,0,1,0.0,0,1,0.0,0.0,0.0,0.0,0.0,0.0,0,0.0,0,0.0,0,0,0.0,0.0,1.0,1.0,0.0,inward,BZT
153,0.0,0.0,0.0,0.0,0.0,0,0,0.0,0.0,0,0.0,1.0,0.0,0,0,1,1,0.0,0.0,0.0,0,1.0,0,1.0,0.0,0.0,0,0.0,0.0,0.0,0.0,0.0,0.0,0.0,0.0,0,0.0,1,0.0,0,0.0,0,0.0,0.0,0.0,1,0,0,0.0,0,0,0.0,0.0,0.0,0.0,0.0,0.0,0,0.0,0,0.0,0,0,0.0,0.0,1.0,1.0,0.0,inward,BZT
154,0.0,0.0,0.0,0.0,0.0,0,0,0.0,0.0,0,1.0,0.0,0.0,0,0,1,1,0.0,0.0,0.0,0,1.0,0,1.0,0.0,0.0,0,0.0,0.0,0.0,0.0,0.0,0.0,0.0,0.0,0,0.0,0,0.0,0,0.0,0,0.0,0.0,0.0,1,0,1,0.0,0,1,0.0,0.0,0.0,0.0,0.0,0.0,0,0.0,0,0.0,0,0,0.0,0.0,1.0,1.0,0.0,inward,BZT
155,0.0,0.0,0.0,0.0,0.0,0,0,0.0,0.0,0,0.0,0.0,0.0,0,0,1,1,0.0,0.0,0.0,0,1.0,0,0.0,0.0,0.0,0,0.0,0.0,0.0,0.0,0.0,0.0,0.0,0.0,0,0.0,1,0.0,0,0.0,0,0.0,0.0,0.0,1,0,1,0.0,0,1,0.0,0.0,0.0,0.0,0.0,0.0,0,0.0,0,0.0,0,0,0.0,0.0,1.0,1.0,0.0,inward,BZT
156,0.0,0.0,0.0,0.0,0.0,0,0,0.0,0.0,0,1.0,1.0,0.0,0,0,1,1,0.0,0.0,0.0,0,0.0,0,1.0,0.0,0.0,0,0.0,0.0,0.0,0.0,0.0,0.0,0.0,0.0,0,0.0,1,0.0,0,0.0,1,0.0,0.0,0.0,1,1,1,0.0,0,1,0.0,0.0,0.0,0.0,0.0,0.0,0,0.0,0,0.0,0,0,0.0,0.0,1.0,1.0,0.0,inward,BZT
157,0.0,0.0,0.0,0.0,0.0,0,0,0.0,0.0,0,0.0,1.0,0.0,0,0,1,1,0.0,0.0,0.0,0,0.0,0,1.0,0.0,0.0,0,0.0,0.0,0.0,0.0,0.0,0.0,0.0,0.0,0,0.0,1,0.0,0,0.0,0,0.0,0.0,0.0,1,0,0,0.0,0,1,0.0,0.0,0.0,0.0,0.0,0.0,0,0.0,0,0.0,0,0,0.0,0.0,1.0,1.0,0.0,inward,BZT
158,0.0,0.0,0.0,0.0,0.0,0,0,0.0,0.0,0,1.0,1.0,0.0,0,0,1,1,0.0,0.0,0.0,0,0.0,0,1.0,0.0,0.0,0,0.0,0.0,0.0,0.0,0.0,0.0,0.0,0.0,0,0.0,1,0.0,0,0.0,0,0.0,0.0,0.0,1,0,1,0.0,0,1,0.0,0.0,0.0,0.0,0.0,0.0,0,0.0,1,0.0,0,0,0.0,0.0,1.0,1.0,0.0,inward,BZT
159,0.0,0.0,0.0,0.0,0.0,0,0,0.0,0.0,0,1.0,0.0,0.0,0,0,1,1,0.0,0.0,0.0,1,1.0,0,1.0,0.0,0.0,0,0.0,0.0,0.0,0.0,0.0,0.0,0.0,0.0,0,0.0,1,0.0,0,0.0,0,0.0,0.0,0.0,1,0,0,0.0,0,1,0.0,0.0,0.0,0.0,0.0,0.0,0,0.0,0,0.0,0,0,0.0,0.0,1.0,0.0,0.0,inward,BZT
160,0.0,0.0,0.0,0.0,0.0,0,0,0.0,0.0,0,0.0,1.0,0.0,0,0,1,1,0.0,0.0,0.0,0,0.0,0,0.0,0.0,0.0,0,0.0,0.0,0.0,0.0,0.0,0.0,0.0,0.0,0,0.0,1,0.0,1,0.0,0,0.0,0.0,0.0,1,0,1,0.0,0,1,0.0,0.0,0.0,0.0,0.0,0.0,0,0.0,0,0.0,0,0,0.0,0.0,0.0,0.0,0.0,inward,BZT
161,0.0,0.0,0.0,0.0,0.0,0,0,0.0,0.0,0,0.0,1.0,0.0,0,0,1,1,0.0,0.0,0.0,0,1.0,0,1.0,0.0,0.0,0,0.0,0.0,1.0,0.0,0.0,0.0,0.0,0.0,0,0.0,1,0.0,0,0.0,0,0.0,0.0,0.0,1,0,1,0.0,0,1,0.0,0.0,0.0,0.0,0.0,0.0,0,0.0,1,0.0,0,0,0.0,0.0,1.0,1.0,0.0,inward,BZT
162,0.0,0.0,0.0,0.0,0.0,0,0,0.0,0.0,0,0.0,0.0,0.0,0,0,1,1,0.0,0.0,0.0,1,0.0,0,1.0,0.0,0.0,0,0.0,0.0,0.0,0.0,0.0,0.0,0.0,0.0,0,0.0,1,0.0,1,0.0,1,0.0,0.0,0.0,1,0,1,0.0,0,1,0.0,0.0,0.0,0.0,0.0,0.0,0,0.0,0,0.0,0,0,0.0,0.0,1.0,0.0,0.0,inward,BZT
163,0.0,0.0,0.0,0.0,0.0,0,0,0.0,0.0,0,0.0,0.0,0.0,0,0,1,1,0.0,0.0,0.0,0,1.0,0,1.0,0.0,0.0,0,0.0,0.0,0.0,0.0,0.0,0.0,0.0,0.0,0,0.0,1,0.0,0,0.0,0,1.0,0.0,0.0,1,0,1,0.0,0,1,0.0,0.0,0.0,0.0,0.0,0.0,0,0.0,0,0.0,0,0,0.0,0.0,1.0,0.0,0.0,inward,BZT
164,0.0,0.0,0.0,0.0,0.0,0,0,0.0,0.0,0,0.0,0.0,0.0,0,0,1,1,0.0,0.0,0.0,0,0.0,0,1.0,0.0,0.0,0,0.0,0.0,0.0,0.0,0.0,0.0,0.0,0.0,0,0.0,1,0.0,0,0.0,0,0.0,0.0,0.0,1,0,1,0.0,0,1,0.0,0.0,0.0,0.0,0.0,0.0,0,0.0,0,0.0,0,0,0.0,0.0,1.0,0.0,0.0,inward,BZT
165,0.0,0.0,0.0,0.0,0.0,0,0,0.0,0.0,0,1.0,1.0,0.0,0,0,1,1,0.0,0.0,0.0,1,0.0,0,1.0,0.0,0.0,0,0.0,0.0,0.0,0.0,0.0,0.0,0.0,0.0,0,0.0,1,0.0,0,0.0,0,0.0,0.0,0.0,1,1,1,0.0,0,1,0.0,0.0,0.0,0.0,0.0,0.0,1,0.0,1,0.0,0,0,0.0,0.0,1.0,0.0,0.0,inward,BZT
166,0.0,0.0,0.0,0.0,0.0,0,0,0.0,0.0,0,1.0,1.0,0.0,0,0,1,1,0.0,0.0,0.0,1,0.0,0,0.0,0.0,0.0,0,0.0,0.0,0.0,0.0,0.0,0.0,0.0,0.0,0,0.0,1,0.0,0,0.0,0,1.0,0.0,0.0,1,0,0,0.0,0,1,0.0,0.0,0.0,0.0,0.0,0.0,0,0.0,0,0.0,0,0,0.0,0.0,1.0,0.0,0.0,inward,BZT
167,0.0,0.0,0.0,0.0,0.0,0,0,0.0,0.0,0,0.0,1.0,0.0,0,0,1,1,0.0,0.0,0.0,0,1.0,0,1.0,0.0,0.0,0,0.0,0.0,1.0,0.0,0.0,0.0,0.0,0.0,0,0.0,0,0.0,0,0.0,0,0.0,0.0,0.0,1,0,1,0.0,0,1,0.0,0.0,0.0,0.0,0.0,0.0,0,0.0,0,0.0,0,0,0.0,0.0,1.0,1.0,0.0,inward,BZT
168,0.0,0.0,0.0,0.0,0.0,0,0,0.0,0.0,0,0.0,1.0,0.0,0,0,1,1,0.0,0.0,0.0,0,0.0,0,0.0,0.0,0.0,0,0.0,0.0,0.0,0.0,0.0,0.0,0.0,0.0,0,0.0,1,0.0,0,0.0,0,1.0,0.0,0.0,1,0,1,0.0,0,1,0.0,0.0,0.0,0.0,0.0,0.0,0,0.0,1,0.0,0,0,0.0,0.0,1.0,1.0,0.0,inward,BZT
169,0.0,0.0,0.0,0.0,0.0,0,0,0.0,0.0,0,1.0,1.0,0.0,0,0,1,1,0.0,0.0,0.0,0,0.0,0,1.0,0.0,0.0,0,0.0,0.0,0.0,0.0,0.0,0.0,0.0,0.0,0,0.0,1,0.0,0,0.0,0,0.0,0.0,0.0,1,0,0,0.0,0,0,0.0,0.0,0.0,0.0,0.0,0.0,0,0.0,1,0.0,0,0,0.0,0.0,1.0,0.0,0.0,inward,BZT
170,0.0,0.0,0.0,0.0,0.0,0,0,0.0,0.0,0,0.0,0.0,0.0,0,0,1,1,0.0,0.0,0.0,0,0.0,0,1.0,0.0,0.0,0,0.0,0.0,0.0,0.0,0.0,0.0,0.0,0.0,0,0.0,1,0.0,0,0.0,0,0.0,0.0,0.0,1,0,1,0.0,0,1,0.0,0.0,0.0,0.0,0.0,0.0,0,0.0,1,0.0,0,0,0.0,0.0,1.0,0.0,1.0,inward,BZT
171,0.0,0.0,0.0,0.0,0.0,0,0,0.0,0.0,0,0.0,1.0,0.0,0,0,1,1,0.0,0.0,0.0,0,0.0,0,1.0,0.0,0.0,0,0.0,0.0,0.0,0.0,0.0,0.0,0.0,0.0,0,0.0,1,0.0,0,0.0,0,0.0,0.0,0.0,1,0,1,0.0,0,1,0.0,0.0,0.0,0.0,0.0,0.0,0,0.0,0,0.0,0,0,0.0,0.0,1.0,1.0,1.0,inward,BZT
172,0.0,0.0,0.0,0.0,0.0,0,0,0.0,0.0,0,0.0,1.0,0.0,0,0,1,1,0.0,0.0,0.0,0,0.0,0,0.0,0.0,0.0,0,0.0,0.0,0.0,0.0,0.0,0.0,0.0,0.0,0,0.0,0,0.0,0,0.0,0,0.0,0.0,0.0,1,0,1,0.0,0,1,0.0,0.0,0.0,0.0,0.0,0.0,0,0.0,0,0.0,0,0,0.0,0.0,1.0,1.0,0.0,inward,BZT
173,0.0,0.0,0.0,0.0,0.0,0,0,0.0,0.0,0,1.0,1.0,0.0,0,0,1,1,0.0,0.0,0.0,0,0.0,0,1.0,0.0,0.0,0,0.0,0.0,0.0,0.0,0.0,0.0,0.0,0.0,0,0.0,0,0.0,0,0.0,0,0.0,0.0,0.0,1,0,1,0.0,0,1,0.0,0.0,0.0,0.0,0.0,0.0,0,0.0,0,0.0,0,0,0.0,0.0,1.0,1.0,1.0,inward,BZT
174,0.0,0.0,0.0,0.0,0.0,0,0,0.0,0.0,0,1.0,1.0,0.0,0,0,1,1,0.0,0.0,0.0,0,0.0,0,0.0,0.0,0.0,0,0.0,0.0,0.0,0.0,0.0,0.0,0.0,0.0,0,0.0,1,0.0,0,0.0,0,0.0,0.0,0.0,1,0,0,0.0,0,1,0.0,0.0,0.0,0.0,0.0,0.0,1,0.0,0,0.0,0,0,0.0,0.0,1.0,0.0,0.0,inward,BZT
175,0.0,0.0,0.0,0.0,0.0,0,0,0.0,0.0,0,0.0,1.0,0.0,0,0,1,1,0.0,0.0,0.0,0,1.0,0,1.0,0.0,0.0,0,0.0,0.0,0.0,0.0,0.0,0.0,0.0,0.0,0,0.0,0,0.0,0,0.0,0,0.0,0.0,0.0,1,0,0,0.0,0,1,0.0,0.0,0.0,0.0,0.0,0.0,0,0.0,0,0.0,0,0,0.0,0.0,1.0,0.0,0.0,inward,BZT
176,0.0,0.0,0.0,0.0,0.0,0,0,0.0,0.0,0,0.0,1.0,0.0,0,0,1,1,0.0,0.0,0.0,0,1.0,0,1.0,0.0,0.0,0,0.0,0.0,0.0,0.0,0.0,0.0,0.0,0.0,0,0.0,1,0.0,0,0.0,0,0.0,0.0,0.0,1,0,0,0.0,0,1,0.0,0.0,0.0,0.0,0.0,0.0,0,0.0,1,0.0,0,0,0.0,0.0,0.0,0.0,0.0,inward,BZT
177,0.0,0.0,0.0,0.0,0.0,0,0,0.0,0.0,0,1.0,1.0,0.0,0,0,1,1,0.0,0.0,0.0,0,1.0,0,1.0,0.0,0.0,0,0.0,0.0,0.0,0.0,0.0,0.0,0.0,0.0,0,0.0,1,0.0,0,0.0,0,0.0,0.0,0.0,1,0,1,0.0,0,1,0.0,0.0,0.0,0.0,0.0,0.0,0,0.0,1,0.0,0,0,0.0,0.0,1.0,0.0,1.0,inward,BZT
178,0.0,0.0,0.0,0.0,0.0,0,0,0.0,0.0,0,0.0,0.0,0.0,0,0,1,1,0.0,0.0,0.0,0,1.0,0,1.0,0.0,0.0,0,0.0,0.0,0.0,0.0,0.0,0.0,0.0,0.0,0,0.0,1,0.0,1,0.0,0,1.0,0.0,0.0,1,0,0,0.0,0,1,0.0,0.0,0.0,0.0,0.0,0.0,0,0.0,0,0.0,0,0,0.0,0.0,1.0,1.0,0.0,inward,BZT
179,0.0,0.0,0.0,0.0,0.0,0,0,0.0,0.0,0,0.0,1.0,0.0,0,0,1,1,0.0,0.0,0.0,0,1.0,0,1.0,0.0,0.0,0,0.0,0.0,0.0,0.0,0.0,0.0,0.0,0.0,0,0.0,1,0.0,0,0.0,0,0.0,0.0,0.0,1,0,1,0.0,0,1,0.0,0.0,0.0,0.0,0.0,0.0,1,0.0,1,0.0,0,0,0.0,0.0,1.0,1.0,0.0,inward,BZT
180,0.0,0.0,0.0,0.0,0.0,0,0,0.0,0.0,0,0.0,0.0,0.0,1,0,1,1,0.0,0.0,0.0,1,1.0,0,1.0,0.0,0.0,0,0.0,0.0,0.0,0.0,0.0,0.0,0.0,0.0,0,0.0,1,0.0,1,0.0,0,1.0,0.0,0.0,1,0,1,0.0,0,1,0.0,0.0,0.0,0.0,0.0,1.0,1,0.0,1,0.0,0,0,0.0,0.0,1.0,1.0,1.0,inward,BZT
181,0.0,0.0,0.0,0.0,0.0,0,0,0.0,0.0,0,1.0,0.0,0.0,0,0,1,1,0.0,0.0,0.0,0,0.0,0,0.0,0.0,0.0,0,0.0,0.0,0.0,0.0,0.0,0.0,0.0,0.0,0,0.0,1,0.0,1,0.0,0,0.0,0.0,0.0,1,0,1,0.0,0,1,0.0,0.0,0.0,0.0,0.0,0.0,0,0.0,1,0.0,0,0,0.0,0.0,1.0,1.0,1.0,inward,BZT
182,0.0,0.0,0.0,0.0,0.0,0,0,0.0,0.0,0,0.0,0.0,0.0,0,0,1,1,0.0,0.0,0.0,0,1.0,0,0.0,0.0,0.0,0,0.0,0.0,0.0,0.0,0.0,0.0,0.0,0.0,0,0.0,1,0.0,1,0.0,0,1.0,0.0,0.0,1,0,0,0.0,0,1,0.0,0.0,0.0,0.0,0.0,1.0,0,0.0,1,0.0,0,0,0.0,0.0,1.0,1.0,1.0,inward,BZT
183,0.0,0.0,0.0,0.0,0.0,0,0,0.0,0.0,0,0.0,0.0,0.0,0,0,1,1,0.0,0.0,0.0,0,1.0,0,0.0,0.0,0.0,0,0.0,0.0,0.0,0.0,0.0,0.0,0.0,0.0,0,0.0,1,0.0,1,0.0,1,0.0,0.0,0.0,1,1,1,0.0,0,1,0.0,0.0,0.0,0.0,0.0,1.0,1,0.0,1,0.0,0,0,0.0,0.0,1.0,0.0,1.0,inward,BZT
184,0.0,0.0,0.0,0.0,0.0,0,0,0.0,0.0,0,0.0,0.0,0.0,0,0,1,1,0.0,0.0,0.0,1,1.0,0,1.0,0.0,0.0,0,0.0,0.0,0.0,0.0,0.0,0.0,0.0,0.0,0,0.0,1,0.0,1,0.0,1,0.0,0.0,0.0,1,0,1,0.0,0,1,0.0,0.0,0.0,0.0,0.0,1.0,0,0.0,1,0.0,0,0,0.0,0.0,1.0,1.0,1.0,inward,BZT
185,0.0,0.0,0.0,0.0,0.0,0,0,0.0,0.0,0,0.0,0.0,0.0,0,0,1,1,0.0,0.0,0.0,0,0.0,0,1.0,0.0,0.0,0,0.0,0.0,0.0,0.0,0.0,0.0,0.0,0.0,0,0.0,0,0.0,1,0.0,0,1.0,0.0,0.0,1,0,1,0.0,0,0,0.0,0.0,0.0,0.0,0.0,0.0,0,0.0,1,0.0,0,0,0.0,0.0,1.0,1.0,0.0,inward,BZT
186,0.0,0.0,0.0,0.0,0.0,0,0,0.0,0.0,0,0.0,1.0,0.0,0,0,1,1,0.0,0.0,0.0,1,0.0,0,0.0,0.0,0.0,0,0.0,0.0,0.0,0.0,0.0,0.0,0.0,0.0,0,0.0,0,0.0,1,0.0,0,0.0,0.0,0.0,1,0,1,0.0,0,1,0.0,0.0,0.0,0.0,0.0,1.0,1,0.0,1,0.0,0,0,0.0,0.0,1.0,1.0,1.0,inward,BZT
187,0.0,0.0,0.0,0.0,0.0,0,0,0.0,0.0,0,0.0,0.0,0.0,0,0,1,1,0.0,0.0,0.0,0,0.0,0,0.0,0.0,0.0,0,0.0,0.0,0.0,0.0,0.0,0.0,0.0,0.0,0,0.0,1,0.0,1,0.0,0,0.0,0.0,0.0,1,0,1,0.0,0,1,0.0,0.0,0.0,0.0,0.0,1.0,0,0.0,1,0.0,0,0,0.0,0.0,1.0,0.0,1.0,inward,BZT
188,0.0,0.0,0.0,0.0,0.0,0,0,0.0,0.0,0,0.0,0.0,0.0,0,0,1,1,0.0,0.0,0.0,0,1.0,0,0.0,0.0,0.0,0,0.0,0.0,0.0,0.0,0.0,0.0,0.0,0.0,0,0.0,1,0.0,1,0.0,0,0.0,0.0,0.0,1,0,1,0.0,0,1,0.0,0.0,0.0,0.0,0.0,1.0,1,0.0,1,0.0,0,0,0.0,0.0,1.0,1.0,0.0,inward,BZT
189,0.0,0.0,0.0,0.0,0.0,0,0,0.0,0.0,0,1.0,0.0,0.0,0,0,1,1,0.0,0.0,0.0,0,0.0,0,0.0,0.0,0.0,0,0.0,0.0,0.0,0.0,0.0,0.0,0.0,0.0,0,0.0,1,0.0,0,0.0,0,0.0,0.0,0.0,1,0,1,0.0,0,1,0.0,0.0,0.0,0.0,0.0,0.0,0,0.0,1,0.0,0,0,0.0,0.0,1.0,0.0,1.0,inward,BZT
190,0.0,0.0,0.0,0.0,0.0,0,0,0.0,0.0,0,0.0,1.0,0.0,0,0,1,1,0.0,0.0,0.0,0,1.0,0,0.0,0.0,0.0,0,0.0,0.0,0.0,0.0,0.0,0.0,0.0,0.0,0,0.0,1,0.0,1,0.0,1,0.0,0.0,0.0,1,0,1,0.0,0,1,0.0,0.0,0.0,0.0,0.0,1.0,0,0.0,1,0.0,0,0,0.0,0.0,1.0,1.0,1.0,inward,BZT
191,0.0,0.0,0.0,0.0,0.0,0,0,0.0,0.0,0,0.0,1.0,0.0,0,0,1,0,0.0,0.0,0.0,1,0.0,0,1.0,0.0,0.0,0,0.0,0.0,0.0,0.0,0.0,0.0,0.0,0.0,0,0.0,1,0.0,1,0.0,0,0.0,0.0,0.0,1,0,0,0.0,0,1,0.0,0.0,0.0,0.0,0.0,1.0,1,0.0,1,0.0,0,0,0.0,0.0,1.0,1.0,0.0,inward,BZT
192,0.0,0.0,0.0,0.0,0.0,0,0,0.0,0.0,0,0.0,0.0,0.0,0,0,1,0,0.0,0.0,0.0,0,0.0,0,0.0,0.0,0.0,1,0.0,0.0,1.0,0.0,0.0,0.0,0.0,0.0,0,0.0,1,0.0,1,0.0,0,0.0,0.0,0.0,1,1,0,0.0,0,1,0.0,0.0,0.0,0.0,0.0,1.0,1,0.0,1,0.0,0,0,0.0,0.0,1.0,1.0,0.0,inward,BZT
193,0.0,0.0,0.0,0.0,0.0,0,0,0.0,0.0,0,1.0,1.0,0.0,0,0,1,0,0.0,0.0,0.0,1,1.0,0,0.0,0.0,0.0,0,0.0,0.0,0.0,0.0,0.0,0.0,0.0,0.0,0,0.0,1,0.0,1,0.0,0,0.0,0.0,0.0,1,0,1,0.0,0,0,0.0,0.0,0.0,0.0,0.0,0.0,0,0.0,0,0.0,0,0,0.0,0.0,1.0,1.0,0.0,inward,BZT
194,0.0,0.0,0.0,0.0,0.0,0,0,0.0,0.0,0,0.0,0.0,0.0,0,0,1,1,0.0,0.0,0.0,1,0.0,0,0.0,0.0,0.0,0,0.0,0.0,0.0,0.0,0.0,0.0,0.0,0.0,0,0.0,0,0.0,0,0.0,0,1.0,0.0,0.0,1,0,1,0.0,0,1,0.0,0.0,0.0,0.0,0.0,1.0,1,0.0,1,0.0,0,0,0.0,0.0,1.0,0.0,0.0,inward,BZT
195,0.0,0.0,0.0,0.0,0.0,0,0,0.0,0.0,0,1.0,0.0,0.0,0,0,1,1,0.0,0.0,0.0,1,1.0,0,1.0,0.0,0.0,0,0.0,0.0,0.0,0.0,0.0,0.0,0.0,0.0,0,0.0,1,0.0,1,0.0,1,0.0,0.0,0.0,1,0,1,0.0,0,1,0.0,0.0,0.0,0.0,0.0,1.0,1,0.0,1,0.0,0,0,0.0,0.0,1.0,0.0,0.0,inward,BZT
196,0.0,0.0,0.0,0.0,0.0,0,0,0.0,0.0,0,1.0,1.0,0.0,0,0,1,1,0.0,0.0,0.0,0,1.0,0,0.0,0.0,0.0,0,0.0,0.0,0.0,0.0,0.0,0.0,0.0,0.0,0,0.0,1,0.0,1,0.0,0,0.0,0.0,0.0,1,0,0,0.0,0,1,0.0,0.0,0.0,0.0,0.0,1.0,0,0.0,1,0.0,0,0,0.0,0.0,1.0,1.0,0.0,inward,BZT
197,0.0,0.0,0.0,0.0,0.0,0,0,0.0,0.0,0,1.0,0.0,0.0,0,0,1,1,0.0,0.0,0.0,1,1.0,0,1.0,0.0,0.0,0,0.0,0.0,1.0,0.0,0.0,0.0,0.0,0.0,0,0.0,1,0.0,1,0.0,0,0.0,0.0,0.0,1,0,1,0.0,0,1,0.0,0.0,0.0,0.0,0.0,0.0,1,0.0,1,0.0,0,0,0.0,0.0,1.0,0.0,0.0,inward,BZT
198,0.0,0.0,0.0,0.0,0.0,0,0,0.0,0.0,0,1.0,0.0,0.0,0,0,1,1,0.0,0.0,0.0,0,1.0,0,1.0,0.0,0.0,0,0.0,0.0,0.0,0.0,0.0,0.0,0.0,0.0,0,0.0,1,0.0,1,0.0,0,0.0,0.0,0.0,1,0,0,0.0,0,0,0.0,0.0,0.0,0.0,0.0,0.0,0,0.0,1,0.0,0,0,0.0,0.0,1.0,1.0,1.0,inward,BZT
199,0.0,0.0,0.0,0.0,0.0,0,0,0.0,0.0,0,0.0,0.0,0.0,0,0,1,1,0.0,0.0,0.0,0,1.0,0,0.0,0.0,0.0,0,0.0,0.0,0.0,0.0,0.0,0.0,0.0,0.0,0,0.0,1,0.0,0,0.0,0,0.0,0.0,0.0,1,0,1,0.0,0,1,0.0,0.0,0.0,0.0,0.0,0.0,0,0.0,1,0.0,0,0,0.0,0.0,1.0,1.0,1.0,inward,BZT
200,0.0,0.0,0.0,0.0,0.0,0,0,0.0,0.0,0,0.0,0.0,0.0,0,0,1,1,0.0,0.0,0.0,0,0.0,0,1.0,0.0,0.0,0,0.0,0.0,0.0,0.0,0.0,0.0,0.0,0.0,0,0.0,1,0.0,1,0.0,0,1.0,0.0,0.0,1,0,0,0.0,0,1,0.0,0.0,0.0,0.0,0.0,1.0,0,0.0,1,0.0,0,0,0.0,0.0,1.0,1.0,0.0,inward,BZT
201,0.0,0.0,0.0,0.0,0.0,0,0,0.0,0.0,0,1.0,0.0,0.0,0,0,1,1,0.0,0.0,0.0,0,0.0,0,1.0,0.0,0.0,0,0.0,0.0,0.0,0.0,0.0,0.0,0.0,0.0,0,0.0,1,0.0,1,0.0,0,1.0,0.0,0.0,1,0,0,0.0,0,1,0.0,0.0,0.0,0.0,0.0,1.0,0,0.0,1,0.0,0,0,0.0,0.0,1.0,0.0,0.0,inward,BZT
202,0.0,0.0,0.0,0.0,0.0,0,0,0.0,0.0,0,1.0,1.0,0.0,0,0,1,0,0.0,0.0,0.0,0,1.0,0,0.0,0.0,0.0,0,0.0,0.0,1.0,0.0,0.0,0.0,0.0,0.0,0,0.0,1,0.0,1,0.0,0,0.0,0.0,0.0,1,0,1,0.0,0,1,0.0,0.0,0.0,0.0,0.0,1.0,1,0.0,1,0.0,0,0,0.0,0.0,1.0,0.0,0.0,inward,BZT
203,0.0,0.0,0.0,0.0,0.0,0,0,0.0,0.0,0,1.0,0.0,0.0,0,0,1,1,0.0,0.0,0.0,0,0.0,0,0.0,0.0,0.0,0,0.0,0.0,0.0,0.0,0.0,0.0,0.0,0.0,0,0.0,0,0.0,1,0.0,0,0.0,0.0,0.0,1,0,1,0.0,0,1,0.0,0.0,0.0,0.0,0.0,1.0,1,0.0,1,0.0,0,0,0.0,0.0,1.0,0.0,0.0,inward,BZT
204,0.0,0.0,0.0,0.0,0.0,0,0,0.0,0.0,0,1.0,1.0,0.0,0,0,1,1,0.0,0.0,0.0,0,1.0,0,0.0,0.0,0.0,0,0.0,0.0,1.0,0.0,0.0,0.0,0.0,0.0,0,0.0,0,0.0,1,0.0,1,0.0,0.0,0.0,1,0,1,0.0,0,1,0.0,0.0,0.0,0.0,0.0,1.0,0,0.0,1,0.0,0,0,0.0,0.0,1.0,0.0,1.0,inward,BZT
205,0.0,0.0,0.0,0.0,0.0,0,0,0.0,0.0,0,1.0,1.0,0.0,0,0,1,1,0.0,0.0,0.0,0,1.0,0,0.0,0.0,0.0,0,0.0,0.0,1.0,0.0,0.0,0.0,0.0,0.0,0,0.0,1,0.0,1,0.0,0,0.0,0.0,0.0,1,1,1,0.0,0,1,0.0,0.0,0.0,0.0,0.0,1.0,0,0.0,1,0.0,0,0,0.0,0.0,1.0,1.0,1.0,inward,BZT
206,0.0,0.0,0.0,0.0,0.0,0,0,0.0,0.0,0,0.0,0.0,0.0,0,0,1,0,0.0,0.0,0.0,0,1.0,0,0.0,0.0,0.0,0,0.0,0.0,1.0,0.0,0.0,0.0,0.0,0.0,0,0.0,1,0.0,1,0.0,0,0.0,0.0,0.0,1,0,1,0.0,0,1,0.0,0.0,0.0,0.0,0.0,0.0,1,0.0,1,0.0,0,0,0.0,0.0,1.0,0.0,0.0,inward,BZT
207,0.0,0.0,0.0,0.0,0.0,0,0,0.0,0.0,0,0.0,0.0,0.0,0,0,1,1,0.0,0.0,0.0,0,1.0,0,0.0,0.0,0.0,0,0.0,0.0,0.0,0.0,0.0,0.0,0.0,0.0,0,0.0,0,0.0,1,0.0,0,0.0,0.0,0.0,1,0,0,0.0,0,1,0.0,0.0,0.0,0.0,0.0,1.0,0,0.0,1,0.0,0,0,0.0,0.0,1.0,1.0,0.0,inward,BZT
208,0.0,0.0,0.0,0.0,0.0,0,0,0.0,0.0,0,0.0,0.0,0.0,0,0,1,1,0.0,0.0,0.0,1,0.0,0,0.0,0.0,0.0,0,0.0,0.0,1.0,0.0,0.0,0.0,0.0,0.0,0,0.0,0,0.0,1,0.0,0,0.0,0.0,0.0,1,0,1,0.0,0,0,0.0,0.0,0.0,0.0,0.0,1.0,0,0.0,1,0.0,0,0,0.0,0.0,1.0,1.0,1.0,inward,BZT
209,0.0,0.0,0.0,0.0,0.0,0,0,0.0,0.0,0,1.0,0.0,0.0,0,0,1,1,0.0,0.0,0.0,0,1.0,0,0.0,0.0,0.0,0,0.0,0.0,0.0,0.0,0.0,0.0,0.0,0.0,0,0.0,1,0.0,1,0.0,0,0.0,0.0,0.0,1,0,1,0.0,0,1,0.0,0.0,0.0,0.0,0.0,0.0,1,0.0,1,0.0,0,0,0.0,0.0,1.0,0.0,1.0,inward,BZT
210,0.0,0.0,0.0,0.0,0.0,0,0,0.0,0.0,0,1.0,0.0,0.0,0,0,1,1,0.0,0.0,0.0,0,0.0,0,1.0,0.0,0.0,0,0.0,0.0,1.0,0.0,0.0,0.0,0.0,0.0,0,0.0,1,0.0,1,0.0,0,0.0,0.0,0.0,1,0,1,0.0,0,1,0.0,0.0,0.0,0.0,0.0,1.0,1,0.0,1,0.0,0,0,0.0,0.0,1.0,0.0,1.0,inward,BZT
211,0.0,0.0,0.0,0.0,0.0,0,0,0.0,0.0,0,1.0,1.0,0.0,0,0,1,1,0.0,0.0,0.0,0,1.0,0,1.0,0.0,0.0,0,0.0,0.0,1.0,0.0,0.0,0.0,0.0,0.0,0,0.0,0,0.0,1,0.0,0,0.0,0.0,0.0,1,0,1,0.0,0,1,0.0,0.0,0.0,0.0,0.0,0.0,1,0.0,1,0.0,0,0,0.0,0.0,1.0,0.0,1.0,inward,BZT
212,0.0,0.0,0.0,0.0,0.0,0,0,0.0,0.0,0,0.0,0.0,0.0,0,0,1,0,0.0,0.0,0.0,0,1.0,0,1.0,0.0,0.0,0,0.0,0.0,0.0,0.0,0.0,0.0,0.0,0.0,0,0.0,1,0.0,1,0.0,0,0.0,0.0,0.0,1,0,1,0.0,0,1,0.0,0.0,0.0,0.0,0.0,1.0,1,0.0,1,0.0,0,0,0.0,0.0,1.0,1.0,0.0,inward,BZT
213,0.0,0.0,0.0,0.0,0.0,0,0,0.0,0.0,0,0.0,0.0,0.0,0,0,1,1,0.0,0.0,0.0,1,0.0,0,0.0,0.0,0.0,0,0.0,0.0,0.0,0.0,0.0,0.0,0.0,0.0,0,0.0,0,0.0,1,0.0,0,0.0,0.0,0.0,1,0,0,0.0,0,1,0.0,0.0,0.0,0.0,0.0,1.0,1,0.0,1,0.0,0,0,0.0,0.0,1.0,0.0,0.0,inward,BZT
214,0.0,0.0,0.0,0.0,0.0,0,0,0.0,0.0,0,1.0,0.0,0.0,0,0,1,1,0.0,0.0,0.0,0,0.0,0,1.0,0.0,0.0,0,0.0,0.0,0.0,0.0,0.0,0.0,0.0,0.0,0,0.0,1,0.0,1,0.0,0,0.0,0.0,0.0,1,0,1,0.0,0,1,0.0,0.0,0.0,0.0,0.0,1.0,1,0.0,1,0.0,0,0,0.0,0.0,1.0,1.0,0.0,inward,BZT
215,0.0,0.0,0.0,0.0,0.0,0,0,0.0,0.0,0,0.0,0.0,0.0,0,0,1,1,0.0,0.0,0.0,0,0.0,0,0.0,0.0,0.0,0,0.0,0.0,0.0,0.0,0.0,0.0,0.0,0.0,0,0.0,0,0.0,1,0.0,0,0.0,0.0,0.0,1,0,1,0.0,0,1,0.0,0.0,0.0,0.0,0.0,0.0,1,0.0,1,0.0,0,0,0.0,0.0,1.0,0.0,0.0,inward,BZT
216,0.0,0.0,0.0,0.0,0.0,0,0,0.0,0.0,0,0.0,0.0,0.0,0,0,1,1,0.0,0.0,0.0,0,1.0,0,0.0,0.0,0.0,0,0.0,0.0,0.0,0.0,0.0,0.0,0.0,0.0,0,0.0,0,0.0,1,0.0,0,0.0,0.0,0.0,1,0,1,0.0,0,1,0.0,0.0,0.0,0.0,0.0,1.0,1,0.0,1,0.0,0,0,0.0,0.0,1.0,0.0,0.0,inward,BZT
217,0.0,0.0,0.0,0.0,0.0,0,0,0.0,0.0,0,1.0,0.0,0.0,0,0,1,0,0.0,0.0,0.0,0,1.0,0,1.0,0.0,0.0,0,0.0,0.0,0.0,0.0,0.0,0.0,0.0,0.0,0,0.0,1,0.0,1,0.0,0,0.0,0.0,0.0,1,0,1,0.0,0,1,0.0,0.0,0.0,0.0,0.0,1.0,0,0.0,1,0.0,0,0,0.0,0.0,1.0,1.0,0.0,inward,BZT
218,0.0,0.0,0.0,0.0,0.0,0,0,0.0,0.0,0,1.0,0.0,0.0,0,0,1,1,0.0,0.0,0.0,0,1.0,0,1.0,0.0,0.0,0,0.0,0.0,0.0,0.0,0.0,0.0,0.0,0.0,0,0.0,0,0.0,1,0.0,0,1.0,0.0,0.0,1,0,1,0.0,0,1,0.0,0.0,0.0,0.0,0.0,0.0,0,0.0,1,0.0,0,0,0.0,0.0,1.0,1.0,0.0,inward,BZT
219,0.0,0.0,0.0,0.0,0.0,0,0,0.0,0.0,0,0.0,0.0,0.0,0,0,1,0,0.0,0.0,0.0,0,0.0,0,1.0,0.0,0.0,0,0.0,0.0,0.0,0.0,0.0,0.0,0.0,0.0,0,0.0,0,0.0,1,0.0,0,0.0,0.0,0.0,1,0,1,0.0,0,1,0.0,0.0,0.0,0.0,0.0,0.0,0,0.0,1,0.0,0,0,0.0,0.0,1.0,1.0,0.0,inward,BZT
220,0.0,0.0,0.0,0.0,0.0,0,0,0.0,0.0,0,1.0,1.0,0.0,0,0,1,0,0.0,0.0,0.0,0,1.0,0,0.0,0.0,0.0,0,0.0,0.0,0.0,0.0,0.0,0.0,0.0,0.0,0,0.0,1,0.0,1,0.0,0,0.0,0.0,0.0,1,0,1,0.0,0,1,0.0,0.0,0.0,0.0,0.0,0.0,1,0.0,1,0.0,0,0,0.0,0.0,1.0,0.0,0.0,inward,BZT
221,0.0,0.0,0.0,0.0,0.0,0,0,0.0,0.0,0,0.0,0.0,0.0,0,0,1,1,0.0,0.0,0.0,0,0.0,0,1.0,0.0,0.0,0,0.0,0.0,0.0,0.0,0.0,0.0,0.0,0.0,0,0.0,1,0.0,1,0.0,0,0.0,0.0,0.0,1,1,1,0.0,0,1,0.0,0.0,0.0,0.0,0.0,1.0,0,0.0,1,0.0,0,0,0.0,0.0,1.0,1.0,0.0,inward,BZT
222,0.0,0.0,0.0,0.0,0.0,0,0,0.0,0.0,0,1.0,0.0,0.0,0,0,1,0,0.0,0.0,0.0,1,1.0,0,1.0,0.0,0.0,0,0.0,0.0,0.0,0.0,0.0,0.0,0.0,0.0,0,0.0,0,0.0,1,0.0,0,0.0,0.0,0.0,1,0,1,0.0,0,1,0.0,0.0,0.0,0.0,0.0,1.0,1,0.0,1,0.0,0,0,0.0,0.0,1.0,0.0,0.0,inward,BZT
223,0.0,0.0,0.0,0.0,0.0,0,0,0.0,0.0,0,0.0,0.0,0.0,1,0,1,1,0.0,0.0,0.0,1,1.0,0,0.0,0.0,0.0,0,0.0,0.0,0.0,0.0,0.0,0.0,0.0,0.0,0,0.0,1,0.0,1,0.0,0,0.0,0.0,0.0,1,1,1,0.0,0,1,0.0,0.0,0.0,0.0,0.0,1.0,0,0.0,1,0.0,0,0,0.0,0.0,1.0,1.0,1.0,inward,BZT
224,0.0,0.0,0.0,0.0,0.0,0,0,0.0,0.0,0,1.0,1.0,0.0,0,0,1,1,0.0,0.0,0.0,1,1.0,0,0.0,0.0,0.0,0,0.0,0.0,1.0,0.0,0.0,0.0,0.0,0.0,0,0.0,1,0.0,1,0.0,0,0.0,0.0,0.0,1,0,1,0.0,0,1,0.0,0.0,0.0,0.0,0.0,1.0,0,0.0,1,0.0,0,0,0.0,0.0,1.0,1.0,1.0,inward,BZT
225,0.0,0.0,0.0,0.0,0.0,0,0,0.0,0.0,0,1.0,1.0,0.0,1,0,1,1,0.0,0.0,0.0,0,1.0,0,1.0,0.0,0.0,0,0.0,0.0,1.0,0.0,0.0,0.0,0.0,0.0,0,0.0,1,0.0,1,0.0,0,0.0,0.0,0.0,1,0,1,0.0,0,1,0.0,0.0,0.0,0.0,0.0,1.0,1,0.0,1,0.0,0,0,0.0,0.0,1.0,0.0,1.0,inward,BZT
226,0.0,0.0,0.0,0.0,0.0,0,0,0.0,0.0,0,1.0,1.0,0.0,0,0,1,1,0.0,0.0,0.0,1,0.0,0,1.0,0.0,0.0,0,0.0,0.0,0.0,0.0,0.0,0.0,0.0,0.0,0,0.0,1,0.0,1,0.0,0,1.0,0.0,0.0,1,0,1,0.0,0,1,0.0,0.0,0.0,0.0,0.0,1.0,1,0.0,1,0.0,0,0,0.0,0.0,1.0,1.0,1.0,inward,BZT
227,0.0,0.0,0.0,0.0,0.0,0,1,0.0,0.0,0,0.0,0.0,0.0,1,0,1,1,0.0,0.0,0.0,0,0.0,0,0.0,0.0,0.0,0,1.0,0.0,0.0,0.0,0.0,0.0,0.0,0.0,0,0.0,1,1.0,1,0.0,1,0.0,0.0,0.0,1,1,1,0.0,0,1,0.0,0.0,0.0,0.0,0.0,1.0,1,0.0,1,0.0,0,0,0.0,0.0,1.0,1.0,0.0,inward,BZT
228,0.0,0.0,0.0,0.0,0.0,0,0,0.0,0.0,0,0.0,0.0,0.0,1,0,1,1,0.0,0.0,0.0,0,0.0,0,0.0,0.0,0.0,1,0.0,0.0,0.0,0.0,0.0,0.0,0.0,0.0,0,0.0,1,0.0,1,0.0,0,0.0,0.0,0.0,1,1,1,0.0,0,1,0.0,0.0,0.0,0.0,0.0,1.0,1,0.0,1,0.0,0,0,0.0,0.0,1.0,1.0,0.0,inward,BZT
229,0.0,0.0,0.0,0.0,0.0,0,0,0.0,0.0,0,0.0,0.0,0.0,0,0,1,1,0.0,0.0,0.0,1,0.0,0,0.0,0.0,0.0,0,1.0,0.0,0.0,0.0,0.0,0.0,0.0,0.0,0,0.0,1,0.0,1,0.0,0,0.0,0.0,0.0,1,0,0,0.0,0,1,0.0,0.0,0.0,0.0,0.0,1.0,1,0.0,1,0.0,0,0,0.0,0.0,1.0,0.0,0.0,inward,BZT
230,0.0,0.0,0.0,0.0,0.0,0,0,0.0,0.0,0,0.0,0.0,0.0,1,0,1,0,0.0,0.0,0.0,0,1.0,0,1.0,0.0,0.0,1,1.0,0.0,0.0,0.0,0.0,0.0,0.0,0.0,0,0.0,1,0.0,1,0.0,0,0.0,0.0,0.0,1,0,1,0.0,0,0,0.0,0.0,0.0,0.0,0.0,1.0,1,0.0,1,0.0,1,1,0.0,0.0,1.0,0.0,0.0,inward,BZT
231,0.0,0.0,0.0,0.0,0.0,0,1,0.0,0.0,0,0.0,0.0,0.0,1,0,1,1,0.0,0.0,0.0,0,0.0,0,0.0,0.0,0.0,0,1.0,0.0,0.0,0.0,0.0,0.0,0.0,0.0,0,0.0,1,0.0,1,0.0,0,0.0,0.0,0.0,1,0,1,0.0,0,1,0.0,0.0,0.0,0.0,0.0,1.0,1,0.0,1,0.0,1,0,0.0,0.0,1.0,1.0,0.0,inward,BZT
232,0.0,0.0,0.0,0.0,0.0,0,0,0.0,0.0,0,0.0,0.0,0.0,1,0,1,1,0.0,0.0,0.0,0,1.0,0,0.0,0.0,0.0,0,1.0,0.0,0.0,0.0,0.0,0.0,0.0,0.0,0,0.0,1,0.0,1,0.0,0,0.0,0.0,0.0,1,0,1,0.0,0,0,0.0,0.0,0.0,0.0,0.0,1.0,1,0.0,1,0.0,1,0,0.0,0.0,1.0,1.0,0.0,inward,BZT
233,0.0,0.0,0.0,0.0,0.0,0,0,0.0,0.0,0,0.0,0.0,0.0,1,0,1,1,0.0,0.0,0.0,0,0.0,0,0.0,0.0,0.0,1,0.0,0.0,0.0,0.0,0.0,0.0,0.0,0.0,0,0.0,1,0.0,1,0.0,0,0.0,0.0,0.0,1,0,0,0.0,0,0,0.0,0.0,0.0,0.0,0.0,1.0,1,0.0,1,0.0,0,0,0.0,0.0,1.0,1.0,0.0,inward,BZT
234,0.0,0.0,0.0,0.0,0.0,0,1,0.0,0.0,0,0.0,0.0,0.0,0,0,1,0,0.0,0.0,0.0,1,1.0,0,0.0,0.0,0.0,0,1.0,0.0,0.0,0.0,0.0,0.0,0.0,0.0,0,0.0,1,0.0,1,0.0,0,0.0,0.0,0.0,1,1,1,0.0,0,0,0.0,0.0,0.0,0.0,0.0,1.0,1,0.0,1,0.0,0,1,0.0,0.0,1.0,0.0,0.0,inward,BZT
235,0.0,0.0,0.0,0.0,0.0,0,0,0.0,0.0,0,0.0,0.0,0.0,0,0,1,1,0.0,0.0,0.0,0,0.0,0,0.0,0.0,0.0,1,1.0,0.0,0.0,0.0,0.0,0.0,0.0,0.0,0,0.0,0,0.0,1,0.0,0,0.0,0.0,0.0,1,0,1,0.0,0,0,0.0,0.0,0.0,0.0,0.0,1.0,0,0.0,1,0.0,0,1,0.0,0.0,1.0,1.0,0.0,inward,BZT
236,0.0,0.0,0.0,0.0,0.0,0,1,0.0,0.0,0,0.0,0.0,0.0,1,0,1,1,0.0,0.0,0.0,1,1.0,0,0.0,0.0,0.0,0,1.0,0.0,0.0,0.0,0.0,0.0,0.0,0.0,0,0.0,1,0.0,1,0.0,1,0.0,0.0,0.0,1,0,1,0.0,0,0,0.0,0.0,0.0,0.0,0.0,0.0,1,0.0,1,0.0,0,0,0.0,0.0,1.0,1.0,0.0,inward,BZT
237,0.0,0.0,0.0,0.0,0.0,0,1,0.0,0.0,0,0.0,0.0,0.0,1,0,1,1,0.0,0.0,0.0,0,1.0,0,0.0,0.0,0.0,1,1.0,0.0,0.0,1.0,0.0,0.0,0.0,0.0,0,0.0,1,0.0,1,0.0,0,0.0,0.0,0.0,1,0,1,0.0,0,0,0.0,0.0,0.0,0.0,0.0,0.0,1,0.0,1,0.0,0,0,0.0,0.0,1.0,1.0,0.0,inward,BZT
238,0.0,0.0,0.0,0.0,0.0,0,0,0.0,0.0,0,0.0,0.0,0.0,0,0,1,1,0.0,0.0,0.0,1,1.0,0,0.0,0.0,0.0,0,1.0,0.0,0.0,0.0,0.0,0.0,0.0,0.0,0,0.0,1,0.0,1,0.0,0,0.0,0.0,0.0,1,0,1,0.0,0,0,0.0,0.0,0.0,0.0,0.0,1.0,0,0.0,1,0.0,0,1,0.0,0.0,1.0,1.0,0.0,inward,BZT
239,0.0,0.0,0.0,0.0,0.0,0,0,0.0,0.0,0,0.0,0.0,0.0,0,0,1,1,0.0,0.0,0.0,1,1.0,0,0.0,0.0,0.0,1,1.0,0.0,0.0,0.0,0.0,0.0,0.0,0.0,0,0.0,1,0.0,1,0.0,0,0.0,0.0,0.0,1,0,0,0.0,0,0,0.0,0.0,0.0,0.0,0.0,1.0,1,0.0,1,0.0,0,0,0.0,0.0,1.0,1.0,0.0,inward,BZT
240,0.0,0.0,0.0,0.0,0.0,0,1,0.0,0.0,0,0.0,0.0,0.0,1,1,1,1,0.0,0.0,0.0,0,1.0,0,0.0,0.0,0.0,1,1.0,0.0,0.0,0.0,0.0,0.0,0.0,0.0,0,0.0,1,0.0,1,0.0,1,0.0,0.0,0.0,1,0,1,0.0,0,0,0.0,0.0,0.0,0.0,0.0,0.0,1,0.0,1,0.0,0,0,0.0,0.0,1.0,0.0,0.0,inward,BZT
241,0.0,0.0,0.0,0.0,0.0,0,0,0.0,0.0,0,0.0,0.0,0.0,1,1,1,1,0.0,0.0,0.0,1,0.0,0,0.0,0.0,0.0,0,1.0,0.0,0.0,0.0,0.0,0.0,0.0,0.0,0,0.0,1,0.0,1,0.0,1,0.0,0.0,0.0,1,0,1,0.0,0,0,0.0,0.0,0.0,0.0,0.0,0.0,1,0.0,0,0.0,1,0,0.0,0.0,1.0,0.0,0.0,inward,BZT
242,0.0,0.0,0.0,0.0,0.0,0,0,0.0,0.0,0,0.0,0.0,0.0,1,1,1,1,0.0,0.0,0.0,0,1.0,0,0.0,0.0,0.0,0,1.0,0.0,0.0,0.0,0.0,0.0,0.0,0.0,0,0.0,1,0.0,1,0.0,0,0.0,0.0,0.0,1,1,1,0.0,0,1,0.0,0.0,0.0,0.0,0.0,1.0,1,0.0,1,0.0,1,0,0.0,0.0,1.0,1.0,0.0,inward,BZT
243,0.0,0.0,0.0,0.0,0.0,0,0,0.0,0.0,0,0.0,0.0,0.0,1,0,1,1,0.0,0.0,0.0,0,1.0,0,0.0,0.0,0.0,0,1.0,0.0,0.0,0.0,0.0,0.0,0.0,0.0,0,0.0,1,0.0,1,0.0,0,0.0,0.0,0.0,1,0,0,0.0,0,0,1.0,0.0,0.0,0.0,0.0,1.0,1,0.0,1,0.0,1,0,0.0,0.0,1.0,1.0,0.0,inward,BZT
244,0.0,0.0,0.0,0.0,0.0,0,1,0.0,0.0,0,0.0,0.0,0.0,1,0,1,1,0.0,0.0,0.0,0,1.0,0,0.0,0.0,0.0,0,1.0,1.0,0.0,0.0,0.0,0.0,0.0,0.0,0,0.0,1,0.0,1,0.0,0,0.0,0.0,0.0,1,0,1,0.0,0,1,0.0,0.0,0.0,0.0,0.0,0.0,1,0.0,1,0.0,0,0,0.0,0.0,1.0,1.0,0.0,inward,BZT
245,0.0,0.0,0.0,0.0,0.0,0,0,0.0,0.0,0,0.0,0.0,0.0,1,0,1,0,0.0,0.0,0.0,0,1.0,0,0.0,0.0,0.0,0,1.0,0.0,0.0,0.0,0.0,0.0,0.0,0.0,0,0.0,1,0.0,1,0.0,0,0.0,0.0,0.0,1,0,1,0.0,0,0,0.0,0.0,0.0,0.0,0.0,1.0,1,0.0,1,0.0,0,1,0.0,0.0,1.0,1.0,0.0,inward,BZT
246,0.0,0.0,0.0,0.0,0.0,0,1,0.0,0.0,0,0.0,0.0,0.0,1,0,1,1,0.0,0.0,0.0,1,1.0,0,0.0,0.0,0.0,0,1.0,0.0,0.0,0.0,0.0,0.0,0.0,0.0,0,0.0,1,0.0,1,0.0,1,0.0,0.0,0.0,1,0,0,0.0,0,1,0.0,0.0,0.0,0.0,0.0,0.0,1,0.0,1,0.0,1,0,0.0,0.0,1.0,1.0,0.0,inward,BZT
247,0.0,0.0,0.0,0.0,0.0,0,0,0.0,0.0,0,0.0,0.0,0.0,1,0,1,0,0.0,0.0,0.0,1,0.0,0,0.0,0.0,0.0,1,1.0,0.0,0.0,1.0,0.0,0.0,0.0,0.0,0,0.0,1,0.0,1,0.0,1,0.0,0.0,0.0,1,1,1,0.0,0,1,0.0,0.0,0.0,0.0,0.0,0.0,1,0.0,1,0.0,1,0,0.0,0.0,1.0,0.0,0.0,inward,BZT
248,0.0,0.0,0.0,0.0,0.0,0,0,0.0,0.0,0,0.0,0.0,0.0,1,0,1,1,0.0,0.0,0.0,0,1.0,0,0.0,0.0,0.0,1,1.0,1.0,0.0,1.0,0.0,1.0,0.0,0.0,0,0.0,0,0.0,1,0.0,0,0.0,0.0,0.0,1,0,1,0.0,0,1,0.0,0.0,0.0,0.0,0.0,0.0,1,0.0,1,0.0,1,1,0.0,0.0,1.0,1.0,0.0,inward,BZT
249,0.0,0.0,0.0,0.0,0.0,0,1,0.0,0.0,0,0.0,0.0,0.0,1,1,1,1,0.0,0.0,0.0,0,0.0,0,0.0,0.0,1.0,0,1.0,0.0,0.0,0.0,0.0,0.0,0.0,0.0,0,0.0,1,0.0,1,0.0,1,0.0,0.0,0.0,1,0,1,0.0,0,0,0.0,0.0,0.0,0.0,0.0,0.0,1,0.0,0,0.0,1,0,1.0,0.0,1.0,1.0,0.0,inward,BZT
250,0.0,0.0,0.0,0.0,0.0,0,1,0.0,0.0,0,0.0,0.0,0.0,1,1,1,1,0.0,0.0,0.0,0,0.0,0,0.0,0.0,0.0,1,0.0,0.0,0.0,1.0,0.0,0.0,0.0,0.0,0,0.0,1,0.0,1,0.0,0,0.0,0.0,0.0,1,0,1,0.0,0,0,0.0,0.0,0.0,0.0,0.0,0.0,1,0.0,0,0.0,1,0,1.0,0.0,1.0,1.0,0.0,inward,BZT
251,0.0,0.0,0.0,0.0,0.0,0,0,0.0,0.0,0,0.0,0.0,0.0,1,1,1,1,0.0,0.0,0.0,0,0.0,0,0.0,0.0,0.0,0,1.0,1.0,0.0,0.0,0.0,0.0,0.0,0.0,0,0.0,1,0.0,1,0.0,0,0.0,0.0,0.0,1,0,1,0.0,0,0,0.0,0.0,0.0,0.0,0.0,0.0,1,0.0,0,0.0,0,0,0.0,0.0,1.0,1.0,0.0,inward,BZT
252,0.0,0.0,0.0,0.0,0.0,0,0,0.0,0.0,0,0.0,0.0,0.0,1,0,1,1,0.0,0.0,0.0,0,1.0,0,0.0,0.0,0.0,1,1.0,0.0,0.0,1.0,0.0,0.0,0.0,0.0,0,0.0,1,0.0,1,0.0,0,0.0,0.0,0.0,1,1,1,0.0,0,0,0.0,0.0,0.0,0.0,0.0,1.0,1,0.0,1,0.0,0,1,0.0,0.0,1.0,1.0,0.0,inward,BZT
253,0.0,0.0,0.0,0.0,0.0,0,1,0.0,0.0,0,0.0,0.0,0.0,1,0,1,0,0.0,0.0,0.0,0,1.0,0,0.0,0.0,0.0,0,1.0,1.0,0.0,1.0,0.0,0.0,0.0,0.0,0,0.0,0,0.0,1,0.0,0,0.0,0.0,0.0,1,1,1,0.0,0,1,0.0,0.0,0.0,0.0,0.0,0.0,1,0.0,1,0.0,0,0,0.0,0.0,1.0,1.0,0.0,inward,BZT
254,0.0,0.0,0.0,0.0,0.0,0,0,0.0,0.0,0,0.0,0.0,0.0,1,0,1,1,0.0,0.0,0.0,0,1.0,0,0.0,0.0,0.0,1,1.0,0.0,0.0,1.0,0.0,0.0,0.0,0.0,0,0.0,1,0.0,1,0.0,0,0.0,0.0,0.0,1,1,1,0.0,0,1,0.0,0.0,0.0,0.0,0.0,0.0,1,0.0,1,0.0,1,1,0.0,0.0,1.0,0.0,0.0,inward,BZT
255,0.0,0.0,0.0,0.0,0.0,0,0,0.0,0.0,0,0.0,0.0,0.0,0,0,1,1,0.0,0.0,0.0,1,0.0,0,0.0,0.0,0.0,1,1.0,0.0,0.0,0.0,0.0,0.0,0.0,0.0,0,0.0,1,0.0,1,0.0,0,0.0,0.0,0.0,1,1,1,0.0,0,1,0.0,0.0,0.0,0.0,0.0,1.0,1,0.0,1,0.0,0,0,1.0,0.0,1.0,1.0,0.0,inward,BZT
256,0.0,0.0,0.0,0.0,0.0,0,0,0.0,0.0,0,0.0,0.0,0.0,1,1,1,1,0.0,0.0,0.0,0,1.0,0,0.0,0.0,0.0,1,1.0,1.0,0.0,1.0,0.0,1.0,0.0,0.0,0,0.0,1,0.0,1,0.0,0,0.0,0.0,0.0,1,1,1,0.0,0,1,0.0,0.0,0.0,0.0,0.0,0.0,1,0.0,0,0.0,0,0,1.0,0.0,1.0,1.0,0.0,inward,BZT
257,0.0,0.0,0.0,0.0,0.0,0,0,0.0,0.0,0,0.0,0.0,0.0,1,1,1,1,0.0,0.0,0.0,0,0.0,0,1.0,0.0,0.0,1,1.0,1.0,0.0,1.0,0.0,0.0,0.0,0.0,0,0.0,1,0.0,1,0.0,0,0.0,0.0,0.0,1,1,1,0.0,0,0,0.0,0.0,0.0,0.0,0.0,0.0,1,0.0,0,0.0,0,0,1.0,0.0,1.0,1.0,0.0,inward,BZT
258,0.0,0.0,0.0,0.0,0.0,0,0,0.0,0.0,0,0.0,0.0,0.0,1,1,1,1,0.0,0.0,0.0,0,0.0,0,0.0,0.0,1.0,1,1.0,0.0,0.0,1.0,0.0,0.0,0.0,0.0,0,0.0,1,0.0,1,0.0,0,0.0,0.0,0.0,1,0,1,0.0,0,0,0.0,0.0,0.0,0.0,0.0,0.0,1,0.0,1,0.0,1,0,0.0,0.0,1.0,0.0,0.0,inward,BZT
259,0.0,0.0,0.0,0.0,0.0,0,0,0.0,0.0,0,0.0,0.0,0.0,1,1,1,1,0.0,0.0,0.0,0,0.0,0,0.0,0.0,0.0,1,1.0,0.0,0.0,1.0,0.0,0.0,0.0,0.0,0,0.0,1,0.0,0,0.0,0,0.0,0.0,0.0,1,0,0,0.0,0,0,0.0,0.0,0.0,0.0,0.0,0.0,0,0.0,0,0.0,0,0,1.0,0.0,1.0,1.0,0.0,inward,BZT
260,0.0,0.0,0.0,0.0,0.0,0,1,0.0,0.0,0,0.0,0.0,0.0,1,0,1,0,0.0,0.0,0.0,1,0.0,0,0.0,0.0,0.0,0,1.0,1.0,0.0,0.0,0.0,0.0,0.0,0.0,0,0.0,1,0.0,1,0.0,1,1.0,0.0,0.0,1,1,0,0.0,0,1,0.0,0.0,0.0,0.0,0.0,1.0,1,0.0,1,0.0,0,0,0.0,0.0,1.0,1.0,0.0,inward,BZT
261,0.0,0.0,0.0,0.0,0.0,0,1,0.0,0.0,0,0.0,0.0,0.0,1,0,1,1,0.0,0.0,0.0,0,0.0,0,0.0,0.0,0.0,1,1.0,0.0,0.0,0.0,0.0,0.0,0.0,0.0,0,0.0,1,0.0,1,0.0,0,1.0,0.0,0.0,1,0,1,0.0,0,1,0.0,0.0,0.0,0.0,0.0,0.0,1,0.0,1,0.0,0,1,1.0,0.0,1.0,1.0,0.0,inward,BZT
262,0.0,0.0,0.0,0.0,0.0,0,1,0.0,0.0,0,0.0,0.0,0.0,1,1,1,1,0.0,0.0,0.0,0,0.0,0,1.0,0.0,1.0,1,1.0,0.0,0.0,1.0,0.0,0.0,0.0,0.0,0,0.0,1,0.0,1,0.0,0,1.0,0.0,0.0,1,0,1,0.0,0,1,0.0,0.0,0.0,0.0,0.0,0.0,1,0.0,1,0.0,0,0,0.0,0.0,1.0,1.0,0.0,inward,BZT
263,0.0,0.0,0.0,0.0,0.0,0,1,0.0,0.0,0,0.0,0.0,0.0,1,1,1,1,0.0,0.0,0.0,0,1.0,0,0.0,0.0,0.0,0,1.0,1.0,0.0,1.0,0.0,0.0,0.0,0.0,0,0.0,1,0.0,1,0.0,0,1.0,0.0,0.0,1,0,1,0.0,0,1,0.0,0.0,0.0,0.0,0.0,0.0,1,0.0,1,0.0,1,0,1.0,0.0,1.0,1.0,0.0,inward,BZT
264,0.0,0.0,0.0,0.0,0.0,0,1,0.0,0.0,0,0.0,0.0,0.0,1,1,1,1,0.0,0.0,0.0,0,0.0,0,0.0,0.0,0.0,0,1.0,1.0,0.0,0.0,0.0,0.0,0.0,0.0,0,0.0,1,0.0,1,0.0,1,1.0,0.0,0.0,1,1,1,0.0,0,1,0.0,0.0,0.0,0.0,0.0,0.0,1,0.0,0,0.0,0,0,0.0,0.0,1.0,1.0,0.0,inward,BZT
265,0.0,0.0,0.0,0.0,0.0,0,0,0.0,0.0,0,0.0,0.0,0.0,1,1,1,1,0.0,0.0,0.0,0,0.0,0,0.0,0.0,0.0,0,1.0,0.0,0.0,0.0,0.0,0.0,0.0,0.0,0,0.0,1,0.0,1,0.0,0,1.0,0.0,0.0,1,0,1,0.0,0,1,0.0,0.0,0.0,0.0,0.0,0.0,1,0.0,0,0.0,0,0,1.0,0.0,1.0,1.0,0.0,inward,BZT
266,0.0,0.0,0.0,0.0,0.0,0,0,0.0,0.0,0,0.0,0.0,0.0,0,0,1,0,0.0,0.0,0.0,1,1.0,0,0.0,0.0,0.0,0,1.0,1.0,0.0,1.0,0.0,0.0,0.0,0.0,0,0.0,1,0.0,1,0.0,1,0.0,0.0,0.0,1,0,1,0.0,0,1,0.0,0.0,0.0,0.0,0.0,0.0,1,0.0,1,0.0,0,1,0.0,0.0,1.0,0.0,0.0,inward,BZT
267,0.0,0.0,0.0,0.0,0.0,0,0,0.0,0.0,0,0.0,0.0,0.0,1,0,1,1,0.0,0.0,0.0,0,1.0,0,0.0,0.0,0.0,0,0.0,0.0,0.0,0.0,0.0,0.0,0.0,0.0,0,0.0,1,0.0,1,0.0,0,0.0,0.0,0.0,1,0,1,0.0,0,1,0.0,0.0,0.0,0.0,0.0,0.0,1,0.0,1,0.0,0,1,1.0,0.0,1.0,1.0,0.0,inward,BZT
268,0.0,0.0,0.0,0.0,0.0,0,0,0.0,0.0,0,0.0,0.0,0.0,1,0,1,1,0.0,0.0,0.0,1,1.0,0,0.0,0.0,0.0,0,1.0,0.0,0.0,0.0,0.0,0.0,0.0,0.0,0,0.0,1,0.0,1,0.0,1,0.0,0.0,0.0,1,1,0,0.0,0,1,0.0,0.0,0.0,0.0,0.0,0.0,1,0.0,0,0.0,0,0,1.0,0.0,1.0,1.0,0.0,inward,BZT
269,0.0,0.0,0.0,0.0,0.0,0,1,0.0,0.0,0,0.0,0.0,0.0,1,0,1,0,0.0,0.0,0.0,1,0.0,0,0.0,0.0,1.0,1,1.0,1.0,0.0,1.0,0.0,0.0,0.0,0.0,0,0.0,1,0.0,1,0.0,1,1.0,0.0,0.0,1,0,1,0.0,1,1,0.0,0.0,0.0,0.0,0.0,0.0,0,0.0,0,0.0,0,0,1.0,0.0,1.0,1.0,0.0,inward,BZT
270,0.0,0.0,0.0,0.0,0.0,0,0,0.0,0.0,0,0.0,0.0,0.0,0,0,1,0,0.0,0.0,0.0,1,1.0,0,0.0,0.0,0.0,1,0.0,0.0,0.0,0.0,0.0,0.0,0.0,0.0,0,0.0,1,0.0,1,0.0,0,1.0,0.0,0.0,1,1,1,0.0,0,0,0.0,0.0,0.0,0.0,0.0,0.0,0,0.0,0,0.0,0,0,1.0,0.0,1.0,1.0,0.0,inward,BZT
271,0.0,0.0,0.0,0.0,0.0,0,1,0.0,0.0,0,0.0,0.0,0.0,1,0,1,0,0.0,0.0,0.0,0,1.0,0,0.0,0.0,0.0,1,1.0,0.0,0.0,0.0,0.0,0.0,0.0,0.0,0,0.0,1,0.0,1,0.0,0,1.0,0.0,0.0,1,0,1,0.0,0,1,0.0,0.0,0.0,0.0,0.0,0.0,0,0.0,0,0.0,0,0,1.0,0.0,1.0,1.0,0.0,inward,BZT
272,0.0,0.0,0.0,0.0,0.0,0,0,0.0,0.0,0,0.0,0.0,0.0,0,0,1,0,0.0,0.0,0.0,0,1.0,0,0.0,0.0,0.0,0,1.0,1.0,0.0,1.0,0.0,0.0,0.0,0.0,0,0.0,0,0.0,1,0.0,1,0.0,0.0,0.0,1,0,0,0.0,0,1,0.0,0.0,0.0,0.0,0.0,0.0,1,0.0,1,0.0,0,0,1.0,0.0,1.0,1.0,0.0,inward,BZT
273,0.0,0.0,0.0,0.0,0.0,0,1,0.0,0.0,0,0.0,0.0,0.0,1,1,1,1,0.0,0.0,0.0,0,0.0,0,0.0,0.0,1.0,0,1.0,0.0,0.0,0.0,0.0,0.0,0.0,0.0,0,0.0,1,0.0,1,0.0,0,1.0,0.0,0.0,1,0,0,0.0,0,0,0.0,0.0,0.0,0.0,0.0,0.0,1,0.0,1,0.0,0,0,1.0,1.0,1.0,1.0,0.0,inward,BZT
274,0.0,0.0,0.0,0.0,0.0,0,1,0.0,0.0,0,0.0,0.0,0.0,1,1,1,1,0.0,0.0,0.0,0,1.0,0,0.0,0.0,0.0,1,1.0,1.0,0.0,1.0,0.0,0.0,0.0,0.0,0,0.0,1,0.0,1,0.0,0,1.0,0.0,0.0,1,1,1,0.0,1,1,0.0,0.0,0.0,0.0,0.0,0.0,1,0.0,1,0.0,0,1,1.0,0.0,1.0,1.0,0.0,inward,BZT
275,0.0,0.0,0.0,0.0,0.0,0,0,0.0,0.0,0,0.0,0.0,0.0,1,1,1,1,0.0,0.0,0.0,0,1.0,0,0.0,0.0,0.0,0,1.0,1.0,0.0,0.0,0.0,0.0,0.0,0.0,0,0.0,1,0.0,1,0.0,0,1.0,0.0,0.0,1,0,0,0.0,0,1,0.0,0.0,0.0,0.0,0.0,0.0,1,0.0,0,0.0,1,0,1.0,0.0,1.0,1.0,0.0,inward,BZT
276,0.0,0.0,0.0,0.0,0.0,0,1,0.0,0.0,0,0.0,0.0,0.0,1,0,1,1,0.0,0.0,0.0,0,1.0,0,0.0,0.0,0.0,1,1.0,0.0,0.0,0.0,0.0,0.0,0.0,0.0,0,0.0,1,0.0,1,0.0,0,1.0,0.0,0.0,1,0,0,0.0,0,1,0.0,0.0,0.0,0.0,0.0,1.0,1,0.0,1,0.0,0,0,1.0,0.0,1.0,1.0,0.0,inward,BZT
277,0.0,0.0,0.0,0.0,0.0,0,1,0.0,0.0,0,0.0,0.0,0.0,1,1,1,1,0.0,0.0,0.0,0,1.0,0,0.0,0.0,0.0,1,1.0,0.0,0.0,0.0,0.0,0.0,0.0,0.0,0,0.0,1,0.0,1,0.0,0,1.0,0.0,0.0,1,1,1,0.0,0,1,0.0,0.0,0.0,0.0,0.0,0.0,0,0.0,1,0.0,1,0,0.0,0.0,1.0,1.0,0.0,inward,BZT
278,0.0,0.0,0.0,0.0,0.0,0,1,0.0,0.0,0,0.0,0.0,0.0,1,0,1,1,0.0,0.0,0.0,0,0.0,0,1.0,0.0,1.0,1,1.0,0.0,0.0,1.0,0.0,1.0,0.0,0.0,0,0.0,1,0.0,1,0.0,0,0.0,0.0,0.0,1,1,1,0.0,1,1,0.0,0.0,0.0,0.0,0.0,1.0,1,0.0,1,0.0,0,0,0.0,0.0,1.0,1.0,0.0,inward,BZT
279,0.0,0.0,0.0,0.0,0.0,0,1,0.0,0.0,0,0.0,0.0,0.0,1,0,1,1,0.0,0.0,0.0,1,1.0,0,0.0,0.0,0.0,1,0.0,0.0,0.0,0.0,0.0,0.0,0.0,0.0,0,0.0,1,0.0,1,0.0,0,0.0,0.0,0.0,1,1,0,0.0,0,1,0.0,0.0,0.0,0.0,0.0,1.0,1,0.0,1,0.0,0,0,1.0,1.0,1.0,1.0,0.0,inward,BZT
280,0.0,0.0,0.0,0.0,0.0,0,1,0.0,0.0,0,0.0,0.0,0.0,1,1,1,1,0.0,0.0,0.0,0,0.0,0,0.0,0.0,1.0,0,0.0,0.0,0.0,1.0,0.0,0.0,0.0,0.0,0,0.0,1,0.0,1,0.0,0,0.0,0.0,0.0,1,0,1,0.0,0,1,0.0,0.0,0.0,0.0,0.0,0.0,1,0.0,1,0.0,0,0,1.0,0.0,1.0,1.0,0.0,inward,BZT
281,1.0,0.0,0.0,0.0,0.0,0,1,0.0,0.0,0,0.0,0.0,0.0,1,1,1,1,0.0,0.0,0.0,0,1.0,0,0.0,0.0,0.0,1,0.0,0.0,0.0,1.0,0.0,0.0,0.0,0.0,0,0.0,1,0.0,1,0.0,0,1.0,0.0,0.0,1,0,1,0.0,0,0,0.0,0.0,0.0,0.0,0.0,0.0,1,0.0,0,0.0,0,0,1.0,0.0,1.0,1.0,0.0,inward,BZT
282,1.0,0.0,0.0,0.0,0.0,0,1,0.0,0.0,0,0.0,0.0,0.0,1,1,1,1,0.0,0.0,0.0,0,1.0,0,1.0,0.0,0.0,1,0.0,0.0,0.0,1.0,0.0,1.0,0.0,0.0,0,0.0,1,0.0,1,0.0,0,1.0,0.0,1.0,1,0,1,0.0,0,1,0.0,0.0,0.0,0.0,0.0,0.0,0,0.0,1,0.0,0,0,0.0,0.0,1.0,1.0,0.0,inward,BZT
283,0.0,0.0,0.0,0.0,0.0,0,0,0.0,0.0,0,0.0,0.0,0.0,1,0,1,1,0.0,0.0,0.0,0,0.0,0,0.0,0.0,0.0,1,1.0,0.0,0.0,1.0,0.0,0.0,0.0,0.0,0,0.0,1,0.0,1,0.0,0,0.0,0.0,0.0,1,0,1,0.0,0,1,0.0,0.0,0.0,0.0,0.0,1.0,1,0.0,1,0.0,0,0,1.0,0.0,1.0,1.0,0.0,inward,BZT
284,0.0,0.0,0.0,0.0,0.0,0,1,0.0,0.0,0,0.0,0.0,0.0,1,0,1,1,0.0,0.0,0.0,1,1.0,0,1.0,0.0,0.0,1,1.0,1.0,0.0,1.0,0.0,0.0,0.0,0.0,0,0.0,1,0.0,1,0.0,1,0.0,0.0,0.0,1,1,0,0.0,0,1,0.0,0.0,0.0,0.0,0.0,1.0,1,0.0,1,0.0,0,1,1.0,0.0,1.0,1.0,0.0,inward,BZT
285,0.0,0.0,0.0,0.0,0.0,0,0,0.0,0.0,0,0.0,0.0,0.0,1,0,1,1,0.0,0.0,0.0,1,0.0,0,0.0,0.0,0.0,0,1.0,0.0,0.0,1.0,0.0,0.0,0.0,0.0,0,0.0,1,0.0,1,0.0,0,0.0,0.0,0.0,1,0,1,0.0,0,1,0.0,0.0,0.0,0.0,0.0,1.0,0,0.0,1,0.0,0,0,1.0,0.0,1.0,1.0,0.0,inward,BZT
286,0.0,0.0,0.0,0.0,0.0,0,1,0.0,0.0,0,0.0,0.0,0.0,0,0,1,0,0.0,0.0,0.0,1,0.0,0,0.0,0.0,0.0,1,1.0,1.0,0.0,1.0,0.0,1.0,0.0,0.0,0,0.0,1,0.0,1,0.0,1,0.0,0.0,0.0,1,0,1,0.0,0,0,0.0,0.0,0.0,0.0,0.0,1.0,0,0.0,1,0.0,0,1,0.0,0.0,1.0,1.0,0.0,inward,BZT
287,0.0,0.0,0.0,0.0,0.0,0,0,0.0,0.0,0,0.0,0.0,0.0,0,0,1,0,0.0,0.0,0.0,1,1.0,0,0.0,0.0,0.0,1,0.0,0.0,0.0,0.0,0.0,0.0,0.0,0.0,0,0.0,1,0.0,1,0.0,1,1.0,0.0,1.0,0,0,0,0.0,0,0,0.0,0.0,0.0,0.0,0.0,1.0,0,0.0,1,0.0,0,0,0.0,0.0,1.0,1.0,0.0,inward,BZT
288,1.0,0.0,0.0,0.0,0.0,0,0,0.0,0.0,0,0.0,0.0,0.0,1,0,1,1,0.0,0.0,0.0,0,1.0,0,0.0,0.0,0.0,0,1.0,0.0,0.0,0.0,0.0,0.0,0.0,0.0,0,0.0,1,0.0,1,0.0,0,1.0,0.0,1.0,1,0,0,0.0,0,1,0.0,0.0,0.0,0.0,0.0,1.0,1,0.0,1,0.0,0,0,1.0,0.0,1.0,1.0,1.0,inward,BZT
289,0.0,0.0,0.0,0.0,0.0,0,0,0.0,0.0,0,0.0,0.0,0.0,1,0,1,0,0.0,0.0,0.0,0,1.0,0,0.0,0.0,0.0,1,1.0,0.0,0.0,0.0,0.0,0.0,0.0,0.0,0,0.0,1,0.0,1,0.0,0,0.0,0.0,0.0,1,0,1,0.0,0,1,0.0,0.0,0.0,0.0,0.0,1.0,0,0.0,1,0.0,0,1,1.0,0.0,1.0,1.0,0.0,inward,BZT
290,0.0,0.0,0.0,0.0,0.0,0,1,0.0,0.0,0,0.0,0.0,0.0,0,0,1,0,0.0,0.0,0.0,1,1.0,0,0.0,0.0,0.0,0,1.0,0.0,0.0,1.0,0.0,0.0,0.0,0.0,0,0.0,1,0.0,1,0.0,0,0.0,0.0,0.0,1,0,1,0.0,1,0,0.0,0.0,0.0,0.0,0.0,0.0,1,0.0,1,0.0,0,0,1.0,0.0,1.0,1.0,0.0,inward,BZT
291,0.0,0.0,0.0,0.0,0.0,0,1,0.0,0.0,0,0.0,0.0,0.0,1,0,1,0,0.0,0.0,0.0,1,1.0,0,0.0,0.0,0.0,0,1.0,0.0,0.0,0.0,0.0,0.0,0.0,0.0,0,0.0,1,0.0,1,0.0,0,0.0,0.0,0.0,1,0,0,0.0,0,1,0.0,0.0,0.0,0.0,0.0,0.0,1,0.0,1,0.0,0,0,1.0,0.0,1.0,1.0,0.0,inward,BZT
292,0.0,0.0,0.0,0.0,0.0,0,0,0.0,0.0,0,0.0,0.0,0.0,0,0,1,0,0.0,0.0,0.0,1,1.0,0,0.0,0.0,0.0,1,0.0,0.0,0.0,0.0,0.0,0.0,0.0,0.0,0,0.0,1,0.0,1,0.0,0,0.0,0.0,0.0,1,1,1,0.0,0,1,0.0,0.0,0.0,0.0,0.0,1.0,0,0.0,1,0.0,0,0,1.0,0.0,1.0,1.0,0.0,inward,BZT
293,0.0,0.0,0.0,0.0,0.0,0,1,0.0,0.0,0,0.0,0.0,0.0,0,0,1,0,0.0,0.0,0.0,1,0.0,0,0.0,0.0,0.0,0,0.0,0.0,0.0,0.0,0.0,0.0,0.0,0.0,0,0.0,1,0.0,1,0.0,0,1.0,0.0,1.0,1,0,1,0.0,0,0,0.0,0.0,0.0,0.0,0.0,0.0,1,0.0,1,0.0,0,0,1.0,0.0,1.0,1.0,0.0,inward,BZT
294,0.0,0.0,0.0,0.0,0.0,0,0,0.0,0.0,0,0.0,0.0,0.0,1,0,1,1,0.0,0.0,0.0,1,1.0,0,0.0,0.0,1.0,1,1.0,1.0,0.0,1.0,0.0,0.0,0.0,0.0,0,0.0,1,0.0,1,0.0,0,0.0,0.0,0.0,1,1,0,0.0,0,1,0.0,0.0,0.0,0.0,0.0,0.0,0,0.0,1,0.0,0,1,1.0,1.0,1.0,1.0,0.0,inward,BZT
295,0.0,0.0,0.0,0.0,0.0,0,0,0.0,0.0,0,0.0,0.0,0.0,1,0,1,0,0.0,0.0,0.0,1,1.0,0,0.0,0.0,0.0,1,1.0,0.0,0.0,0.0,0.0,0.0,0.0,0.0,0,0.0,1,0.0,1,0.0,0,0.0,0.0,0.0,1,0,1,0.0,0,1,0.0,0.0,0.0,0.0,0.0,1.0,1,0.0,1,0.0,0,0,1.0,0.0,1.0,1.0,0.0,inward,BZT
296,0.0,0.0,0.0,0.0,0.0,0,0,0.0,0.0,0,0.0,0.0,0.0,1,0,1,0,0.0,0.0,0.0,1,0.0,0,0.0,0.0,0.0,0,0.0,0.0,0.0,0.0,0.0,0.0,0.0,0.0,0,0.0,0,0.0,1,0.0,0,1.0,0.0,0.0,1,0,0,0.0,0,1,0.0,0.0,0.0,0.0,0.0,1.0,1,0.0,1,0.0,0,0,1.0,0.0,1.0,1.0,0.0,inward,BZT
297,0.0,0.0,0.0,0.0,0.0,0,1,0.0,0.0,0,0.0,0.0,0.0,1,0,1,0,0.0,0.0,0.0,1,0.0,0,0.0,0.0,0.0,1,1.0,0.0,0.0,0.0,0.0,0.0,0.0,0.0,0,0.0,1,0.0,1,0.0,0,1.0,0.0,1.0,1,0,1,0.0,0,1,0.0,0.0,0.0,0.0,0.0,1.0,1,0.0,1,0.0,0,1,1.0,0.0,1.0,1.0,0.0,inward,BZT
298,0.0,0.0,0.0,0.0,0.0,0,0,0.0,0.0,0,0.0,0.0,0.0,1,0,1,1,0.0,0.0,0.0,0,1.0,0,0.0,0.0,0.0,0,1.0,0.0,0.0,0.0,0.0,0.0,0.0,0.0,0,0.0,1,0.0,1,0.0,0,0.0,0.0,0.0,1,0,1,0.0,0,1,0.0,0.0,0.0,0.0,0.0,1.0,1,0.0,1,0.0,0,0,1.0,0.0,1.0,1.0,0.0,inward,BZT
299,0.0,0.0,0.0,0.0,0.0,0,1,0.0,0.0,0,0.0,0.0,0.0,1,0,1,1,0.0,0.0,0.0,1,1.0,0,1.0,0.0,0.0,0,1.0,0.0,0.0,0.0,0.0,0.0,0.0,0.0,0,0.0,1,0.0,1,0.0,0,0.0,0.0,0.0,1,0,1,0.0,0,0,0.0,0.0,0.0,0.0,0.0,1.0,1,0.0,1,0.0,0,1,0.0,0.0,1.0,1.0,0.0,inward,BZT
300,0.0,0.0,0.0,0.0,0.0,0,0,0.0,0.0,0,0.0,0.0,0.0,1,0,1,0,0.0,0.0,0.0,0,0.0,0,0.0,0.0,0.0,0,1.0,0.0,0.0,0.0,0.0,0.0,0.0,0.0,0,0.0,1,0.0,1,0.0,0,0.0,0.0,0.0,1,1,1,0.0,0,1,0.0,0.0,0.0,0.0,0.0,1.0,0,0.0,1,0.0,0,0,0.0,0.0,1.0,1.0,0.0,inward,BZT
301,0.0,0.0,0.0,0.0,0.0,0,0,0.0,0.0,0,0.0,0.0,0.0,1,0,1,1,0.0,0.0,0.0,1,1.0,0,1.0,0.0,0.0,0,1.0,0.0,0.0,0.0,0.0,0.0,0.0,0.0,0,0.0,1,0.0,1,0.0,0,0.0,0.0,0.0,1,0,1,0.0,0,0,0.0,0.0,0.0,0.0,0.0,1.0,1,0.0,1,0.0,0,0,1.0,0.0,1.0,1.0,0.0,inward,BZT
302,1.0,0.0,0.0,0.0,0.0,0,0,0.0,0.0,0,0.0,0.0,0.0,1,0,1,0,0.0,0.0,0.0,1,0.0,0,0.0,0.0,0.0,0,1.0,0.0,0.0,0.0,0.0,0.0,0.0,0.0,0,0.0,1,0.0,1,0.0,0,1.0,0.0,0.0,1,0,0,0.0,0,0,0.0,0.0,0.0,0.0,0.0,0.0,0,0.0,1,0.0,0,1,0.0,0.0,1.0,1.0,0.0,inward,BZT
303,0.0,0.0,0.0,0.0,0.0,0,0,0.0,0.0,0,0.0,0.0,0.0,0,0,1,1,0.0,0.0,0.0,1,0.0,0,0.0,0.0,0.0,0,0.0,0.0,0.0,0.0,0.0,0.0,0.0,0.0,0,0.0,1,0.0,1,0.0,1,1.0,0.0,1.0,0,0,0,0.0,0,1,0.0,0.0,0.0,0.0,0.0,1.0,1,0.0,1,0.0,0,0,1.0,0.0,1.0,1.0,0.0,inward,BZT
304,0.0,0.0,0.0,0.0,0.0,0,0,0.0,0.0,0,0.0,0.0,0.0,1,0,1,1,0.0,0.0,0.0,0,1.0,0,1.0,0.0,0.0,0,1.0,0.0,0.0,0.0,0.0,0.0,0.0,0.0,0,0.0,1,0.0,1,0.0,0,1.0,0.0,0.0,1,1,1,0.0,0,1,0.0,0.0,0.0,0.0,0.0,0.0,1,0.0,1,0.0,0,0,0.0,0.0,1.0,1.0,0.0,inward,BZT
305,0.0,0.0,0.0,0.0,0.0,0,1,0.0,0.0,0,0.0,0.0,0.0,1,0,1,0,0.0,0.0,0.0,0,0.0,0,1.0,0.0,0.0,0,1.0,1.0,0.0,1.0,0.0,0.0,0.0,0.0,0,0.0,1,0.0,1,0.0,0,0.0,0.0,0.0,1,1,0,0.0,0,0,0.0,0.0,0.0,0.0,0.0,1.0,1,0.0,1,0.0,0,0,0.0,0.0,1.0,1.0,0.0,inward,BZT
306,0.0,0.0,0.0,0.0,0.0,0,1,0.0,0.0,0,0.0,0.0,0.0,1,0,1,0,0.0,0.0,0.0,0,1.0,0,0.0,0.0,0.0,0,1.0,0.0,0.0,0.0,0.0,0.0,0.0,0.0,0,0.0,1,0.0,1,0.0,0,1.0,0.0,0.0,1,0,0,0.0,0,1,0.0,0.0,0.0,0.0,0.0,1.0,0,0.0,1,0.0,0,0,1.0,0.0,1.0,1.0,0.0,inward,BZT
307,0.0,0.0,0.0,0.0,0.0,0,1,0.0,0.0,0,0.0,0.0,0.0,1,0,1,0,0.0,0.0,0.0,0,0.0,0,1.0,0.0,0.0,0,1.0,1.0,0.0,0.0,0.0,0.0,0.0,0.0,0,0.0,1,0.0,1,0.0,0,1.0,0.0,0.0,1,1,1,0.0,0,1,0.0,0.0,0.0,0.0,0.0,1.0,1,0.0,1,0.0,0,0,0.0,0.0,1.0,1.0,0.0,inward,BZT
308,0.0,0.0,0.0,0.0,0.0,0,1,0.0,0.0,0,0.0,0.0,0.0,1,0,1,1,0.0,0.0,0.0,1,0.0,0,0.0,0.0,0.0,0,1.0,0.0,0.0,1.0,0.0,0.0,0.0,0.0,0,0.0,1,0.0,1,0.0,0,1.0,0.0,0.0,1,1,0,0.0,0,1,0.0,0.0,0.0,0.0,0.0,0.0,1,0.0,1,0.0,0,0,1.0,0.0,1.0,1.0,0.0,inward,BZT
309,0.0,0.0,0.0,0.0,0.0,0,0,0.0,0.0,0,0.0,0.0,0.0,1,0,1,1,0.0,0.0,0.0,1,1.0,0,0.0,0.0,0.0,1,1.0,1.0,0.0,1.0,0.0,0.0,0.0,0.0,0,0.0,1,0.0,1,0.0,0,0.0,0.0,0.0,1,0,1,0.0,0,1,0.0,0.0,0.0,0.0,0.0,1.0,1,0.0,1,0.0,0,0,1.0,0.0,1.0,0.0,0.0,inward,BZT
310,0.0,0.0,0.0,0.0,0.0,0,0,0.0,0.0,0,0.0,0.0,0.0,1,0,1,1,0.0,0.0,0.0,1,1.0,0,0.0,0.0,0.0,0,1.0,0.0,0.0,0.0,0.0,0.0,0.0,0.0,0,0.0,1,0.0,1,0.0,0,1.0,0.0,0.0,1,0,1,0.0,0,0,0.0,0.0,0.0,0.0,0.0,1.0,1,0.0,1,0.0,0,0,1.0,0.0,1.0,1.0,0.0,inward,BZT
311,0.0,0.0,0.0,0.0,0.0,0,0,0.0,0.0,0,0.0,0.0,0.0,1,0,1,1,0.0,0.0,0.0,0,1.0,0,0.0,0.0,0.0,1,1.0,0.0,0.0,0.0,0.0,0.0,0.0,0.0,0,0.0,0,0.0,1,0.0,0,0.0,0.0,0.0,1,0,1,0.0,1,1,0.0,0.0,0.0,0.0,0.0,1.0,1,0.0,1,0.0,0,0,0.0,0.0,1.0,1.0,0.0,inward,BZT
312,0.0,0.0,0.0,0.0,0.0,0,0,0.0,0.0,0,0.0,0.0,0.0,1,0,1,1,0.0,0.0,0.0,0,0.0,0,0.0,0.0,0.0,1,1.0,0.0,0.0,1.0,0.0,0.0,0.0,0.0,0,0.0,1,0.0,1,0.0,0,1.0,0.0,0.0,1,0,1,0.0,0,1,0.0,0.0,0.0,0.0,0.0,1.0,1,0.0,1,0.0,0,1,0.0,0.0,1.0,1.0,1.0,inward,BZT
313,0.0,0.0,0.0,0.0,0.0,0,0,0.0,0.0,0,0.0,0.0,0.0,1,0,1,1,0.0,0.0,0.0,0,1.0,0,1.0,0.0,0.0,0,1.0,0.0,0.0,0.0,0.0,0.0,0.0,0.0,0,0.0,1,0.0,1,0.0,1,1.0,0.0,0.0,1,0,1,0.0,0,1,0.0,0.0,0.0,0.0,0.0,1.0,1,0.0,1,0.0,0,1,1.0,0.0,1.0,1.0,0.0,inward,BZT
314,1.0,0.0,0.0,0.0,0.0,0,0,0.0,0.0,0,0.0,0.0,0.0,1,0,1,1,0.0,0.0,0.0,1,0.0,0,0.0,0.0,0.0,0,1.0,0.0,0.0,0.0,0.0,0.0,0.0,0.0,0,0.0,1,0.0,1,0.0,0,1.0,0.0,0.0,1,0,1,0.0,0,1,0.0,0.0,0.0,0.0,0.0,1.0,0,0.0,1,0.0,0,1,1.0,0.0,1.0,1.0,0.0,inward,BZT
315,0.0,0.0,0.0,0.0,0.0,0,0,0.0,0.0,0,0.0,0.0,0.0,1,0,1,1,0.0,0.0,0.0,0,0.0,0,0.0,0.0,0.0,1,0.0,0.0,0.0,0.0,0.0,0.0,0.0,0.0,0,0.0,1,0.0,1,0.0,0,0.0,0.0,0.0,1,1,0,0.0,0,1,0.0,0.0,0.0,0.0,0.0,1.0,1,0.0,1,0.0,0,0,0.0,0.0,1.0,1.0,0.0,inward,BZT
316,0.0,0.0,0.0,0.0,0.0,0,0,0.0,0.0,0,0.0,0.0,0.0,1,0,1,0,0.0,0.0,0.0,1,0.0,0,1.0,0.0,0.0,1,1.0,0.0,0.0,1.0,0.0,0.0,0.0,0.0,0,0.0,1,0.0,1,0.0,1,1.0,0.0,0.0,1,1,1,0.0,1,1,0.0,0.0,0.0,0.0,0.0,1.0,0,0.0,1,0.0,0,1,1.0,0.0,1.0,1.0,0.0,inward,BZT
317,0.0,0.0,0.0,0.0,0.0,0,0,0.0,0.0,0,0.0,0.0,0.0,1,0,1,0,0.0,0.0,0.0,1,1.0,0,1.0,0.0,0.0,0,1.0,0.0,0.0,0.0,0.0,0.0,0.0,0.0,0,0.0,1,0.0,1,0.0,0,1.0,0.0,0.0,1,0,1,0.0,0,1,0.0,0.0,0.0,0.0,0.0,0.0,1,0.0,1,0.0,0,1,0.0,0.0,1.0,1.0,0.0,inward,BZT
318,0.0,0.0,0.0,0.0,0.0,0,1,0.0,0.0,0,0.0,0.0,0.0,1,0,1,1,0.0,0.0,0.0,1,0.0,0,0.0,0.0,0.0,0,1.0,1.0,0.0,1.0,0.0,0.0,0.0,0.0,0,0.0,1,0.0,1,0.0,0,0.0,0.0,0.0,1,1,1,0.0,0,1,0.0,0.0,0.0,0.0,0.0,1.0,1,0.0,1,0.0,0,0,1.0,0.0,1.0,1.0,0.0,inward,BZT
319,0.0,0.0,0.0,0.0,0.0,0,1,0.0,0.0,0,0.0,0.0,0.0,0,0,1,0,0.0,0.0,0.0,0,0.0,0,0.0,0.0,1.0,1,1.0,1.0,0.0,1.0,0.0,0.0,0.0,0.0,0,0.0,1,0.0,1,0.0,0,1.0,0.0,0.0,1,0,1,0.0,0,1,0.0,0.0,0.0,0.0,0.0,1.0,1,0.0,1,0.0,0,0,1.0,0.0,1.0,1.0,0.0,inward,BZT
320,0.0,0.0,0.0,0.0,0.0,0,1,0.0,0.0,0,0.0,0.0,0.0,0,0,1,1,0.0,0.0,0.0,1,1.0,0,0.0,0.0,0.0,0,1.0,1.0,0.0,0.0,0.0,0.0,0.0,0.0,0,0.0,1,0.0,1,0.0,0,1.0,0.0,0.0,1,0,1,0.0,0,1,0.0,0.0,0.0,0.0,0.0,0.0,1,0.0,1,0.0,0,1,0.0,0.0,1.0,1.0,0.0,inward,BZT
321,0.0,0.0,0.0,0.0,0.0,0,0,0.0,0.0,0,0.0,0.0,0.0,1,0,1,1,0.0,0.0,0.0,0,1.0,0,0.0,0.0,0.0,1,1.0,1.0,0.0,1.0,0.0,0.0,0.0,0.0,0,0.0,1,0.0,1,0.0,0,0.0,0.0,0.0,1,0,0,0.0,0,0,0.0,0.0,0.0,0.0,0.0,0.0,1,0.0,1,0.0,0,0,1.0,0.0,1.0,1.0,0.0,inward,BZT
322,0.0,0.0,0.0,0.0,0.0,0,0,0.0,0.0,0,0.0,0.0,0.0,1,0,1,1,0.0,0.0,0.0,0,1.0,0,0.0,0.0,1.0,1,1.0,0.0,0.0,1.0,0.0,0.0,0.0,0.0,0,0.0,1,0.0,1,0.0,0,0.0,0.0,0.0,1,0,0,0.0,0,1,0.0,0.0,0.0,0.0,0.0,0.0,1,0.0,1,0.0,0,1,1.0,0.0,1.0,0.0,0.0,inward,BZT
323,0.0,0.0,0.0,0.0,0.0,0,0,0.0,0.0,0,0.0,0.0,0.0,0,0,1,1,0.0,0.0,0.0,1,1.0,0,0.0,0.0,1.0,1,1.0,0.0,0.0,1.0,0.0,0.0,0.0,0.0,0,0.0,1,0.0,1,0.0,0,0.0,0.0,0.0,1,0,0,0.0,0,0,0.0,0.0,0.0,0.0,0.0,0.0,1,0.0,0,0.0,1,1,0.0,0.0,1.0,1.0,0.0,inward,BZT
324,0.0,0.0,0.0,0.0,0.0,0,0,0.0,0.0,0,0.0,0.0,0.0,1,0,1,0,0.0,0.0,0.0,0,1.0,0,0.0,0.0,0.0,1,1.0,0.0,0.0,1.0,0.0,0.0,0.0,0.0,0,0.0,1,0.0,1,0.0,1,1.0,0.0,0.0,1,0,1,0.0,0,0,0.0,0.0,0.0,0.0,0.0,0.0,1,0.0,1,0.0,0,1,0.0,0.0,1.0,1.0,0.0,inward,BZT
325,0.0,0.0,0.0,0.0,0.0,1,1,0.0,0.0,0,0.0,0.0,0.0,1,0,1,1,0.0,0.0,0.0,0,0.0,0,0.0,0.0,0.0,1,1.0,0.0,0.0,1.0,0.0,0.0,0.0,0.0,0,0.0,1,0.0,1,0.0,0,1.0,0.0,0.0,1,0,1,0.0,0,0,0.0,0.0,0.0,0.0,0.0,0.0,1,0.0,1,0.0,1,1,1.0,0.0,1.0,1.0,0.0,inward,BZT
326,0.0,0.0,0.0,0.0,0.0,0,0,0.0,0.0,0,0.0,0.0,0.0,1,0,0,0,0.0,0.0,0.0,1,0.0,0,0.0,0.0,0.0,1,1.0,0.0,0.0,0.0,0.0,0.0,0.0,0.0,0,0.0,1,0.0,1,0.0,1,0.0,0.0,0.0,1,0,1,0.0,0,1,0.0,0.0,0.0,0.0,0.0,0.0,1,0.0,0,0.0,1,1,0.0,0.0,1.0,0.0,0.0,inward,BZT
327,0.0,0.0,0.0,0.0,0.0,0,0,0.0,0.0,0,0.0,0.0,0.0,1,0,1,1,0.0,0.0,0.0,1,0.0,0,0.0,0.0,1.0,1,1.0,0.0,0.0,1.0,0.0,0.0,0.0,0.0,0,0.0,0,0.0,1,0.0,1,1.0,0.0,0.0,1,0,1,0.0,1,0,0.0,0.0,0.0,0.0,0.0,1.0,1,0.0,1,0.0,0,0,1.0,0.0,1.0,1.0,0.0,inward,BZT
328,0.0,0.0,0.0,0.0,0.0,0,1,0.0,0.0,0,0.0,0.0,0.0,1,0,1,1,0.0,0.0,0.0,1,0.0,0,0.0,0.0,0.0,1,1.0,1.0,0.0,1.0,0.0,0.0,0.0,0.0,0,0.0,1,0.0,1,0.0,1,0.0,0.0,0.0,1,0,1,0.0,0,0,0.0,0.0,0.0,0.0,0.0,0.0,1,0.0,1,0.0,0,0,1.0,0.0,1.0,1.0,0.0,inward,BZT
329,0.0,0.0,0.0,0.0,0.0,0,0,0.0,0.0,0,0.0,0.0,0.0,0,0,1,1,0.0,0.0,0.0,0,1.0,0,0.0,0.0,1.0,1,1.0,1.0,0.0,1.0,0.0,0.0,0.0,0.0,0,0.0,1,0.0,1,0.0,1,0.0,0.0,0.0,1,0,1,0.0,1,1,0.0,0.0,0.0,0.0,0.0,1.0,1,0.0,1,0.0,0,0,1.0,0.0,1.0,1.0,0.0,inward,BZT
330,0.0,0.0,0.0,0.0,0.0,0,1,0.0,0.0,0,0.0,0.0,0.0,0,0,1,1,0.0,0.0,0.0,0,0.0,0,0.0,0.0,0.0,1,1.0,1.0,0.0,1.0,0.0,0.0,0.0,0.0,0,0.0,1,0.0,1,0.0,0,0.0,0.0,0.0,1,0,1,0.0,1,0,0.0,0.0,0.0,0.0,0.0,1.0,1,0.0,1,0.0,0,1,0.0,0.0,1.0,1.0,0.0,inward,BZT
331,0.0,0.0,0.0,0.0,0.0,0,0,0.0,0.0,0,0.0,0.0,0.0,1,0,1,1,0.0,0.0,0.0,0,1.0,0,0.0,0.0,0.0,1,1.0,1.0,0.0,1.0,0.0,0.0,0.0,0.0,0,0.0,1,0.0,1,0.0,0,0.0,0.0,0.0,1,1,1,0.0,0,0,0.0,0.0,0.0,0.0,0.0,1.0,1,0.0,1,0.0,0,0,1.0,0.0,1.0,1.0,0.0,inward,BZT
332,0.0,0.0,0.0,0.0,0.0,0,0,0.0,0.0,0,0.0,0.0,0.0,1,0,1,1,0.0,0.0,0.0,1,1.0,0,0.0,0.0,0.0,0,1.0,0.0,0.0,1.0,0.0,0.0,0.0,0.0,0,0.0,1,0.0,1,0.0,0,0.0,0.0,0.0,1,1,1,0.0,0,0,0.0,0.0,0.0,0.0,0.0,0.0,1,0.0,1,0.0,0,1,1.0,0.0,1.0,1.0,0.0,inward,BZT
333,0.0,0.0,0.0,0.0,0.0,0,1,0.0,0.0,0,0.0,0.0,0.0,1,0,1,1,0.0,0.0,0.0,0,0.0,0,0.0,0.0,1.0,1,1.0,1.0,0.0,0.0,0.0,0.0,0.0,0.0,0,0.0,1,0.0,1,0.0,0,1.0,0.0,0.0,1,1,1,0.0,0,1,0.0,0.0,0.0,0.0,0.0,1.0,1,0.0,1,0.0,0,1,1.0,1.0,1.0,1.0,0.0,inward,BZT
334,0.0,0.0,0.0,0.0,0.0,0,1,0.0,0.0,0,0.0,0.0,0.0,1,0,1,1,0.0,0.0,0.0,0,1.0,0,0.0,0.0,1.0,0,1.0,1.0,0.0,1.0,0.0,0.0,0.0,0.0,0,0.0,1,0.0,1,0.0,0,1.0,0.0,0.0,1,1,1,0.0,0,0,0.0,0.0,0.0,0.0,0.0,0.0,0,0.0,0,0.0,0,1,1.0,0.0,1.0,0.0,0.0,inward,BZT
335,1.0,0.0,0.0,0.0,0.0,0,1,0.0,0.0,0,0.0,0.0,0.0,1,1,1,1,0.0,0.0,0.0,0,0.0,0,0.0,0.0,0.0,0,1.0,0.0,0.0,0.0,0.0,0.0,0.0,0.0,0,0.0,1,0.0,1,0.0,0,1.0,0.0,0.0,1,0,1,0.0,0,0,0.0,0.0,0.0,0.0,0.0,0.0,1,0.0,1,0.0,0,0,1.0,0.0,1.0,1.0,0.0,inward,BZT
336,0.0,0.0,0.0,0.0,0.0,0,0,0.0,0.0,0,0.0,0.0,0.0,1,0,1,0,0.0,0.0,0.0,1,1.0,0,0.0,0.0,0.0,0,1.0,1.0,0.0,1.0,0.0,0.0,0.0,0.0,0,0.0,1,0.0,1,0.0,1,0.0,0.0,0.0,1,0,0,0.0,0,0,0.0,0.0,0.0,0.0,0.0,0.0,1,0.0,0,0.0,0,0,1.0,0.0,1.0,1.0,0.0,inward,BZT
337,0.0,0.0,0.0,0.0,0.0,0,0,0.0,0.0,0,0.0,0.0,0.0,1,0,1,0,0.0,0.0,0.0,0,1.0,0,0.0,0.0,0.0,0,1.0,1.0,0.0,1.0,0.0,0.0,0.0,0.0,0,0.0,1,0.0,1,0.0,1,1.0,0.0,0.0,1,0,1,0.0,0,0,0.0,0.0,0.0,0.0,0.0,1.0,1,0.0,1,0.0,1,0,1.0,0.0,1.0,1.0,0.0,inward,BZT
338,0.0,0.0,0.0,0.0,0.0,0,1,0.0,0.0,0,0.0,0.0,0.0,1,1,1,1,0.0,0.0,0.0,0,0.0,0,0.0,0.0,0.0,1,1.0,0.0,0.0,0.0,0.0,0.0,0.0,0.0,0,0.0,1,0.0,1,0.0,0,1.0,0.0,0.0,1,1,0,0.0,0,1,0.0,0.0,0.0,0.0,0.0,0.0,1,0.0,1,0.0,1,0,1.0,0.0,1.0,1.0,0.0,inward,BZT
339,0.0,0.0,0.0,0.0,0.0,0,1,0.0,0.0,0,0.0,0.0,0.0,1,0,1,1,0.0,0.0,0.0,1,1.0,0,0.0,0.0,0.0,0,1.0,0.0,0.0,1.0,0.0,0.0,0.0,0.0,0,0.0,1,0.0,1,0.0,0,0.0,0.0,0.0,1,0,0,0.0,0,1,0.0,0.0,0.0,0.0,0.0,1.0,1,0.0,1,0.0,0,0,1.0,0.0,1.0,1.0,0.0,inward,BZT
340,0.0,0.0,0.0,0.0,0.0,0,0,0.0,0.0,0,0.0,0.0,0.0,1,0,1,1,0.0,0.0,0.0,0,0.0,0,0.0,0.0,0.0,1,1.0,0.0,0.0,0.0,0.0,0.0,0.0,0.0,0,0.0,1,0.0,1,0.0,0,0.0,0.0,0.0,1,1,1,0.0,0,1,0.0,0.0,0.0,0.0,0.0,0.0,1,0.0,0,0.0,0,0,1.0,0.0,1.0,1.0,0.0,inward,BZT
341,0.0,0.0,0.0,0.0,0.0,0,1,0.0,0.0,0,0.0,0.0,0.0,1,0,1,1,0.0,0.0,0.0,0,0.0,0,0.0,0.0,0.0,0,0.0,0.0,0.0,0.0,0.0,0.0,0.0,0.0,0,0.0,1,0.0,1,0.0,0,0.0,0.0,0.0,1,0,1,0.0,0,0,0.0,0.0,0.0,0.0,0.0,0.0,1,0.0,1,0.0,0,0,1.0,0.0,1.0,1.0,0.0,inward,BZT
342,0.0,0.0,0.0,0.0,0.0,0,1,0.0,0.0,0,0.0,0.0,0.0,1,0,1,1,0.0,0.0,0.0,0,0.0,0,0.0,0.0,0.0,0,1.0,0.0,0.0,0.0,0.0,0.0,0.0,0.0,0,0.0,1,0.0,1,0.0,0,1.0,0.0,0.0,1,0,1,0.0,0,1,0.0,0.0,0.0,0.0,0.0,1.0,1,0.0,1,0.0,1,1,0.0,0.0,1.0,1.0,0.0,inward,BZT
343,0.0,0.0,0.0,0.0,0.0,0,0,0.0,0.0,0,0.0,0.0,0.0,1,0,1,1,0.0,0.0,0.0,0,1.0,0,0.0,0.0,0.0,0,0.0,0.0,0.0,0.0,0.0,0.0,0.0,0.0,0,0.0,1,0.0,1,0.0,0,0.0,0.0,0.0,1,0,1,0.0,0,1,0.0,0.0,0.0,0.0,0.0,0.0,1,0.0,1,0.0,0,1,1.0,1.0,1.0,1.0,0.0,inward,BZT
344,0.0,0.0,0.0,0.0,0.0,0,1,0.0,0.0,0,0.0,0.0,0.0,1,0,1,1,0.0,0.0,0.0,1,0.0,0,0.0,0.0,0.0,1,1.0,0.0,0.0,0.0,0.0,0.0,0.0,0.0,0,0.0,1,0.0,1,0.0,1,1.0,1.0,0.0,1,0,0,0.0,0,0,0.0,0.0,0.0,0.0,0.0,0.0,1,0.0,1,0.0,0,0,0.0,0.0,1.0,1.0,0.0,inward,BZT
345,0.0,0.0,0.0,0.0,0.0,0,0,0.0,0.0,0,0.0,0.0,0.0,1,0,1,0,0.0,0.0,0.0,1,0.0,0,0.0,0.0,0.0,1,1.0,1.0,0.0,1.0,0.0,0.0,0.0,0.0,0,0.0,1,0.0,1,0.0,0,1.0,0.0,0.0,1,0,0,0.0,0,0,0.0,0.0,0.0,0.0,0.0,1.0,1,0.0,1,0.0,0,0,0.0,0.0,1.0,1.0,0.0,inward,BZT
346,0.0,0.0,0.0,0.0,0.0,0,0,0.0,0.0,0,0.0,0.0,0.0,1,0,1,1,0.0,0.0,0.0,0,0.0,0,0.0,0.0,0.0,1,1.0,1.0,0.0,1.0,0.0,0.0,0.0,0.0,0,0.0,1,0.0,1,0.0,0,1.0,0.0,0.0,1,1,1,0.0,1,0,0.0,0.0,0.0,0.0,0.0,0.0,1,0.0,1,0.0,1,1,0.0,0.0,1.0,1.0,0.0,inward,BZT
347,0.0,0.0,0.0,0.0,0.0,0,1,0.0,0.0,0,0.0,0.0,0.0,1,0,1,1,0.0,0.0,0.0,0,0.0,0,0.0,0.0,0.0,1,1.0,0.0,0.0,1.0,0.0,0.0,0.0,0.0,0,0.0,1,0.0,1,0.0,1,1.0,0.0,0.0,1,0,1,0.0,0,0,0.0,0.0,0.0,0.0,0.0,0.0,1,0.0,0,0.0,0,0,0.0,0.0,1.0,1.0,0.0,inward,BZT
348,0.0,0.0,0.0,0.0,0.0,0,0,0.0,0.0,0,0.0,0.0,0.0,1,0,1,1,0.0,0.0,0.0,1,0.0,0,0.0,0.0,0.0,1,1.0,1.0,0.0,1.0,0.0,1.0,0.0,0.0,0,0.0,1,0.0,1,0.0,1,1.0,0.0,0.0,1,0,1,0.0,0,0,0.0,0.0,0.0,0.0,0.0,0.0,1,0.0,1,0.0,1,1,0.0,0.0,1.0,0.0,0.0,inward,BZT
349,0.0,0.0,0.0,0.0,0.0,0,0,0.0,0.0,0,0.0,0.0,0.0,1,0,1,1,0.0,0.0,0.0,0,1.0,0,0.0,0.0,0.0,0,1.0,0.0,0.0,1.0,0.0,0.0,0.0,0.0,0,0.0,1,0.0,1,0.0,1,0.0,0.0,0.0,1,0,1,0.0,0,1,0.0,0.0,0.0,0.0,0.0,0.0,1,0.0,0,0.0,0,0,1.0,0.0,1.0,0.0,0.0,inward,BZT
350,0.0,0.0,0.0,0.0,0.0,0,0,0.0,0.0,0,0.0,0.0,0.0,1,1,1,1,0.0,0.0,0.0,0,1.0,0,0.0,0.0,0.0,1,1.0,0.0,0.0,1.0,0.0,0.0,0.0,0.0,0,0.0,1,0.0,1,0.0,1,1.0,0.0,0.0,1,1,1,0.0,0,1,0.0,0.0,0.0,0.0,0.0,0.0,0,0.0,1,0.0,0,1,1.0,1.0,1.0,1.0,0.0,inward,BZT
351,0.0,0.0,0.0,0.0,0.0,0,0,0.0,0.0,0,0.0,0.0,0.0,1,0,1,1,0.0,0.0,0.0,1,0.0,0,0.0,0.0,1.0,1,1.0,0.0,0.0,1.0,0.0,1.0,0.0,0.0,0,0.0,1,0.0,1,0.0,1,1.0,0.0,0.0,1,0,1,0.0,0,1,0.0,0.0,0.0,0.0,0.0,0.0,1,0.0,1,0.0,0,1,1.0,0.0,1.0,0.0,0.0,inward,BZT
352,0.0,0.0,0.0,0.0,0.0,0,1,0.0,0.0,0,0.0,0.0,0.0,1,0,1,1,0.0,0.0,0.0,0,0.0,0,0.0,0.0,1.0,1,1.0,1.0,0.0,1.0,0.0,0.0,0.0,0.0,0,0.0,1,0.0,1,0.0,0,1.0,0.0,0.0,1,1,1,0.0,0,0,0.0,0.0,0.0,0.0,0.0,0.0,1,0.0,0,0.0,1,1,1.0,0.0,1.0,1.0,0.0,inward,BZT
353,0.0,0.0,0.0,0.0,0.0,0,1,0.0,0.0,0,0.0,0.0,0.0,1,0,1,0,0.0,0.0,0.0,0,0.0,0,0.0,0.0,1.0,1,1.0,1.0,0.0,1.0,0.0,0.0,0.0,0.0,0,0.0,1,0.0,1,0.0,0,1.0,0.0,0.0,1,0,1,0.0,0,0,0.0,0.0,0.0,0.0,0.0,1.0,1,0.0,0,0.0,0,0,1.0,1.0,1.0,1.0,0.0,inward,BZT
354,0.0,0.0,0.0,0.0,0.0,0,0,0.0,0.0,0,0.0,0.0,0.0,1,0,1,1,0.0,0.0,0.0,0,0.0,0,0.0,0.0,0.0,1,1.0,0.0,0.0,1.0,0.0,0.0,0.0,0.0,0,0.0,1,0.0,1,0.0,0,0.0,0.0,0.0,1,0,1,0.0,0,1,0.0,0.0,0.0,0.0,0.0,0.0,1,0.0,1,0.0,0,1,1.0,0.0,1.0,1.0,0.0,inward,BZT
355,0.0,0.0,0.0,0.0,0.0,0,0,0.0,0.0,0,0.0,0.0,0.0,0,0,1,1,0.0,0.0,0.0,0,0.0,0,0.0,0.0,1.0,1,1.0,1.0,0.0,1.0,0.0,1.0,0.0,0.0,0,0.0,1,0.0,1,0.0,0,0.0,0.0,0.0,1,0,0,0.0,1,1,0.0,0.0,0.0,0.0,0.0,1.0,1,0.0,1,0.0,0,0,1.0,0.0,1.0,1.0,0.0,inward,BZT
356,0.0,0.0,0.0,0.0,0.0,0,0,0.0,0.0,0,0.0,0.0,0.0,1,0,1,1,0.0,0.0,0.0,1,1.0,0,1.0,0.0,0.0,1,1.0,1.0,0.0,1.0,0.0,0.0,0.0,0.0,0,0.0,1,0.0,1,0.0,1,0.0,0.0,0.0,1,0,1,0.0,0,1,0.0,0.0,0.0,0.0,0.0,1.0,1,0.0,1,0.0,0,0,1.0,1.0,1.0,1.0,0.0,inward,BZT
357,0.0,0.0,0.0,0.0,0.0,0,0,0.0,0.0,0,0.0,0.0,0.0,1,0,1,0,0.0,0.0,0.0,0,1.0,0,0.0,0.0,1.0,0,1.0,1.0,0.0,1.0,0.0,1.0,0.0,0.0,0,0.0,1,0.0,1,0.0,0,0.0,0.0,0.0,1,1,1,0.0,0,0,0.0,0.0,0.0,0.0,0.0,1.0,1,0.0,1,0.0,0,0,1.0,0.0,1.0,1.0,0.0,inward,BZT
358,0.0,0.0,0.0,0.0,0.0,0,0,0.0,0.0,0,0.0,0.0,0.0,1,0,1,1,0.0,0.0,0.0,0,0.0,0,0.0,0.0,0.0,1,1.0,0.0,0.0,0.0,0.0,0.0,0.0,0.0,0,0.0,1,0.0,1,0.0,1,0.0,0.0,0.0,1,0,1,0.0,1,1,0.0,0.0,0.0,0.0,0.0,1.0,1,0.0,1,0.0,0,0,1.0,1.0,1.0,1.0,0.0,inward,BZT
359,0.0,0.0,0.0,0.0,0.0,0,0,0.0,0.0,0,0.0,0.0,0.0,1,0,1,1,0.0,0.0,0.0,0,0.0,0,0.0,0.0,1.0,1,1.0,0.0,0.0,1.0,1.0,0.0,0.0,0.0,0,0.0,1,0.0,1,0.0,0,1.0,0.0,0.0,1,0,1,0.0,0,0,0.0,0.0,0.0,0.0,0.0,1.0,1,0.0,1,0.0,0,1,1.0,0.0,1.0,1.0,0.0,inward,BZT
360,0.0,0.0,0.0,0.0,0.0,0,1,0.0,0.0,0,0.0,0.0,0.0,0,0,1,1,0.0,0.0,0.0,0,1.0,0,0.0,0.0,0.0,0,0.0,0.0,0.0,0.0,0.0,0.0,0.0,0.0,0,0.0,1,0.0,1,0.0,0,1.0,0.0,0.0,1,0,1,0.0,0,0,0.0,0.0,0.0,0.0,0.0,1.0,1,0.0,1,0.0,0,1,1.0,0.0,1.0,1.0,0.0,inward,BZT
361,0.0,0.0,0.0,0.0,0.0,0,1,0.0,0.0,0,0.0,0.0,0.0,0,0,1,0,0.0,0.0,0.0,0,0.0,0,0.0,0.0,1.0,1,1.0,1.0,0.0,1.0,0.0,0.0,0.0,0.0,0,0.0,1,0.0,1,0.0,1,1.0,0.0,0.0,1,0,1,0.0,0,0,0.0,0.0,0.0,0.0,0.0,0.0,1,0.0,0,0.0,0,0,1.0,1.0,1.0,1.0,0.0,inward,BZT
362,0.0,0.0,0.0,0.0,0.0,0,0,0.0,0.0,0,0.0,0.0,0.0,1,0,1,1,0.0,0.0,0.0,0,0.0,0,0.0,0.0,1.0,0,1.0,1.0,0.0,1.0,0.0,1.0,0.0,0.0,0,0.0,1,0.0,1,0.0,1,0.0,0.0,0.0,1,0,0,0.0,0,1,0.0,0.0,0.0,0.0,0.0,0.0,1,0.0,1,0.0,0,0,1.0,0.0,1.0,1.0,0.0,inward,BZT
363,0.0,0.0,0.0,0.0,0.0,0,1,0.0,0.0,0,0.0,0.0,0.0,1,0,1,1,0.0,0.0,0.0,1,0.0,1,0.0,0.0,1.0,0,1.0,0.0,0.0,0.0,0.0,0.0,0.0,0.0,0,0.0,1,0.0,1,0.0,1,1.0,0.0,1.0,1,0,0,0.0,0,0,0.0,0.0,0.0,0.0,0.0,1.0,1,0.0,1,0.0,0,0,1.0,1.0,1.0,0.0,0.0,inward,BZT
364,0.0,0.0,0.0,0.0,0.0,0,0,0.0,0.0,0,0.0,0.0,0.0,1,0,1,1,0.0,0.0,0.0,0,1.0,0,0.0,0.0,1.0,1,1.0,1.0,0.0,0.0,0.0,0.0,0.0,0.0,0,0.0,1,0.0,1,0.0,0,1.0,0.0,0.0,1,0,0,0.0,1,0,0.0,0.0,0.0,0.0,0.0,1.0,1,0.0,1,0.0,0,0,1.0,1.0,1.0,1.0,0.0,inward,BZT
365,0.0,0.0,0.0,0.0,0.0,0,0,0.0,0.0,0,0.0,0.0,0.0,1,0,1,1,0.0,0.0,0.0,1,0.0,0,0.0,0.0,1.0,1,1.0,1.0,0.0,1.0,0.0,0.0,0.0,0.0,0,0.0,1,0.0,1,0.0,1,1.0,0.0,0.0,1,0,1,0.0,0,0,0.0,0.0,0.0,0.0,0.0,1.0,1,0.0,1,0.0,0,1,1.0,0.0,1.0,1.0,0.0,inward,BZT
366,0.0,0.0,0.0,0.0,0.0,0,0,0.0,0.0,0,0.0,0.0,0.0,1,0,1,0,0.0,0.0,0.0,1,1.0,0,0.0,0.0,1.0,1,1.0,0.0,0.0,1.0,0.0,0.0,0.0,0.0,0,0.0,1,0.0,1,0.0,0,1.0,0.0,0.0,1,0,0,0.0,1,0,0.0,0.0,0.0,0.0,0.0,1.0,1,0.0,1,0.0,0,0,1.0,0.0,1.0,1.0,0.0,inward,BZT
367,0.0,0.0,0.0,0.0,0.0,0,1,0.0,0.0,0,0.0,0.0,0.0,1,0,1,1,0.0,0.0,0.0,0,0.0,0,0.0,0.0,1.0,0,1.0,1.0,0.0,1.0,0.0,0.0,0.0,0.0,0,0.0,1,0.0,1,0.0,0,1.0,0.0,0.0,1,0,1,0.0,0,0,0.0,0.0,0.0,0.0,0.0,1.0,1,0.0,1,0.0,0,1,0.0,0.0,1.0,1.0,0.0,inward,BZT
368,0.0,0.0,0.0,0.0,0.0,0,0,0.0,1.0,1,0.0,0.0,0.0,1,0,1,1,0.0,0.0,0.0,0,0.0,0,0.0,0.0,0.0,1,1.0,0.0,0.0,1.0,0.0,0.0,0.0,0.0,0,0.0,1,0.0,1,0.0,0,1.0,0.0,0.0,1,1,1,0.0,1,0,0.0,0.0,0.0,0.0,0.0,1.0,1,0.0,1,0.0,0,0,0.0,0.0,1.0,1.0,0.0,inward,BZT
369,0.0,0.0,0.0,0.0,0.0,0,0,0.0,0.0,0,0.0,0.0,0.0,1,0,1,1,0.0,0.0,0.0,1,0.0,0,0.0,0.0,1.0,1,1.0,0.0,0.0,1.0,1.0,0.0,0.0,0.0,0,0.0,1,0.0,1,0.0,1,1.0,0.0,0.0,1,0,1,0.0,1,0,0.0,0.0,0.0,0.0,0.0,0.0,0,0.0,1,0.0,0,0,1.0,1.0,1.0,1.0,0.0,inward,BZT
370,0.0,0.0,0.0,0.0,0.0,0,1,0.0,0.0,0,0.0,0.0,0.0,1,0,1,0,0.0,0.0,0.0,0,0.0,0,0.0,0.0,1.0,1,1.0,1.0,0.0,0.0,1.0,0.0,0.0,0.0,0,0.0,1,0.0,1,0.0,1,1.0,0.0,0.0,1,0,1,0.0,0,0,0.0,0.0,0.0,0.0,0.0,1.0,1,0.0,1,0.0,0,1,1.0,0.0,1.0,1.0,0.0,inward,BZT
371,0.0,0.0,0.0,0.0,0.0,0,0,0.0,0.0,0,0.0,0.0,0.0,0,0,1,1,0.0,0.0,0.0,0,0.0,0,0.0,0.0,1.0,1,1.0,0.0,0.0,1.0,1.0,0.0,0.0,0.0,0,0.0,1,0.0,1,0.0,0,0.0,0.0,0.0,1,0,1,0.0,0,1,0.0,0.0,0.0,0.0,0.0,1.0,1,0.0,1,0.0,0,0,1.0,0.0,1.0,0.0,0.0,inward,BZT
372,0.0,0.0,0.0,0.0,0.0,0,0,0.0,0.0,0,0.0,0.0,0.0,1,0,1,1,0.0,0.0,0.0,0,0.0,0,0.0,0.0,1.0,1,1.0,0.0,0.0,1.0,0.0,1.0,0.0,0.0,0,0.0,1,0.0,1,0.0,0,1.0,0.0,0.0,1,0,1,0.0,1,0,0.0,0.0,0.0,0.0,0.0,0.0,0,0.0,0,0.0,0,0,1.0,0.0,1.0,1.0,0.0,inward,BZT
373,0.0,0.0,0.0,0.0,0.0,0,1,0.0,0.0,0,0.0,0.0,0.0,1,0,1,1,0.0,0.0,0.0,0,0.0,0,0.0,0.0,1.0,1,1.0,0.0,0.0,1.0,0.0,1.0,0.0,0.0,0,0.0,1,0.0,1,0.0,0,1.0,0.0,0.0,1,1,1,0.0,0,1,0.0,0.0,0.0,0.0,0.0,1.0,1,0.0,1,0.0,0,0,1.0,1.0,1.0,1.0,0.0,inward,BZT
374,0.0,0.0,0.0,0.0,0.0,0,0,0.0,0.0,0,0.0,0.0,0.0,1,0,1,0,0.0,0.0,0.0,0,0.0,0,0.0,0.0,1.0,1,1.0,0.0,0.0,1.0,0.0,0.0,0.0,0.0,0,0.0,1,0.0,1,0.0,0,1.0,0.0,0.0,1,0,1,0.0,1,1,0.0,0.0,0.0,0.0,0.0,0.0,1,0.0,1,0.0,0,0,0.0,0.0,1.0,1.0,0.0,inward,BZT
375,0.0,0.0,0.0,0.0,0.0,0,1,0.0,0.0,0,0.0,0.0,0.0,1,0,1,0,0.0,0.0,0.0,1,1.0,1,0.0,0.0,0.0,0,1.0,0.0,0.0,1.0,0.0,0.0,0.0,0.0,0,0.0,1,0.0,1,0.0,0,1.0,0.0,0.0,1,0,1,0.0,0,0,0.0,0.0,0.0,0.0,0.0,0.0,1,0.0,1,0.0,0,0,1.0,0.0,1.0,1.0,0.0,inward,BZT
376,0.0,0.0,0.0,0.0,0.0,0,0,0.0,0.0,0,0.0,0.0,0.0,1,0,1,1,0.0,0.0,0.0,1,0.0,0,0.0,0.0,0.0,1,1.0,1.0,0.0,1.0,0.0,0.0,0.0,0.0,0,0.0,1,0.0,1,0.0,1,1.0,0.0,0.0,1,0,1,0.0,0,1,0.0,0.0,0.0,0.0,0.0,0.0,1,0.0,1,0.0,0,0,1.0,0.0,1.0,0.0,0.0,inward,BZT
377,0.0,0.0,0.0,0.0,0.0,0,0,0.0,0.0,0,0.0,0.0,0.0,0,0,1,1,0.0,0.0,0.0,1,1.0,0,0.0,0.0,1.0,1,0.0,0.0,0.0,1.0,0.0,0.0,0.0,0.0,0,0.0,1,0.0,1,0.0,0,0.0,0.0,0.0,1,0,1,0.0,0,0,0.0,0.0,0.0,0.0,0.0,1.0,1,0.0,1,0.0,0,0,1.0,0.0,1.0,0.0,0.0,inward,BZT
378,0.0,0.0,0.0,0.0,0.0,0,0,0.0,0.0,0,0.0,0.0,0.0,1,0,1,1,0.0,0.0,0.0,1,0.0,1,0.0,0.0,1.0,1,1.0,1.0,0.0,1.0,0.0,0.0,0.0,0.0,0,0.0,1,0.0,0,0.0,0,1.0,0.0,0.0,1,0,0,0.0,0,0,0.0,0.0,0.0,0.0,0.0,1.0,1,0.0,1,0.0,0,1,1.0,0.0,1.0,1.0,0.0,inward,BZT
379,0.0,0.0,0.0,0.0,0.0,1,1,0.0,0.0,0,0.0,0.0,0.0,1,0,1,1,0.0,0.0,0.0,1,0.0,0,0.0,0.0,1.0,1,1.0,0.0,0.0,1.0,0.0,1.0,0.0,0.0,0,0.0,1,0.0,1,0.0,0,0.0,0.0,0.0,1,0,1,0.0,0,0,0.0,0.0,0.0,0.0,0.0,1.0,1,0.0,1,0.0,0,0,1.0,0.0,1.0,1.0,0.0,inward,BZT
380,0.0,0.0,0.0,0.0,0.0,0,1,0.0,0.0,0,0.0,0.0,0.0,1,0,1,1,0.0,0.0,0.0,1,1.0,0,0.0,0.0,1.0,1,1.0,1.0,0.0,1.0,0.0,1.0,0.0,0.0,0,0.0,1,0.0,1,0.0,0,0.0,0.0,0.0,1,0,1,0.0,0,1,0.0,0.0,0.0,0.0,0.0,0.0,1,0.0,1,0.0,0,0,0.0,0.0,1.0,0.0,0.0,inward,BZT
381,0.0,0.0,0.0,0.0,0.0,0,1,0.0,0.0,0,0.0,0.0,0.0,1,0,1,1,0.0,0.0,0.0,0,1.0,0,0.0,0.0,0.0,0,1.0,0.0,0.0,1.0,0.0,0.0,0.0,0.0,0,0.0,1,0.0,1,0.0,0,0.0,0.0,0.0,1,0,0,0.0,0,0,0.0,0.0,0.0,0.0,0.0,0.0,1,0.0,0,0.0,0,0,1.0,0.0,1.0,0.0,0.0,inward,BZT
382,0.0,0.0,0.0,0.0,0.0,0,0,0.0,0.0,0,0.0,0.0,0.0,1,0,1,1,0.0,0.0,0.0,0,0.0,0,0.0,0.0,1.0,1,1.0,1.0,0.0,1.0,0.0,1.0,0.0,0.0,0,0.0,1,0.0,1,0.0,0,1.0,0.0,0.0,1,1,1,0.0,0,1,0.0,0.0,0.0,0.0,0.0,1.0,1,0.0,1,0.0,0,0,1.0,0.0,1.0,1.0,0.0,inward,BZT
383,0.0,0.0,0.0,0.0,0.0,0,0,0.0,0.0,0,0.0,0.0,0.0,1,0,1,1,0.0,0.0,0.0,0,0.0,0,0.0,0.0,0.0,0,1.0,1.0,0.0,1.0,0.0,0.0,0.0,0.0,0,0.0,1,0.0,1,0.0,0,0.0,0.0,0.0,1,0,1,0.0,0,0,0.0,0.0,0.0,0.0,0.0,0.0,1,0.0,0,0.0,0,1,1.0,0.0,1.0,1.0,0.0,inward,BZT
384,0.0,0.0,0.0,0.0,0.0,0,0,0.0,0.0,0,0.0,0.0,0.0,1,0,1,1,0.0,0.0,0.0,0,1.0,0,0.0,0.0,1.0,1,1.0,0.0,0.0,1.0,0.0,1.0,0.0,0.0,0,0.0,1,0.0,1,0.0,0,1.0,0.0,1.0,1,0,1,0.0,0,0,0.0,0.0,0.0,0.0,0.0,0.0,0,0.0,1,0.0,0,0,0.0,0.0,1.0,1.0,0.0,inward,BZT
385,0.0,0.0,0.0,0.0,0.0,0,1,0.0,0.0,0,0.0,0.0,0.0,0,0,1,0,0.0,0.0,0.0,0,0.0,0,0.0,0.0,1.0,1,1.0,0.0,0.0,1.0,0.0,0.0,0.0,0.0,0,0.0,1,0.0,0,0.0,0,1.0,0.0,0.0,1,0,1,0.0,1,0,0.0,0.0,0.0,0.0,0.0,0.0,1,0.0,1,0.0,0,0,1.0,0.0,1.0,1.0,0.0,inward,BZT
386,0.0,0.0,0.0,0.0,0.0,0,1,0.0,0.0,0,0.0,0.0,0.0,0,0,1,1,0.0,0.0,0.0,1,1.0,0,0.0,0.0,0.0,1,1.0,0.0,0.0,0.0,0.0,0.0,0.0,0.0,0,0.0,1,0.0,1,0.0,0,1.0,0.0,0.0,1,0,1,0.0,0,0,0.0,0.0,0.0,0.0,0.0,1.0,1,0.0,1,0.0,0,0,1.0,0.0,1.0,1.0,0.0,inward,BZT
387,0.0,0.0,0.0,0.0,0.0,0,0,0.0,0.0,0,0.0,0.0,0.0,1,0,1,0,0.0,0.0,0.0,1,0.0,0,0.0,0.0,0.0,1,1.0,1.0,0.0,1.0,0.0,0.0,0.0,0.0,0,0.0,1,0.0,1,0.0,0,1.0,0.0,1.0,1,0,1,0.0,0,0,0.0,0.0,0.0,0.0,0.0,0.0,0,0.0,1,0.0,0,0,1.0,1.0,1.0,1.0,0.0,inward,BZT
388,0.0,0.0,0.0,0.0,0.0,0,1,0.0,0.0,0,0.0,0.0,0.0,1,0,1,1,0.0,0.0,0.0,1,0.0,1,0.0,0.0,1.0,1,1.0,0.0,0.0,1.0,1.0,0.0,0.0,0.0,1,0.0,1,0.0,1,0.0,0,0.0,0.0,0.0,1,0,1,0.0,0,0,0.0,0.0,0.0,0.0,0.0,0.0,1,0.0,0,0.0,0,0,1.0,0.0,1.0,1.0,0.0,inward,BZT
389,0.0,0.0,0.0,0.0,0.0,0,0,0.0,0.0,0,0.0,0.0,0.0,1,0,1,1,0.0,0.0,0.0,0,0.0,1,0.0,0.0,1.0,0,1.0,0.0,0.0,1.0,0.0,0.0,0.0,0.0,0,0.0,1,0.0,1,0.0,1,1.0,0.0,0.0,1,0,1,0.0,0,0,0.0,0.0,0.0,0.0,0.0,1.0,1,0.0,1,0.0,0,0,1.0,0.0,1.0,1.0,0.0,inward,BZT
390,0.0,0.0,0.0,0.0,0.0,0,1,0.0,0.0,0,0.0,0.0,0.0,0,0,1,0,0.0,0.0,0.0,0,1.0,1,0.0,0.0,0.0,0,0.0,0.0,0.0,1.0,0.0,0.0,0.0,0.0,0,0.0,1,0.0,1,0.0,0,1.0,0.0,0.0,1,0,0,0.0,0,0,0.0,0.0,0.0,0.0,0.0,1.0,1,0.0,1,0.0,0,1,0.0,0.0,1.0,1.0,0.0,inward,BZT
391,0.0,0.0,0.0,0.0,0.0,0,0,0.0,0.0,0,0.0,0.0,0.0,1,0,1,1,0.0,0.0,0.0,0,1.0,1,0.0,0.0,1.0,1,1.0,0.0,0.0,1.0,0.0,0.0,0.0,0.0,0,0.0,1,0.0,1,0.0,0,1.0,0.0,0.0,1,0,1,0.0,0,0,0.0,0.0,0.0,0.0,0.0,1.0,1,0.0,1,0.0,0,0,1.0,0.0,1.0,1.0,0.0,inward,BZT
392,0.0,0.0,0.0,0.0,0.0,1,1,0.0,0.0,0,0.0,0.0,0.0,1,0,1,1,0.0,0.0,0.0,0,1.0,0,0.0,0.0,1.0,1,0.0,0.0,0.0,1.0,0.0,0.0,0.0,0.0,0,0.0,1,0.0,1,0.0,0,0.0,0.0,0.0,1,0,1,0.0,0,0,0.0,0.0,0.0,0.0,0.0,0.0,1,0.0,0,0.0,0,0,0.0,0.0,1.0,0.0,0.0,inward,BZT
393,0.0,0.0,0.0,0.0,0.0,0,0,0.0,0.0,0,0.0,0.0,0.0,1,0,1,1,0.0,0.0,0.0,0,1.0,1,0.0,0.0,1.0,1,1.0,1.0,0.0,1.0,0.0,0.0,0.0,0.0,0,0.0,1,0.0,1,0.0,1,0.0,0.0,0.0,1,0,1,0.0,1,1,0.0,0.0,0.0,0.0,0.0,0.0,1,0.0,0,0.0,0,0,0.0,0.0,1.0,1.0,0.0,inward,BZT
394,0.0,0.0,0.0,0.0,0.0,0,0,0.0,0.0,0,0.0,0.0,0.0,0,0,1,1,0.0,0.0,0.0,0,1.0,0,0.0,0.0,0.0,1,1.0,0.0,0.0,0.0,0.0,0.0,0.0,0.0,0,0.0,1,0.0,1,0.0,0,0.0,0.0,0.0,1,1,1,0.0,0,0,0.0,0.0,0.0,0.0,0.0,1.0,1,0.0,1,0.0,1,1,0.0,0.0,1.0,0.0,0.0,inward,BZT
395,0.0,0.0,0.0,0.0,0.0,0,0,0.0,0.0,0,0.0,0.0,0.0,1,0,1,1,0.0,0.0,0.0,0,1.0,1,0.0,0.0,1.0,0,1.0,0.0,0.0,1.0,0.0,0.0,0.0,0.0,0,0.0,1,0.0,1,0.0,0,0.0,0.0,0.0,1,0,1,0.0,0,1,0.0,0.0,0.0,0.0,0.0,1.0,1,0.0,1,0.0,0,0,1.0,1.0,1.0,1.0,0.0,inward,BZT
396,0.0,0.0,0.0,0.0,0.0,0,0,0.0,0.0,0,0.0,0.0,0.0,1,0,1,0,0.0,0.0,0.0,0,1.0,0,0.0,0.0,0.0,1,1.0,1.0,0.0,1.0,0.0,0.0,0.0,0.0,0,0.0,1,0.0,1,0.0,1,1.0,0.0,0.0,1,1,1,0.0,0,0,0.0,0.0,0.0,0.0,0.0,1.0,1,0.0,1,0.0,0,0,1.0,0.0,1.0,1.0,0.0,inward,BZT
397,0.0,0.0,0.0,0.0,0.0,0,0,0.0,0.0,0,0.0,0.0,0.0,1,0,0,0,0.0,0.0,0.0,0,0.0,0,0.0,0.0,0.0,0,1.0,1.0,0.0,1.0,0.0,0.0,0.0,0.0,0,0.0,1,0.0,1,0.0,1,1.0,0.0,0.0,1,0,1,0.0,0,0,0.0,0.0,0.0,0.0,0.0,1.0,1,0.0,1,0.0,0,0,0.0,0.0,1.0,1.0,0.0,inward,BZT
398,0.0,0.0,0.0,0.0,0.0,0,0,0.0,0.0,0,0.0,0.0,0.0,0,0,1,1,0.0,0.0,0.0,1,1.0,0,0.0,0.0,0.0,1,1.0,0.0,0.0,0.0,0.0,0.0,0.0,0.0,0,0.0,1,0.0,1,0.0,1,0.0,0.0,0.0,1,0,1,0.0,1,0,0.0,0.0,0.0,0.0,0.0,0.0,1,0.0,1,0.0,0,0,0.0,0.0,1.0,1.0,0.0,inward,BZT
399,0.0,0.0,0.0,0.0,0.0,0,1,0.0,0.0,0,0.0,0.0,0.0,1,0,1,1,0.0,0.0,0.0,1,0.0,0,0.0,0.0,1.0,1,1.0,1.0,0.0,1.0,0.0,0.0,0.0,0.0,0,0.0,1,0.0,1,0.0,0,0.0,0.0,0.0,1,0,1,0.0,0,0,0.0,0.0,0.0,0.0,0.0,1.0,1,0.0,1,0.0,0,0,0.0,0.0,1.0,1.0,0.0,inward,BZT
400,0.0,0.0,0.0,0.0,0.0,0,0,0.0,0.0,0,0.0,0.0,0.0,1,0,1,1,0.0,0.0,0.0,1,1.0,1,0.0,0.0,0.0,0,1.0,1.0,0.0,1.0,0.0,1.0,0.0,0.0,0,0.0,1,0.0,1,0.0,0,1.0,0.0,0.0,1,0,1,0.0,0,0,0.0,0.0,0.0,0.0,0.0,1.0,1,0.0,1,0.0,0,0,1.0,0.0,1.0,1.0,0.0,inward,BZT
401,0.0,0.0,0.0,0.0,0.0,0,0,0.0,0.0,0,0.0,0.0,0.0,1,0,1,1,0.0,0.0,0.0,0,1.0,0,0.0,0.0,1.0,1,1.0,1.0,0.0,1.0,0.0,0.0,0.0,0.0,0,0.0,1,0.0,1,0.0,1,1.0,0.0,0.0,1,0,0,0.0,0,1,0.0,0.0,0.0,0.0,0.0,0.0,1,0.0,1,0.0,0,1,0.0,0.0,1.0,0.0,0.0,inward,BZT
402,0.0,0.0,0.0,0.0,0.0,0,0,0.0,0.0,0,0.0,0.0,0.0,1,0,1,1,0.0,0.0,0.0,1,0.0,0,0.0,0.0,0.0,0,1.0,0.0,0.0,1.0,0.0,0.0,0.0,0.0,0,0.0,1,0.0,1,0.0,1,0.0,0.0,0.0,1,0,0,0.0,0,0,0.0,0.0,0.0,0.0,0.0,0.0,1,0.0,1,0.0,0,0,1.0,0.0,1.0,0.0,0.0,inward,BZT
403,0.0,0.0,0.0,0.0,0.0,0,0,0.0,0.0,0,0.0,0.0,0.0,0,0,1,1,0.0,0.0,0.0,0,0.0,0,0.0,0.0,0.0,1,1.0,0.0,0.0,1.0,0.0,0.0,0.0,0.0,0,0.0,1,0.0,1,0.0,1,1.0,0.0,0.0,1,0,1,0.0,0,0,0.0,0.0,0.0,0.0,0.0,0.0,1,0.0,1,0.0,0,0,0.0,0.0,1.0,1.0,0.0,inward,BZT
404,0.0,0.0,0.0,0.0,0.0,0,0,0.0,0.0,0,0.0,0.0,0.0,1,0,1,1,0.0,0.0,0.0,0,1.0,0,0.0,0.0,1.0,1,1.0,1.0,0.0,1.0,0.0,0.0,0.0,0.0,0,0.0,1,0.0,1,0.0,0,0.0,0.0,0.0,1,0,1,0.0,0,0,0.0,0.0,0.0,0.0,0.0,1.0,1,0.0,1,0.0,0,0,0.0,0.0,1.0,0.0,0.0,inward,BZT
405,0.0,0.0,0.0,0.0,0.0,0,0,0.0,0.0,0,0.0,0.0,0.0,1,0,1,1,0.0,0.0,0.0,0,0.0,0,0.0,0.0,0.0,0,1.0,1.0,0.0,1.0,0.0,0.0,0.0,0.0,0,0.0,1,0.0,1,0.0,0,1.0,0.0,0.0,1,1,1,0.0,1,0,0.0,0.0,0.0,0.0,0.0,1.0,1,0.0,1,0.0,0,0,1.0,0.0,1.0,1.0,0.0,inward,BZT
406,0.0,0.0,0.0,0.0,0.0,0,0,0.0,0.0,0,0.0,0.0,0.0,1,0,1,1,0.0,0.0,0.0,0,0.0,0,0.0,0.0,1.0,1,1.0,0.0,0.0,1.0,0.0,0.0,0.0,0.0,0,0.0,1,0.0,1,0.0,0,1.0,1.0,0.0,1,0,1,0.0,0,0,0.0,0.0,0.0,0.0,0.0,1.0,1,0.0,1,0.0,0,0,0.0,0.0,1.0,1.0,0.0,inward,BZT
407,0.0,0.0,0.0,0.0,0.0,0,0,0.0,0.0,0,0.0,0.0,0.0,1,0,1,1,0.0,0.0,0.0,0,1.0,0,0.0,0.0,0.0,1,1.0,0.0,0.0,1.0,0.0,0.0,0.0,0.0,0,0.0,1,0.0,0,0.0,0,0.0,0.0,0.0,1,1,1,0.0,0,0,0.0,0.0,0.0,0.0,0.0,0.0,1,0.0,1,0.0,0,0,1.0,1.0,1.0,1.0,0.0,inward,BZT
408,0.0,0.0,0.0,0.0,0.0,0,0,0.0,0.0,0,0.0,0.0,0.0,1,0,1,1,0.0,0.0,0.0,0,1.0,0,0.0,0.0,1.0,1,1.0,1.0,0.0,1.0,0.0,0.0,0.0,0.0,0,0.0,1,0.0,1,0.0,0,1.0,0.0,0.0,1,0,1,0.0,0,0,0.0,0.0,0.0,0.0,0.0,1.0,1,0.0,1,0.0,0,0,0.0,0.0,1.0,1.0,0.0,inward,BZT
409,0.0,0.0,0.0,0.0,0.0,0,0,0.0,0.0,0,0.0,0.0,0.0,1,0,1,1,0.0,0.0,0.0,0,1.0,0,0.0,0.0,0.0,1,1.0,1.0,0.0,0.0,0.0,0.0,0.0,0.0,0,0.0,1,0.0,1,0.0,0,1.0,0.0,0.0,1,0,1,0.0,0,1,0.0,0.0,0.0,0.0,0.0,0.0,1,0.0,1,0.0,0,0,0.0,0.0,1.0,1.0,0.0,inward,BZT
410,0.0,0.0,0.0,0.0,0.0,0,1,0.0,0.0,0,0.0,0.0,0.0,1,0,1,1,0.0,0.0,0.0,1,0.0,1,0.0,0.0,1.0,1,1.0,0.0,0.0,1.0,0.0,1.0,0.0,0.0,0,0.0,1,0.0,1,0.0,0,1.0,0.0,0.0,1,0,0,0.0,0,1,0.0,0.0,0.0,0.0,0.0,1.0,1,0.0,1,0.0,0,0,1.0,0.0,1.0,1.0,0.0,inward,BZT
411,0.0,0.0,0.0,0.0,0.0,0,1,0.0,0.0,0,0.0,0.0,0.0,1,0,1,0,0.0,0.0,0.0,1,0.0,0,0.0,0.0,1.0,1,1.0,1.0,0.0,1.0,0.0,1.0,0.0,0.0,0,0.0,1,0.0,1,0.0,0,1.0,0.0,0.0,1,0,1,0.0,1,0,0.0,0.0,0.0,0.0,0.0,1.0,1,0.0,1,0.0,0,0,0.0,0.0,1.0,1.0,0.0,inward,BZT
412,0.0,0.0,0.0,0.0,0.0,0,0,0.0,0.0,0,0.0,0.0,0.0,1,0,1,0,0.0,0.0,0.0,0,0.0,0,0.0,0.0,0.0,1,0.0,0.0,0.0,1.0,0.0,1.0,0.0,0.0,0,0.0,1,0.0,1,0.0,0,1.0,0.0,0.0,1,0,1,0.0,0,1,0.0,0.0,0.0,0.0,0.0,0.0,1,0.0,1,0.0,0,1,0.0,0.0,1.0,1.0,0.0,inward,BZT
413,0.0,0.0,0.0,0.0,0.0,0,0,0.0,0.0,0,0.0,0.0,0.0,0,0,1,1,0.0,0.0,0.0,0,1.0,0,0.0,0.0,0.0,1,1.0,1.0,0.0,1.0,0.0,0.0,0.0,0.0,0,0.0,1,0.0,1,0.0,0,1.0,0.0,0.0,1,0,1,0.0,0,0,0.0,0.0,0.0,0.0,0.0,0.0,1,0.0,1,0.0,0,0,0.0,0.0,1.0,1.0,0.0,inward,BZT
414,0.0,0.0,0.0,0.0,0.0,0,0,0.0,0.0,0,0.0,0.0,0.0,1,0,1,1,0.0,0.0,0.0,0,1.0,0,0.0,0.0,0.0,1,0.0,0.0,0.0,0.0,0.0,0.0,0.0,0.0,0,0.0,1,0.0,1,0.0,0,1.0,0.0,0.0,1,0,1,0.0,0,1,0.0,0.0,0.0,0.0,0.0,1.0,1,0.0,1,0.0,0,0,0.0,0.0,1.0,1.0,0.0,inward,BZT
415,0.0,0.0,0.0,0.0,0.0,0,1,0.0,0.0,0,0.0,0.0,0.0,1,0,1,0,0.0,0.0,0.0,0,0.0,1,0.0,0.0,1.0,0,1.0,0.0,0.0,1.0,0.0,0.0,0.0,0.0,0,0.0,1,0.0,0,0.0,0,1.0,0.0,0.0,1,0,1,0.0,0,0,0.0,0.0,0.0,0.0,0.0,1.0,1,0.0,1,0.0,0,0,1.0,0.0,1.0,1.0,0.0,inward,BZT
416,0.0,0.0,0.0,0.0,0.0,0,0,0.0,0.0,0,0.0,0.0,0.0,1,0,1,0,0.0,0.0,0.0,0,0.0,1,0.0,0.0,0.0,0,1.0,0.0,0.0,1.0,0.0,0.0,0.0,0.0,0,0.0,1,0.0,1,0.0,0,1.0,0.0,0.0,1,1,1,0.0,0,1,0.0,0.0,0.0,0.0,0.0,0.0,0,0.0,1,0.0,0,0,1.0,1.0,1.0,1.0,0.0,inward,BZT
417,0.0,0.0,0.0,0.0,0.0,0,0,0.0,0.0,0,0.0,0.0,0.0,1,0,1,1,0.0,0.0,0.0,0,1.0,0,0.0,0.0,1.0,1,1.0,1.0,0.0,1.0,0.0,0.0,0.0,0.0,0,0.0,1,0.0,0,0.0,0,1.0,0.0,0.0,1,0,0,0.0,1,1,0.0,0.0,0.0,0.0,0.0,1.0,1,0.0,1,0.0,0,0,0.0,0.0,1.0,1.0,0.0,inward,BZT
418,0.0,0.0,0.0,0.0,0.0,0,0,0.0,0.0,0,0.0,0.0,0.0,1,0,1,1,0.0,0.0,0.0,0,0.0,0,0.0,0.0,1.0,1,1.0,1.0,0.0,1.0,0.0,0.0,0.0,0.0,0,0.0,1,0.0,1,0.0,0,1.0,0.0,0.0,1,0,1,0.0,0,1,0.0,0.0,0.0,0.0,0.0,1.0,1,0.0,1,0.0,0,0,0.0,0.0,1.0,0.0,0.0,inward,BZT
419,0.0,0.0,0.0,0.0,0.0,0,0,0.0,0.0,0,0.0,0.0,0.0,1,0,1,1,0.0,0.0,0.0,1,0.0,0,0.0,0.0,0.0,1,0.0,0.0,0.0,1.0,0.0,0.0,0.0,0.0,0,0.0,1,0.0,1,0.0,0,1.0,0.0,0.0,1,0,1,0.0,0,1,0.0,0.0,0.0,0.0,0.0,0.0,1,0.0,1,0.0,0,0,0.0,0.0,1.0,1.0,0.0,inward,BZT
420,0.0,0.0,0.0,0.0,0.0,0,0,0.0,0.0,0,0.0,0.0,0.0,0,0,1,0,0.0,0.0,0.0,1,1.0,1,0.0,0.0,0.0,1,1.0,0.0,0.0,1.0,0.0,0.0,0.0,0.0,0,0.0,1,0.0,1,0.0,0,0.0,0.0,0.0,0,0,0,0.0,1,1,0.0,0.0,0.0,0.0,0.0,1.0,1,0.0,1,0.0,0,0,0.0,0.0,1.0,0.0,0.0,inward,BZT
421,0.0,0.0,0.0,0.0,0.0,0,0,0.0,0.0,0,0.0,0.0,0.0,0,0,1,1,0.0,0.0,0.0,0,0.0,0,0.0,0.0,1.0,1,1.0,0.0,0.0,1.0,0.0,0.0,0.0,0.0,0,0.0,0,0.0,1,0.0,0,1.0,0.0,0.0,1,0,1,0.0,0,0,0.0,0.0,0.0,0.0,0.0,0.0,1,0.0,1,0.0,0,1,0.0,0.0,1.0,0.0,0.0,inward,BZT
422,0.0,0.0,0.0,0.0,0.0,0,0,0.0,0.0,0,0.0,0.0,0.0,0,0,1,1,0.0,0.0,0.0,0,0.0,1,0.0,0.0,1.0,1,0.0,0.0,0.0,1.0,0.0,0.0,0.0,0.0,0,0.0,1,0.0,1,0.0,0,1.0,0.0,0.0,1,0,1,0.0,0,1,0.0,0.0,0.0,0.0,0.0,1.0,1,0.0,1,0.0,0,0,1.0,0.0,1.0,0.0,0.0,inward,BZT
423,0.0,0.0,0.0,0.0,0.0,0,1,0.0,0.0,0,0.0,0.0,0.0,1,0,1,1,0.0,0.0,0.0,0,1.0,0,0.0,0.0,0.0,0,1.0,0.0,0.0,0.0,0.0,0.0,0.0,0.0,0,0.0,1,0.0,1,0.0,0,1.0,0.0,0.0,1,0,1,0.0,0,1,0.0,0.0,0.0,0.0,0.0,1.0,1,0.0,1,0.0,0,0,1.0,0.0,1.0,0.0,0.0,inward,BZT
424,0.0,0.0,0.0,0.0,0.0,0,0,0.0,0.0,0,0.0,0.0,0.0,1,0,1,1,0.0,0.0,0.0,0,1.0,0,0.0,0.0,0.0,1,1.0,1.0,0.0,1.0,0.0,1.0,0.0,0.0,0,0.0,1,0.0,1,0.0,1,1.0,0.0,0.0,0,0,1,0.0,0,1,0.0,0.0,0.0,0.0,0.0,1.0,1,0.0,1,0.0,0,1,1.0,0.0,1.0,1.0,0.0,inward,BZT
425,0.0,0.0,0.0,0.0,0.0,0,1,0.0,0.0,0,0.0,0.0,0.0,1,0,1,1,0.0,0.0,0.0,0,0.0,0,0.0,0.0,1.0,0,0.0,0.0,0.0,1.0,0.0,0.0,0.0,0.0,0,0.0,1,0.0,1,0.0,0,0.0,0.0,0.0,1,0,1,0.0,0,1,0.0,0.0,0.0,0.0,0.0,1.0,1,0.0,1,0.0,0,0,1.0,0.0,1.0,1.0,0.0,inward,BZT
426,0.0,0.0,0.0,0.0,0.0,0,0,0.0,0.0,0,0.0,0.0,0.0,1,0,1,1,0.0,0.0,0.0,0,0.0,0,0.0,0.0,1.0,0,1.0,1.0,0.0,1.0,0.0,0.0,0.0,0.0,0,0.0,1,0.0,0,0.0,0,1.0,0.0,0.0,1,0,1,0.0,0,1,0.0,0.0,0.0,0.0,0.0,0.0,1,0.0,1,0.0,0,0,1.0,0.0,1.0,1.0,0.0,inward,BZT
427,0.0,0.0,0.0,0.0,0.0,0,1,0.0,0.0,0,0.0,0.0,0.0,1,0,1,1,0.0,0.0,0.0,1,0.0,0,0.0,0.0,1.0,1,1.0,1.0,0.0,1.0,0.0,1.0,0.0,0.0,0,0.0,1,0.0,1,0.0,1,1.0,1.0,1.0,1,0,1,0.0,0,0,0.0,0.0,0.0,0.0,0.0,1.0,1,0.0,1,0.0,0,0,1.0,0.0,1.0,1.0,0.0,inward,BZT
428,0.0,0.0,0.0,0.0,0.0,0,0,0.0,0.0,0,0.0,0.0,0.0,1,0,1,1,0.0,0.0,0.0,0,0.0,0,0.0,0.0,1.0,1,1.0,0.0,0.0,1.0,0.0,1.0,0.0,0.0,0,0.0,1,0.0,1,0.0,0,1.0,0.0,0.0,1,0,1,0.0,0,1,0.0,0.0,0.0,0.0,0.0,1.0,1,0.0,1,0.0,0,0,1.0,1.0,1.0,1.0,0.0,inward,BZT
429,0.0,0.0,0.0,0.0,0.0,0,0,0.0,0.0,0,0.0,0.0,0.0,1,0,1,1,0.0,0.0,0.0,0,1.0,1,0.0,0.0,1.0,0,1.0,0.0,0.0,1.0,0.0,0.0,0.0,0.0,0,0.0,1,0.0,0,0.0,0,1.0,0.0,0.0,1,0,1,0.0,0,1,0.0,0.0,0.0,0.0,0.0,0.0,1,0.0,0,0.0,0,0,1.0,0.0,1.0,1.0,0.0,inward,BZT
430,0.0,0.0,0.0,0.0,0.0,0,0,0.0,0.0,0,0.0,0.0,0.0,0,0,1,0,0.0,0.0,0.0,0,0.0,0,0.0,0.0,1.0,1,1.0,0.0,0.0,0.0,0.0,0.0,0.0,0.0,0,0.0,1,0.0,1,0.0,0,1.0,0.0,0.0,1,0,1,0.0,0,1,0.0,0.0,0.0,0.0,0.0,1.0,1,0.0,1,0.0,0,0,1.0,0.0,1.0,1.0,0.0,inward,BZT
431,0.0,0.0,0.0,0.0,0.0,0,0,0.0,0.0,0,0.0,0.0,0.0,0,0,1,1,0.0,0.0,0.0,0,1.0,0,0.0,0.0,1.0,1,1.0,1.0,0.0,0.0,0.0,0.0,0.0,0.0,0,0.0,1,0.0,0,0.0,0,0.0,0.0,0.0,1,1,1,0.0,0,1,0.0,0.0,0.0,0.0,0.0,1.0,1,0.0,1,0.0,0,0,1.0,0.0,1.0,0.0,0.0,inward,BZT
432,0.0,0.0,0.0,0.0,0.0,0,0,0.0,0.0,0,0.0,0.0,0.0,1,0,1,1,0.0,0.0,0.0,0,1.0,0,0.0,0.0,1.0,1,1.0,0.0,0.0,1.0,0.0,0.0,0.0,0.0,0,0.0,1,0.0,1,0.0,0,1.0,0.0,0.0,1,0,1,0.0,0,1,0.0,0.0,0.0,0.0,0.0,1.0,1,0.0,1,0.0,0,0,1.0,0.0,1.0,1.0,0.0,inward,BZT
433,0.0,0.0,0.0,0.0,0.0,0,1,0.0,0.0,0,0.0,0.0,0.0,0,0,1,1,0.0,0.0,0.0,0,0.0,0,0.0,0.0,1.0,1,1.0,0.0,0.0,0.0,0.0,0.0,0.0,0.0,0,0.0,1,0.0,1,0.0,0,1.0,0.0,0.0,1,0,1,0.0,0,0,0.0,0.0,0.0,0.0,0.0,0.0,1,0.0,1,0.0,0,0,1.0,0.0,1.0,1.0,0.0,inward,BZT
434,0.0,0.0,0.0,0.0,0.0,0,1,0.0,0.0,0,0.0,0.0,0.0,0,0,1,0,0.0,0.0,0.0,0,1.0,0,0.0,0.0,0.0,1,1.0,1.0,0.0,1.0,0.0,0.0,0.0,0.0,0,0.0,1,0.0,0,0.0,0,0.0,0.0,0.0,1,0,0,0.0,0,0,0.0,0.0,0.0,0.0,0.0,1.0,1,0.0,1,0.0,0,1,1.0,1.0,1.0,0.0,0.0,inward,BZT
435,0.0,0.0,0.0,0.0,0.0,0,0,0.0,0.0,0,0.0,0.0,0.0,0,0,1,1,0.0,0.0,0.0,1,1.0,0,0.0,0.0,1.0,1,1.0,1.0,0.0,1.0,0.0,1.0,0.0,0.0,0,0.0,1,0.0,1,0.0,0,0.0,0.0,0.0,1,0,0,0.0,0,1,0.0,0.0,0.0,0.0,0.0,1.0,1,0.0,1,0.0,0,0,1.0,0.0,1.0,0.0,0.0,inward,BZT
436,0.0,0.0,0.0,0.0,0.0,0,0,0.0,0.0,0,0.0,0.0,0.0,0,0,1,1,0.0,0.0,0.0,0,0.0,1,0.0,0.0,0.0,1,1.0,1.0,0.0,1.0,0.0,0.0,0.0,0.0,0,0.0,1,0.0,1,0.0,0,0.0,0.0,0.0,1,0,1,0.0,0,1,0.0,0.0,0.0,0.0,0.0,0.0,1,0.0,1,0.0,0,0,1.0,0.0,1.0,0.0,0.0,inward,BZT
437,0.0,0.0,0.0,0.0,0.0,0,0,0.0,0.0,0,0.0,0.0,0.0,1,0,1,1,0.0,0.0,0.0,0,0.0,0,0.0,0.0,1.0,1,1.0,0.0,0.0,1.0,0.0,0.0,0.0,0.0,0,0.0,1,0.0,1,0.0,0,1.0,0.0,0.0,1,0,1,0.0,1,0,0.0,0.0,0.0,0.0,0.0,1.0,1,0.0,1,0.0,0,0,1.0,0.0,1.0,0.0,0.0,inward,BZT
438,0.0,0.0,0.0,0.0,0.0,0,1,0.0,0.0,0,0.0,0.0,0.0,0,0,1,1,0.0,0.0,0.0,1,1.0,0,0.0,0.0,0.0,0,1.0,0.0,0.0,1.0,0.0,1.0,0.0,0.0,0,0.0,1,0.0,1,0.0,1,1.0,0.0,0.0,1,0,1,0.0,0,0,0.0,0.0,0.0,0.0,0.0,0.0,1,0.0,1,0.0,0,0,1.0,0.0,1.0,0.0,0.0,inward,BZT
439,0.0,0.0,0.0,0.0,0.0,0,0,0.0,0.0,0,0.0,0.0,0.0,0,0,1,1,0.0,0.0,0.0,0,0.0,1,0.0,0.0,1.0,1,0.0,0.0,0.0,1.0,0.0,0.0,0.0,0.0,0,0.0,1,0.0,1,0.0,0,0.0,0.0,0.0,1,0,1,0.0,0,0,0.0,0.0,0.0,0.0,0.0,0.0,1,0.0,0,0.0,0,0,1.0,0.0,1.0,1.0,0.0,inward,BZT
440,0.0,0.0,0.0,0.0,0.0,0,0,0.0,0.0,0,0.0,0.0,0.0,1,0,1,1,0.0,0.0,0.0,0,0.0,0,0.0,0.0,1.0,1,1.0,0.0,0.0,1.0,0.0,0.0,0.0,0.0,0,0.0,1,0.0,1,0.0,0,0.0,0.0,0.0,1,0,1,0.0,0,0,0.0,0.0,0.0,0.0,0.0,1.0,1,0.0,1,0.0,0,0,1.0,1.0,1.0,1.0,0.0,inward,BZT
441,0.0,0.0,0.0,0.0,0.0,0,0,0.0,0.0,0,0.0,0.0,0.0,1,0,1,1,0.0,0.0,0.0,0,0.0,1,0.0,0.0,0.0,1,1.0,0.0,0.0,1.0,0.0,0.0,0.0,0.0,0,0.0,1,0.0,1,0.0,0,1.0,0.0,0.0,1,1,1,0.0,0,0,0.0,0.0,0.0,0.0,0.0,1.0,1,0.0,1,0.0,0,0,1.0,0.0,1.0,0.0,0.0,inward,BZT
442,0.0,0.0,0.0,0.0,0.0,0,0,0.0,0.0,0,0.0,0.0,0.0,0,0,1,0,0.0,0.0,0.0,0,0.0,1,0.0,0.0,1.0,1,1.0,0.0,0.0,1.0,0.0,0.0,0.0,0.0,0,0.0,1,0.0,1,0.0,0,1.0,0.0,0.0,1,0,1,0.0,0,0,0.0,0.0,0.0,0.0,0.0,1.0,1,0.0,1,0.0,0,0,1.0,1.0,1.0,1.0,0.0,inward,BZT
443,0.0,0.0,0.0,0.0,0.0,0,0,0.0,0.0,0,0.0,0.0,0.0,0,0,1,0,0.0,0.0,0.0,0,1.0,0,0.0,0.0,1.0,1,1.0,1.0,0.0,1.0,0.0,1.0,0.0,0.0,0,0.0,1,0.0,1,0.0,0,0.0,0.0,0.0,1,0,1,0.0,0,0,0.0,0.0,0.0,0.0,0.0,1.0,1,0.0,1,0.0,0,0,1.0,0.0,1.0,1.0,0.0,inward,BZT
444,0.0,0.0,0.0,0.0,0.0,0,0,0.0,0.0,0,0.0,0.0,0.0,0,0,1,0,0.0,0.0,0.0,1,1.0,1,0.0,0.0,1.0,1,1.0,0.0,0.0,1.0,0.0,0.0,0.0,0.0,0,0.0,1,0.0,1,0.0,0,0.0,0.0,0.0,1,1,1,0.0,0,1,0.0,0.0,0.0,0.0,0.0,1.0,1,0.0,1,0.0,0,0,1.0,0.0,1.0,1.0,0.0,inward,BZT
445,0.0,0.0,0.0,0.0,0.0,0,0,0.0,0.0,0,0.0,0.0,0.0,0,0,1,1,0.0,0.0,0.0,0,0.0,0,0.0,0.0,1.0,1,1.0,1.0,0.0,1.0,0.0,0.0,0.0,0.0,0,0.0,1,0.0,1,0.0,0,0.0,0.0,0.0,1,0,1,0.0,0,1,0.0,0.0,0.0,0.0,0.0,0.0,1,0.0,1,0.0,0,0,1.0,0.0,1.0,0.0,0.0,inward,BZT
446,0.0,0.0,0.0,0.0,0.0,0,0,0.0,0.0,0,0.0,0.0,0.0,0,0,1,0,0.0,0.0,0.0,0,0.0,0,0.0,0.0,1.0,1,1.0,0.0,0.0,1.0,0.0,0.0,0.0,0.0,0,0.0,1,0.0,1,0.0,0,1.0,0.0,0.0,1,0,0,0.0,0,0,0.0,1.0,0.0,0.0,0.0,1.0,1,0.0,1,0.0,0,0,0.0,0.0,1.0,1.0,0.0,inward,BZT
447,0.0,0.0,0.0,0.0,0.0,0,1,0.0,0.0,0,0.0,0.0,0.0,1,0,1,1,0.0,0.0,0.0,1,1.0,0,0.0,0.0,0.0,1,1.0,0.0,0.0,1.0,0.0,0.0,0.0,0.0,0,0.0,1,0.0,1,0.0,1,1.0,0.0,0.0,1,0,1,0.0,0,0,0.0,1.0,0.0,0.0,0.0,0.0,1,0.0,1,0.0,0,0,1.0,0.0,1.0,1.0,0.0,inward,BZT
448,0.0,0.0,0.0,0.0,0.0,0,1,0.0,0.0,0,0.0,0.0,0.0,0,0,1,1,0.0,0.0,0.0,1,1.0,1,0.0,0.0,1.0,1,1.0,0.0,0.0,1.0,0.0,0.0,0.0,0.0,0,0.0,1,0.0,1,0.0,0,0.0,0.0,0.0,1,0,1,0.0,0,0,0.0,0.0,0.0,0.0,0.0,1.0,1,0.0,1,0.0,0,0,1.0,1.0,1.0,1.0,0.0,inward,BZT
449,0.0,0.0,0.0,0.0,0.0,0,1,0.0,0.0,0,0.0,0.0,0.0,1,0,1,1,0.0,0.0,0.0,0,1.0,0,0.0,0.0,0.0,0,1.0,1.0,0.0,0.0,0.0,0.0,0.0,0.0,0,0.0,1,0.0,1,0.0,0,0.0,0.0,0.0,1,1,1,0.0,0,1,0.0,0.0,0.0,0.0,0.0,0.0,1,0.0,0,0.0,0,0,1.0,0.0,1.0,1.0,0.0,inward,BZT
450,0.0,0.0,0.0,0.0,0.0,1,1,0.0,0.0,0,0.0,0.0,0.0,0,0,1,1,0.0,0.0,0.0,1,0.0,0,0.0,0.0,1.0,1,1.0,0.0,0.0,1.0,0.0,0.0,0.0,0.0,1,0.0,1,0.0,1,0.0,0,0.0,0.0,0.0,1,0,1,0.0,0,0,0.0,0.0,0.0,0.0,0.0,0.0,1,0.0,1,0.0,0,0,1.0,0.0,1.0,1.0,0.0,inward,BZT
451,0.0,0.0,0.0,0.0,0.0,0,0,0.0,0.0,0,0.0,0.0,0.0,1,0,1,1,0.0,0.0,0.0,1,0.0,0,0.0,0.0,1.0,1,1.0,1.0,0.0,0.0,0.0,0.0,0.0,0.0,0,0.0,1,0.0,1,0.0,0,0.0,0.0,0.0,1,1,1,0.0,0,1,0.0,0.0,0.0,0.0,0.0,1.0,1,0.0,1,0.0,0,0,1.0,0.0,1.0,1.0,0.0,inward,BZT
452,0.0,0.0,0.0,0.0,0.0,0,0,0.0,0.0,0,0.0,0.0,0.0,0,0,1,1,0.0,0.0,0.0,0,0.0,0,0.0,0.0,1.0,1,1.0,0.0,0.0,0.0,0.0,0.0,0.0,0.0,1,0.0,1,0.0,1,0.0,0,0.0,0.0,0.0,1,0,0,0.0,0,1,0.0,0.0,0.0,0.0,0.0,0.0,1,0.0,0,0.0,0,0,1.0,0.0,1.0,1.0,0.0,inward,BZT
453,0.0,0.0,0.0,0.0,0.0,0,0,0.0,0.0,0,0.0,0.0,0.0,0,0,1,1,0.0,0.0,0.0,0,0.0,0,0.0,0.0,1.0,1,1.0,1.0,0.0,1.0,0.0,0.0,0.0,0.0,0,0.0,1,0.0,1,0.0,0,1.0,0.0,0.0,1,0,1,0.0,0,1,0.0,0.0,0.0,0.0,0.0,1.0,1,0.0,1,0.0,0,1,1.0,0.0,1.0,1.0,0.0,inward,BZT
454,0.0,0.0,0.0,0.0,0.0,0,1,0.0,0.0,0,0.0,0.0,0.0,0,0,1,1,0.0,0.0,0.0,1,0.0,0,0.0,0.0,0.0,0,1.0,0.0,0.0,1.0,0.0,0.0,0.0,0.0,1,0.0,1,0.0,1,0.0,0,0.0,0.0,0.0,1,0,0,0.0,0,1,0.0,0.0,0.0,0.0,0.0,0.0,1,0.0,1,0.0,0,0,1.0,0.0,1.0,1.0,0.0,inward,BZT
455,0.0,0.0,0.0,0.0,0.0,0,0,0.0,0.0,0,0.0,0.0,0.0,1,0,1,1,0.0,0.0,0.0,0,0.0,0,0.0,0.0,0.0,0,1.0,0.0,0.0,0.0,0.0,0.0,0.0,0.0,0,0.0,1,0.0,1,0.0,0,1.0,0.0,0.0,1,1,0,0.0,0,1,0.0,0.0,0.0,0.0,0.0,0.0,1,0.0,0,0.0,0,0,1.0,1.0,1.0,1.0,0.0,inward,BZT
456,0.0,0.0,0.0,0.0,0.0,0,0,0.0,0.0,0,0.0,0.0,0.0,1,0,1,1,0.0,0.0,0.0,0,0.0,0,0.0,0.0,1.0,1,1.0,1.0,0.0,1.0,0.0,0.0,0.0,0.0,0,0.0,1,0.0,1,0.0,0,1.0,0.0,0.0,1,0,1,0.0,0,1,0.0,0.0,0.0,0.0,0.0,1.0,1,0.0,1,0.0,0,0,1.0,0.0,1.0,1.0,0.0,inward,BZT
457,0.0,0.0,0.0,0.0,0.0,0,0,0.0,0.0,0,0.0,0.0,0.0,1,0,1,1,0.0,0.0,0.0,1,1.0,0,0.0,0.0,1.0,1,1.0,1.0,0.0,1.0,0.0,0.0,0.0,0.0,0,0.0,1,0.0,1,0.0,1,1.0,1.0,0.0,1,0,1,0.0,1,0,0.0,0.0,0.0,0.0,0.0,0.0,1,0.0,1,0.0,0,0,1.0,0.0,1.0,1.0,0.0,inward,BZT
458,0.0,0.0,0.0,0.0,0.0,0,1,0.0,0.0,0,0.0,0.0,0.0,0,0,1,1,0.0,0.0,0.0,0,1.0,0,0.0,0.0,1.0,1,1.0,0.0,0.0,0.0,0.0,0.0,0.0,0.0,0,0.0,1,0.0,1,0.0,0,0.0,0.0,0.0,1,0,1,0.0,0,1,0.0,0.0,0.0,0.0,0.0,1.0,1,0.0,1,0.0,0,0,1.0,1.0,1.0,1.0,0.0,inward,BZT
459,0.0,0.0,0.0,0.0,0.0,0,1,0.0,0.0,0,0.0,0.0,0.0,0,0,1,1,0.0,0.0,0.0,0,1.0,0,0.0,0.0,1.0,1,1.0,0.0,0.0,1.0,0.0,0.0,0.0,0.0,0,0.0,1,0.0,1,0.0,0,0.0,0.0,0.0,1,0,1,0.0,0,0,0.0,0.0,0.0,0.0,0.0,1.0,1,0.0,1,0.0,0,0,1.0,0.0,1.0,0.0,0.0,inward,BZT
460,0.0,0.0,0.0,0.0,0.0,0,0,0.0,0.0,0,0.0,0.0,0.0,0,0,1,1,0.0,0.0,0.0,1,0.0,0,0.0,0.0,1.0,0,1.0,0.0,0.0,1.0,0.0,0.0,0.0,0.0,0,0.0,1,0.0,1,0.0,0,1.0,0.0,0.0,1,0,1,0.0,0,1,0.0,0.0,0.0,0.0,0.0,1.0,1,0.0,1,0.0,0,0,0.0,0.0,1.0,1.0,0.0,inward,BZT
461,0.0,0.0,0.0,0.0,0.0,0,0,0.0,0.0,0,0.0,0.0,0.0,1,0,1,1,0.0,0.0,0.0,0,1.0,0,0.0,0.0,0.0,0,1.0,1.0,0.0,1.0,0.0,0.0,0.0,0.0,0,0.0,1,0.0,1,0.0,0,0.0,0.0,0.0,1,0,1,0.0,0,1,0.0,0.0,0.0,0.0,0.0,0.0,1,0.0,1,0.0,0,0,1.0,0.0,1.0,1.0,0.0,inward,BZT
462,0.0,0.0,0.0,0.0,0.0,0,1,0.0,0.0,0,0.0,0.0,0.0,1,0,1,1,0.0,0.0,0.0,1,0.0,0,0.0,0.0,1.0,0,1.0,0.0,0.0,1.0,0.0,0.0,0.0,0.0,0,0.0,1,0.0,1,0.0,0,1.0,0.0,0.0,1,0,1,0.0,1,1,0.0,1.0,0.0,0.0,0.0,1.0,1,0.0,1,0.0,0,0,1.0,1.0,1.0,1.0,0.0,inward,BZT
463,0.0,0.0,0.0,0.0,0.0,0,0,0.0,0.0,0,0.0,0.0,0.0,0,0,1,1,0.0,0.0,0.0,1,1.0,0,0.0,0.0,0.0,0,1.0,1.0,0.0,1.0,0.0,1.0,0.0,0.0,1,0.0,1,0.0,1,0.0,0,1.0,0.0,1.0,1,0,1,0.0,0,0,0.0,0.0,0.0,0.0,0.0,0.0,1,0.0,1,0.0,0,1,1.0,0.0,1.0,1.0,0.0,inward,BZT
464,0.0,0.0,0.0,0.0,0.0,0,1,0.0,0.0,0,0.0,0.0,0.0,1,0,1,1,0.0,0.0,0.0,0,1.0,0,0.0,0.0,0.0,0,1.0,1.0,0.0,1.0,0.0,0.0,0.0,0.0,0,0.0,0,0.0,1,0.0,0,0.0,0.0,0.0,1,0,1,0.0,0,1,0.0,0.0,0.0,0.0,0.0,1.0,1,0.0,0,0.0,0,0,1.0,0.0,1.0,1.0,0.0,inward,BZT
465,0.0,0.0,0.0,0.0,0.0,0,1,0.0,0.0,0,0.0,0.0,0.0,1,0,1,1,0.0,0.0,0.0,1,0.0,0,0.0,0.0,1.0,0,1.0,0.0,0.0,1.0,0.0,0.0,0.0,0.0,0,0.0,1,0.0,1,0.0,0,1.0,0.0,0.0,1,0,1,0.0,0,1,0.0,0.0,0.0,0.0,0.0,0.0,1,0.0,0,0.0,0,1,1.0,0.0,1.0,1.0,0.0,inward,BZT
466,0.0,0.0,0.0,0.0,0.0,0,0,0.0,0.0,0,0.0,0.0,0.0,1,0,1,1,0.0,0.0,0.0,1,0.0,0,0.0,0.0,0.0,0,1.0,0.0,0.0,1.0,0.0,0.0,0.0,0.0,0,0.0,1,0.0,1,0.0,1,1.0,0.0,0.0,1,0,0,0.0,1,1,0.0,0.0,0.0,0.0,0.0,0.0,1,0.0,0,0.0,1,0,1.0,0.0,1.0,1.0,0.0,inward,BZT
467,0.0,0.0,0.0,0.0,0.0,0,0,0.0,0.0,0,0.0,0.0,0.0,1,0,1,1,0.0,0.0,0.0,0,1.0,0,0.0,0.0,0.0,0,1.0,1.0,0.0,1.0,0.0,0.0,0.0,0.0,0,0.0,1,0.0,1,0.0,0,0.0,0.0,0.0,1,0,1,0.0,0,1,0.0,0.0,0.0,0.0,0.0,1.0,1,0.0,1,0.0,0,0,1.0,1.0,1.0,0.0,0.0,inward,BZT
468,0.0,0.0,0.0,0.0,0.0,0,0,0.0,0.0,0,0.0,0.0,0.0,0,0,1,1,0.0,0.0,0.0,1,0.0,0,0.0,0.0,1.0,1,1.0,1.0,0.0,1.0,0.0,0.0,0.0,0.0,0,0.0,1,0.0,1,0.0,1,0.0,0.0,0.0,1,0,0,0.0,1,1,0.0,0.0,0.0,0.0,0.0,1.0,1,0.0,1,0.0,0,1,1.0,0.0,1.0,1.0,0.0,inward,BZT
469,0.0,0.0,0.0,0.0,0.0,0,0,0.0,0.0,0,0.0,0.0,0.0,1,0,1,1,0.0,0.0,0.0,1,1.0,0,0.0,0.0,1.0,1,1.0,1.0,0.0,1.0,0.0,0.0,0.0,0.0,0,0.0,1,0.0,1,0.0,0,0.0,0.0,0.0,1,0,1,0.0,1,1,0.0,0.0,0.0,0.0,0.0,0.0,1,0.0,1,0.0,1,1,1.0,0.0,1.0,1.0,0.0,inward,BZT
470,0.0,0.0,0.0,0.0,0.0,0,0,0.0,0.0,0,0.0,0.0,0.0,1,0,1,1,0.0,0.0,0.0,0,0.0,0,0.0,0.0,0.0,1,1.0,0.0,0.0,1.0,0.0,1.0,0.0,0.0,0,0.0,1,0.0,1,0.0,0,1.0,0.0,0.0,1,0,1,0.0,0,0,0.0,0.0,0.0,0.0,0.0,0.0,1,0.0,1,0.0,0,0,0.0,0.0,1.0,1.0,0.0,inward,BZT
471,0.0,0.0,0.0,0.0,0.0,0,1,0.0,0.0,0,0.0,0.0,0.0,1,0,1,1,0.0,0.0,0.0,1,0.0,0,0.0,0.0,1.0,0,1.0,0.0,0.0,1.0,0.0,0.0,0.0,0.0,0,0.0,1,0.0,1,0.0,1,0.0,0.0,0.0,1,0,1,0.0,1,0,0.0,1.0,0.0,0.0,0.0,0.0,1,0.0,1,0.0,0,0,1.0,0.0,1.0,1.0,0.0,inward,BZT
472,0.0,0.0,0.0,0.0,0.0,0,1,0.0,0.0,0,0.0,0.0,0.0,1,0,1,1,0.0,0.0,0.0,0,1.0,0,0.0,0.0,0.0,0,1.0,0.0,0.0,1.0,0.0,1.0,0.0,0.0,0,0.0,1,0.0,1,0.0,1,0.0,0.0,0.0,1,0,1,0.0,0,1,0.0,0.0,0.0,0.0,0.0,1.0,1,0.0,1,0.0,0,0,1.0,0.0,1.0,1.0,0.0,inward,BZT
473,0.0,0.0,0.0,0.0,0.0,0,0,0.0,0.0,0,0.0,0.0,0.0,1,0,1,0,0.0,0.0,0.0,0,1.0,0,0.0,0.0,0.0,0,1.0,1.0,0.0,1.0,0.0,1.0,0.0,0.0,0,0.0,1,0.0,1,0.0,0,0.0,0.0,0.0,1,0,1,0.0,0,1,0.0,0.0,0.0,0.0,0.0,1.0,1,0.0,1,0.0,0,0,1.0,0.0,1.0,1.0,0.0,inward,BZT
474,0.0,0.0,0.0,0.0,0.0,0,0,0.0,0.0,0,0.0,0.0,0.0,0,0,1,1,0.0,0.0,0.0,0,0.0,1,0.0,0.0,1.0,1,1.0,0.0,0.0,0.0,0.0,0.0,0.0,0.0,0,0.0,1,0.0,1,0.0,0,1.0,0.0,0.0,1,0,0,0.0,0,1,0.0,0.0,0.0,0.0,0.0,1.0,1,0.0,1,0.0,1,1,1.0,0.0,1.0,1.0,0.0,inward,BZT
475,0.0,0.0,0.0,0.0,0.0,0,0,0.0,0.0,0,0.0,0.0,0.0,1,0,1,1,0.0,0.0,0.0,0,0.0,0,0.0,0.0,0.0,1,1.0,0.0,0.0,1.0,0.0,0.0,0.0,0.0,0,0.0,1,0.0,1,0.0,0,0.0,0.0,0.0,1,1,1,0.0,0,0,0.0,0.0,0.0,0.0,0.0,0.0,1,0.0,1,0.0,0,0,1.0,0.0,1.0,1.0,0.0,inward,BZT
476,0.0,0.0,0.0,0.0,0.0,0,0,0.0,0.0,0,0.0,0.0,0.0,1,0,1,1,0.0,0.0,0.0,1,1.0,0,1.0,0.0,0.0,0,1.0,0.0,0.0,0.0,0.0,0.0,0.0,0.0,0,0.0,1,0.0,1,0.0,0,0.0,0.0,0.0,1,1,1,0.0,0,1,0.0,0.0,0.0,0.0,0.0,0.0,1,0.0,0,0.0,1,0,1.0,0.0,1.0,1.0,0.0,inward,BZT
477,0.0,0.0,0.0,0.0,0.0,0,1,0.0,0.0,0,0.0,0.0,0.0,1,0,1,1,0.0,0.0,0.0,0,0.0,0,0.0,0.0,0.0,1,1.0,0.0,0.0,1.0,0.0,0.0,0.0,0.0,0,0.0,1,0.0,1,0.0,1,0.0,0.0,0.0,1,0,0,0.0,1,1,0.0,0.0,0.0,0.0,0.0,1.0,1,0.0,1,0.0,0,0,1.0,1.0,1.0,1.0,0.0,inward,BZT
478,0.0,0.0,0.0,0.0,0.0,0,1,0.0,0.0,0,0.0,0.0,0.0,1,0,1,1,0.0,0.0,0.0,0,0.0,0,0.0,0.0,1.0,1,1.0,1.0,0.0,0.0,0.0,0.0,0.0,0.0,0,0.0,1,0.0,1,0.0,0,1.0,0.0,0.0,1,1,1,0.0,0,0,0.0,0.0,0.0,0.0,0.0,1.0,1,0.0,1,0.0,1,0,1.0,0.0,1.0,1.0,0.0,inward,BZT
479,0.0,0.0,0.0,0.0,0.0,0,1,0.0,0.0,0,0.0,0.0,0.0,1,0,1,1,0.0,0.0,0.0,0,1.0,0,0.0,0.0,0.0,1,1.0,1.0,0.0,1.0,0.0,0.0,0.0,0.0,0,0.0,1,0.0,1,0.0,1,1.0,0.0,0.0,1,0,1,0.0,0,0,0.0,0.0,0.0,0.0,0.0,0.0,1,0.0,1,0.0,0,1,1.0,0.0,1.0,1.0,0.0,inward,BZT
480,0.0,0.0,0.0,0.0,0.0,0,1,0.0,0.0,0,0.0,0.0,0.0,1,0,1,1,0.0,0.0,0.0,0,0.0,0,0.0,0.0,1.0,1,1.0,1.0,0.0,1.0,0.0,1.0,0.0,0.0,0,0.0,1,0.0,1,0.0,0,0.0,0.0,0.0,1,0,1,0.0,0,0,0.0,0.0,0.0,0.0,0.0,0.0,0,0.0,1,0.0,0,0,1.0,0.0,1.0,1.0,0.0,inward,BZT
481,0.0,0.0,0.0,0.0,0.0,0,0,0.0,0.0,0,0.0,0.0,0.0,1,0,1,1,0.0,0.0,0.0,0,0.0,0,0.0,0.0,1.0,1,1.0,0.0,0.0,0.0,0.0,0.0,0.0,0.0,0,0.0,1,0.0,1,0.0,0,0.0,0.0,0.0,1,1,1,0.0,1,0,0.0,0.0,0.0,0.0,0.0,1.0,1,0.0,1,0.0,0,1,1.0,0.0,1.0,1.0,0.0,inward,BZT
482,0.0,0.0,0.0,0.0,0.0,0,0,0.0,0.0,0,0.0,0.0,0.0,1,0,1,1,0.0,0.0,0.0,0,1.0,0,0.0,0.0,1.0,1,1.0,1.0,0.0,0.0,0.0,0.0,0.0,0.0,0,0.0,1,0.0,1,0.0,0,1.0,0.0,0.0,1,1,0,0.0,0,1,0.0,0.0,0.0,0.0,0.0,1.0,1,0.0,1,0.0,1,1,1.0,0.0,1.0,1.0,0.0,inward,BZT
483,0.0,0.0,0.0,0.0,0.0,0,1,0.0,0.0,0,0.0,0.0,0.0,1,0,1,1,0.0,0.0,0.0,0,1.0,0,0.0,0.0,1.0,1,1.0,0.0,0.0,0.0,0.0,0.0,0.0,0.0,0,0.0,1,0.0,1,0.0,0,0.0,0.0,0.0,1,1,0,0.0,1,1,0.0,0.0,0.0,0.0,0.0,0.0,1,0.0,1,0.0,0,0,1.0,0.0,1.0,1.0,0.0,inward,BZT
484,0.0,0.0,0.0,0.0,0.0,0,1,0.0,0.0,0,0.0,0.0,0.0,1,0,1,1,0.0,0.0,0.0,0,0.0,0,0.0,0.0,1.0,0,0.0,0.0,0.0,1.0,0.0,0.0,0.0,0.0,0,0.0,1,0.0,1,0.0,1,0.0,0.0,0.0,1,0,0,0.0,0,0,0.0,0.0,0.0,0.0,0.0,1.0,1,0.0,1,0.0,0,0,1.0,0.0,1.0,1.0,0.0,inward,BZT
485,0.0,0.0,0.0,0.0,0.0,0,0,0.0,0.0,0,0.0,0.0,0.0,1,0,1,1,0.0,0.0,0.0,1,1.0,0,0.0,0.0,1.0,1,0.0,0.0,0.0,1.0,0.0,0.0,0.0,0.0,0,0.0,1,0.0,1,0.0,1,1.0,0.0,0.0,1,1,0,0.0,0,1,0.0,0.0,0.0,0.0,0.0,0.0,1,0.0,1,0.0,0,0,1.0,0.0,1.0,1.0,0.0,inward,BZT
486,0.0,0.0,0.0,0.0,0.0,0,0,0.0,0.0,0,0.0,0.0,0.0,1,0,1,0,0.0,0.0,0.0,0,0.0,0,0.0,0.0,0.0,0,1.0,0.0,0.0,1.0,0.0,0.0,0.0,0.0,0,0.0,1,0.0,1,0.0,1,1.0,0.0,0.0,1,0,1,0.0,0,0,0.0,0.0,0.0,0.0,0.0,0.0,1,0.0,0,0.0,0,1,1.0,0.0,1.0,1.0,0.0,inward,BZT
487,0.0,0.0,0.0,0.0,0.0,0,0,0.0,0.0,0,0.0,0.0,0.0,1,0,1,1,0.0,0.0,0.0,0,0.0,0,0.0,0.0,1.0,1,1.0,1.0,0.0,1.0,0.0,0.0,0.0,0.0,0,0.0,1,0.0,1,0.0,0,1.0,0.0,0.0,1,0,1,0.0,0,1,0.0,0.0,0.0,0.0,0.0,1.0,1,0.0,1,0.0,0,1,1.0,0.0,1.0,1.0,0.0,inward,BZT
488,0.0,0.0,0.0,0.0,0.0,0,1,0.0,0.0,0,0.0,0.0,0.0,1,0,1,1,0.0,0.0,0.0,1,0.0,0,0.0,0.0,1.0,1,1.0,1.0,0.0,1.0,0.0,0.0,0.0,0.0,0,0.0,1,0.0,1,0.0,1,1.0,0.0,0.0,1,0,0,0.0,0,0,0.0,0.0,0.0,0.0,0.0,0.0,1,0.0,1,0.0,0,0,1.0,0.0,1.0,1.0,0.0,inward,BZT
489,0.0,0.0,0.0,0.0,0.0,0,0,0.0,0.0,0,0.0,0.0,0.0,1,0,1,0,0.0,0.0,0.0,0,1.0,0,0.0,0.0,1.0,1,0.0,0.0,0.0,1.0,0.0,0.0,0.0,0.0,0,0.0,1,0.0,1,0.0,0,0.0,0.0,0.0,1,0,1,0.0,0,0,0.0,0.0,0.0,0.0,0.0,1.0,1,0.0,1,0.0,0,0,1.0,0.0,1.0,1.0,0.0,inward,BZT
490,0.0,0.0,0.0,0.0,0.0,0,0,0.0,0.0,0,0.0,0.0,0.0,1,0,1,1,0.0,0.0,0.0,0,0.0,0,0.0,0.0,1.0,1,1.0,0.0,0.0,1.0,0.0,0.0,0.0,0.0,0,0.0,1,0.0,1,0.0,0,0.0,0.0,0.0,1,0,1,0.0,1,1,0.0,0.0,0.0,0.0,0.0,1.0,1,0.0,1,0.0,0,0,0.0,0.0,1.0,1.0,0.0,inward,BZT
491,0.0,0.0,0.0,0.0,0.0,0,0,0.0,0.0,0,0.0,0.0,0.0,1,0,1,1,0.0,0.0,0.0,1,0.0,0,0.0,0.0,1.0,1,0.0,0.0,0.0,1.0,0.0,0.0,0.0,0.0,0,0.0,1,0.0,1,0.0,1,0.0,0.0,0.0,1,1,1,0.0,0,1,0.0,0.0,0.0,0.0,0.0,0.0,1,0.0,1,0.0,0,0,1.0,0.0,1.0,1.0,0.0,inward,BZT
492,0.0,0.0,0.0,0.0,0.0,0,1,0.0,0.0,0,0.0,0.0,0.0,1,0,1,1,0.0,0.0,0.0,1,0.0,0,0.0,0.0,0.0,0,0.0,0.0,0.0,0.0,0.0,0.0,0.0,0.0,0,0.0,1,0.0,1,0.0,1,1.0,0.0,0.0,1,0,1,0.0,0,0,0.0,0.0,0.0,0.0,0.0,1.0,1,0.0,1,0.0,0,0,0.0,0.0,1.0,1.0,0.0,inward,BZT
493,0.0,0.0,0.0,0.0,0.0,0,1,0.0,0.0,0,0.0,0.0,0.0,0,0,1,0,0.0,0.0,0.0,0,0.0,0,1.0,0.0,1.0,1,1.0,1.0,0.0,1.0,0.0,0.0,0.0,0.0,0,0.0,1,0.0,1,0.0,0,0.0,0.0,0.0,1,0,1,0.0,0,1,0.0,0.0,0.0,0.0,0.0,1.0,1,0.0,1,0.0,0,0,0.0,0.0,1.0,1.0,0.0,inward,BZT
494,0.0,0.0,0.0,0.0,0.0,0,1,0.0,0.0,0,0.0,0.0,0.0,0,0,1,1,0.0,0.0,0.0,0,1.0,0,1.0,0.0,1.0,1,1.0,0.0,0.0,1.0,0.0,1.0,0.0,0.0,0,0.0,1,0.0,1,0.0,1,0.0,0.0,0.0,1,1,0,0.0,0,0,0.0,0.0,0.0,0.0,0.0,1.0,1,0.0,1,0.0,0,0,0.0,0.0,1.0,0.0,0.0,inward,BZT
495,0.0,0.0,0.0,0.0,0.0,0,0,0.0,0.0,0,0.0,0.0,0.0,1,0,1,1,0.0,0.0,0.0,1,1.0,0,0.0,0.0,0.0,1,0.0,0.0,0.0,0.0,0.0,0.0,0.0,0.0,0,0.0,1,0.0,1,0.0,0,1.0,0.0,0.0,1,0,0,0.0,0,0,0.0,0.0,0.0,0.0,0.0,0.0,1,0.0,1,0.0,0,0,1.0,0.0,1.0,1.0,0.0,inward,BZT
496,0.0,0.0,0.0,0.0,0.0,0,0,0.0,0.0,0,0.0,0.0,0.0,1,0,1,0,0.0,0.0,0.0,0,1.0,0,0.0,0.0,1.0,1,1.0,0.0,0.0,1.0,0.0,0.0,0.0,0.0,0,0.0,1,0.0,1,0.0,0,1.0,0.0,0.0,1,0,1,0.0,0,1,0.0,0.0,0.0,0.0,0.0,0.0,1,0.0,1,0.0,0,0,0.0,0.0,1.0,1.0,0.0,inward,BZT
497,0.0,0.0,0.0,0.0,0.0,0,0,0.0,0.0,0,0.0,0.0,0.0,0,0,1,0,0.0,0.0,0.0,0,0.0,0,1.0,0.0,1.0,1,1.0,0.0,0.0,1.0,0.0,0.0,0.0,0.0,0,0.0,1,0.0,1,0.0,0,0.0,0.0,0.0,1,0,1,0.0,0,1,0.0,0.0,0.0,0.0,0.0,1.0,1,0.0,1,0.0,0,1,1.0,0.0,1.0,1.0,0.0,inward,BZT
498,0.0,0.0,0.0,0.0,0.0,0,1,0.0,0.0,0,0.0,0.0,0.0,1,0,1,1,0.0,0.0,0.0,0,0.0,0,0.0,0.0,1.0,1,1.0,0.0,0.0,1.0,0.0,0.0,0.0,0.0,0,0.0,1,0.0,1,0.0,1,1.0,0.0,0.0,1,1,1,0.0,0,0,0.0,0.0,0.0,0.0,0.0,0.0,1,0.0,1,0.0,1,1,0.0,0.0,1.0,0.0,0.0,inward,BZT
499,0.0,0.0,0.0,0.0,0.0,0,1,0.0,0.0,0,0.0,0.0,0.0,1,0,1,1,0.0,0.0,0.0,1,0.0,0,0.0,0.0,0.0,1,1.0,0.0,0.0,0.0,0.0,0.0,0.0,0.0,0,0.0,1,0.0,1,0.0,1,0.0,0.0,0.0,1,0,1,0.0,0,1,0.0,0.0,0.0,0.0,0.0,1.0,1,0.0,1,0.0,0,0,1.0,0.0,1.0,1.0,0.0,inward,BZT
500,0.0,0.0,0.0,0.0,0.0,0,0,0.0,0.0,0,0.0,0.0,0.0,0,0,1,1,0.0,0.0,0.0,1,0.0,0,0.0,0.0,1.0,1,1.0,0.0,0.0,1.0,0.0,0.0,0.0,0.0,0,0.0,1,0.0,1,0.0,0,0.0,0.0,0.0,1,0,1,0.0,0,1,0.0,0.0,0.0,0.0,0.0,1.0,1,0.0,1,0.0,1,0,1.0,0.0,1.0,1.0,0.0,inward,BZT
501,0.0,0.0,0.0,0.0,0.0,0,0,0.0,0.0,0,0.0,0.0,0.0,1,0,1,0,0.0,0.0,0.0,0,0.0,0,0.0,0.0,1.0,1,1.0,0.0,0.0,1.0,0.0,0.0,0.0,0.0,0,0.0,1,0.0,1,0.0,0,0.0,0.0,0.0,1,0,1,0.0,1,0,0.0,1.0,0.0,0.0,0.0,1.0,1,0.0,1,0.0,0,0,1.0,0.0,1.0,0.0,0.0,inward,BZT
502,0.0,0.0,0.0,0.0,0.0,0,0,0.0,0.0,0,0.0,0.0,0.0,1,0,1,1,0.0,0.0,0.0,0,0.0,0,0.0,0.0,0.0,1,1.0,0.0,0.0,0.0,0.0,0.0,0.0,0.0,0,0.0,1,0.0,1,0.0,0,1.0,0.0,0.0,1,0,1,0.0,1,1,0.0,0.0,0.0,0.0,0.0,1.0,1,0.0,1,0.0,0,0,1.0,0.0,1.0,1.0,0.0,inward,BZT
503,0.0,0.0,0.0,0.0,0.0,0,1,0.0,0.0,0,0.0,0.0,0.0,1,0,1,1,0.0,0.0,0.0,0,0.0,0,0.0,0.0,0.0,0,1.0,0.0,0.0,1.0,0.0,0.0,0.0,0.0,0,0.0,1,0.0,1,0.0,0,1.0,0.0,0.0,1,0,0,0.0,0,1,0.0,1.0,0.0,0.0,0.0,0.0,1,0.0,1,0.0,0,0,1.0,1.0,1.0,1.0,0.0,inward,BZT
504,0.0,0.0,0.0,0.0,0.0,0,1,0.0,0.0,0,0.0,0.0,0.0,1,0,1,0,0.0,0.0,0.0,1,1.0,0,0.0,0.0,1.0,0,1.0,1.0,0.0,1.0,0.0,0.0,0.0,0.0,0,0.0,1,0.0,1,0.0,1,1.0,0.0,0.0,1,0,1,0.0,0,0,0.0,0.0,0.0,0.0,0.0,1.0,1,0.0,1,0.0,0,1,1.0,1.0,1.0,1.0,0.0,inward,BZT
505,0.0,0.0,0.0,0.0,0.0,0,0,0.0,0.0,0,0.0,0.0,0.0,1,0,1,1,0.0,0.0,0.0,0,1.0,0,0.0,0.0,1.0,1,1.0,0.0,0.0,1.0,0.0,1.0,0.0,0.0,0,0.0,1,0.0,1,0.0,0,0.0,0.0,0.0,1,1,1,0.0,0,0,0.0,1.0,0.0,0.0,0.0,0.0,1,0.0,1,0.0,0,0,1.0,0.0,1.0,1.0,0.0,inward,BZT
506,0.0,0.0,0.0,0.0,0.0,0,1,0.0,0.0,0,0.0,0.0,0.0,0,0,1,1,0.0,0.0,0.0,0,0.0,0,0.0,0.0,1.0,0,1.0,0.0,0.0,1.0,0.0,0.0,0.0,0.0,0,0.0,1,0.0,1,0.0,0,1.0,0.0,0.0,1,0,0,0.0,0,1,0.0,1.0,0.0,0.0,0.0,1.0,1,0.0,1,0.0,0,1,1.0,0.0,1.0,1.0,0.0,inward,BZT
507,0.0,0.0,0.0,0.0,0.0,0,0,0.0,0.0,0,0.0,0.0,0.0,1,0,1,0,0.0,0.0,0.0,0,1.0,0,0.0,0.0,0.0,1,1.0,0.0,0.0,1.0,0.0,0.0,0.0,0.0,0,0.0,1,0.0,1,0.0,0,0.0,0.0,0.0,1,1,1,0.0,0,1,0.0,1.0,0.0,0.0,0.0,1.0,1,0.0,1,0.0,0,0,1.0,0.0,1.0,1.0,0.0,inward,BZT
508,0.0,0.0,0.0,0.0,0.0,0,0,0.0,0.0,0,0.0,0.0,0.0,1,0,1,1,0.0,0.0,0.0,0,0.0,0,0.0,0.0,0.0,0,1.0,1.0,0.0,1.0,0.0,0.0,0.0,0.0,0,0.0,1,0.0,1,0.0,1,1.0,0.0,0.0,1,0,1,0.0,0,1,0.0,0.0,0.0,0.0,0.0,1.0,1,0.0,1,0.0,0,1,1.0,0.0,1.0,1.0,0.0,inward,BZT
509,0.0,0.0,0.0,0.0,0.0,0,1,0.0,0.0,0,0.0,0.0,0.0,1,0,1,1,0.0,0.0,0.0,0,0.0,0,0.0,0.0,1.0,1,0.0,0.0,0.0,1.0,0.0,1.0,0.0,0.0,0,0.0,1,0.0,1,0.0,0,0.0,0.0,0.0,1,0,0,0.0,0,0,0.0,1.0,1.0,0.0,0.0,1.0,1,0.0,1,0.0,0,0,1.0,0.0,1.0,1.0,0.0,inward,BZT
510,0.0,0.0,0.0,0.0,0.0,0,1,0.0,0.0,0,0.0,0.0,0.0,1,0,1,1,0.0,0.0,0.0,0,1.0,0,0.0,0.0,0.0,0,1.0,1.0,0.0,0.0,0.0,0.0,0.0,0.0,0,0.0,1,0.0,1,0.0,0,1.0,0.0,0.0,1,0,1,0.0,0,0,0.0,1.0,0.0,0.0,0.0,1.0,1,0.0,1,0.0,0,0,1.0,0.0,1.0,1.0,0.0,inward,BZT
511,0.0,0.0,0.0,0.0,0.0,0,0,0.0,0.0,0,0.0,0.0,0.0,1,0,1,1,0.0,0.0,0.0,0,1.0,0,0.0,0.0,1.0,1,1.0,0.0,0.0,0.0,0.0,0.0,0.0,0.0,0,0.0,1,0.0,1,0.0,0,0.0,0.0,0.0,1,1,1,0.0,1,1,0.0,1.0,0.0,0.0,0.0,1.0,1,0.0,1,0.0,1,0,0.0,0.0,1.0,1.0,0.0,inward,BZT
512,0.0,0.0,0.0,0.0,0.0,0,1,0.0,0.0,0,0.0,0.0,0.0,1,0,1,1,0.0,0.0,0.0,1,0.0,0,0.0,0.0,1.0,0,1.0,1.0,0.0,1.0,0.0,0.0,0.0,0.0,0,0.0,1,0.0,1,0.0,0,1.0,0.0,0.0,1,1,1,0.0,0,1,0.0,0.0,0.0,0.0,0.0,0.0,1,0.0,1,0.0,0,0,1.0,0.0,1.0,1.0,0.0,inward,BZT
513,0.0,0.0,0.0,0.0,0.0,0,1,0.0,0.0,0,0.0,0.0,0.0,1,0,1,1,0.0,0.0,0.0,0,0.0,0,0.0,0.0,0.0,0,1.0,0.0,0.0,1.0,0.0,0.0,0.0,0.0,0,0.0,1,0.0,1,0.0,1,0.0,0.0,0.0,1,0,0,0.0,0,1,0.0,1.0,0.0,0.0,0.0,1.0,1,0.0,1,0.0,0,0,0.0,0.0,1.0,1.0,0.0,inward,BZT
514,0.0,0.0,0.0,0.0,0.0,0,0,0.0,0.0,0,0.0,0.0,0.0,1,0,1,1,0.0,0.0,0.0,1,1.0,0,0.0,0.0,1.0,1,1.0,1.0,0.0,1.0,0.0,0.0,0.0,0.0,1,0.0,1,0.0,1,0.0,1,0.0,0.0,0.0,1,0,0,0.0,0,0,0.0,1.0,0.0,0.0,0.0,0.0,1,0.0,1,0.0,1,1,1.0,0.0,1.0,1.0,0.0,inward,BZT
515,0.0,0.0,0.0,0.0,0.0,0,1,0.0,0.0,0,0.0,0.0,0.0,0,0,0,1,0.0,0.0,0.0,0,0.0,0,0.0,0.0,1.0,1,0.0,0.0,0.0,1.0,0.0,0.0,0.0,0.0,1,0.0,1,0.0,1,0.0,0,0.0,0.0,0.0,1,0,1,0.0,1,0,0.0,1.0,0.0,0.0,0.0,0.0,1,0.0,0,0.0,1,0,0.0,0.0,1.0,1.0,0.0,inward,BZT
516,0.0,0.0,0.0,0.0,0.0,0,0,0.0,0.0,0,0.0,0.0,0.0,1,0,1,1,0.0,0.0,0.0,0,0.0,0,0.0,0.0,1.0,1,1.0,1.0,0.0,1.0,0.0,1.0,0.0,0.0,0,0.0,1,0.0,1,0.0,0,0.0,0.0,0.0,1,1,1,0.0,0,1,0.0,1.0,0.0,0.0,0.0,0.0,1,0.0,1,0.0,0,0,1.0,0.0,1.0,1.0,0.0,inward,BZT
517,0.0,0.0,0.0,0.0,0.0,0,1,0.0,0.0,0,0.0,0.0,0.0,0,0,1,0,0.0,0.0,0.0,1,0.0,0,0.0,0.0,0.0,1,1.0,0.0,0.0,0.0,0.0,0.0,0.0,0.0,0,0.0,1,0.0,1,0.0,1,0.0,0.0,0.0,1,0,1,0.0,1,1,0.0,1.0,0.0,0.0,0.0,0.0,1,0.0,0,0.0,0,1,1.0,0.0,1.0,0.0,0.0,inward,BZT
518,0.0,0.0,0.0,0.0,0.0,0,0,0.0,0.0,0,0.0,0.0,0.0,0,0,1,1,0.0,0.0,0.0,0,1.0,0,0.0,0.0,0.0,0,1.0,0.0,0.0,1.0,0.0,0.0,0.0,0.0,0,0.0,1,0.0,1,0.0,0,0.0,0.0,0.0,1,0,1,0.0,0,0,0.0,1.0,0.0,0.0,0.0,1.0,1,0.0,1,0.0,0,0,0.0,0.0,1.0,1.0,0.0,inward,BZT
519,0.0,0.0,0.0,0.0,0.0,0,0,0.0,0.0,0,0.0,0.0,0.0,1,0,1,1,0.0,0.0,0.0,0,0.0,0,0.0,0.0,0.0,1,1.0,0.0,0.0,1.0,0.0,0.0,0.0,0.0,0,0.0,1,0.0,1,0.0,0,0.0,0.0,0.0,1,0,1,0.0,0,1,0.0,1.0,0.0,0.0,0.0,0.0,1,0.0,1,0.0,1,1,1.0,0.0,1.0,1.0,0.0,inward,BZT
520,0.0,0.0,0.0,0.0,0.0,0,0,0.0,0.0,0,0.0,0.0,0.0,1,0,1,1,0.0,0.0,0.0,0,0.0,0,0.0,0.0,0.0,0,1.0,1.0,0.0,1.0,0.0,1.0,0.0,0.0,0,0.0,1,0.0,1,0.0,0,0.0,0.0,0.0,1,1,1,0.0,0,1,0.0,1.0,0.0,0.0,0.0,0.0,1,0.0,1,0.0,1,0,1.0,0.0,1.0,1.0,0.0,inward,BZT
521,0.0,0.0,0.0,0.0,0.0,0,1,0.0,0.0,0,0.0,0.0,0.0,1,0,1,1,0.0,0.0,0.0,0,0.0,0,0.0,0.0,1.0,0,1.0,0.0,0.0,0.0,0.0,0.0,0.0,0.0,0,0.0,1,0.0,1,0.0,0,0.0,0.0,0.0,1,1,1,0.0,0,0,0.0,1.0,0.0,0.0,0.0,0.0,1,0.0,1,0.0,1,0,0.0,0.0,1.0,1.0,0.0,inward,BZT
522,0.0,0.0,0.0,0.0,0.0,0,1,0.0,0.0,0,0.0,0.0,0.0,1,0,1,1,0.0,0.0,0.0,1,1.0,0,0.0,0.0,1.0,0,1.0,1.0,0.0,0.0,0.0,0.0,0.0,0.0,0,0.0,1,0.0,1,0.0,0,1.0,0.0,0.0,1,0,1,0.0,1,0,0.0,1.0,0.0,0.0,0.0,0.0,1,0.0,1,0.0,0,0,0.0,0.0,1.0,1.0,0.0,inward,BZT
523,0.0,0.0,0.0,0.0,0.0,0,1,0.0,0.0,0,0.0,0.0,0.0,1,0,1,1,0.0,0.0,0.0,0,0.0,0,0.0,0.0,1.0,1,1.0,1.0,0.0,0.0,0.0,0.0,0.0,0.0,0,0.0,1,0.0,1,0.0,0,1.0,0.0,0.0,1,0,1,0.0,0,1,0.0,1.0,0.0,0.0,0.0,0.0,1,0.0,1,0.0,0,0,1.0,0.0,1.0,1.0,0.0,inward,BZT
524,0.0,0.0,0.0,0.0,0.0,0,0,0.0,0.0,0,0.0,0.0,0.0,1,0,1,1,0.0,0.0,0.0,0,0.0,0,0.0,0.0,1.0,0,1.0,1.0,0.0,0.0,0.0,0.0,0.0,0.0,0,0.0,1,0.0,1,0.0,0,1.0,0.0,0.0,1,0,1,0.0,0,1,0.0,0.0,0.0,0.0,0.0,0.0,1,0.0,1,0.0,1,0,1.0,0.0,1.0,0.0,0.0,inward,BZT
525,0.0,0.0,0.0,0.0,0.0,0,0,0.0,0.0,0,0.0,0.0,0.0,1,0,1,1,0.0,0.0,0.0,0,1.0,0,0.0,0.0,1.0,1,1.0,0.0,0.0,0.0,0.0,0.0,0.0,0.0,0,0.0,1,0.0,1,0.0,0,0.0,0.0,0.0,1,0,1,0.0,0,1,0.0,1.0,0.0,0.0,0.0,0.0,1,0.0,1,0.0,0,1,1.0,0.0,1.0,1.0,0.0,inward,BZT
526,0.0,0.0,0.0,0.0,0.0,0,1,0.0,0.0,0,0.0,0.0,0.0,1,0,1,0,0.0,0.0,0.0,0,0.0,0,0.0,0.0,0.0,1,1.0,0.0,0.0,0.0,0.0,0.0,0.0,0.0,0,0.0,1,0.0,1,0.0,0,1.0,0.0,0.0,1,1,0,0.0,0,1,0.0,0.0,0.0,0.0,0.0,1.0,1,0.0,1,0.0,0,1,0.0,0.0,1.0,1.0,0.0,inward,BZT
527,0.0,0.0,0.0,0.0,0.0,0,1,0.0,0.0,0,0.0,0.0,0.0,1,0,1,0,0.0,0.0,0.0,0,0.0,0,0.0,0.0,1.0,1,0.0,0.0,0.0,0.0,0.0,0.0,0.0,0.0,0,0.0,1,0.0,1,0.0,0,1.0,0.0,1.0,1,1,1,0.0,0,1,0.0,0.0,0.0,0.0,0.0,1.0,1,0.0,1,0.0,0,0,0.0,0.0,1.0,1.0,0.0,inward,BZT
528,0.0,0.0,0.0,0.0,0.0,0,1,0.0,0.0,0,0.0,0.0,0.0,1,0,1,1,0.0,0.0,0.0,0,0.0,0,0.0,0.0,1.0,0,1.0,0.0,0.0,0.0,0.0,0.0,0.0,0.0,0,0.0,1,0.0,1,0.0,1,1.0,0.0,0.0,1,1,1,0.0,0,1,0.0,0.0,0.0,0.0,0.0,1.0,1,0.0,1,0.0,0,0,1.0,0.0,1.0,1.0,0.0,inward,BZT
529,0.0,0.0,0.0,0.0,0.0,0,0,0.0,0.0,0,0.0,0.0,0.0,0,0,1,1,0.0,0.0,0.0,0,0.0,0,0.0,0.0,1.0,1,1.0,1.0,0.0,1.0,0.0,0.0,0.0,0.0,0,0.0,1,0.0,1,0.0,0,1.0,0.0,0.0,1,0,1,0.0,0,1,0.0,0.0,0.0,0.0,0.0,1.0,1,0.0,1,0.0,0,0,0.0,0.0,1.0,1.0,0.0,inward,BZT
530,0.0,0.0,0.0,0.0,0.0,0,0,0.0,0.0,0,0.0,0.0,0.0,1,0,1,1,0.0,0.0,0.0,1,1.0,0,0.0,0.0,1.0,0,1.0,1.0,0.0,1.0,0.0,0.0,0.0,0.0,0,0.0,1,0.0,1,0.0,0,0.0,0.0,0.0,1,1,1,0.0,0,1,0.0,1.0,0.0,0.0,0.0,0.0,1,0.0,1,0.0,0,0,0.0,0.0,1.0,0.0,0.0,inward,BZT
531,0.0,0.0,0.0,0.0,0.0,0,1,0.0,0.0,0,0.0,0.0,0.0,1,0,1,1,0.0,0.0,0.0,0,0.0,0,0.0,0.0,1.0,0,1.0,1.0,0.0,1.0,0.0,1.0,0.0,0.0,0,0.0,1,0.0,1,0.0,0,0.0,0.0,0.0,1,1,1,0.0,0,1,0.0,1.0,0.0,0.0,0.0,0.0,1,0.0,0,0.0,0,1,0.0,0.0,1.0,1.0,0.0,inward,BZT
532,0.0,0.0,0.0,0.0,0.0,0,0,0.0,0.0,0,0.0,0.0,0.0,0,0,1,0,0.0,0.0,0.0,0,0.0,0,0.0,0.0,1.0,0,1.0,1.0,0.0,1.0,0.0,0.0,0.0,0.0,0,0.0,1,0.0,1,0.0,0,0.0,0.0,0.0,1,1,1,0.0,0,1,0.0,1.0,0.0,0.0,0.0,1.0,1,0.0,1,0.0,0,0,1.0,0.0,1.0,1.0,0.0,inward,BZT
533,0.0,0.0,0.0,0.0,0.0,0,0,0.0,0.0,0,0.0,0.0,0.0,1,0,1,1,0.0,0.0,0.0,0,1.0,0,0.0,0.0,1.0,0,0.0,0.0,0.0,0.0,0.0,0.0,0.0,0.0,0,0.0,1,0.0,1,0.0,0,0.0,0.0,0.0,1,1,0,0.0,0,1,0.0,1.0,0.0,0.0,0.0,1.0,1,0.0,1,0.0,0,0,1.0,0.0,1.0,1.0,0.0,inward,BZT
534,0.0,0.0,0.0,0.0,0.0,0,0,0.0,0.0,0,0.0,0.0,0.0,0,0,1,1,0.0,0.0,0.0,1,0.0,0,0.0,0.0,1.0,1,1.0,1.0,0.0,1.0,0.0,0.0,0.0,0.0,0,0.0,1,0.0,0,0.0,0,1.0,0.0,0.0,1,1,1,0.0,0,0,0.0,1.0,0.0,0.0,0.0,1.0,1,0.0,1,0.0,0,0,0.0,0.0,1.0,1.0,0.0,inward,BZT
535,0.0,0.0,0.0,0.0,0.0,0,0,0.0,0.0,0,0.0,0.0,0.0,1,0,1,0,0.0,0.0,0.0,0,1.0,0,0.0,0.0,0.0,1,1.0,0.0,0.0,0.0,0.0,0.0,0.0,0.0,0,0.0,1,0.0,1,0.0,1,0.0,0.0,0.0,1,1,0,0.0,0,0,0.0,0.0,0.0,0.0,0.0,0.0,1,0.0,1,0.0,0,0,1.0,0.0,1.0,1.0,0.0,inward,BZT
536,0.0,0.0,0.0,0.0,0.0,0,0,0.0,0.0,0,0.0,0.0,0.0,0,0,1,1,0.0,0.0,0.0,0,0.0,0,0.0,0.0,1.0,0,0.0,0.0,0.0,0.0,0.0,0.0,0.0,0.0,0,0.0,1,0.0,1,0.0,1,0.0,0.0,0.0,1,1,1,0.0,0,1,0.0,0.0,0.0,0.0,0.0,0.0,1,0.0,1,0.0,0,0,1.0,0.0,1.0,1.0,0.0,inward,BZT
537,0.0,0.0,0.0,0.0,0.0,0,0,0.0,0.0,0,0.0,0.0,0.0,1,0,1,1,0.0,0.0,0.0,0,1.0,0,0.0,0.0,0.0,0,1.0,0.0,0.0,0.0,0.0,0.0,0.0,0.0,0,0.0,1,0.0,1,0.0,1,0.0,0.0,0.0,1,0,1,0.0,0,1,0.0,1.0,0.0,0.0,0.0,1.0,1,0.0,1,0.0,1,0,1.0,0.0,1.0,0.0,0.0,inward,BZT
538,0.0,0.0,0.0,0.0,0.0,0,0,0.0,0.0,0,0.0,0.0,0.0,1,0,1,1,0.0,0.0,0.0,0,1.0,0,0.0,0.0,1.0,1,1.0,0.0,0.0,1.0,0.0,1.0,0.0,0.0,0,0.0,1,0.0,1,0.0,1,0.0,0.0,0.0,1,1,1,0.0,0,1,0.0,1.0,0.0,0.0,0.0,1.0,1,0.0,1,0.0,0,0,1.0,0.0,1.0,1.0,0.0,inward,BZT
539,0.0,0.0,0.0,0.0,0.0,0,1,0.0,0.0,0,0.0,0.0,0.0,1,0,1,1,0.0,0.0,0.0,0,0.0,0,0.0,0.0,1.0,1,1.0,1.0,0.0,1.0,0.0,0.0,0.0,0.0,0,0.0,1,0.0,1,0.0,0,0.0,0.0,0.0,1,1,1,0.0,0,0,0.0,1.0,0.0,0.0,0.0,0.0,1,0.0,1,0.0,1,1,1.0,0.0,1.0,1.0,0.0,inward,BZT
540,0.0,0.0,0.0,0.0,0.0,0,1,0.0,0.0,0,0.0,0.0,0.0,1,0,1,1,0.0,0.0,0.0,1,0.0,0,0.0,0.0,0.0,0,1.0,0.0,0.0,0.0,0.0,0.0,0.0,0.0,0,0.0,1,0.0,1,0.0,1,0.0,0.0,0.0,1,0,1,0.0,0,1,0.0,1.0,0.0,0.0,0.0,0.0,1,0.0,1,0.0,0,0,1.0,0.0,1.0,1.0,0.0,inward,BZT
541,0.0,0.0,0.0,0.0,0.0,0,1,0.0,0.0,0,0.0,0.0,0.0,0,0,0,1,0.0,0.0,0.0,1,0.0,0,0.0,0.0,1.0,1,1.0,0.0,0.0,1.0,0.0,0.0,0.0,0.0,1,0.0,1,1.0,1,0.0,1,0.0,0.0,0.0,1,0,1,0.0,1,1,0.0,1.0,0.0,0.0,0.0,0.0,1,0.0,1,0.0,1,1,0.0,0.0,1.0,1.0,0.0,inward,BZT
542,0.0,0.0,0.0,0.0,0.0,0,1,0.0,0.0,0,0.0,0.0,0.0,1,0,1,1,0.0,0.0,0.0,0,0.0,0,0.0,0.0,1.0,1,1.0,0.0,0.0,1.0,0.0,1.0,0.0,0.0,0,0.0,1,0.0,1,0.0,0,0.0,0.0,0.0,1,1,1,0.0,0,1,0.0,1.0,0.0,0.0,0.0,1.0,1,0.0,1,0.0,1,1,1.0,0.0,1.0,0.0,0.0,inward,BZT
543,0.0,0.0,0.0,0.0,0.0,0,0,0.0,0.0,0,0.0,0.0,0.0,0,0,1,0,0.0,0.0,0.0,0,1.0,0,0.0,0.0,1.0,1,1.0,0.0,0.0,0.0,0.0,0.0,0.0,0.0,0,0.0,1,0.0,1,0.0,1,0.0,0.0,0.0,1,0,1,0.0,0,1,0.0,1.0,0.0,0.0,0.0,1.0,1,0.0,1,0.0,0,1,1.0,0.0,1.0,1.0,0.0,inward,BZT
544,0.0,0.0,0.0,0.0,0.0,0,0,0.0,0.0,0,0.0,0.0,0.0,0,0,1,1,0.0,0.0,0.0,1,0.0,1,0.0,0.0,1.0,1,1.0,0.0,0.0,0.0,0.0,0.0,0.0,0.0,0,0.0,1,0.0,1,0.0,0,0.0,0.0,0.0,1,1,1,0.0,0,0,0.0,1.0,0.0,0.0,0.0,0.0,1,0.0,1,0.0,0,1,1.0,0.0,1.0,0.0,0.0,inward,BZT
545,0.0,0.0,0.0,0.0,0.0,0,0,0.0,0.0,0,0.0,0.0,0.0,1,0,1,1,0.0,0.0,0.0,0,1.0,1,0.0,0.0,1.0,1,1.0,1.0,0.0,1.0,0.0,1.0,0.0,0.0,0,0.0,1,0.0,1,0.0,0,0.0,0.0,0.0,1,0,1,0.0,0,0,0.0,1.0,0.0,0.0,0.0,1.0,1,0.0,1,0.0,0,0,1.0,1.0,1.0,1.0,0.0,inward,BZT
546,0.0,0.0,0.0,0.0,0.0,0,0,0.0,0.0,0,0.0,0.0,0.0,1,0,1,1,0.0,0.0,0.0,1,1.0,0,0.0,0.0,1.0,1,1.0,1.0,0.0,1.0,0.0,1.0,0.0,0.0,0,0.0,1,0.0,1,0.0,0,0.0,0.0,0.0,1,0,1,0.0,0,0,0.0,0.0,0.0,0.0,0.0,0.0,1,0.0,1,0.0,0,1,1.0,0.0,1.0,0.0,0.0,inward,BZT
547,0.0,0.0,0.0,0.0,0.0,0,1,0.0,0.0,0,0.0,0.0,0.0,0,0,1,1,0.0,0.0,0.0,0,1.0,0,0.0,0.0,1.0,0,1.0,0.0,0.0,0.0,0.0,0.0,0.0,0.0,0,0.0,1,0.0,1,0.0,1,0.0,0.0,0.0,1,0,1,0.0,0,1,0.0,1.0,0.0,0.0,0.0,0.0,1,0.0,1,0.0,1,1,0.0,0.0,1.0,0.0,0.0,inward,BZT
548,0.0,0.0,0.0,0.0,0.0,0,1,0.0,0.0,0,0.0,0.0,0.0,0,0,1,1,0.0,0.0,0.0,0,0.0,0,0.0,0.0,0.0,0,1.0,1.0,0.0,1.0,0.0,0.0,0.0,0.0,0,0.0,1,0.0,1,0.0,0,0.0,0.0,0.0,1,0,1,0.0,0,1,0.0,1.0,0.0,0.0,0.0,1.0,1,0.0,1,0.0,0,0,1.0,1.0,1.0,1.0,0.0,inward,BZT
549,0.0,0.0,0.0,0.0,0.0,0,0,0.0,0.0,0,0.0,0.0,0.0,0,0,1,1,0.0,0.0,0.0,0,0.0,0,0.0,0.0,1.0,1,1.0,1.0,0.0,1.0,0.0,0.0,0.0,0.0,1,0.0,1,0.0,1,0.0,0,0.0,0.0,0.0,1,1,1,0.0,0,0,0.0,1.0,0.0,0.0,0.0,0.0,1,0.0,1,0.0,0,1,0.0,0.0,1.0,1.0,0.0,inward,BZT
550,0.0,0.0,0.0,0.0,0.0,0,0,0.0,0.0,0,0.0,0.0,0.0,0,0,1,1,0.0,0.0,0.0,1,1.0,0,0.0,0.0,0.0,0,1.0,1.0,0.0,1.0,0.0,0.0,0.0,0.0,0,0.0,1,0.0,1,0.0,1,0.0,0.0,0.0,1,0,0,0.0,0,1,0.0,1.0,1.0,0.0,0.0,0.0,1,0.0,1,0.0,1,1,1.0,0.0,1.0,1.0,0.0,inward,BZT
551,0.0,0.0,0.0,0.0,0.0,0,0,0.0,0.0,0,0.0,0.0,0.0,0,0,1,1,0.0,0.0,0.0,0,0.0,0,0.0,0.0,1.0,1,1.0,0.0,0.0,1.0,0.0,0.0,0.0,0.0,0,0.0,1,0.0,1,0.0,0,0.0,0.0,0.0,1,0,0,0.0,1,1,0.0,1.0,0.0,0.0,0.0,1.0,1,0.0,1,0.0,0,1,1.0,0.0,1.0,1.0,0.0,inward,BZT
552,0.0,0.0,0.0,0.0,0.0,0,0,0.0,0.0,0,0.0,0.0,0.0,1,0,1,1,0.0,0.0,0.0,1,0.0,0,0.0,0.0,0.0,1,1.0,1.0,0.0,1.0,0.0,0.0,0.0,0.0,0,0.0,1,0.0,1,0.0,1,0.0,0.0,0.0,1,0,1,0.0,0,1,0.0,1.0,0.0,0.0,0.0,1.0,1,0.0,1,0.0,0,0,1.0,0.0,1.0,0.0,0.0,inward,BZT
553,0.0,0.0,0.0,0.0,0.0,0,1,0.0,0.0,0,0.0,0.0,0.0,0,0,1,0,0.0,0.0,0.0,0,1.0,1,0.0,0.0,1.0,0,1.0,0.0,0.0,1.0,0.0,0.0,0.0,0.0,0,0.0,1,0.0,1,0.0,0,0.0,0.0,0.0,1,0,1,0.0,0,0,0.0,1.0,0.0,0.0,0.0,0.0,1,0.0,1,0.0,0,0,1.0,0.0,1.0,1.0,0.0,inward,BZT
554,0.0,0.0,0.0,0.0,0.0,0,0,0.0,0.0,0,0.0,0.0,0.0,1,0,1,1,0.0,0.0,0.0,0,0.0,0,0.0,0.0,0.0,1,1.0,0.0,0.0,0.0,0.0,0.0,0.0,0.0,0,0.0,1,0.0,1,0.0,0,0.0,0.0,0.0,1,0,1,0.0,0,1,0.0,0.0,0.0,0.0,0.0,1.0,1,0.0,1,0.0,0,0,1.0,0.0,1.0,0.0,0.0,inward,BZT
555,0.0,0.0,0.0,0.0,0.0,0,1,0.0,0.0,0,0.0,0.0,0.0,0,0,1,1,0.0,0.0,0.0,0,1.0,0,0.0,0.0,1.0,1,1.0,1.0,0.0,1.0,0.0,0.0,0.0,0.0,0,0.0,1,0.0,1,0.0,0,1.0,0.0,0.0,1,0,1,0.0,0,0,0.0,1.0,0.0,0.0,0.0,1.0,1,0.0,1,0.0,0,0,0.0,0.0,1.0,1.0,0.0,inward,BZT
556,0.0,0.0,0.0,0.0,0.0,0,0,0.0,0.0,0,0.0,0.0,0.0,0,0,1,0,0.0,0.0,0.0,1,1.0,0,0.0,0.0,0.0,0,1.0,0.0,0.0,0.0,0.0,0.0,0.0,0.0,0,0.0,1,0.0,1,0.0,1,0.0,0.0,0.0,1,0,1,0.0,0,1,0.0,0.0,0.0,0.0,0.0,1.0,1,0.0,1,0.0,0,0,1.0,0.0,1.0,1.0,0.0,inward,BZT
557,0.0,0.0,0.0,0.0,0.0,0,0,0.0,0.0,0,0.0,0.0,0.0,0,0,1,0,0.0,0.0,0.0,0,0.0,0,0.0,0.0,0.0,0,1.0,1.0,0.0,1.0,0.0,0.0,0.0,0.0,0,0.0,1,0.0,0,0.0,0,1.0,0.0,0.0,1,0,1,0.0,0,1,0.0,1.0,0.0,0.0,0.0,1.0,1,0.0,1,0.0,0,1,1.0,0.0,1.0,1.0,0.0,inward,BZT
558,0.0,0.0,0.0,0.0,0.0,0,0,0.0,0.0,0,0.0,0.0,0.0,1,0,1,1,0.0,0.0,0.0,0,0.0,0,0.0,0.0,0.0,0,1.0,1.0,0.0,1.0,0.0,0.0,0.0,0.0,0,0.0,1,0.0,1,0.0,0,1.0,0.0,0.0,1,1,0,0.0,0,1,0.0,1.0,0.0,0.0,0.0,1.0,1,0.0,1,0.0,0,1,1.0,0.0,1.0,1.0,0.0,inward,BZT
559,0.0,0.0,0.0,0.0,0.0,0,1,0.0,0.0,0,0.0,0.0,0.0,0,0,1,0,0.0,0.0,0.0,0,0.0,0,0.0,0.0,1.0,1,1.0,0.0,0.0,1.0,0.0,0.0,0.0,0.0,0,0.0,1,0.0,1,0.0,0,0.0,0.0,0.0,1,0,1,0.0,0,1,0.0,1.0,0.0,0.0,0.0,0.0,1,0.0,0,0.0,0,0,0.0,0.0,1.0,0.0,0.0,inward,BZT
560,0.0,0.0,0.0,0.0,0.0,0,0,0.0,0.0,0,0.0,0.0,0.0,1,0,1,1,0.0,0.0,0.0,0,0.0,0,0.0,0.0,0.0,1,1.0,0.0,0.0,1.0,0.0,0.0,0.0,0.0,0,0.0,1,0.0,1,0.0,1,1.0,0.0,0.0,1,1,0,0.0,0,0,0.0,0.0,0.0,0.0,0.0,1.0,1,0.0,1,0.0,0,1,0.0,0.0,1.0,1.0,0.0,inward,BZT
561,0.0,0.0,0.0,0.0,0.0,0,0,0.0,0.0,0,0.0,0.0,0.0,1,0,1,0,0.0,0.0,0.0,0,1.0,0,0.0,0.0,0.0,1,1.0,1.0,0.0,0.0,0.0,0.0,0.0,0.0,0,0.0,0,0.0,1,0.0,0,0.0,0.0,0.0,1,1,1,0.0,0,1,0.0,0.0,0.0,0.0,0.0,0.0,1,0.0,1,0.0,0,0,1.0,0.0,1.0,1.0,0.0,inward,BZT
562,0.0,0.0,0.0,0.0,0.0,0,0,0.0,0.0,0,0.0,0.0,0.0,1,0,1,1,0.0,0.0,0.0,0,1.0,0,0.0,0.0,1.0,0,1.0,1.0,0.0,0.0,0.0,0.0,0.0,0.0,0,0.0,1,0.0,1,0.0,0,0.0,0.0,0.0,1,1,0,0.0,0,0,0.0,0.0,0.0,0.0,0.0,0.0,1,0.0,1,0.0,0,0,1.0,0.0,1.0,1.0,0.0,inward,BZT
563,0.0,0.0,0.0,0.0,0.0,0,0,0.0,0.0,0,0.0,0.0,0.0,0,0,1,1,0.0,0.0,0.0,0,0.0,0,0.0,0.0,1.0,1,1.0,0.0,0.0,1.0,0.0,0.0,0.0,0.0,0,0.0,1,0.0,1,0.0,0,1.0,0.0,0.0,1,1,1,0.0,0,1,0.0,1.0,0.0,0.0,0.0,1.0,1,0.0,1,0.0,0,0,1.0,0.0,1.0,1.0,0.0,inward,BZT
564,0.0,0.0,0.0,0.0,0.0,0,0,0.0,0.0,0,0.0,0.0,0.0,0,0,1,1,0.0,0.0,0.0,1,0.0,0,0.0,0.0,1.0,1,1.0,1.0,0.0,1.0,0.0,0.0,0.0,0.0,1,0.0,1,0.0,0,0.0,0,1.0,0.0,0.0,1,0,1,0.0,0,1,0.0,1.0,1.0,0.0,0.0,0.0,1,0.0,0,0.0,0,0,1.0,0.0,1.0,0.0,0.0,inward,BZT
565,0.0,0.0,0.0,0.0,0.0,0,1,0.0,0.0,0,0.0,0.0,0.0,0,0,1,0,0.0,0.0,0.0,0,0.0,0,0.0,0.0,1.0,1,1.0,1.0,0.0,1.0,0.0,0.0,0.0,0.0,1,0.0,1,0.0,0,0.0,0,1.0,0.0,0.0,1,0,0,0.0,0,0,0.0,1.0,0.0,0.0,0.0,0.0,1,0.0,1,0.0,0,1,0.0,0.0,1.0,0.0,0.0,inward,BZT
566,0.0,0.0,0.0,0.0,0.0,0,0,0.0,0.0,0,0.0,0.0,0.0,0,0,1,1,0.0,0.0,0.0,0,0.0,0,0.0,0.0,1.0,0,1.0,0.0,0.0,1.0,0.0,0.0,0.0,0.0,0,0.0,1,0.0,1,0.0,0,0.0,0.0,0.0,1,0,1,0.0,1,1,0.0,1.0,0.0,0.0,0.0,1.0,1,0.0,1,0.0,0,1,1.0,0.0,1.0,0.0,0.0,inward,BZT
567,0.0,0.0,0.0,0.0,0.0,0,1,0.0,0.0,0,0.0,0.0,0.0,1,0,1,1,0.0,0.0,0.0,1,0.0,0,0.0,0.0,0.0,1,1.0,1.0,0.0,1.0,0.0,0.0,0.0,0.0,0,0.0,1,0.0,1,0.0,0,0.0,0.0,0.0,1,0,1,0.0,0,0,0.0,1.0,0.0,0.0,0.0,0.0,1,0.0,0,0.0,1,1,0.0,0.0,1.0,1.0,0.0,inward,BZT
568,0.0,0.0,0.0,0.0,0.0,0,0,0.0,0.0,0,0.0,0.0,0.0,1,0,1,1,0.0,0.0,0.0,0,0.0,0,0.0,0.0,0.0,1,1.0,0.0,0.0,1.0,0.0,0.0,0.0,0.0,0,0.0,1,0.0,1,0.0,0,0.0,0.0,0.0,1,0,1,0.0,0,1,0.0,1.0,0.0,0.0,0.0,0.0,1,0.0,0,0.0,0,0,1.0,0.0,1.0,1.0,0.0,inward,BZT
569,0.0,0.0,0.0,0.0,0.0,0,0,0.0,0.0,0,0.0,0.0,0.0,1,0,1,0,0.0,0.0,0.0,0,1.0,0,0.0,0.0,0.0,1,1.0,0.0,0.0,1.0,0.0,0.0,0.0,0.0,0,0.0,1,0.0,1,0.0,0,0.0,0.0,0.0,1,0,1,0.0,0,0,0.0,1.0,1.0,0.0,0.0,1.0,1,0.0,1,0.0,1,1,1.0,0.0,1.0,1.0,0.0,inward,BZT
570,0.0,0.0,0.0,0.0,0.0,0,0,0.0,0.0,0,0.0,0.0,0.0,0,0,1,0,0.0,0.0,0.0,0,0.0,0,0.0,0.0,1.0,0,1.0,1.0,0.0,1.0,0.0,0.0,0.0,0.0,0,0.0,1,0.0,1,0.0,0,0.0,0.0,0.0,1,0,1,0.0,0,0,0.0,1.0,0.0,0.0,0.0,1.0,1,0.0,1,0.0,0,0,1.0,1.0,1.0,1.0,0.0,inward,BZT
571,0.0,0.0,0.0,0.0,0.0,0,0,0.0,0.0,0,0.0,0.0,0.0,1,0,1,0,0.0,0.0,0.0,0,0.0,0,0.0,0.0,1.0,1,1.0,0.0,0.0,1.0,0.0,0.0,0.0,0.0,0,0.0,1,0.0,1,0.0,0,0.0,0.0,0.0,1,0,0,0.0,1,1,0.0,1.0,0.0,0.0,0.0,1.0,1,0.0,1,0.0,0,0,1.0,0.0,1.0,1.0,0.0,inward,BZT
572,0.0,0.0,0.0,0.0,0.0,0,1,0.0,0.0,0,0.0,0.0,0.0,0,0,1,0,0.0,0.0,0.0,0,0.0,0,0.0,0.0,1.0,0,1.0,0.0,0.0,0.0,0.0,0.0,0.0,0.0,0,0.0,1,0.0,1,0.0,0,0.0,0.0,0.0,1,0,1,0.0,0,1,0.0,1.0,0.0,0.0,0.0,1.0,1,0.0,1,0.0,1,1,1.0,0.0,1.0,0.0,0.0,inward,BZT
573,0.0,0.0,0.0,0.0,0.0,0,0,0.0,0.0,0,0.0,0.0,0.0,0,0,1,0,0.0,0.0,0.0,0,1.0,0,0.0,0.0,0.0,1,1.0,0.0,0.0,1.0,0.0,0.0,0.0,0.0,0,0.0,1,0.0,1,0.0,0,0.0,0.0,0.0,1,0,1,0.0,0,1,0.0,0.0,0.0,0.0,0.0,0.0,1,0.0,1,0.0,0,0,1.0,0.0,1.0,1.0,0.0,inward,BZT
574,0.0,0.0,0.0,0.0,0.0,0,1,0.0,0.0,0,0.0,0.0,0.0,1,0,1,1,0.0,0.0,0.0,0,1.0,0,0.0,0.0,1.0,0,1.0,0.0,0.0,1.0,0.0,0.0,0.0,0.0,1,0.0,1,0.0,1,0.0,0,0.0,0.0,0.0,1,1,1,0.0,0,1,0.0,1.0,0.0,0.0,0.0,0.0,1,0.0,0,0.0,0,0,1.0,1.0,1.0,1.0,0.0,inward,BZT
575,0.0,0.0,0.0,0.0,0.0,0,0,0.0,0.0,0,0.0,0.0,0.0,0,0,1,1,0.0,0.0,0.0,1,1.0,0,0.0,0.0,0.0,1,1.0,0.0,0.0,1.0,0.0,1.0,0.0,0.0,0,0.0,1,0.0,1,0.0,0,0.0,0.0,0.0,1,0,1,0.0,0,1,0.0,1.0,0.0,0.0,0.0,0.0,1,0.0,0,0.0,0,0,0.0,0.0,1.0,1.0,0.0,inward,BZT
576,0.0,0.0,0.0,0.0,0.0,0,0,0.0,0.0,0,0.0,0.0,0.0,1,0,1,1,0.0,0.0,0.0,1,1.0,0,0.0,0.0,1.0,1,1.0,0.0,0.0,1.0,0.0,0.0,0.0,0.0,0,0.0,1,0.0,0,0.0,0,0.0,0.0,0.0,1,0,0,0.0,0,1,0.0,1.0,1.0,0.0,0.0,1.0,1,0.0,1,0.0,0,1,1.0,0.0,1.0,1.0,0.0,inward,BZT
577,0.0,0.0,0.0,0.0,0.0,0,0,0.0,0.0,0,0.0,0.0,0.0,0,0,1,1,0.0,0.0,0.0,0,0.0,0,0.0,0.0,1.0,1,1.0,0.0,0.0,1.0,0.0,0.0,0.0,0.0,0,0.0,1,0.0,1,0.0,0,0.0,0.0,0.0,1,0,1,0.0,0,0,0.0,1.0,0.0,0.0,0.0,0.0,1,0.0,1,0.0,0,0,1.0,0.0,1.0,0.0,0.0,inward,BZT
578,0.0,0.0,0.0,0.0,0.0,0,0,0.0,0.0,0,0.0,0.0,0.0,0,0,1,0,0.0,0.0,0.0,0,1.0,0,0.0,0.0,1.0,1,0.0,0.0,0.0,0.0,0.0,0.0,0.0,0.0,0,0.0,1,0.0,0,0.0,0,0.0,0.0,0.0,1,1,1,0.0,1,0,0.0,1.0,0.0,0.0,0.0,1.0,1,0.0,1,0.0,0,1,1.0,0.0,1.0,0.0,0.0,inward,BZT
579,0.0,0.0,0.0,0.0,0.0,0,0,0.0,0.0,0,0.0,0.0,0.0,0,0,1,0,0.0,0.0,0.0,0,1.0,0,0.0,0.0,0.0,1,1.0,0.0,0.0,1.0,0.0,1.0,0.0,0.0,0,0.0,0,0.0,0,0.0,0,0.0,0.0,0.0,1,0,1,0.0,0,1,0.0,1.0,0.0,0.0,0.0,0.0,1,0.0,0,0.0,0,0,0.0,0.0,1.0,1.0,0.0,inward,BZT
580,0.0,0.0,0.0,0.0,0.0,0,0,0.0,0.0,0,0.0,0.0,0.0,1,0,1,0,0.0,0.0,0.0,0,1.0,0,0.0,0.0,1.0,0,1.0,0.0,0.0,1.0,0.0,0.0,0.0,0.0,0,0.0,1,0.0,1,0.0,0,0.0,0.0,0.0,1,0,1,0.0,0,1,0.0,1.0,0.0,0.0,0.0,1.0,1,0.0,1,0.0,0,0,0.0,0.0,1.0,1.0,0.0,inward,BZT
581,0.0,0.0,0.0,0.0,0.0,0,0,0.0,0.0,0,0.0,0.0,0.0,1,0,1,1,0.0,0.0,0.0,1,0.0,0,0.0,0.0,0.0,1,1.0,0.0,0.0,1.0,0.0,0.0,0.0,0.0,0,0.0,1,0.0,1,0.0,0,0.0,0.0,0.0,1,1,1,0.0,0,0,0.0,1.0,1.0,0.0,0.0,0.0,1,0.0,0,0.0,0,0,1.0,0.0,1.0,1.0,0.0,inward,BZT
582,0.0,0.0,0.0,0.0,0.0,0,0,0.0,0.0,0,0.0,0.0,0.0,1,0,1,1,0.0,0.0,0.0,0,0.0,0,0.0,0.0,1.0,1,1.0,0.0,0.0,1.0,0.0,0.0,0.0,0.0,0,0.0,1,0.0,1,0.0,1,0.0,0.0,0.0,1,0,1,0.0,1,1,0.0,1.0,0.0,0.0,0.0,1.0,1,0.0,1,0.0,0,0,1.0,0.0,1.0,1.0,0.0,inward,BZT
583,0.0,0.0,0.0,0.0,0.0,0,0,0.0,0.0,0,0.0,0.0,0.0,0,0,1,0,0.0,0.0,0.0,0,1.0,0,0.0,0.0,1.0,0,1.0,1.0,0.0,1.0,0.0,0.0,0.0,0.0,0,0.0,1,0.0,1,0.0,0,0.0,0.0,0.0,1,1,1,0.0,0,0,0.0,1.0,0.0,0.0,0.0,1.0,1,0.0,1,0.0,0,1,1.0,0.0,1.0,1.0,0.0,inward,BZT
584,0.0,0.0,0.0,0.0,0.0,0,1,0.0,0.0,0,0.0,0.0,0.0,1,0,1,1,0.0,0.0,0.0,0,0.0,0,0.0,0.0,1.0,1,0.0,0.0,0.0,1.0,0.0,0.0,0.0,0.0,0,0.0,1,0.0,1,0.0,0,0.0,0.0,0.0,1,0,1,0.0,0,0,0.0,1.0,0.0,0.0,0.0,0.0,1,0.0,1,0.0,1,0,0.0,0.0,1.0,0.0,0.0,inward,BZT
585,0.0,0.0,0.0,0.0,0.0,0,0,0.0,0.0,0,0.0,0.0,0.0,0,0,1,0,0.0,0.0,0.0,0,1.0,0,0.0,0.0,0.0,1,1.0,0.0,0.0,0.0,0.0,0.0,0.0,0.0,0,0.0,1,0.0,1,0.0,0,0.0,0.0,0.0,1,1,0,0.0,0,1,0.0,1.0,0.0,0.0,0.0,1.0,1,0.0,1,0.0,1,1,0.0,0.0,1.0,0.0,0.0,inward,BZT
586,0.0,0.0,0.0,0.0,0.0,0,0,0.0,0.0,0,0.0,0.0,0.0,1,0,1,1,0.0,0.0,0.0,0,0.0,0,0.0,0.0,0.0,1,1.0,0.0,0.0,0.0,0.0,0.0,0.0,0.0,0,0.0,1,0.0,0,0.0,0,0.0,0.0,0.0,1,1,1,0.0,0,1,0.0,1.0,0.0,0.0,0.0,1.0,1,0.0,1,0.0,0,0,0.0,0.0,1.0,0.0,0.0,inward,BZT
587,0.0,0.0,0.0,0.0,0.0,0,0,0.0,0.0,0,0.0,0.0,0.0,0,0,1,0,0.0,0.0,0.0,0,1.0,0,0.0,0.0,1.0,1,1.0,1.0,0.0,1.0,0.0,0.0,0.0,0.0,0,0.0,1,0.0,1,0.0,0,0.0,0.0,0.0,1,0,1,0.0,0,0,0.0,1.0,0.0,0.0,0.0,1.0,1,0.0,1,0.0,0,1,1.0,0.0,1.0,1.0,0.0,inward,BZT
588,0.0,0.0,0.0,0.0,0.0,0,0,0.0,0.0,0,0.0,0.0,0.0,0,0,1,0,0.0,0.0,0.0,1,1.0,0,0.0,0.0,0.0,1,1.0,0.0,0.0,1.0,0.0,0.0,0.0,0.0,0,0.0,1,0.0,1,0.0,0,0.0,0.0,0.0,1,1,1,0.0,0,1,0.0,1.0,0.0,0.0,0.0,0.0,1,0.0,1,0.0,0,0,1.0,0.0,1.0,1.0,0.0,inward,BZT
589,0.0,0.0,0.0,0.0,0.0,0,1,0.0,0.0,0,0.0,0.0,0.0,0,0,1,0,0.0,0.0,0.0,1,0.0,0,0.0,0.0,1.0,1,1.0,0.0,0.0,0.0,0.0,0.0,0.0,0.0,0,0.0,1,0.0,1,0.0,0,0.0,0.0,0.0,1,1,1,0.0,1,1,0.0,1.0,0.0,0.0,0.0,1.0,1,0.0,1,0.0,0,0,1.0,0.0,1.0,1.0,0.0,inward,BZT
590,0.0,0.0,0.0,0.0,0.0,0,0,0.0,0.0,0,0.0,0.0,0.0,0,0,1,1,0.0,0.0,0.0,0,1.0,0,0.0,0.0,0.0,0,1.0,0.0,0.0,0.0,0.0,0.0,0.0,0.0,0,0.0,1,0.0,1,0.0,0,0.0,0.0,0.0,1,1,1,0.0,0,0,0.0,1.0,0.0,0.0,0.0,1.0,1,0.0,1,0.0,0,0,1.0,0.0,1.0,0.0,0.0,inward,BZT
591,0.0,0.0,0.0,0.0,0.0,0,0,0.0,0.0,0,0.0,0.0,0.0,1,0,1,1,0.0,0.0,0.0,1,1.0,0,0.0,0.0,0.0,1,1.0,1.0,0.0,1.0,0.0,1.0,0.0,0.0,0,0.0,1,0.0,1,0.0,0,0.0,0.0,0.0,1,1,1,0.0,0,1,0.0,1.0,1.0,0.0,0.0,1.0,1,0.0,1,0.0,0,0,0.0,0.0,1.0,1.0,0.0,inward,BZT
592,0.0,0.0,0.0,0.0,0.0,0,0,0.0,0.0,0,0.0,0.0,0.0,0,0,1,1,0.0,0.0,0.0,1,0.0,0,0.0,0.0,1.0,1,1.0,0.0,0.0,0.0,0.0,0.0,0.0,0.0,1,0.0,1,0.0,1,0.0,0,0.0,0.0,0.0,1,0,0,0.0,1,0,0.0,1.0,0.0,0.0,0.0,1.0,1,0.0,1,0.0,0,0,0.0,0.0,1.0,0.0,0.0,inward,BZT
593,0.0,0.0,0.0,0.0,0.0,0,0,0.0,0.0,0,0.0,0.0,0.0,0,0,1,0,0.0,0.0,0.0,1,0.0,0,0.0,0.0,0.0,1,1.0,0.0,0.0,1.0,0.0,0.0,0.0,0.0,0,0.0,1,0.0,1,0.0,0,0.0,0.0,0.0,1,1,1,0.0,0,0,0.0,1.0,1.0,0.0,0.0,1.0,1,0.0,1,0.0,1,1,0.0,0.0,1.0,1.0,0.0,inward,BZT
594,0.0,0.0,0.0,0.0,0.0,0,1,0.0,0.0,0,0.0,0.0,0.0,0,0,1,0,0.0,0.0,0.0,1,1.0,0,0.0,0.0,0.0,0,1.0,0.0,0.0,1.0,0.0,0.0,0.0,0.0,1,0.0,1,0.0,0,0.0,0,0.0,0.0,0.0,1,1,1,0.0,0,0,0.0,1.0,0.0,0.0,0.0,0.0,1,0.0,0,0.0,0,0,1.0,0.0,1.0,1.0,0.0,inward,BZT
595,0.0,0.0,0.0,0.0,0.0,0,0,0.0,0.0,0,0.0,0.0,0.0,0,0,1,1,0.0,0.0,0.0,0,0.0,0,0.0,0.0,1.0,0,1.0,0.0,0.0,1.0,0.0,0.0,0.0,0.0,0,0.0,1,0.0,1,0.0,0,0.0,0.0,0.0,1,0,1,0.0,0,0,0.0,1.0,0.0,0.0,0.0,1.0,1,0.0,1,0.0,0,0,1.0,0.0,1.0,1.0,0.0,inward,BZT
596,0.0,0.0,0.0,0.0,0.0,0,0,0.0,0.0,0,0.0,0.0,0.0,1,0,1,1,0.0,0.0,0.0,0,0.0,0,0.0,0.0,1.0,1,1.0,0.0,0.0,1.0,0.0,1.0,0.0,0.0,0,0.0,1,0.0,1,0.0,0,0.0,0.0,0.0,1,1,1,0.0,0,0,0.0,1.0,0.0,0.0,0.0,1.0,1,0.0,0,1.0,0,0,0.0,0.0,1.0,0.0,0.0,inward,BZT
597,0.0,0.0,0.0,0.0,0.0,0,0,0.0,0.0,0,0.0,0.0,0.0,1,0,1,1,0.0,0.0,0.0,1,1.0,0,0.0,0.0,0.0,1,1.0,0.0,0.0,0.0,0.0,0.0,0.0,0.0,0,0.0,1,0.0,1,0.0,0,0.0,0.0,0.0,1,1,1,0.0,0,0,0.0,1.0,0.0,0.0,0.0,1.0,1,0.0,1,0.0,0,0,0.0,0.0,1.0,1.0,0.0,inward,BZT
598,0.0,0.0,0.0,0.0,0.0,0,0,0.0,0.0,0,0.0,0.0,0.0,1,0,1,1,0.0,0.0,0.0,0,1.0,0,0.0,0.0,1.0,0,1.0,0.0,0.0,1.0,0.0,0.0,0.0,0.0,0,0.0,1,0.0,1,0.0,0,0.0,0.0,0.0,1,0,1,0.0,0,1,0.0,1.0,0.0,0.0,0.0,1.0,1,0.0,1,0.0,0,1,1.0,1.0,1.0,1.0,0.0,inward,BZT
599,0.0,0.0,0.0,0.0,0.0,0,0,0.0,0.0,0,0.0,0.0,0.0,1,0,1,1,0.0,0.0,0.0,0,0.0,0,0.0,0.0,1.0,0,1.0,0.0,0.0,1.0,0.0,0.0,0.0,0.0,1,0.0,1,0.0,1,0.0,0,0.0,0.0,0.0,1,0,1,0.0,0,1,0.0,1.0,0.0,0.0,0.0,0.0,1,0.0,1,0.0,0,1,1.0,0.0,1.0,1.0,0.0,inward,BZT
600,0.0,0.0,0.0,0.0,0.0,0,1,0.0,0.0,0,0.0,0.0,0.0,0,0,1,1,0.0,0.0,0.0,0,1.0,0,0.0,0.0,1.0,0,1.0,0.0,0.0,1.0,0.0,0.0,0.0,0.0,1,0.0,1,0.0,1,0.0,0,0.0,0.0,0.0,1,1,1,0.0,0,1,0.0,1.0,0.0,0.0,0.0,0.0,1,0.0,1,0.0,0,0,0.0,0.0,1.0,1.0,0.0,inward,BZT
601,0.0,0.0,0.0,0.0,0.0,0,0,0.0,0.0,0,0.0,0.0,0.0,1,0,1,1,0.0,0.0,0.0,1,0.0,0,0.0,0.0,1.0,1,1.0,0.0,0.0,0.0,0.0,0.0,0.0,0.0,0,0.0,1,0.0,1,0.0,1,0.0,0.0,0.0,1,1,0,0.0,0,0,0.0,1.0,0.0,0.0,0.0,0.0,1,0.0,1,0.0,0,0,0.0,0.0,1.0,1.0,0.0,inward,BZT
602,0.0,0.0,0.0,0.0,0.0,0,0,0.0,0.0,0,0.0,0.0,0.0,1,0,1,1,0.0,0.0,0.0,0,1.0,0,0.0,0.0,1.0,1,1.0,1.0,0.0,0.0,0.0,0.0,0.0,0.0,0,0.0,1,0.0,1,0.0,0,0.0,0.0,0.0,1,1,1,0.0,0,1,0.0,1.0,0.0,0.0,0.0,0.0,1,0.0,1,0.0,0,0,1.0,0.0,1.0,1.0,0.0,inward,BZT
603,0.0,0.0,0.0,0.0,0.0,0,0,0.0,0.0,0,0.0,0.0,0.0,1,0,1,1,0.0,0.0,0.0,0,0.0,0,0.0,0.0,0.0,0,1.0,0.0,0.0,1.0,0.0,1.0,0.0,0.0,0,0.0,1,0.0,1,0.0,0,0.0,0.0,0.0,1,1,1,0.0,0,0,0.0,1.0,0.0,0.0,0.0,0.0,1,0.0,1,0.0,0,1,0.0,0.0,1.0,1.0,0.0,inward,BZT
604,0.0,0.0,0.0,0.0,0.0,0,0,0.0,0.0,0,0.0,0.0,0.0,1,0,1,1,0.0,0.0,0.0,0,0.0,0,0.0,0.0,1.0,1,1.0,0.0,0.0,1.0,0.0,0.0,0.0,0.0,0,0.0,0,0.0,1,0.0,1,0.0,0.0,0.0,1,1,1,0.0,0,0,0.0,1.0,0.0,0.0,0.0,1.0,1,0.0,1,0.0,0,0,1.0,0.0,1.0,1.0,0.0,inward,BZT
605,0.0,0.0,0.0,0.0,0.0,0,0,0.0,0.0,0,0.0,0.0,0.0,0,0,1,0,0.0,0.0,0.0,0,1.0,0,0.0,0.0,1.0,1,1.0,0.0,0.0,1.0,0.0,1.0,0.0,0.0,0,0.0,1,0.0,1,0.0,0,0.0,0.0,0.0,1,0,0,0.0,0,1,0.0,1.0,1.0,0.0,0.0,1.0,1,0.0,1,0.0,0,0,1.0,0.0,1.0,1.0,0.0,inward,BZT
606,0.0,0.0,0.0,0.0,0.0,0,0,0.0,0.0,0,0.0,0.0,0.0,1,0,1,1,0.0,0.0,0.0,1,1.0,0,0.0,0.0,1.0,0,1.0,0.0,0.0,1.0,0.0,1.0,0.0,0.0,0,0.0,1,0.0,1,0.0,0,0.0,0.0,0.0,1,0,1,0.0,0,1,0.0,1.0,0.0,0.0,0.0,1.0,1,0.0,1,0.0,0,0,1.0,0.0,1.0,1.0,0.0,inward,BZT
607,0.0,0.0,0.0,0.0,0.0,0,0,0.0,0.0,0,0.0,0.0,0.0,1,0,1,1,0.0,0.0,0.0,1,0.0,0,0.0,0.0,0.0,0,1.0,0.0,0.0,1.0,0.0,0.0,0.0,0.0,0,0.0,1,0.0,1,0.0,0,1.0,0.0,0.0,1,0,1,0.0,0,1,0.0,1.0,0.0,0.0,0.0,1.0,1,0.0,1,0.0,0,0,1.0,0.0,1.0,1.0,0.0,inward,BZT
608,0.0,0.0,0.0,0.0,0.0,0,0,0.0,0.0,0,0.0,0.0,0.0,0,0,1,1,0.0,0.0,0.0,1,0.0,0,0.0,0.0,1.0,0,1.0,0.0,0.0,1.0,0.0,0.0,0.0,0.0,1,0.0,1,0.0,1,0.0,0,1.0,0.0,0.0,1,1,1,0.0,0,1,0.0,1.0,0.0,0.0,0.0,0.0,1,0.0,1,0.0,0,1,0.0,0.0,1.0,1.0,0.0,inward,BZT
609,0.0,0.0,0.0,0.0,0.0,0,0,0.0,0.0,0,0.0,0.0,0.0,1,0,1,1,0.0,0.0,0.0,1,0.0,0,0.0,0.0,1.0,1,1.0,0.0,0.0,0.0,0.0,0.0,0.0,0.0,0,0.0,1,0.0,0,0.0,0,1.0,0.0,0.0,1,1,1,0.0,0,1,0.0,1.0,0.0,0.0,0.0,1.0,1,0.0,1,0.0,0,0,1.0,0.0,1.0,1.0,0.0,inward,BZT
610,0.0,0.0,0.0,0.0,0.0,0,0,0.0,0.0,0,0.0,0.0,0.0,1,0,1,1,0.0,0.0,0.0,0,0.0,0,0.0,0.0,0.0,0,1.0,0.0,0.0,1.0,0.0,0.0,0.0,0.0,0,0.0,1,0.0,1,0.0,0,1.0,0.0,0.0,1,0,0,0.0,0,1,0.0,0.0,0.0,0.0,0.0,1.0,1,0.0,1,0.0,0,0,1.0,0.0,1.0,1.0,0.0,inward,BZT
611,0.0,0.0,0.0,0.0,0.0,0,0,0.0,0.0,0,0.0,0.0,0.0,1,0,1,0,0.0,0.0,0.0,0,0.0,0,0.0,0.0,1.0,1,1.0,0.0,0.0,1.0,0.0,0.0,0.0,0.0,0,0.0,1,0.0,1,0.0,0,1.0,0.0,0.0,1,0,1,0.0,1,1,0.0,1.0,0.0,0.0,0.0,1.0,1,0.0,1,0.0,0,0,0.0,0.0,1.0,1.0,0.0,inward,BZT
612,0.0,0.0,0.0,0.0,0.0,0,0,0.0,0.0,0,0.0,0.0,0.0,1,0,0,0,0.0,0.0,0.0,0,0.0,0,0.0,0.0,1.0,0,1.0,0.0,0.0,1.0,0.0,0.0,0.0,0.0,0,0.0,0,0.0,1,0.0,0,1.0,0.0,0.0,1,1,1,0.0,1,0,0.0,1.0,0.0,0.0,0.0,1.0,1,0.0,1,0.0,0,0,1.0,0.0,1.0,1.0,0.0,inward,BZT
613,0.0,0.0,0.0,0.0,0.0,0,0,0.0,0.0,0,0.0,0.0,0.0,1,0,1,0,0.0,0.0,0.0,1,1.0,0,0.0,0.0,0.0,0,1.0,0.0,0.0,1.0,0.0,0.0,0.0,0.0,0,0.0,1,0.0,1,0.0,1,0.0,0.0,0.0,1,1,1,0.0,0,1,0.0,1.0,0.0,0.0,0.0,0.0,1,0.0,1,0.0,0,0,1.0,0.0,1.0,1.0,0.0,inward,BZT
614,0.0,0.0,0.0,0.0,0.0,0,1,0.0,0.0,0,0.0,0.0,0.0,0,0,1,0,0.0,0.0,0.0,1,1.0,0,0.0,0.0,0.0,0,1.0,1.0,0.0,1.0,0.0,0.0,0.0,0.0,1,0.0,1,0.0,1,0.0,0,0.0,0.0,0.0,1,0,1,0.0,0,1,0.0,1.0,0.0,0.0,0.0,0.0,1,0.0,0,0.0,0,0,1.0,0.0,1.0,1.0,0.0,inward,BZT
615,0.0,0.0,0.0,0.0,0.0,0,0,0.0,0.0,0,0.0,0.0,0.0,1,0,1,1,0.0,0.0,0.0,0,0.0,0,0.0,0.0,1.0,0,1.0,1.0,0.0,1.0,0.0,0.0,0.0,0.0,0,0.0,1,0.0,1,0.0,1,0.0,0.0,0.0,1,1,1,0.0,0,0,0.0,1.0,0.0,0.0,0.0,1.0,1,0.0,1,0.0,1,0,1.0,0.0,1.0,1.0,0.0,inward,BZT
616,0.0,0.0,0.0,0.0,0.0,0,0,0.0,0.0,0,0.0,0.0,0.0,1,0,1,1,0.0,0.0,0.0,0,1.0,0,0.0,0.0,0.0,1,1.0,0.0,0.0,1.0,0.0,0.0,0.0,0.0,0,0.0,1,0.0,1,0.0,0,0.0,0.0,0.0,1,1,1,0.0,0,1,0.0,0.0,0.0,0.0,0.0,1.0,1,0.0,1,0.0,0,0,1.0,0.0,1.0,1.0,0.0,inward,BZT
617,0.0,0.0,0.0,0.0,0.0,0,0,0.0,0.0,0,0.0,0.0,0.0,1,0,1,1,0.0,0.0,0.0,0,1.0,0,0.0,0.0,0.0,1,1.0,0.0,0.0,0.0,0.0,0.0,0.0,0.0,0,0.0,1,0.0,1,0.0,0,0.0,0.0,0.0,1,1,1,0.0,1,1,0.0,0.0,0.0,0.0,0.0,0.0,1,0.0,1,0.0,0,1,1.0,1.0,1.0,1.0,0.0,inward,BZT
618,0.0,0.0,0.0,0.0,0.0,0,1,0.0,0.0,0,0.0,0.0,0.0,0,0,1,0,0.0,0.0,0.0,0,0.0,0,0.0,0.0,0.0,1,1.0,0.0,0.0,1.0,0.0,0.0,0.0,0.0,0,0.0,1,0.0,0,0.0,0,1.0,0.0,0.0,1,1,1,0.0,0,1,0.0,1.0,0.0,0.0,0.0,1.0,1,0.0,1,0.0,0,1,1.0,0.0,1.0,1.0,0.0,inward,BZT
619,0.0,0.0,0.0,0.0,0.0,0,0,0.0,0.0,0,0.0,0.0,0.0,1,0,1,1,0.0,0.0,0.0,0,1.0,0,0.0,0.0,0.0,0,1.0,1.0,0.0,1.0,0.0,0.0,0.0,0.0,1,0.0,1,0.0,1,0.0,0,0.0,0.0,0.0,1,0,1,0.0,1,1,0.0,1.0,0.0,0.0,0.0,0.0,1,0.0,0,0.0,0,1,1.0,0.0,1.0,1.0,0.0,inward,BZT
620,0.0,0.0,0.0,0.0,0.0,0,0,0.0,0.0,0,0.0,0.0,0.0,0,0,1,0,0.0,0.0,0.0,1,0.0,0,0.0,0.0,0.0,0,1.0,0.0,0.0,0.0,0.0,0.0,0.0,0.0,0,0.0,1,0.0,1,0.0,0,0.0,0.0,0.0,1,0,1,0.0,0,0,0.0,1.0,1.0,0.0,0.0,1.0,1,0.0,1,0.0,0,1,1.0,0.0,1.0,1.0,0.0,inward,BZT
621,0.0,0.0,0.0,0.0,0.0,0,0,0.0,0.0,0,0.0,0.0,0.0,1,0,1,1,0.0,0.0,0.0,0,1.0,0,0.0,0.0,1.0,1,1.0,0.0,0.0,1.0,0.0,0.0,0.0,0.0,0,0.0,1,0.0,0,0.0,0,0.0,0.0,0.0,1,1,1,0.0,0,1,0.0,1.0,0.0,0.0,0.0,1.0,1,0.0,1,0.0,0,0,1.0,0.0,1.0,1.0,0.0,inward,BZT
622,0.0,0.0,0.0,0.0,0.0,0,0,0.0,0.0,0,0.0,0.0,0.0,0,0,1,0,0.0,0.0,0.0,0,1.0,0,0.0,0.0,1.0,1,1.0,0.0,0.0,1.0,0.0,0.0,0.0,0.0,0,0.0,1,0.0,0,0.0,0,0.0,0.0,0.0,1,1,1,0.0,0,0,0.0,1.0,0.0,0.0,0.0,1.0,1,0.0,1,0.0,0,0,1.0,0.0,1.0,0.0,0.0,inward,BZT
623,0.0,0.0,0.0,0.0,0.0,0,0,0.0,0.0,0,0.0,0.0,0.0,1,0,0,0,0.0,0.0,0.0,0,1.0,0,0.0,0.0,1.0,1,1.0,0.0,0.0,1.0,0.0,0.0,0.0,0.0,0,0.0,1,0.0,1,0.0,0,1.0,0.0,0.0,1,1,0,0.0,0,0,0.0,1.0,0.0,0.0,0.0,1.0,1,0.0,1,0.0,0,0,0.0,0.0,1.0,1.0,0.0,inward,BZT
624,0.0,0.0,0.0,0.0,0.0,0,0,0.0,0.0,0,0.0,0.0,0.0,1,0,1,1,0.0,0.0,0.0,1,1.0,0,0.0,0.0,0.0,0,1.0,1.0,0.0,1.0,0.0,0.0,0.0,0.0,0,0.0,1,0.0,1,0.0,0,1.0,0.0,1.0,1,0,1,0.0,1,0,0.0,1.0,0.0,0.0,0.0,1.0,1,0.0,1,0.0,0,0,0.0,0.0,1.0,1.0,0.0,inward,BZT
625,0.0,0.0,0.0,0.0,0.0,0,1,0.0,0.0,0,0.0,0.0,0.0,1,0,1,1,0.0,0.0,0.0,0,0.0,0,0.0,0.0,1.0,1,1.0,1.0,0.0,1.0,0.0,1.0,0.0,0.0,0,0.0,1,0.0,1,0.0,0,1.0,0.0,0.0,1,0,1,0.0,1,0,0.0,1.0,0.0,0.0,0.0,1.0,1,0.0,1,0.0,0,0,0.0,0.0,1.0,1.0,0.0,inward,BZT
626,0.0,0.0,0.0,0.0,0.0,0,1,0.0,0.0,0,0.0,0.0,0.0,0,0,1,1,0.0,0.0,0.0,0,0.0,0,0.0,0.0,1.0,1,1.0,0.0,0.0,1.0,0.0,0.0,0.0,0.0,0,0.0,1,0.0,1,0.0,0,0.0,0.0,0.0,1,0,1,0.0,0,1,0.0,1.0,0.0,0.0,0.0,1.0,1,0.0,1,0.0,0,0,0.0,0.0,1.0,1.0,0.0,inward,BZT
627,0.0,0.0,0.0,0.0,0.0,0,0,0.0,0.0,0,0.0,0.0,0.0,1,0,0,1,0.0,0.0,0.0,0,1.0,0,0.0,0.0,1.0,0,1.0,1.0,0.0,1.0,0.0,1.0,0.0,0.0,0,0.0,1,0.0,1,0.0,0,0.0,0.0,0.0,1,0,0,0.0,0,1,0.0,1.0,0.0,0.0,0.0,1.0,1,0.0,1,0.0,0,0,0.0,0.0,1.0,1.0,0.0,inward,BZT
628,0.0,0.0,0.0,0.0,0.0,0,0,0.0,0.0,0,0.0,0.0,0.0,1,0,1,1,0.0,0.0,0.0,0,1.0,0,0.0,0.0,1.0,0,1.0,1.0,0.0,1.0,0.0,0.0,0.0,0.0,0,0.0,1,0.0,1,0.0,0,1.0,0.0,0.0,1,1,1,0.0,0,1,0.0,1.0,0.0,0.0,0.0,0.0,1,0.0,1,0.0,0,0,1.0,0.0,1.0,1.0,0.0,inward,BZT
629,0.0,0.0,0.0,0.0,0.0,0,0,0.0,0.0,0,0.0,0.0,0.0,1,0,1,1,0.0,0.0,0.0,0,1.0,0,0.0,0.0,1.0,1,1.0,1.0,0.0,1.0,0.0,0.0,0.0,0.0,1,0.0,1,0.0,1,0.0,0,0.0,0.0,0.0,1,1,1,0.0,0,1,0.0,0.0,0.0,0.0,0.0,0.0,1,0.0,1,0.0,0,1,1.0,0.0,1.0,1.0,0.0,inward,BZT
630,0.0,0.0,0.0,0.0,0.0,0,0,0.0,0.0,0,0.0,0.0,0.0,1,0,1,1,0.0,0.0,0.0,0,1.0,0,0.0,0.0,0.0,1,1.0,0.0,0.0,1.0,0.0,0.0,0.0,0.0,0,0.0,1,0.0,1,0.0,0,0.0,0.0,0.0,1,0,1,0.0,0,1,0.0,0.0,0.0,0.0,0.0,1.0,1,0.0,1,0.0,0,0,0.0,0.0,1.0,1.0,0.0,inward,BZT
631,0.0,0.0,0.0,0.0,0.0,0,0,0.0,0.0,0,0.0,0.0,0.0,1,0,1,0,0.0,0.0,0.0,0,0.0,0,0.0,0.0,0.0,1,0.0,0.0,0.0,1.0,0.0,0.0,0.0,0.0,0,0.0,1,0.0,1,0.0,0,1.0,0.0,0.0,1,1,1,0.0,0,0,0.0,1.0,0.0,0.0,0.0,0.0,1,0.0,1,0.0,0,0,1.0,0.0,1.0,1.0,0.0,inward,BZT
632,0.0,0.0,0.0,0.0,0.0,0,0,0.0,0.0,0,0.0,0.0,0.0,0,0,1,0,0.0,0.0,0.0,0,1.0,0,0.0,0.0,1.0,1,1.0,1.0,0.0,1.0,0.0,0.0,0.0,0.0,0,0.0,1,0.0,1,0.0,0,0.0,0.0,0.0,1,0,0,0.0,0,0,0.0,1.0,0.0,0.0,0.0,1.0,1,0.0,1,0.0,0,0,0.0,0.0,1.0,1.0,0.0,inward,BZT
633,0.0,0.0,0.0,0.0,0.0,0,1,0.0,0.0,0,0.0,0.0,0.0,0,0,1,1,0.0,0.0,0.0,0,1.0,0,0.0,0.0,0.0,0,1.0,0.0,0.0,0.0,0.0,0.0,0.0,0.0,1,0.0,1,0.0,1,0.0,1,0.0,0.0,0.0,1,0,1,0.0,0,0,0.0,1.0,0.0,0.0,0.0,0.0,1,0.0,0,0.0,0,0,0.0,0.0,1.0,1.0,0.0,inward,BZT
634,0.0,0.0,0.0,0.0,0.0,0,0,0.0,0.0,0,0.0,0.0,0.0,1,0,1,0,0.0,0.0,0.0,0,0.0,0,0.0,0.0,0.0,0,1.0,0.0,0.0,0.0,0.0,0.0,0.0,0.0,0,0.0,1,0.0,0,0.0,0,0.0,0.0,0.0,1,0,1,0.0,0,1,0.0,1.0,0.0,0.0,0.0,1.0,1,0.0,1,0.0,0,0,1.0,0.0,1.0,1.0,0.0,inward,BZT
635,0.0,0.0,0.0,0.0,0.0,0,0,0.0,0.0,0,0.0,0.0,0.0,0,0,1,0,0.0,0.0,0.0,0,0.0,0,0.0,0.0,0.0,0,1.0,0.0,0.0,0.0,0.0,0.0,0.0,0.0,0,0.0,1,0.0,0,0.0,0,0.0,0.0,0.0,1,0,1,0.0,0,1,0.0,1.0,0.0,0.0,0.0,1.0,1,0.0,1,0.0,0,0,0.0,0.0,1.0,1.0,0.0,inward,BZT
636,0.0,0.0,0.0,0.0,0.0,0,0,0.0,0.0,0,0.0,0.0,0.0,1,0,1,1,0.0,0.0,0.0,1,1.0,0,0.0,0.0,1.0,0,1.0,1.0,0.0,1.0,0.0,0.0,0.0,0.0,0,0.0,1,0.0,1,0.0,0,0.0,0.0,0.0,1,0,0,0.0,0,1,0.0,1.0,0.0,0.0,0.0,1.0,1,0.0,1,0.0,0,0,0.0,0.0,1.0,1.0,0.0,inward,BZT
637,0.0,0.0,0.0,0.0,0.0,0,0,0.0,0.0,0,0.0,0.0,0.0,0,0,0,0,0.0,0.0,0.0,0,1.0,0,0.0,0.0,0.0,1,1.0,0.0,0.0,1.0,0.0,0.0,0.0,0.0,0,0.0,1,0.0,1,0.0,0,1.0,0.0,0.0,1,1,1,0.0,0,1,0.0,1.0,0.0,0.0,0.0,1.0,1,0.0,1,0.0,0,1,1.0,1.0,1.0,1.0,0.0,inward,BZT
638,0.0,0.0,0.0,0.0,0.0,0,0,0.0,0.0,0,0.0,0.0,0.0,0,0,1,0,0.0,0.0,0.0,0,1.0,0,0.0,0.0,0.0,0,1.0,1.0,0.0,0.0,0.0,0.0,0.0,0.0,0,0.0,1,0.0,1,0.0,0,1.0,0.0,0.0,1,1,1,0.0,0,1,0.0,0.0,0.0,0.0,0.0,1.0,1,0.0,1,0.0,0,0,1.0,0.0,1.0,1.0,0.0,inward,BZT
639,0.0,0.0,0.0,0.0,0.0,0,0,0.0,0.0,0,0.0,0.0,0.0,0,0,1,0,0.0,0.0,0.0,0,1.0,0,0.0,0.0,1.0,1,1.0,0.0,0.0,1.0,0.0,0.0,0.0,0.0,0,0.0,1,0.0,1,0.0,0,0.0,0.0,0.0,1,1,1,0.0,0,0,0.0,1.0,0.0,0.0,0.0,1.0,1,0.0,1,0.0,0,1,0.0,0.0,1.0,0.0,0.0,inward,BZT
640,0.0,0.0,0.0,0.0,0.0,0,1,0.0,0.0,0,0.0,0.0,0.0,1,0,1,1,0.0,0.0,0.0,1,1.0,1,0.0,0.0,1.0,1,1.0,1.0,0.0,1.0,0.0,0.0,0.0,0.0,0,0.0,1,0.0,1,0.0,0,0.0,0.0,0.0,1,1,1,0.0,0,0,0.0,1.0,0.0,0.0,0.0,1.0,1,0.0,1,0.0,0,1,0.0,0.0,1.0,0.0,0.0,inward,BZT
641,0.0,0.0,0.0,0.0,0.0,0,0,0.0,0.0,0,0.0,0.0,0.0,0,0,1,0,0.0,0.0,0.0,1,1.0,0,0.0,0.0,1.0,1,1.0,1.0,0.0,0.0,0.0,0.0,0.0,0.0,0,0.0,1,0.0,1,0.0,0,0.0,0.0,0.0,1,0,1,0.0,0,1,0.0,1.0,1.0,0.0,0.0,1.0,1,0.0,1,0.0,0,0,0.0,0.0,1.0,1.0,0.0,inward,BZT
642,0.0,0.0,0.0,0.0,0.0,0,0,0.0,0.0,0,0.0,0.0,0.0,0,0,1,0,0.0,0.0,0.0,0,1.0,0,0.0,0.0,0.0,0,1.0,0.0,0.0,1.0,0.0,0.0,0.0,0.0,0,0.0,1,0.0,1,0.0,0,1.0,0.0,0.0,1,0,1,0.0,0,1,0.0,1.0,0.0,0.0,0.0,1.0,1,0.0,1,0.0,0,0,1.0,0.0,1.0,1.0,0.0,inward,BZT
643,0.0,0.0,0.0,0.0,0.0,0,1,0.0,0.0,0,0.0,0.0,0.0,1,0,1,1,0.0,0.0,0.0,0,0.0,0,0.0,0.0,1.0,1,1.0,0.0,0.0,1.0,0.0,0.0,0.0,0.0,0,0.0,1,0.0,0,0.0,0,1.0,0.0,0.0,1,1,1,0.0,0,1,0.0,1.0,0.0,0.0,0.0,1.0,1,0.0,1,0.0,0,1,0.0,0.0,1.0,1.0,0.0,inward,BZT
644,0.0,0.0,0.0,0.0,0.0,0,0,0.0,0.0,0,0.0,0.0,0.0,1,0,1,1,0.0,0.0,0.0,0,1.0,0,0.0,0.0,0.0,1,1.0,0.0,0.0,1.0,0.0,1.0,0.0,0.0,0,0.0,1,0.0,0,0.0,0,1.0,0.0,0.0,1,0,0,0.0,0,1,0.0,0.0,0.0,0.0,0.0,0.0,1,0.0,1,0.0,0,0,0.0,0.0,1.0,1.0,0.0,inward,BZT
645,0.0,0.0,0.0,0.0,0.0,0,0,0.0,0.0,0,0.0,0.0,0.0,1,0,1,1,0.0,0.0,0.0,1,1.0,0,0.0,0.0,1.0,1,1.0,0.0,0.0,1.0,0.0,1.0,0.0,0.0,0,0.0,1,0.0,1,0.0,0,1.0,0.0,0.0,1,1,1,0.0,0,1,0.0,1.0,0.0,0.0,0.0,1.0,1,0.0,1,0.0,0,0,0.0,0.0,1.0,0.0,0.0,inward,BZT
646,0.0,0.0,0.0,0.0,0.0,0,0,0.0,0.0,0,0.0,0.0,0.0,1,0,1,1,0.0,0.0,0.0,0,1.0,0,0.0,0.0,0.0,1,1.0,0.0,0.0,1.0,0.0,0.0,0.0,0.0,0,0.0,1,0.0,1,0.0,0,1.0,0.0,0.0,1,1,1,0.0,0,1,0.0,0.0,0.0,0.0,0.0,1.0,1,0.0,1,0.0,0,0,0.0,0.0,1.0,1.0,0.0,inward,BZT
647,0.0,0.0,0.0,0.0,0.0,0,1,0.0,0.0,0,0.0,0.0,0.0,1,0,1,1,0.0,0.0,0.0,1,0.0,0,0.0,0.0,1.0,1,0.0,0.0,0.0,1.0,0.0,1.0,0.0,0.0,0,0.0,1,0.0,1,0.0,0,1.0,0.0,0.0,1,1,1,0.0,0,1,0.0,1.0,0.0,0.0,0.0,0.0,1,0.0,0,0.0,0,0,0.0,0.0,1.0,1.0,0.0,inward,BZT
648,0.0,0.0,0.0,0.0,0.0,0,0,0.0,0.0,0,0.0,0.0,0.0,1,0,1,1,0.0,0.0,0.0,0,1.0,0,0.0,0.0,1.0,1,1.0,1.0,0.0,1.0,0.0,0.0,0.0,0.0,1,0.0,1,0.0,1,0.0,0,1.0,0.0,1.0,1,0,1,0.0,0,1,0.0,1.0,0.0,0.0,0.0,0.0,1,0.0,1,0.0,0,0,1.0,0.0,1.0,1.0,0.0,inward,BZT
649,0.0,0.0,0.0,0.0,0.0,0,0,0.0,0.0,0,0.0,0.0,0.0,1,0,1,0,0.0,0.0,0.0,1,0.0,0,0.0,0.0,1.0,1,1.0,0.0,0.0,1.0,0.0,1.0,0.0,0.0,1,0.0,1,0.0,1,0.0,0,1.0,0.0,0.0,1,0,1,0.0,1,0,0.0,1.0,0.0,0.0,0.0,1.0,1,0.0,1,0.0,0,0,0.0,0.0,1.0,1.0,0.0,inward,BZT
650,0.0,0.0,0.0,0.0,0.0,0,0,0.0,0.0,0,0.0,0.0,0.0,0,0,1,0,0.0,0.0,0.0,0,1.0,0,0.0,0.0,0.0,1,1.0,1.0,0.0,0.0,0.0,0.0,0.0,0.0,0,0.0,1,0.0,1,0.0,0,1.0,0.0,0.0,1,0,1,0.0,1,1,0.0,1.0,0.0,0.0,0.0,1.0,1,0.0,1,0.0,0,0,0.0,0.0,1.0,1.0,0.0,inward,BZT
651,0.0,0.0,0.0,0.0,0.0,0,1,0.0,0.0,0,0.0,0.0,0.0,1,0,1,0,0.0,0.0,0.0,0,1.0,0,0.0,0.0,0.0,1,1.0,0.0,0.0,1.0,0.0,0.0,0.0,0.0,0,0.0,1,0.0,1,0.0,0,1.0,0.0,1.0,1,0,1,0.0,0,0,0.0,1.0,0.0,0.0,0.0,1.0,1,0.0,1,0.0,0,0,0.0,0.0,1.0,1.0,0.0,inward,BZT
652,0.0,0.0,0.0,0.0,0.0,0,0,0.0,0.0,0,0.0,0.0,0.0,1,0,1,1,0.0,0.0,0.0,0,0.0,0,0.0,0.0,1.0,1,1.0,0.0,0.0,1.0,0.0,0.0,0.0,0.0,0,0.0,1,0.0,1,0.0,0,1.0,0.0,0.0,1,1,1,0.0,0,1,0.0,1.0,0.0,0.0,0.0,1.0,1,0.0,1,0.0,0,0,0.0,0.0,1.0,1.0,0.0,inward,BZT
653,0.0,0.0,0.0,0.0,0.0,0,0,0.0,0.0,0,0.0,0.0,0.0,0,0,1,0,0.0,0.0,0.0,1,0.0,0,0.0,0.0,0.0,0,1.0,0.0,0.0,1.0,0.0,1.0,0.0,0.0,0,0.0,1,0.0,1,0.0,0,1.0,0.0,0.0,1,1,1,0.0,0,1,0.0,1.0,0.0,0.0,0.0,0.0,1,0.0,1,0.0,0,0,0.0,0.0,1.0,1.0,0.0,inward,BZT
654,0.0,0.0,0.0,0.0,0.0,0,0,0.0,0.0,0,0.0,0.0,0.0,1,0,1,1,0.0,0.0,0.0,0,1.0,0,0.0,0.0,0.0,0,1.0,1.0,0.0,1.0,0.0,0.0,0.0,0.0,0,0.0,1,0.0,1,0.0,0,0.0,0.0,0.0,1,1,1,0.0,0,1,0.0,1.0,0.0,0.0,0.0,1.0,1,0.0,1,0.0,0,0,0.0,0.0,1.0,0.0,0.0,inward,BZT
655,0.0,0.0,0.0,0.0,0.0,0,0,0.0,0.0,0,0.0,0.0,0.0,0,0,1,1,0.0,0.0,0.0,0,1.0,0,0.0,0.0,1.0,1,1.0,1.0,0.0,1.0,0.0,0.0,0.0,0.0,0,0.0,1,0.0,0,0.0,0,0.0,0.0,0.0,1,0,1,0.0,0,0,0.0,1.0,1.0,0.0,0.0,1.0,1,0.0,1,0.0,0,0,0.0,0.0,1.0,1.0,0.0,inward,BZT
656,0.0,0.0,0.0,0.0,0.0,0,1,0.0,0.0,0,0.0,0.0,0.0,1,0,1,0,0.0,0.0,0.0,0,0.0,0,0.0,0.0,1.0,1,1.0,0.0,0.0,1.0,0.0,0.0,0.0,0.0,0,0.0,1,0.0,1,0.0,0,0.0,0.0,0.0,1,1,1,0.0,0,0,0.0,1.0,1.0,0.0,0.0,1.0,1,0.0,1,0.0,0,0,0.0,0.0,1.0,1.0,0.0,inward,BZT
657,0.0,0.0,0.0,0.0,0.0,0,0,0.0,0.0,0,0.0,0.0,0.0,0,0,1,1,0.0,0.0,0.0,0,0.0,0,0.0,0.0,1.0,1,1.0,0.0,0.0,1.0,0.0,0.0,0.0,0.0,0,0.0,1,0.0,1,0.0,0,1.0,0.0,0.0,1,0,1,0.0,0,0,0.0,1.0,0.0,0.0,0.0,1.0,1,0.0,1,0.0,0,1,0.0,0.0,1.0,1.0,0.0,inward,BZT
658,0.0,0.0,0.0,0.0,0.0,0,0,0.0,0.0,0,0.0,0.0,0.0,0,0,1,0,0.0,0.0,0.0,0,1.0,0,0.0,0.0,0.0,0,1.0,1.0,0.0,1.0,0.0,0.0,0.0,0.0,0,0.0,1,0.0,1,0.0,0,0.0,0.0,0.0,1,0,1,0.0,1,0,0.0,1.0,0.0,0.0,0.0,1.0,1,0.0,1,0.0,0,0,0.0,0.0,1.0,1.0,0.0,inward,BZT
659,0.0,0.0,0.0,0.0,0.0,0,0,0.0,0.0,0,0.0,0.0,0.0,1,0,1,1,0.0,0.0,0.0,0,1.0,0,0.0,0.0,1.0,1,1.0,1.0,0.0,1.0,0.0,0.0,0.0,0.0,0,0.0,1,0.0,1,0.0,0,0.0,0.0,0.0,1,0,1,0.0,0,1,0.0,1.0,0.0,0.0,0.0,0.0,1,0.0,1,0.0,0,1,0.0,0.0,1.0,0.0,0.0,inward,BZT
660,0.0,0.0,0.0,0.0,0.0,0,0,0.0,0.0,0,0.0,0.0,0.0,0,0,1,0,0.0,0.0,0.0,1,1.0,0,0.0,0.0,1.0,1,1.0,0.0,0.0,1.0,0.0,1.0,0.0,0.0,0,0.0,1,0.0,1,0.0,0,1.0,0.0,0.0,1,0,0,0.0,1,1,0.0,0.0,0.0,0.0,0.0,1.0,1,0.0,1,0.0,0,0,0.0,0.0,1.0,1.0,0.0,inward,BZT
661,0.0,0.0,0.0,0.0,0.0,0,0,0.0,0.0,0,0.0,0.0,0.0,1,0,1,0,0.0,0.0,0.0,0,0.0,0,0.0,0.0,0.0,1,0.0,0.0,0.0,1.0,0.0,0.0,0.0,0.0,0,0.0,1,0.0,1,0.0,0,1.0,0.0,0.0,1,1,1,0.0,1,0,0.0,0.0,0.0,0.0,0.0,1.0,1,0.0,1,0.0,0,0,0.0,0.0,1.0,1.0,0.0,inward,BZT
662,0.0,0.0,0.0,0.0,0.0,0,0,0.0,0.0,0,0.0,0.0,0.0,1,0,1,1,0.0,0.0,0.0,0,0.0,0,0.0,0.0,0.0,0,1.0,0.0,0.0,0.0,0.0,0.0,0.0,0.0,0,0.0,1,0.0,0,0.0,0,0.0,0.0,0.0,1,0,1,0.0,0,1,0.0,0.0,0.0,0.0,0.0,0.0,1,0.0,1,0.0,0,0,1.0,0.0,1.0,1.0,0.0,inward,BZT
663,0.0,0.0,0.0,0.0,0.0,0,0,0.0,0.0,0,0.0,0.0,0.0,0,0,1,0,0.0,0.0,0.0,1,0.0,0,0.0,0.0,1.0,1,1.0,0.0,0.0,1.0,0.0,0.0,0.0,0.0,0,0.0,1,0.0,1,0.0,0,1.0,1.0,0.0,1,0,1,0.0,0,1,0.0,1.0,0.0,0.0,0.0,1.0,1,0.0,1,0.0,0,0,0.0,0.0,1.0,1.0,0.0,inward,BZT
664,0.0,0.0,0.0,0.0,0.0,0,0,0.0,0.0,0,0.0,0.0,0.0,1,0,1,0,0.0,0.0,0.0,0,0.0,0,0.0,0.0,1.0,1,1.0,1.0,0.0,1.0,0.0,1.0,0.0,0.0,0,0.0,1,0.0,1,0.0,0,0.0,0.0,0.0,1,1,1,0.0,1,1,0.0,0.0,0.0,0.0,0.0,1.0,1,0.0,1,0.0,0,0,0.0,0.0,1.0,1.0,0.0,inward,BZT
665,0.0,0.0,0.0,0.0,0.0,0,0,0.0,0.0,0,0.0,0.0,0.0,0,0,1,0,0.0,0.0,0.0,1,0.0,0,0.0,0.0,1.0,1,1.0,1.0,0.0,1.0,0.0,0.0,0.0,0.0,0,0.0,1,0.0,1,0.0,1,1.0,0.0,0.0,1,1,1,0.0,0,0,0.0,1.0,1.0,0.0,0.0,1.0,1,0.0,1,0.0,0,0,0.0,0.0,1.0,1.0,0.0,inward,BZT
666,0.0,0.0,0.0,0.0,0.0,0,0,0.0,0.0,0,0.0,0.0,0.0,0,0,1,0,0.0,0.0,0.0,1,1.0,0,0.0,0.0,0.0,1,1.0,0.0,0.0,0.0,0.0,0.0,0.0,0.0,0,0.0,1,0.0,1,0.0,0,1.0,0.0,0.0,1,1,1,0.0,0,1,0.0,1.0,0.0,0.0,0.0,0.0,1,0.0,1,0.0,0,0,1.0,0.0,1.0,1.0,0.0,inward,BZT
667,0.0,0.0,0.0,0.0,0.0,0,0,0.0,0.0,0,0.0,0.0,0.0,1,0,1,0,0.0,0.0,0.0,0,1.0,0,0.0,0.0,0.0,1,1.0,0.0,0.0,0.0,0.0,0.0,0.0,0.0,0,0.0,1,0.0,1,0.0,0,1.0,0.0,0.0,1,0,1,0.0,1,1,0.0,0.0,0.0,0.0,0.0,0.0,1,0.0,1,0.0,0,0,1.0,0.0,1.0,1.0,0.0,inward,BZT
668,0.0,0.0,0.0,0.0,0.0,0,0,0.0,0.0,0,0.0,0.0,0.0,1,0,1,1,0.0,0.0,0.0,1,1.0,0,0.0,0.0,0.0,0,1.0,0.0,0.0,0.0,0.0,0.0,0.0,0.0,0,0.0,1,0.0,1,0.0,1,0.0,0.0,0.0,1,0,1,0.0,1,0,0.0,1.0,0.0,0.0,0.0,0.0,1,0.0,1,0.0,0,0,0.0,0.0,1.0,1.0,0.0,inward,BZT
669,0.0,0.0,0.0,0.0,0.0,0,0,0.0,0.0,0,0.0,0.0,0.0,0,0,1,0,0.0,0.0,0.0,1,1.0,0,0.0,0.0,0.0,0,1.0,1.0,0.0,0.0,0.0,0.0,0.0,0.0,0,0.0,1,0.0,1,0.0,0,1.0,0.0,1.0,1,0,1,0.0,1,1,0.0,0.0,0.0,0.0,0.0,0.0,1,0.0,1,0.0,0,0,1.0,0.0,1.0,1.0,0.0,inward,BZT
670,0.0,0.0,0.0,0.0,0.0,0,1,0.0,0.0,0,0.0,0.0,0.0,0,0,1,0,0.0,0.0,0.0,0,1.0,0,0.0,0.0,0.0,1,1.0,0.0,0.0,0.0,0.0,0.0,0.0,0.0,0,0.0,1,0.0,1,0.0,0,0.0,0.0,0.0,1,0,1,0.0,0,1,0.0,0.0,0.0,0.0,0.0,0.0,1,0.0,0,0.0,0,1,1.0,1.0,1.0,1.0,0.0,inward,BZT
671,0.0,0.0,0.0,0.0,0.0,0,0,0.0,0.0,0,0.0,0.0,0.0,0,0,1,0,0.0,0.0,0.0,0,0.0,0,0.0,0.0,0.0,1,1.0,0.0,0.0,0.0,0.0,0.0,0.0,0.0,0,0.0,1,0.0,0,0.0,0,1.0,0.0,0.0,1,1,1,0.0,1,1,0.0,0.0,0.0,0.0,0.0,0.0,1,0.0,1,0.0,0,0,0.0,0.0,1.0,1.0,0.0,inward,BZT
672,0.0,0.0,0.0,0.0,0.0,0,0,0.0,0.0,0,0.0,0.0,0.0,0,0,1,0,0.0,0.0,0.0,0,0.0,0,0.0,0.0,0.0,0,1.0,0.0,0.0,0.0,0.0,0.0,0.0,0.0,0,0.0,1,0.0,1,0.0,0,1.0,0.0,0.0,1,0,1,0.0,0,1,0.0,1.0,0.0,0.0,0.0,0.0,1,0.0,1,0.0,0,1,0.0,0.0,1.0,1.0,0.0,inward,BZT
673,0.0,0.0,0.0,0.0,0.0,0,0,0.0,0.0,0,0.0,0.0,0.0,0,0,1,1,0.0,0.0,0.0,1,1.0,0,0.0,0.0,0.0,0,1.0,0.0,0.0,0.0,0.0,0.0,0.0,0.0,0,0.0,1,0.0,1,0.0,0,0.0,0.0,0.0,1,1,1,0.0,0,1,0.0,0.0,0.0,0.0,0.0,0.0,1,0.0,1,0.0,0,1,0.0,0.0,1.0,1.0,0.0,inward,BZT
674,0.0,0.0,0.0,0.0,0.0,0,0,0.0,0.0,0,0.0,0.0,0.0,0,0,1,0,0.0,0.0,0.0,1,1.0,0,0.0,0.0,0.0,0,1.0,1.0,0.0,0.0,0.0,0.0,0.0,0.0,0,0.0,1,0.0,1,0.0,0,0.0,0.0,0.0,1,0,0,0.0,0,1,0.0,1.0,0.0,0.0,0.0,0.0,1,0.0,1,0.0,0,1,0.0,0.0,1.0,1.0,0.0,inward,BZT
675,0.0,0.0,0.0,0.0,0.0,0,0,0.0,0.0,0,0.0,0.0,0.0,0,0,1,0,0.0,0.0,0.0,0,1.0,0,0.0,0.0,0.0,1,0.0,0.0,0.0,0.0,0.0,0.0,0.0,0.0,0,0.0,1,0.0,1,0.0,1,0.0,0.0,0.0,1,0,1,0.0,1,1,0.0,0.0,0.0,0.0,0.0,0.0,1,0.0,1,0.0,0,0,0.0,0.0,1.0,1.0,0.0,inward,BZT
676,0.0,0.0,0.0,0.0,0.0,0,0,0.0,0.0,0,0.0,0.0,0.0,0,0,1,1,0.0,0.0,0.0,1,1.0,0,0.0,0.0,1.0,1,1.0,0.0,0.0,0.0,0.0,0.0,0.0,0.0,0,0.0,1,0.0,1,0.0,0,0.0,0.0,0.0,1,0,0,0.0,0,0,0.0,0.0,0.0,0.0,0.0,0.0,1,0.0,1,0.0,0,0,0.0,0.0,1.0,0.0,0.0,inward,BZT
677,0.0,0.0,0.0,0.0,0.0,0,0,0.0,0.0,0,0.0,0.0,0.0,0,0,1,1,0.0,0.0,0.0,0,1.0,0,0.0,0.0,0.0,1,1.0,0.0,0.0,0.0,0.0,0.0,0.0,0.0,0,0.0,1,0.0,1,0.0,1,0.0,0.0,0.0,1,0,1,0.0,1,1,0.0,0.0,0.0,0.0,1.0,0.0,1,0.0,0,0.0,0,1,0.0,0.0,1.0,1.0,0.0,inward,BZT
678,0.0,0.0,0.0,0.0,0.0,0,0,0.0,0.0,0,0.0,0.0,0.0,1,0,1,1,0.0,0.0,0.0,0,1.0,0,0.0,0.0,0.0,1,1.0,1.0,0.0,0.0,0.0,0.0,0.0,0.0,0,0.0,1,0.0,1,0.0,0,1.0,0.0,0.0,1,0,1,0.0,0,1,0.0,0.0,0.0,0.0,0.0,0.0,1,0.0,1,0.0,0,1,0.0,0.0,1.0,1.0,0.0,inward,BZT
679,0.0,0.0,0.0,0.0,0.0,0,0,0.0,0.0,0,0.0,0.0,0.0,0,0,1,1,0.0,0.0,0.0,0,0.0,0,0.0,0.0,0.0,1,0.0,0.0,0.0,0.0,0.0,0.0,0.0,0.0,0,0.0,1,0.0,1,0.0,1,1.0,0.0,0.0,1,0,0,0.0,0,1,0.0,0.0,0.0,0.0,0.0,0.0,1,0.0,1,0.0,0,0,0.0,0.0,1.0,1.0,0.0,inward,BZT
680,0.0,0.0,0.0,0.0,0.0,0,1,0.0,0.0,0,0.0,0.0,0.0,1,0,1,1,0.0,0.0,0.0,0,0.0,0,0.0,0.0,0.0,0,1.0,1.0,0.0,0.0,0.0,0.0,0.0,0.0,0,0.0,1,0.0,1,0.0,0,0.0,0.0,0.0,1,1,1,0.0,0,1,0.0,0.0,0.0,0.0,0.0,0.0,1,0.0,1,0.0,0,0,0.0,0.0,1.0,1.0,0.0,inward,BZT
681,0.0,0.0,0.0,0.0,0.0,0,1,0.0,0.0,0,0.0,0.0,0.0,1,0,1,0,0.0,0.0,0.0,0,1.0,0,0.0,0.0,0.0,1,1.0,0.0,0.0,1.0,0.0,0.0,0.0,0.0,0,0.0,1,0.0,1,0.0,0,1.0,0.0,0.0,1,0,1,0.0,0,1,0.0,0.0,0.0,0.0,0.0,0.0,1,0.0,1,0.0,0,0,0.0,0.0,1.0,1.0,0.0,inward,BZT
682,0.0,0.0,0.0,0.0,0.0,0,0,0.0,0.0,0,0.0,0.0,0.0,0,0,1,1,0.0,0.0,0.0,1,1.0,0,0.0,0.0,0.0,0,1.0,0.0,0.0,0.0,0.0,0.0,0.0,0.0,0,0.0,1,0.0,1,0.0,1,1.0,0.0,1.0,1,1,1,0.0,1,1,0.0,0.0,0.0,0.0,0.0,0.0,1,0.0,1,0.0,0,1,0.0,0.0,1.0,1.0,0.0,inward,BZT
683,0.0,0.0,0.0,0.0,0.0,0,0,0.0,0.0,0,0.0,0.0,0.0,1,0,1,0,0.0,0.0,0.0,0,1.0,0,0.0,0.0,0.0,0,1.0,0.0,0.0,0.0,0.0,0.0,0.0,0.0,0,0.0,1,0.0,1,0.0,0,0.0,0.0,0.0,1,1,1,0.0,1,1,0.0,0.0,0.0,0.0,0.0,0.0,1,0.0,1,0.0,0,1,0.0,0.0,1.0,0.0,0.0,inward,BZT
684,0.0,0.0,0.0,0.0,0.0,0,0,0.0,0.0,0,0.0,0.0,0.0,0,0,1,0,0.0,0.0,0.0,1,0.0,0,0.0,0.0,0.0,1,0.0,0.0,0.0,0.0,0.0,0.0,0.0,0.0,0,0.0,1,0.0,1,0.0,0,1.0,0.0,0.0,1,0,1,0.0,1,1,0.0,0.0,0.0,0.0,0.0,0.0,1,0.0,0,0.0,1,1,0.0,0.0,1.0,1.0,0.0,inward,BZT
685,0.0,0.0,0.0,0.0,0.0,0,0,0.0,0.0,0,0.0,0.0,0.0,1,0,1,1,0.0,0.0,0.0,0,1.0,0,0.0,0.0,0.0,0,1.0,0.0,0.0,0.0,0.0,0.0,0.0,0.0,0,0.0,1,0.0,0,0.0,0,0.0,0.0,0.0,1,1,1,0.0,0,0,0.0,0.0,0.0,0.0,0.0,0.0,1,0.0,1,0.0,0,0,0.0,0.0,1.0,0.0,0.0,inward,BZT
686,0.0,0.0,0.0,0.0,0.0,0,0,0.0,0.0,0,0.0,0.0,0.0,1,0,1,1,0.0,0.0,0.0,0,0.0,0,0.0,0.0,0.0,1,1.0,1.0,0.0,0.0,0.0,0.0,0.0,0.0,0,0.0,1,0.0,1,0.0,0,1.0,0.0,0.0,1,1,1,0.0,0,0,0.0,0.0,0.0,0.0,0.0,0.0,1,0.0,1,0.0,0,0,0.0,0.0,1.0,1.0,0.0,inward,BZT
687,0.0,0.0,0.0,0.0,0.0,0,0,0.0,0.0,0,0.0,0.0,0.0,1,0,1,1,0.0,0.0,0.0,0,1.0,0,0.0,0.0,0.0,0,1.0,1.0,0.0,0.0,0.0,0.0,0.0,0.0,0,0.0,1,0.0,1,0.0,1,0.0,0.0,0.0,1,0,1,0.0,0,0,0.0,0.0,0.0,0.0,0.0,0.0,1,0.0,0,0.0,0,0,0.0,0.0,1.0,1.0,0.0,inward,BZT
688,0.0,0.0,0.0,0.0,0.0,0,0,0.0,0.0,0,0.0,0.0,0.0,0,0,1,0,0.0,0.0,0.0,1,1.0,0,0.0,0.0,0.0,0,1.0,1.0,0.0,0.0,0.0,0.0,0.0,0.0,0,0.0,1,0.0,1,0.0,0,1.0,0.0,0.0,1,0,1,0.0,0,0,0.0,0.0,0.0,0.0,0.0,1.0,1,0.0,1,0.0,0,1,0.0,0.0,1.0,1.0,0.0,inward,BZT
689,0.0,0.0,0.0,0.0,0.0,0,0,0.0,0.0,0,0.0,0.0,0.0,0,0,1,0,0.0,0.0,0.0,1,1.0,0,0.0,0.0,0.0,1,1.0,0.0,0.0,0.0,0.0,0.0,0.0,0.0,0,0.0,1,0.0,1,0.0,0,1.0,0.0,0.0,1,0,0,0.0,0,1,0.0,0.0,0.0,0.0,0.0,0.0,1,0.0,1,0.0,0,0,0.0,0.0,1.0,1.0,0.0,inward,BZT
690,0.0,0.0,0.0,0.0,0.0,0,0,0.0,0.0,0,0.0,0.0,0.0,1,0,1,0,0.0,0.0,0.0,0,1.0,0,0.0,0.0,0.0,0,1.0,0.0,0.0,0.0,0.0,0.0,0.0,0.0,0,0.0,1,0.0,1,0.0,0,1.0,0.0,1.0,1,0,1,0.0,1,0,0.0,0.0,0.0,0.0,0.0,0.0,1,0.0,1,0.0,0,0,0.0,0.0,1.0,1.0,0.0,inward,BZT
691,0.0,0.0,0.0,0.0,0.0,0,1,0.0,0.0,0,0.0,0.0,0.0,0,0,1,0,0.0,0.0,0.0,1,0.0,0,0.0,0.0,1.0,0,1.0,1.0,0.0,1.0,0.0,0.0,0.0,0.0,0,0.0,1,0.0,0,0.0,0,1.0,0.0,0.0,1,0,1,0.0,0,0,0.0,1.0,0.0,0.0,0.0,0.0,0,0.0,0,0.0,0,0,0.0,0.0,1.0,0.0,0.0,inward,BZT
692,0.0,0.0,0.0,0.0,0.0,0,1,0.0,0.0,0,0.0,0.0,0.0,0,0,1,1,0.0,0.0,0.0,1,0.0,0,0.0,0.0,1.0,0,1.0,0.0,0.0,1.0,0.0,0.0,0.0,0.0,0,0.0,1,0.0,1,0.0,0,1.0,0.0,0.0,1,1,1,0.0,0,0,0.0,1.0,1.0,0.0,0.0,0.0,1,0.0,1,0.0,0,1,0.0,0.0,1.0,0.0,0.0,inward,BZT
693,0.0,0.0,0.0,0.0,0.0,0,0,0.0,0.0,0,0.0,0.0,0.0,0,0,1,1,0.0,0.0,0.0,0,1.0,0,0.0,0.0,0.0,1,1.0,1.0,0.0,1.0,0.0,1.0,0.0,0.0,0,0.0,1,0.0,1,0.0,0,0.0,0.0,0.0,1,1,1,0.0,0,0,0.0,1.0,0.0,0.0,0.0,0.0,1,0.0,1,0.0,0,0,0.0,0.0,1.0,1.0,0.0,inward,BZT
694,0.0,0.0,0.0,0.0,0.0,0,0,0.0,0.0,0,0.0,0.0,0.0,1,0,1,1,0.0,0.0,0.0,0,1.0,0,0.0,0.0,1.0,1,1.0,0.0,0.0,1.0,0.0,0.0,0.0,0.0,0,0.0,1,0.0,1,0.0,0,1.0,0.0,0.0,1,0,1,0.0,1,0,0.0,0.0,0.0,0.0,0.0,1.0,1,0.0,1,0.0,0,0,0.0,0.0,1.0,0.0,0.0,inward,BZT
695,0.0,0.0,0.0,0.0,0.0,0,0,0.0,0.0,0,0.0,0.0,0.0,0,0,0,0,0.0,0.0,0.0,0,0.0,0,0.0,0.0,1.0,1,1.0,0.0,0.0,0.0,0.0,0.0,0.0,0.0,0,0.0,1,0.0,1,0.0,0,1.0,0.0,0.0,1,1,1,0.0,0,1,0.0,0.0,0.0,0.0,0.0,1.0,1,0.0,1,0.0,0,0,0.0,0.0,1.0,1.0,0.0,inward,BZT
696,0.0,0.0,0.0,0.0,0.0,0,0,0.0,0.0,0,0.0,0.0,0.0,0,0,1,0,0.0,0.0,0.0,1,0.0,0,0.0,0.0,1.0,1,1.0,0.0,0.0,1.0,0.0,0.0,0.0,0.0,0,0.0,1,0.0,1,0.0,0,0.0,0.0,0.0,1,1,1,0.0,0,0,0.0,1.0,0.0,0.0,0.0,1.0,1,0.0,1,0.0,0,0,0.0,0.0,1.0,1.0,0.0,inward,BZT
697,0.0,0.0,0.0,0.0,0.0,0,0,0.0,0.0,0,0.0,0.0,0.0,1,0,1,1,0.0,0.0,0.0,1,1.0,0,0.0,0.0,1.0,0,1.0,1.0,0.0,1.0,0.0,0.0,0.0,0.0,0,0.0,1,0.0,1,0.0,0,0.0,0.0,0.0,1,1,0,0.0,0,1,0.0,1.0,0.0,0.0,0.0,1.0,1,0.0,1,0.0,0,0,0.0,0.0,1.0,1.0,0.0,inward,BZT
698,0.0,0.0,0.0,0.0,0.0,0,0,0.0,0.0,0,0.0,0.0,0.0,0,0,1,1,0.0,0.0,0.0,0,0.0,0,0.0,0.0,0.0,1,1.0,0.0,0.0,0.0,0.0,0.0,0.0,0.0,0,0.0,0,0.0,1,0.0,0,1.0,0.0,0.0,1,1,1,0.0,0,0,0.0,0.0,0.0,0.0,0.0,0.0,1,0.0,1,0.0,0,0,0.0,0.0,1.0,1.0,0.0,inward,BZT
699,0.0,0.0,0.0,0.0,0.0,0,0,0.0,0.0,0,0.0,0.0,0.0,0,0,1,0,0.0,0.0,0.0,0,0.0,0,0.0,0.0,0.0,0,1.0,0.0,0.0,0.0,0.0,0.0,0.0,0.0,0,0.0,1,0.0,1,0.0,0,0.0,0.0,0.0,1,0,1,0.0,0,1,0.0,1.0,0.0,0.0,0.0,0.0,0,0.0,0,0.0,0,0,0.0,0.0,1.0,1.0,0.0,inward,BZT
700,0.0,0.0,0.0,0.0,0.0,0,0,0.0,0.0,0,0.0,0.0,0.0,1,0,1,1,0.0,0.0,0.0,1,1.0,0,0.0,0.0,1.0,0,1.0,1.0,0.0,0.0,0.0,0.0,0.0,0.0,0,0.0,1,0.0,1,0.0,0,0.0,0.0,0.0,1,0,1,0.0,0,0,0.0,1.0,0.0,0.0,0.0,0.0,1,0.0,1,0.0,0,1,0.0,0.0,1.0,1.0,0.0,inward,BZT
701,0.0,0.0,0.0,0.0,0.0,0,0,0.0,0.0,0,0.0,0.0,0.0,0,0,1,0,0.0,0.0,0.0,1,1.0,0,0.0,0.0,0.0,1,1.0,0.0,0.0,0.0,0.0,0.0,0.0,0.0,0,0.0,1,0.0,1,0.0,0,0.0,0.0,0.0,1,0,1,0.0,0,0,0.0,0.0,0.0,0.0,0.0,0.0,1,0.0,1,0.0,0,0,0.0,0.0,1.0,1.0,0.0,inward,BZT
702,0.0,0.0,0.0,0.0,0.0,0,0,0.0,0.0,0,0.0,0.0,0.0,1,0,1,1,0.0,0.0,0.0,0,0.0,0,0.0,0.0,0.0,0,1.0,0.0,0.0,0.0,0.0,0.0,0.0,0.0,0,0.0,1,0.0,1,0.0,0,0.0,0.0,0.0,1,0,1,0.0,0,0,0.0,1.0,0.0,0.0,0.0,0.0,1,0.0,1,0.0,0,1,0.0,0.0,1.0,0.0,0.0,inward,BZT
703,0.0,0.0,0.0,0.0,0.0,0,0,0.0,0.0,0,0.0,0.0,0.0,0,0,1,1,0.0,0.0,0.0,0,1.0,0,0.0,0.0,0.0,1,1.0,0.0,0.0,0.0,0.0,0.0,0.0,0.0,0,0.0,1,0.0,1,0.0,1,0.0,0.0,0.0,1,0,1,0.0,1,0,0.0,0.0,0.0,0.0,0.0,0.0,1,0.0,0,0.0,0,1,0.0,0.0,1.0,1.0,0.0,inward,BZT
704,0.0,0.0,0.0,0.0,0.0,0,0,0.0,0.0,0,0.0,0.0,0.0,0,0,1,0,0.0,0.0,0.0,0,0.0,0,0.0,0.0,1.0,1,1.0,0.0,0.0,1.0,0.0,0.0,0.0,0.0,0,0.0,1,0.0,1,0.0,0,1.0,0.0,0.0,1,1,0,0.0,1,1,0.0,1.0,0.0,0.0,0.0,0.0,0,0.0,0,0.0,0,1,0.0,0.0,1.0,0.0,0.0,inward,BZT
705,0.0,0.0,0.0,0.0,0.0,0,0,0.0,0.0,0,0.0,0.0,0.0,1,0,1,0,0.0,0.0,0.0,0,0.0,0,0.0,0.0,0.0,0,1.0,0.0,0.0,0.0,0.0,0.0,0.0,0.0,0,0.0,1,0.0,1,0.0,0,0.0,0.0,0.0,1,1,0,0.0,0,1,0.0,0.0,0.0,0.0,0.0,1.0,1,0.0,1,0.0,0,0,0.0,0.0,1.0,0.0,0.0,inward,BZT
706,0.0,0.0,0.0,0.0,0.0,0,0,0.0,0.0,0,0.0,0.0,0.0,0,0,1,0,0.0,0.0,0.0,0,0.0,1,0.0,0.0,0.0,0,1.0,1.0,0.0,0.0,0.0,0.0,0.0,0.0,0,0.0,1,0.0,1,0.0,0,0.0,0.0,0.0,1,0,0,0.0,0,1,0.0,0.0,0.0,0.0,0.0,0.0,0,0.0,1,0.0,0,1,0.0,0.0,1.0,1.0,0.0,inward,BZT
707,0.0,0.0,0.0,0.0,0.0,0,0,0.0,0.0,0,0.0,0.0,0.0,1,0,1,0,0.0,0.0,0.0,1,0.0,0,0.0,0.0,0.0,1,1.0,0.0,0.0,1.0,0.0,0.0,0.0,0.0,0,0.0,1,0.0,1,0.0,0,0.0,0.0,0.0,1,1,1,0.0,0,0,0.0,1.0,0.0,0.0,0.0,1.0,0,0.0,1,0.0,0,0,0.0,0.0,1.0,0.0,0.0,inward,BZT
708,0.0,0.0,0.0,0.0,0.0,0,0,0.0,0.0,0,0.0,0.0,0.0,0,0,1,0,0.0,0.0,0.0,0,1.0,0,0.0,0.0,0.0,0,1.0,0.0,0.0,0.0,0.0,0.0,0.0,0.0,0,0.0,1,0.0,1,0.0,0,0.0,0.0,0.0,1,1,1,0.0,1,1,0.0,0.0,0.0,0.0,0.0,0.0,1,0.0,0,0.0,0,0,0.0,0.0,1.0,1.0,0.0,inward,BZT
709,0.0,0.0,0.0,0.0,0.0,0,0,0.0,0.0,0,0.0,0.0,0.0,1,0,1,1,0.0,0.0,0.0,0,0.0,0,0.0,0.0,0.0,1,1.0,0.0,0.0,0.0,0.0,0.0,0.0,0.0,0,0.0,1,0.0,1,0.0,0,0.0,0.0,0.0,1,0,1,0.0,0,1,0.0,0.0,0.0,0.0,0.0,0.0,1,0.0,1,0.0,0,0,0.0,0.0,1.0,1.0,0.0,inward,BZT
710,0.0,0.0,0.0,0.0,0.0,0,0,0.0,0.0,0,0.0,0.0,0.0,0,0,1,0,0.0,0.0,0.0,0,1.0,0,0.0,0.0,1.0,1,1.0,0.0,0.0,1.0,0.0,0.0,0.0,0.0,0,0.0,1,0.0,1,0.0,0,0.0,0.0,0.0,1,0,1,0.0,0,1,0.0,1.0,0.0,0.0,0.0,0.0,0,0.0,0,0.0,0,1,0.0,0.0,1.0,1.0,0.0,inward,BZT
711,0.0,0.0,0.0,0.0,0.0,0,0,0.0,0.0,0,0.0,0.0,0.0,0,0,1,0,0.0,0.0,0.0,0,0.0,0,0.0,0.0,1.0,1,1.0,0.0,0.0,0.0,0.0,0.0,0.0,0.0,0,0.0,1,0.0,1,0.0,0,0.0,0.0,0.0,1,1,1,0.0,0,0,0.0,0.0,0.0,0.0,0.0,0.0,1,0.0,1,0.0,0,0,0.0,0.0,1.0,0.0,0.0,inward,BZT
712,0.0,0.0,0.0,0.0,0.0,0,0,0.0,0.0,0,0.0,0.0,0.0,0,0,1,0,0.0,0.0,0.0,0,0.0,0,0.0,0.0,1.0,1,0.0,0.0,0.0,1.0,0.0,0.0,0.0,0.0,0,0.0,1,0.0,1,0.0,0,0.0,0.0,0.0,1,1,1,0.0,0,1,0.0,1.0,0.0,0.0,0.0,0.0,1,0.0,1,0.0,0,0,0.0,0.0,1.0,1.0,0.0,inward,BZT
713,0.0,0.0,0.0,0.0,0.0,0,0,0.0,0.0,0,0.0,0.0,0.0,0,0,1,0,0.0,0.0,0.0,0,0.0,0,0.0,0.0,0.0,0,1.0,0.0,0.0,0.0,0.0,0.0,0.0,0.0,0,0.0,1,0.0,1,0.0,0,0.0,0.0,0.0,1,1,1,0.0,0,0,0.0,0.0,0.0,0.0,0.0,0.0,1,0.0,0,0.0,0,1,0.0,0.0,1.0,1.0,0.0,inward,BZT
714,0.0,0.0,0.0,0.0,0.0,0,1,0.0,0.0,0,0.0,0.0,0.0,0,0,1,1,0.0,0.0,0.0,1,1.0,0,0.0,0.0,1.0,1,1.0,0.0,0.0,0.0,0.0,0.0,0.0,0.0,0,0.0,1,0.0,1,0.0,0,0.0,0.0,0.0,1,1,1,0.0,0,0,0.0,1.0,1.0,0.0,0.0,1.0,1,0.0,1,0.0,0,0,0.0,0.0,1.0,1.0,0.0,inward,BZT
715,0.0,0.0,0.0,0.0,0.0,0,1,0.0,0.0,0,0.0,0.0,0.0,0,0,1,1,0.0,0.0,0.0,0,1.0,0,0.0,0.0,1.0,1,1.0,0.0,0.0,1.0,0.0,0.0,0.0,0.0,0,0.0,1,0.0,1,0.0,0,0.0,0.0,0.0,1,0,1,0.0,1,0,0.0,1.0,0.0,0.0,0.0,1.0,1,0.0,1,0.0,0,0,0.0,0.0,1.0,0.0,0.0,inward,BZT
716,0.0,0.0,0.0,0.0,0.0,0,1,0.0,0.0,0,0.0,0.0,0.0,0,0,1,1,0.0,0.0,0.0,1,0.0,0,0.0,0.0,1.0,1,1.0,0.0,0.0,1.0,0.0,0.0,0.0,0.0,0,0.0,1,0.0,1,0.0,0,0.0,0.0,0.0,1,1,1,0.0,1,0,0.0,1.0,0.0,0.0,0.0,0.0,1,0.0,1,0.0,0,0,0.0,0.0,1.0,1.0,0.0,inward,BZT
717,0.0,0.0,0.0,0.0,0.0,0,0,0.0,0.0,0,0.0,0.0,0.0,0,0,1,0,0.0,0.0,0.0,0,0.0,0,0.0,0.0,0.0,1,1.0,1.0,0.0,0.0,0.0,0.0,0.0,0.0,0,0.0,1,0.0,1,0.0,0,0.0,0.0,0.0,1,0,0,0.0,1,0,0.0,1.0,0.0,0.0,0.0,1.0,1,0.0,1,0.0,0,0,0.0,0.0,1.0,1.0,0.0,inward,BZT
718,0.0,0.0,0.0,0.0,0.0,0,0,0.0,0.0,0,0.0,0.0,0.0,1,0,1,1,0.0,0.0,0.0,0,1.0,0,0.0,0.0,1.0,0,1.0,0.0,0.0,0.0,0.0,0.0,0.0,0.0,0,0.0,1,0.0,1,0.0,0,0.0,0.0,0.0,1,0,1,0.0,0,0,0.0,0.0,0.0,0.0,0.0,1.0,1,0.0,1,0.0,0,1,0.0,0.0,1.0,1.0,0.0,inward,BZT
719,0.0,0.0,0.0,0.0,0.0,0,0,0.0,0.0,0,0.0,0.0,0.0,1,0,1,0,0.0,0.0,0.0,0,1.0,0,0.0,0.0,0.0,0,1.0,0.0,0.0,0.0,0.0,0.0,0.0,0.0,0,0.0,1,0.0,1,0.0,0,0.0,0.0,0.0,1,0,1,0.0,1,0,0.0,1.0,0.0,0.0,0.0,1.0,1,0.0,1,0.0,0,0,0.0,0.0,1.0,1.0,0.0,inward,BZT
720,0.0,0.0,0.0,0.0,0.0,0,0,0.0,0.0,0,0.0,0.0,0.0,0,0,0,0,0.0,0.0,0.0,0,0.0,0,0.0,0.0,1.0,1,1.0,0.0,0.0,0.0,0.0,0.0,0.0,0.0,0,0.0,1,0.0,1,0.0,0,0.0,0.0,0.0,1,0,1,0.0,0,0,0.0,1.0,0.0,0.0,0.0,1.0,1,0.0,1,0.0,0,0,0.0,0.0,1.0,0.0,0.0,inward,BZT
721,0.0,0.0,0.0,0.0,0.0,0,1,0.0,0.0,0,0.0,0.0,0.0,1,0,1,1,0.0,0.0,0.0,0,0.0,0,0.0,0.0,1.0,1,1.0,1.0,0.0,1.0,0.0,0.0,0.0,0.0,0,0.0,1,0.0,1,0.0,0,0.0,0.0,0.0,1,1,1,0.0,0,0,0.0,1.0,0.0,0.0,0.0,0.0,1,0.0,1,0.0,0,0,0.0,0.0,1.0,1.0,0.0,inward,BZT
722,0.0,0.0,0.0,0.0,0.0,0,0,0.0,0.0,0,0.0,0.0,0.0,0,0,1,0,0.0,0.0,0.0,0,0.0,0,0.0,0.0,1.0,1,1.0,0.0,0.0,1.0,0.0,0.0,0.0,0.0,0,0.0,1,0.0,1,0.0,0,0.0,0.0,0.0,1,0,1,0.0,0,0,0.0,0.0,0.0,0.0,0.0,0.0,1,0.0,1,0.0,0,1,0.0,0.0,1.0,1.0,0.0,inward,BZT
723,0.0,0.0,0.0,0.0,0.0,0,0,0.0,0.0,0,0.0,0.0,0.0,1,0,1,1,0.0,0.0,0.0,0,1.0,0,0.0,0.0,1.0,0,0.0,0.0,0.0,1.0,0.0,0.0,0.0,0.0,0,0.0,0,0.0,1,0.0,0,0.0,0.0,0.0,1,0,1,0.0,0,0,0.0,1.0,0.0,0.0,0.0,1.0,1,0.0,1,0.0,0,0,0.0,0.0,1.0,1.0,0.0,inward,BZT
724,0.0,0.0,0.0,0.0,0.0,0,1,0.0,0.0,0,0.0,0.0,0.0,1,0,1,1,0.0,0.0,0.0,0,0.0,0,0.0,0.0,1.0,0,1.0,0.0,0.0,1.0,0.0,0.0,0.0,0.0,0,0.0,1,0.0,1,0.0,0,0.0,0.0,0.0,1,0,1,0.0,0,0,0.0,1.0,0.0,0.0,0.0,1.0,1,0.0,1,0.0,0,0,0.0,0.0,1.0,0.0,0.0,inward,BZT
725,0.0,0.0,0.0,0.0,0.0,0,0,0.0,0.0,0,0.0,0.0,0.0,1,0,1,1,0.0,0.0,0.0,1,1.0,0,0.0,0.0,0.0,1,1.0,1.0,0.0,1.0,0.0,0.0,0.0,0.0,0,0.0,1,0.0,1,0.0,0,0.0,0.0,0.0,1,1,1,0.0,0,0,0.0,0.0,0.0,0.0,0.0,0.0,1,0.0,1,0.0,0,0,0.0,0.0,1.0,1.0,0.0,inward,BZT
726,0.0,0.0,0.0,0.0,0.0,0,0,0.0,0.0,0,0.0,0.0,0.0,1,0,1,1,0.0,0.0,0.0,0,0.0,0,0.0,0.0,0.0,0,1.0,1.0,0.0,1.0,0.0,0.0,0.0,1.0,0,0.0,1,0.0,1,0.0,0,0.0,0.0,0.0,1,0,1,0.0,0,0,0.0,0.0,0.0,0.0,0.0,0.0,1,0.0,1,0.0,0,0,0.0,0.0,1.0,1.0,0.0,inward,BZT
727,0.0,0.0,0.0,0.0,0.0,0,0,0.0,0.0,0,0.0,0.0,0.0,1,0,1,0,0.0,0.0,0.0,0,0.0,0,0.0,0.0,1.0,1,1.0,1.0,0.0,1.0,0.0,0.0,0.0,0.0,0,0.0,1,0.0,1,0.0,0,0.0,0.0,0.0,1,0,1,0.0,0,0,0.0,1.0,0.0,0.0,0.0,1.0,1,0.0,1,0.0,0,0,0.0,0.0,1.0,0.0,0.0,inward,BZT
728,0.0,0.0,0.0,0.0,0.0,0,0,0.0,0.0,0,0.0,0.0,0.0,0,0,1,1,0.0,0.0,0.0,0,0.0,0,0.0,0.0,0.0,0,1.0,0.0,0.0,1.0,0.0,0.0,0.0,0.0,0,0.0,1,0.0,1,0.0,0,0.0,0.0,0.0,1,0,1,0.0,0,0,0.0,1.0,0.0,0.0,0.0,0.0,1,0.0,1,0.0,0,0,0.0,0.0,1.0,1.0,0.0,inward,BZT
729,0.0,0.0,0.0,0.0,0.0,0,0,0.0,0.0,0,0.0,0.0,0.0,0,0,1,0,0.0,0.0,0.0,1,1.0,0,0.0,0.0,0.0,0,1.0,0.0,0.0,0.0,0.0,0.0,0.0,0.0,0,0.0,1,0.0,1,0.0,1,0.0,0.0,0.0,1,1,1,0.0,0,0,0.0,1.0,0.0,0.0,0.0,1.0,1,0.0,1,0.0,0,0,0.0,0.0,1.0,1.0,0.0,inward,BZT
730,0.0,0.0,0.0,0.0,0.0,0,0,0.0,0.0,0,0.0,0.0,0.0,0,0,1,0,0.0,0.0,0.0,1,0.0,0,0.0,0.0,1.0,1,1.0,1.0,0.0,0.0,0.0,0.0,0.0,0.0,0,0.0,1,0.0,0,0.0,0,0.0,0.0,0.0,1,1,1,0.0,0,0,0.0,1.0,0.0,0.0,0.0,1.0,1,0.0,1,0.0,0,0,0.0,0.0,1.0,1.0,0.0,inward,BZT
731,0.0,0.0,0.0,0.0,0.0,0,0,0.0,0.0,0,0.0,0.0,0.0,1,0,1,1,0.0,0.0,0.0,0,0.0,0,0.0,0.0,1.0,1,1.0,0.0,0.0,1.0,0.0,0.0,0.0,0.0,0,0.0,1,0.0,1,0.0,0,0.0,0.0,0.0,1,1,1,0.0,0,0,0.0,0.0,0.0,0.0,0.0,0.0,1,0.0,1,0.0,0,0,0.0,0.0,1.0,0.0,0.0,inward,BZT
732,0.0,0.0,0.0,0.0,0.0,0,1,0.0,0.0,0,0.0,0.0,0.0,1,0,1,1,0.0,0.0,0.0,0,0.0,1,0.0,0.0,1.0,1,1.0,1.0,0.0,1.0,0.0,0.0,0.0,0.0,0,0.0,1,0.0,1,0.0,0,0.0,0.0,0.0,1,1,1,0.0,0,0,0.0,1.0,0.0,0.0,0.0,1.0,1,0.0,1,0.0,0,0,0.0,0.0,1.0,1.0,0.0,inward,BZT
733,0.0,0.0,0.0,0.0,0.0,0,1,0.0,0.0,0,0.0,0.0,0.0,0,0,1,1,0.0,0.0,0.0,0,1.0,0,0.0,0.0,0.0,1,0.0,0.0,0.0,0.0,0.0,0.0,0.0,0.0,0,0.0,1,0.0,0,0.0,0,0.0,0.0,0.0,1,1,1,0.0,0,1,0.0,0.0,0.0,0.0,0.0,1.0,1,0.0,1,0.0,0,0,0.0,0.0,1.0,1.0,0.0,inward,BZT
734,0.0,0.0,0.0,0.0,0.0,0,0,0.0,0.0,0,0.0,0.0,0.0,1,0,1,0,0.0,0.0,0.0,0,0.0,0,0.0,0.0,0.0,1,1.0,1.0,0.0,1.0,0.0,0.0,0.0,0.0,0,0.0,0,0.0,0,0.0,0,1.0,0.0,0.0,1,1,0,0.0,0,1,0.0,1.0,0.0,0.0,0.0,1.0,1,0.0,1,0.0,0,0,0.0,0.0,1.0,0.0,0.0,inward,BZT
735,0.0,0.0,0.0,0.0,0.0,0,1,0.0,0.0,0,0.0,0.0,0.0,0,0,0,0,0.0,0.0,0.0,1,1.0,0,0.0,0.0,0.0,1,1.0,0.0,0.0,0.0,0.0,0.0,0.0,0.0,1,0.0,1,0.0,1,0.0,0,0.0,0.0,0.0,1,1,0,0.0,0,0,0.0,1.0,0.0,0.0,0.0,0.0,1,0.0,1,0.0,0,0,0.0,0.0,1.0,1.0,0.0,inward,BZT
736,0.0,0.0,0.0,0.0,0.0,0,1,0.0,0.0,0,0.0,0.0,0.0,0,0,1,0,0.0,0.0,0.0,1,1.0,0,0.0,0.0,1.0,0,1.0,0.0,0.0,0.0,0.0,0.0,0.0,0.0,0,0.0,1,0.0,1,0.0,0,0.0,0.0,0.0,1,1,1,0.0,0,1,0.0,1.0,0.0,0.0,0.0,0.0,1,0.0,1,0.0,0,0,0.0,0.0,1.0,1.0,0.0,inward,BZT
737,0.0,0.0,0.0,0.0,0.0,0,0,0.0,0.0,0,0.0,0.0,0.0,1,0,1,1,0.0,0.0,0.0,1,1.0,0,0.0,0.0,0.0,1,1.0,1.0,0.0,0.0,0.0,0.0,0.0,0.0,0,0.0,1,0.0,0,0.0,0,0.0,0.0,0.0,1,0,1,0.0,0,1,0.0,1.0,0.0,0.0,0.0,1.0,1,0.0,1,0.0,0,0,0.0,0.0,1.0,1.0,0.0,inward,BZT
738,0.0,0.0,0.0,0.0,0.0,0,1,0.0,0.0,0,0.0,0.0,0.0,0,0,1,0,0.0,0.0,0.0,1,0.0,0,0.0,0.0,1.0,1,1.0,1.0,0.0,0.0,0.0,0.0,0.0,0.0,0,0.0,1,0.0,0,0.0,0,0.0,0.0,0.0,1,0,1,0.0,0,0,0.0,1.0,0.0,0.0,0.0,1.0,1,0.0,1,0.0,0,0,0.0,0.0,1.0,1.0,0.0,inward,BZT
739,0.0,0.0,0.0,0.0,0.0,0,1,0.0,0.0,0,0.0,0.0,0.0,0,0,1,1,0.0,0.0,0.0,1,1.0,0,0.0,0.0,1.0,0,1.0,0.0,0.0,1.0,0.0,0.0,0.0,0.0,0,0.0,1,0.0,1,0.0,0,0.0,0.0,0.0,1,1,1,0.0,1,0,0.0,1.0,0.0,0.0,0.0,0.0,1,0.0,0,0.0,0,1,0.0,0.0,1.0,1.0,0.0,inward,BZT
740,0.0,0.0,0.0,0.0,0.0,0,0,0.0,0.0,0,0.0,0.0,0.0,1,0,1,0,0.0,0.0,0.0,0,1.0,0,0.0,0.0,1.0,0,1.0,1.0,0.0,1.0,0.0,1.0,0.0,0.0,0,0.0,1,0.0,1,0.0,0,0.0,0.0,0.0,1,1,1,0.0,0,0,0.0,1.0,0.0,0.0,0.0,1.0,1,0.0,1,0.0,0,0,0.0,0.0,1.0,0.0,0.0,inward,BZT
741,0.0,0.0,0.0,0.0,0.0,0,0,0.0,0.0,0,0.0,0.0,0.0,1,0,1,0,0.0,0.0,0.0,1,0.0,0,0.0,0.0,1.0,1,1.0,0.0,0.0,1.0,0.0,0.0,0.0,0.0,0,0.0,1,0.0,1,0.0,0,0.0,0.0,0.0,1,0,1,0.0,1,1,0.0,1.0,0.0,0.0,0.0,1.0,1,0.0,1,0.0,0,0,0.0,0.0,1.0,1.0,0.0,inward,BZT
742,0.0,0.0,0.0,0.0,0.0,0,0,0.0,0.0,0,0.0,0.0,0.0,0,0,1,1,0.0,0.0,0.0,0,0.0,0,0.0,0.0,1.0,1,1.0,1.0,0.0,1.0,0.0,0.0,0.0,0.0,1,0.0,1,0.0,1,0.0,0,0.0,0.0,0.0,1,0,0,0.0,0,0,0.0,1.0,0.0,0.0,0.0,0.0,1,0.0,1,0.0,0,0,0.0,0.0,1.0,1.0,0.0,inward,BZT
743,0.0,0.0,0.0,0.0,0.0,0,1,0.0,0.0,0,0.0,0.0,0.0,0,0,1,0,0.0,0.0,0.0,1,1.0,0,0.0,0.0,1.0,1,0.0,0.0,0.0,0.0,0.0,0.0,0.0,0.0,0,0.0,1,0.0,1,0.0,0,0.0,0.0,0.0,1,1,1,0.0,0,1,0.0,1.0,0.0,0.0,0.0,1.0,1,0.0,1,0.0,0,0,0.0,0.0,1.0,1.0,0.0,inward,BZT
744,0.0,0.0,0.0,0.0,0.0,0,0,0.0,0.0,0,0.0,0.0,0.0,1,0,1,0,0.0,0.0,0.0,0,1.0,0,0.0,0.0,1.0,0,1.0,1.0,0.0,1.0,0.0,0.0,0.0,0.0,0,0.0,1,0.0,1,0.0,0,0.0,0.0,0.0,1,1,0,0.0,0,0,0.0,1.0,0.0,0.0,0.0,1.0,1,0.0,1,0.0,0,0,0.0,0.0,1.0,1.0,0.0,inward,BZT
745,0.0,0.0,0.0,0.0,0.0,0,0,0.0,0.0,0,0.0,0.0,0.0,0,0,1,0,0.0,0.0,0.0,1,1.0,0,0.0,0.0,1.0,0,1.0,1.0,0.0,1.0,0.0,0.0,0.0,0.0,0,0.0,1,0.0,1,0.0,0,0.0,0.0,0.0,1,1,0,0.0,0,0,0.0,1.0,0.0,0.0,0.0,1.0,1,0.0,1,0.0,0,0,0.0,0.0,1.0,0.0,0.0,inward,BZT
746,0.0,0.0,0.0,0.0,0.0,0,1,0.0,0.0,0,0.0,0.0,0.0,0,0,1,1,0.0,0.0,0.0,0,0.0,0,0.0,0.0,1.0,1,1.0,0.0,0.0,0.0,0.0,0.0,0.0,0.0,0,0.0,1,0.0,1,0.0,0,0.0,0.0,0.0,1,1,1,0.0,1,0,0.0,1.0,0.0,0.0,0.0,1.0,1,0.0,1,0.0,0,0,0.0,0.0,1.0,1.0,0.0,inward,BZT
747,0.0,0.0,0.0,0.0,0.0,0,1,0.0,0.0,0,0.0,0.0,0.0,1,0,1,0,0.0,0.0,0.0,1,0.0,0,0.0,0.0,0.0,0,1.0,0.0,0.0,1.0,0.0,1.0,0.0,0.0,0,0.0,1,0.0,0,0.0,0,0.0,0.0,0.0,1,1,1,0.0,0,1,0.0,1.0,0.0,0.0,0.0,0.0,1,0.0,1,0.0,0,0,0.0,0.0,1.0,1.0,0.0,inward,BZT
748,0.0,0.0,0.0,0.0,0.0,1,1,0.0,0.0,0,0.0,0.0,0.0,1,0,1,0,0.0,0.0,0.0,1,0.0,0,0.0,0.0,1.0,1,1.0,1.0,0.0,1.0,0.0,0.0,0.0,0.0,0,0.0,1,0.0,0,0.0,0,0.0,0.0,0.0,1,0,1,0.0,0,0,0.0,1.0,1.0,0.0,0.0,1.0,1,0.0,1,0.0,0,0,0.0,0.0,1.0,1.0,0.0,inward,BZT
749,0.0,0.0,0.0,0.0,0.0,0,1,0.0,0.0,0,0.0,0.0,0.0,1,0,1,1,0.0,0.0,0.0,0,1.0,0,0.0,0.0,1.0,1,1.0,1.0,0.0,0.0,0.0,0.0,0.0,0.0,0,0.0,1,0.0,1,0.0,0,1.0,0.0,0.0,1,1,1,0.0,0,0,0.0,1.0,0.0,0.0,0.0,1.0,1,0.0,1,0.0,0,0,0.0,0.0,1.0,0.0,0.0,inward,BZT
750,0.0,0.0,0.0,0.0,0.0,0,0,0.0,0.0,0,0.0,0.0,0.0,1,0,1,1,0.0,0.0,0.0,0,0.0,0,0.0,0.0,1.0,1,1.0,0.0,0.0,1.0,0.0,0.0,0.0,0.0,0,0.0,1,0.0,1,0.0,0,1.0,0.0,0.0,1,0,1,0.0,1,0,0.0,1.0,0.0,0.0,0.0,1.0,1,0.0,1,0.0,0,0,0.0,0.0,1.0,1.0,0.0,inward,BZT
751,0.0,0.0,0.0,0.0,0.0,0,1,0.0,0.0,0,0.0,0.0,0.0,1,0,1,1,0.0,0.0,0.0,0,0.0,0,0.0,0.0,1.0,0,1.0,0.0,0.0,0.0,0.0,0.0,0.0,0.0,0,0.0,1,0.0,0,0.0,0,1.0,0.0,1.0,1,0,0,0.0,0,0,0.0,1.0,0.0,0.0,0.0,1.0,1,0.0,1,0.0,0,0,0.0,0.0,1.0,0.0,0.0,inward,BZT
752,0.0,0.0,0.0,0.0,0.0,0,1,0.0,0.0,0,0.0,0.0,0.0,0,0,1,0,0.0,0.0,0.0,0,0.0,0,0.0,0.0,1.0,1,1.0,0.0,0.0,1.0,0.0,0.0,0.0,0.0,0,0.0,0,0.0,1,0.0,0,1.0,1.0,1.0,1,1,1,0.0,0,0,0.0,1.0,0.0,0.0,0.0,1.0,1,0.0,1,0.0,0,0,0.0,0.0,1.0,1.0,0.0,inward,BZT
753,0.0,0.0,0.0,0.0,0.0,0,1,0.0,0.0,0,0.0,0.0,0.0,0,0,1,0,0.0,0.0,0.0,0,1.0,0,0.0,0.0,1.0,1,1.0,0.0,0.0,1.0,0.0,0.0,0.0,0.0,0,0.0,0,0.0,1,0.0,0,1.0,0.0,0.0,1,0,1,0.0,0,1,0.0,0.0,0.0,0.0,0.0,1.0,1,0.0,1,0.0,0,0,0.0,0.0,1.0,1.0,0.0,inward,BZT
754,0.0,0.0,0.0,0.0,0.0,0,1,0.0,0.0,0,0.0,0.0,0.0,0,0,1,1,0.0,0.0,0.0,0,0.0,0,0.0,0.0,1.0,1,1.0,1.0,0.0,1.0,0.0,0.0,0.0,0.0,0,0.0,1,0.0,1,0.0,0,1.0,1.0,0.0,1,1,0,0.0,0,1,0.0,1.0,0.0,0.0,0.0,1.0,1,0.0,1,0.0,0,0,0.0,0.0,1.0,1.0,0.0,inward,BZT
755,0.0,0.0,0.0,0.0,0.0,0,1,0.0,0.0,0,0.0,0.0,0.0,0,0,1,0,0.0,0.0,0.0,0,0.0,0,0.0,0.0,1.0,1,0.0,0.0,0.0,1.0,0.0,0.0,0.0,0.0,0,0.0,1,0.0,1,0.0,0,1.0,0.0,1.0,1,1,1,0.0,0,0,0.0,1.0,0.0,0.0,0.0,1.0,1,0.0,1,0.0,0,0,0.0,0.0,1.0,0.0,0.0,inward,BZT
756,0.0,0.0,0.0,0.0,0.0,0,0,0.0,0.0,0,0.0,0.0,0.0,0,0,1,0,0.0,0.0,0.0,0,1.0,0,0.0,0.0,0.0,1,1.0,1.0,0.0,0.0,0.0,0.0,0.0,0.0,0,0.0,1,0.0,1,0.0,0,1.0,0.0,0.0,1,0,1,0.0,0,0,0.0,1.0,0.0,0.0,0.0,1.0,1,0.0,1,0.0,0,0,0.0,0.0,1.0,0.0,0.0,inward,BZT
757,0.0,0.0,0.0,0.0,0.0,0,1,0.0,0.0,0,0.0,0.0,0.0,1,0,1,0,0.0,0.0,0.0,0,1.0,0,0.0,0.0,1.0,1,1.0,1.0,0.0,1.0,0.0,1.0,0.0,0.0,0,0.0,1,0.0,1,0.0,0,1.0,0.0,0.0,1,1,1,0.0,0,0,0.0,0.0,0.0,0.0,0.0,1.0,1,0.0,1,0.0,0,0,0.0,0.0,1.0,1.0,0.0,inward,BZT
758,0.0,0.0,0.0,0.0,0.0,0,0,0.0,0.0,0,0.0,0.0,0.0,0,0,1,0,0.0,0.0,0.0,0,1.0,0,0.0,0.0,1.0,1,1.0,1.0,0.0,1.0,0.0,0.0,0.0,0.0,0,0.0,1,0.0,1,0.0,0,1.0,0.0,0.0,1,0,1,0.0,1,1,0.0,1.0,0.0,0.0,0.0,0.0,1,0.0,1,0.0,0,0,0.0,0.0,1.0,1.0,0.0,inward,BZT
759,0.0,0.0,0.0,0.0,0.0,1,1,0.0,0.0,0,0.0,0.0,0.0,1,0,1,1,0.0,0.0,0.0,0,1.0,0,0.0,0.0,1.0,1,1.0,1.0,0.0,0.0,0.0,0.0,0.0,0.0,0,0.0,1,0.0,1,0.0,0,1.0,0.0,1.0,1,1,0,0.0,0,0,0.0,1.0,0.0,0.0,0.0,0.0,1,0.0,1,0.0,0,0,0.0,0.0,1.0,1.0,0.0,inward,BZT
760,0.0,0.0,0.0,0.0,0.0,0,1,0.0,0.0,0,0.0,0.0,0.0,0,0,1,1,0.0,0.0,0.0,1,0.0,0,0.0,0.0,0.0,0,1.0,1.0,0.0,1.0,0.0,0.0,0.0,0.0,1,0.0,1,0.0,1,0.0,0,1.0,0.0,1.0,1,1,1,0.0,0,0,0.0,0.0,0.0,0.0,0.0,0.0,1,0.0,1,0.0,0,0,0.0,0.0,1.0,1.0,0.0,inward,BZT
761,0.0,0.0,0.0,0.0,0.0,0,1,0.0,0.0,0,0.0,0.0,0.0,0,0,1,0,0.0,0.0,0.0,0,1.0,0,0.0,0.0,0.0,0,1.0,1.0,0.0,1.0,0.0,0.0,0.0,0.0,0,0.0,1,0.0,1,0.0,0,1.0,0.0,0.0,1,1,1,0.0,0,1,0.0,1.0,0.0,0.0,0.0,1.0,1,0.0,1,0.0,0,0,0.0,0.0,1.0,1.0,0.0,inward,BZT
762,0.0,0.0,0.0,0.0,0.0,0,1,0.0,0.0,0,0.0,0.0,0.0,0,0,1,1,0.0,0.0,0.0,1,0.0,0,0.0,0.0,0.0,1,1.0,1.0,0.0,1.0,0.0,0.0,0.0,0.0,1,0.0,1,0.0,1,0.0,1,1.0,0.0,0.0,1,1,1,0.0,0,0,0.0,0.0,0.0,0.0,0.0,0.0,1,0.0,0,0.0,0,0,0.0,0.0,1.0,1.0,0.0,inward,BZT
763,0.0,0.0,0.0,0.0,0.0,0,0,0.0,0.0,0,0.0,0.0,0.0,0,0,1,1,0.0,0.0,0.0,0,0.0,0,0.0,0.0,1.0,0,1.0,0.0,0.0,0.0,0.0,0.0,0.0,0.0,0,0.0,1,0.0,1,0.0,0,1.0,1.0,1.0,1,1,1,0.0,0,1,0.0,0.0,0.0,0.0,0.0,1.0,1,0.0,1,0.0,0,1,0.0,0.0,1.0,0.0,0.0,inward,BZT
764,0.0,0.0,0.0,0.0,0.0,0,1,0.0,0.0,0,0.0,0.0,0.0,1,0,1,0,0.0,0.0,0.0,1,0.0,0,0.0,0.0,0.0,0,1.0,0.0,0.0,0.0,0.0,0.0,0.0,0.0,0,0.0,1,0.0,1,0.0,0,1.0,1.0,1.0,1,1,0,0.0,0,1,0.0,1.0,0.0,0.0,0.0,1.0,1,0.0,1,0.0,0,0,0.0,0.0,1.0,1.0,0.0,inward,BZT
765,0.0,0.0,0.0,0.0,0.0,0,1,0.0,0.0,0,0.0,0.0,0.0,0,0,1,1,0.0,0.0,0.0,1,1.0,0,0.0,0.0,1.0,1,1.0,0.0,0.0,1.0,0.0,0.0,0.0,0.0,0,0.0,1,0.0,1,0.0,0,1.0,0.0,0.0,1,0,1,0.0,0,1,0.0,1.0,0.0,0.0,0.0,1.0,1,0.0,1,0.0,0,0,0.0,0.0,1.0,0.0,0.0,inward,BZT
766,0.0,0.0,0.0,0.0,0.0,0,0,0.0,0.0,0,0.0,0.0,0.0,0,0,1,1,0.0,0.0,0.0,0,1.0,0,0.0,0.0,0.0,0,1.0,0.0,0.0,1.0,0.0,0.0,0.0,0.0,0,0.0,1,0.0,1,0.0,0,1.0,0.0,0.0,1,1,1,0.0,0,0,0.0,1.0,0.0,0.0,0.0,0.0,1,0.0,1,0.0,0,0,0.0,0.0,1.0,1.0,0.0,inward,BZT
767,0.0,0.0,0.0,0.0,0.0,0,1,0.0,0.0,0,0.0,0.0,0.0,0,0,1,1,0.0,0.0,0.0,0,0.0,0,0.0,0.0,1.0,1,1.0,1.0,0.0,1.0,0.0,0.0,0.0,0.0,0,0.0,1,0.0,1,0.0,0,1.0,1.0,1.0,1,1,1,0.0,0,0,0.0,1.0,0.0,0.0,0.0,1.0,1,0.0,1,0.0,0,0,0.0,0.0,1.0,1.0,0.0,inward,BZT
768,0.0,0.0,0.0,0.0,0.0,0,1,0.0,0.0,0,0.0,0.0,0.0,0,0,1,1,0.0,0.0,0.0,1,1.0,0,0.0,0.0,0.0,1,1.0,1.0,0.0,1.0,0.0,0.0,0.0,0.0,0,0.0,1,0.0,1,0.0,0,1.0,0.0,0.0,1,1,1,0.0,0,0,0.0,1.0,0.0,0.0,0.0,0.0,1,0.0,1,0.0,0,0,0.0,0.0,1.0,1.0,0.0,inward,BZT
769,0.0,0.0,0.0,0.0,0.0,0,1,0.0,0.0,0,0.0,0.0,0.0,1,0,1,1,0.0,0.0,0.0,0,0.0,0,0.0,0.0,1.0,1,1.0,1.0,0.0,1.0,0.0,0.0,0.0,0.0,0,0.0,1,0.0,1,0.0,0,1.0,1.0,0.0,1,1,1,0.0,0,0,0.0,1.0,1.0,0.0,0.0,1.0,1,0.0,1,0.0,0,0,0.0,0.0,1.0,1.0,0.0,inward,BZT
770,0.0,0.0,0.0,0.0,0.0,0,0,0.0,0.0,0,0.0,0.0,0.0,1,0,1,1,0.0,0.0,0.0,1,0.0,0,0.0,0.0,1.0,1,1.0,1.0,0.0,1.0,0.0,1.0,0.0,0.0,0,0.0,1,0.0,1,0.0,0,1.0,0.0,0.0,1,0,1,0.0,0,0,0.0,1.0,0.0,0.0,0.0,0.0,1,0.0,1,0.0,0,0,0.0,0.0,1.0,0.0,0.0,inward,BZT
771,0.0,0.0,0.0,0.0,0.0,0,1,0.0,0.0,0,0.0,0.0,0.0,0,0,1,1,0.0,0.0,0.0,1,1.0,0,0.0,0.0,0.0,0,1.0,0.0,0.0,1.0,0.0,0.0,0.0,0.0,0,0.0,1,0.0,1,0.0,0,1.0,1.0,1.0,1,1,1,0.0,0,0,0.0,1.0,0.0,0.0,0.0,0.0,1,0.0,0,0.0,0,0,0.0,0.0,1.0,0.0,0.0,inward,BZT
772,0.0,0.0,0.0,0.0,0.0,0,1,0.0,0.0,0,0.0,0.0,0.0,1,0,1,0,0.0,0.0,0.0,0,1.0,0,0.0,0.0,1.0,0,1.0,1.0,0.0,1.0,0.0,0.0,0.0,0.0,0,0.0,1,0.0,1,0.0,0,1.0,1.0,1.0,1,1,1,0.0,0,0,0.0,1.0,0.0,0.0,0.0,1.0,1,0.0,1,0.0,0,0,0.0,0.0,1.0,1.0,0.0,inward,BZT
773,0.0,0.0,0.0,0.0,0.0,0,0,0.0,0.0,0,0.0,0.0,0.0,0,0,1,1,0.0,0.0,0.0,1,1.0,0,0.0,0.0,0.0,1,1.0,1.0,0.0,1.0,0.0,0.0,0.0,0.0,0,0.0,1,0.0,1,0.0,1,1.0,0.0,0.0,1,1,1,0.0,1,0,0.0,1.0,0.0,0.0,0.0,1.0,1,0.0,1,0.0,0,0,0.0,0.0,1.0,1.0,0.0,inward,BZT
774,0.0,0.0,0.0,0.0,0.0,0,0,0.0,0.0,0,0.0,0.0,0.0,1,0,1,1,0.0,0.0,0.0,1,1.0,0,0.0,0.0,0.0,1,1.0,1.0,0.0,1.0,0.0,0.0,0.0,0.0,0,0.0,1,0.0,1,0.0,0,1.0,0.0,1.0,1,0,1,0.0,0,0,0.0,0.0,0.0,0.0,0.0,0.0,1,0.0,1,0.0,0,0,0.0,0.0,1.0,1.0,0.0,inward,BZT
775,0.0,0.0,0.0,0.0,0.0,0,0,0.0,0.0,0,0.0,0.0,0.0,1,0,1,0,0.0,0.0,0.0,0,0.0,0,0.0,0.0,1.0,0,1.0,1.0,0.0,1.0,0.0,0.0,0.0,0.0,0,0.0,1,0.0,1,0.0,0,1.0,0.0,1.0,1,0,1,0.0,1,0,0.0,1.0,0.0,0.0,0.0,1.0,1,0.0,1,0.0,0,0,0.0,0.0,1.0,1.0,0.0,inward,BZT
776,0.0,0.0,0.0,0.0,0.0,0,0,0.0,0.0,0,0.0,0.0,0.0,0,0,1,1,0.0,0.0,0.0,0,0.0,0,0.0,0.0,0.0,1,1.0,1.0,0.0,1.0,0.0,1.0,0.0,0.0,0,0.0,1,0.0,1,0.0,0,1.0,0.0,0.0,1,0,0,0.0,1,0,0.0,1.0,0.0,0.0,0.0,1.0,1,0.0,1,0.0,0,0,0.0,0.0,1.0,1.0,0.0,inward,BZT
777,0.0,0.0,0.0,0.0,0.0,0,1,0.0,0.0,0,0.0,0.0,0.0,0,0,1,1,0.0,0.0,0.0,0,0.0,0,0.0,0.0,0.0,1,0.0,0.0,0.0,1.0,0.0,0.0,0.0,0.0,0,0.0,1,0.0,1,0.0,0,1.0,0.0,0.0,1,1,1,0.0,1,0,0.0,1.0,0.0,0.0,0.0,1.0,1,0.0,1,0.0,0,0,0.0,0.0,1.0,0.0,0.0,inward,BZT
778,0.0,0.0,0.0,0.0,0.0,0,1,0.0,0.0,0,0.0,0.0,0.0,1,0,1,1,0.0,0.0,0.0,0,0.0,0,0.0,0.0,0.0,1,1.0,0.0,0.0,1.0,0.0,1.0,0.0,0.0,0,0.0,1,0.0,1,0.0,0,1.0,0.0,0.0,1,0,1,0.0,0,1,0.0,1.0,0.0,0.0,0.0,1.0,1,0.0,1,0.0,0,0,0.0,0.0,1.0,0.0,0.0,inward,BZT
779,0.0,0.0,0.0,0.0,0.0,0,0,0.0,0.0,0,0.0,0.0,0.0,0,0,1,0,0.0,0.0,0.0,0,1.0,0,0.0,0.0,0.0,1,1.0,1.0,0.0,1.0,0.0,1.0,0.0,0.0,0,0.0,1,0.0,1,0.0,0,1.0,0.0,1.0,1,1,1,0.0,0,0,0.0,1.0,0.0,0.0,0.0,0.0,1,0.0,1,0.0,0,0,0.0,0.0,1.0,0.0,0.0,inward,BZT
780,0.0,0.0,0.0,0.0,0.0,0,1,0.0,0.0,0,0.0,0.0,0.0,0,0,0,0,0.0,0.0,0.0,0,0.0,0,0.0,0.0,0.0,1,1.0,0.0,0.0,1.0,0.0,0.0,0.0,0.0,0,0.0,1,0.0,1,0.0,0,1.0,0.0,0.0,1,1,1,0.0,0,1,0.0,1.0,0.0,0.0,0.0,1.0,1,0.0,1,0.0,0,0,0.0,0.0,1.0,1.0,0.0,inward,BZT
781,0.0,0.0,0.0,0.0,0.0,1,1,0.0,0.0,0,0.0,0.0,0.0,0,0,1,1,0.0,0.0,0.0,0,1.0,0,0.0,0.0,1.0,0,0.0,0.0,0.0,1.0,0.0,1.0,0.0,0.0,0,0.0,1,0.0,1,0.0,0,1.0,0.0,0.0,1,0,1,0.0,0,1,0.0,1.0,0.0,0.0,0.0,1.0,1,0.0,1,0.0,0,0,0.0,0.0,1.0,0.0,0.0,inward,BZT
782,0.0,0.0,0.0,0.0,0.0,0,1,0.0,0.0,0,0.0,0.0,0.0,0,0,1,0,0.0,0.0,0.0,1,1.0,0,0.0,0.0,0.0,1,0.0,0.0,0.0,1.0,0.0,0.0,0.0,0.0,0,0.0,1,0.0,1,0.0,1,1.0,0.0,0.0,1,1,1,0.0,0,0,0.0,1.0,0.0,0.0,0.0,0.0,1,0.0,0,0.0,0,0,0.0,0.0,1.0,1.0,0.0,inward,BZT
783,0.0,0.0,0.0,0.0,0.0,0,1,0.0,0.0,0,0.0,0.0,0.0,0,0,1,1,0.0,0.0,0.0,0,1.0,0,0.0,0.0,0.0,1,1.0,1.0,0.0,1.0,0.0,0.0,0.0,0.0,0,0.0,1,0.0,1,0.0,0,1.0,0.0,1.0,1,0,1,0.0,0,1,0.0,1.0,0.0,0.0,0.0,0.0,1,0.0,1,0.0,0,0,0.0,0.0,1.0,1.0,0.0,inward,BZT
784,0.0,0.0,0.0,0.0,0.0,0,1,0.0,0.0,0,0.0,0.0,0.0,0,0,1,1,0.0,0.0,0.0,1,0.0,0,0.0,0.0,0.0,1,0.0,0.0,0.0,1.0,0.0,1.0,0.0,0.0,0,0.0,1,0.0,1,0.0,1,1.0,0.0,1.0,1,0,1,0.0,0,0,0.0,1.0,0.0,0.0,0.0,1.0,1,0.0,1,0.0,0,0,0.0,0.0,1.0,1.0,0.0,inward,BZT
785,0.0,0.0,0.0,0.0,0.0,0,1,0.0,0.0,0,0.0,0.0,0.0,1,0,1,1,0.0,0.0,0.0,0,1.0,0,0.0,0.0,1.0,1,1.0,0.0,0.0,1.0,0.0,1.0,0.0,0.0,0,0.0,1,0.0,1,0.0,0,1.0,0.0,1.0,1,1,1,0.0,0,0,0.0,1.0,0.0,0.0,0.0,1.0,1,0.0,1,0.0,0,0,0.0,0.0,1.0,1.0,0.0,inward,BZT
786,0.0,0.0,0.0,0.0,0.0,0,0,0.0,0.0,0,0.0,0.0,0.0,0,0,1,1,0.0,0.0,0.0,0,0.0,0,0.0,0.0,0.0,1,1.0,1.0,0.0,1.0,0.0,1.0,0.0,0.0,0,0.0,1,0.0,1,0.0,0,1.0,0.0,0.0,1,1,0,0.0,0,0,0.0,1.0,0.0,0.0,0.0,1.0,1,0.0,1,0.0,0,0,0.0,0.0,1.0,1.0,0.0,inward,BZT
787,0.0,0.0,0.0,0.0,0.0,0,1,0.0,0.0,0,0.0,0.0,0.0,0,0,1,1,0.0,0.0,0.0,0,0.0,0,0.0,0.0,0.0,1,1.0,0.0,0.0,1.0,0.0,0.0,0.0,0.0,0,0.0,1,0.0,1,0.0,0,1.0,0.0,1.0,1,0,1,0.0,0,0,0.0,1.0,0.0,0.0,0.0,1.0,1,0.0,1,0.0,0,0,0.0,0.0,1.0,1.0,0.0,inward,BZT
788,0.0,0.0,0.0,0.0,0.0,0,1,0.0,0.0,0,0.0,0.0,0.0,0,0,1,0,0.0,0.0,0.0,0,0.0,0,0.0,0.0,0.0,0,1.0,1.0,0.0,1.0,0.0,0.0,0.0,0.0,0,0.0,1,0.0,1,0.0,0,1.0,0.0,0.0,1,1,1,0.0,0,0,0.0,1.0,0.0,0.0,0.0,1.0,1,0.0,1,0.0,0,1,0.0,0.0,1.0,0.0,0.0,inward,BZT
789,0.0,0.0,0.0,0.0,0.0,0,1,0.0,0.0,0,0.0,0.0,0.0,0,0,0,0,0.0,0.0,0.0,1,0.0,0,0.0,0.0,0.0,0,1.0,1.0,0.0,1.0,0.0,0.0,0.0,0.0,0,0.0,1,0.0,1,0.0,1,1.0,0.0,0.0,1,1,1,0.0,0,0,0.0,1.0,0.0,0.0,0.0,0.0,1,0.0,1,0.0,0,0,0.0,0.0,1.0,1.0,0.0,inward,BZT
790,0.0,0.0,0.0,0.0,0.0,0,0,0.0,0.0,0,0.0,0.0,0.0,0,0,1,1,0.0,0.0,0.0,0,1.0,0,0.0,0.0,0.0,1,1.0,0.0,0.0,1.0,0.0,1.0,0.0,0.0,0,0.0,1,0.0,1,0.0,0,1.0,1.0,0.0,1,0,1,0.0,1,0,0.0,1.0,0.0,0.0,0.0,0.0,1,0.0,1,0.0,0,0,0.0,0.0,1.0,0.0,0.0,inward,BZT
791,0.0,0.0,0.0,0.0,0.0,0,0,0.0,0.0,0,0.0,0.0,0.0,0,0,1,0,0.0,0.0,0.0,0,1.0,0,0.0,0.0,0.0,1,1.0,1.0,0.0,1.0,0.0,0.0,0.0,0.0,0,0.0,1,0.0,1,0.0,0,1.0,1.0,1.0,1,0,1,0.0,0,0,0.0,1.0,1.0,0.0,0.0,1.0,1,0.0,1,0.0,0,0,0.0,0.0,1.0,1.0,0.0,inward,BZT
792,0.0,0.0,0.0,0.0,0.0,0,1,0.0,0.0,0,0.0,0.0,0.0,0,0,1,0,0.0,0.0,0.0,1,1.0,0,0.0,0.0,0.0,0,1.0,0.0,0.0,1.0,0.0,0.0,0.0,0.0,0,0.0,1,0.0,1,0.0,0,1.0,1.0,0.0,1,0,1,0.0,0,0,0.0,1.0,0.0,0.0,0.0,1.0,1,0.0,1,0.0,0,1,0.0,0.0,1.0,1.0,0.0,inward,BZT
793,0.0,0.0,0.0,0.0,0.0,0,1,0.0,0.0,0,0.0,0.0,0.0,0,0,1,1,0.0,0.0,0.0,0,1.0,0,0.0,0.0,0.0,1,1.0,0.0,0.0,1.0,0.0,0.0,0.0,0.0,0,0.0,1,0.0,1,0.0,0,1.0,0.0,0.0,1,1,1,0.0,0,0,0.0,1.0,0.0,0.0,0.0,0.0,1,0.0,1,0.0,0,0,0.0,0.0,1.0,0.0,0.0,inward,BZT
794,0.0,0.0,0.0,0.0,0.0,0,0,0.0,0.0,0,0.0,0.0,0.0,0,0,1,0,0.0,0.0,0.0,1,0.0,0,0.0,0.0,1.0,0,1.0,0.0,0.0,1.0,0.0,1.0,0.0,0.0,0,0.0,1,0.0,1,0.0,1,1.0,0.0,1.0,1,1,1,0.0,0,0,0.0,1.0,0.0,0.0,0.0,0.0,1,0.0,1,0.0,0,0,0.0,0.0,1.0,1.0,0.0,inward,BZT
795,0.0,0.0,0.0,0.0,0.0,0,0,0.0,0.0,0,0.0,0.0,0.0,0,0,1,1,0.0,0.0,0.0,0,0.0,0,0.0,0.0,1.0,1,0.0,0.0,0.0,1.0,0.0,1.0,0.0,0.0,0,0.0,1,0.0,1,0.0,0,1.0,0.0,0.0,1,1,1,0.0,1,0,0.0,1.0,1.0,0.0,0.0,1.0,1,0.0,1,0.0,0,0,0.0,0.0,1.0,0.0,0.0,inward,BZT
796,0.0,0.0,0.0,0.0,0.0,0,1,0.0,0.0,0,0.0,0.0,0.0,0,0,1,1,0.0,0.0,0.0,0,1.0,0,0.0,0.0,1.0,1,1.0,0.0,0.0,1.0,0.0,0.0,0.0,0.0,0,0.0,1,0.0,1,0.0,0,1.0,0.0,0.0,1,1,1,0.0,0,0,0.0,1.0,0.0,0.0,0.0,1.0,1,0.0,1,0.0,0,0,0.0,0.0,1.0,1.0,0.0,inward,BZT
797,0.0,0.0,0.0,0.0,0.0,0,1,0.0,0.0,0,0.0,0.0,0.0,1,0,1,1,0.0,0.0,0.0,0,0.0,0,0.0,0.0,0.0,0,1.0,1.0,0.0,0.0,0.0,0.0,0.0,0.0,0,0.0,1,0.0,1,0.0,0,1.0,1.0,0.0,1,0,1,0.0,0,1,0.0,1.0,0.0,0.0,0.0,1.0,1,0.0,1,0.0,0,0,0.0,0.0,1.0,0.0,0.0,inward,BZT
798,0.0,0.0,0.0,0.0,0.0,0,1,0.0,0.0,0,0.0,0.0,0.0,0,0,1,1,0.0,0.0,0.0,0,1.0,0,0.0,0.0,1.0,0,0.0,0.0,0.0,1.0,0.0,0.0,0.0,0.0,1,0.0,1,0.0,1,0.0,0,1.0,0.0,0.0,1,0,0,0.0,0,0,0.0,1.0,0.0,0.0,0.0,0.0,1,0.0,1,0.0,0,0,0.0,0.0,1.0,0.0,0.0,inward,BZT
799,0.0,0.0,0.0,0.0,0.0,0,1,0.0,0.0,0,0.0,0.0,0.0,1,0,1,0,0.0,0.0,0.0,0,0.0,0,0.0,0.0,0.0,0,1.0,0.0,0.0,1.0,0.0,0.0,0.0,0.0,0,0.0,1,0.0,1,0.0,0,1.0,0.0,0.0,1,0,1,0.0,0,1,0.0,0.0,0.0,0.0,0.0,1.0,1,0.0,1,0.0,0,0,0.0,0.0,1.0,1.0,0.0,inward,BZT
800,0.0,0.0,0.0,0.0,0.0,0,1,0.0,0.0,0,0.0,0.0,0.0,0,0,1,1,0.0,0.0,0.0,0,0.0,0,0.0,0.0,1.0,0,1.0,1.0,0.0,1.0,0.0,0.0,0.0,0.0,0,0.0,1,0.0,1,0.0,0,1.0,1.0,0.0,1,1,1,0.0,0,0,0.0,1.0,0.0,0.0,0.0,0.0,1,0.0,1,0.0,0,0,0.0,0.0,1.0,1.0,0.0,inward,BZT
801,0.0,0.0,0.0,0.0,0.0,0,0,0.0,0.0,0,0.0,0.0,0.0,0,0,0,0,0.0,0.0,0.0,1,0.0,0,0.0,0.0,0.0,0,1.0,0.0,0.0,1.0,0.0,1.0,0.0,0.0,0,0.0,1,0.0,1,0.0,0,1.0,0.0,1.0,1,0,1,0.0,0,0,0.0,1.0,0.0,0.0,0.0,1.0,1,0.0,1,0.0,0,0,0.0,0.0,1.0,1.0,0.0,inward,BZT
802,0.0,0.0,0.0,0.0,0.0,0,1,0.0,0.0,0,0.0,0.0,0.0,0,0,1,0,0.0,0.0,0.0,1,0.0,0,0.0,0.0,1.0,1,1.0,1.0,0.0,1.0,0.0,1.0,0.0,0.0,0,0.0,1,0.0,1,0.0,0,1.0,1.0,0.0,1,1,1,0.0,0,1,0.0,1.0,0.0,0.0,0.0,1.0,1,0.0,1,0.0,0,0,0.0,0.0,1.0,1.0,0.0,inward,BZT
803,0.0,0.0,0.0,0.0,0.0,0,1,0.0,0.0,0,0.0,0.0,0.0,0,0,1,1,0.0,0.0,0.0,1,1.0,0,0.0,0.0,1.0,1,1.0,1.0,0.0,1.0,0.0,0.0,0.0,0.0,0,0.0,1,0.0,1,0.0,0,1.0,0.0,1.0,1,1,0,0.0,0,0,0.0,1.0,0.0,0.0,0.0,1.0,1,0.0,1,0.0,0,0,0.0,0.0,1.0,1.0,0.0,inward,BZT
804,0.0,0.0,0.0,0.0,0.0,0,1,0.0,0.0,0,0.0,0.0,0.0,1,0,1,1,0.0,0.0,0.0,1,0.0,0,0.0,0.0,0.0,0,1.0,0.0,0.0,1.0,0.0,0.0,0.0,0.0,0,0.0,1,0.0,1,0.0,0,0.0,1.0,0.0,1,0,1,0.0,1,1,0.0,1.0,0.0,0.0,0.0,1.0,1,0.0,1,0.0,0,0,0.0,0.0,1.0,0.0,0.0,inward,BZT
805,0.0,0.0,0.0,0.0,0.0,0,1,0.0,0.0,0,0.0,0.0,0.0,1,0,1,0,0.0,0.0,0.0,0,0.0,0,0.0,0.0,1.0,1,1.0,1.0,0.0,1.0,0.0,0.0,0.0,0.0,0,0.0,1,0.0,1,0.0,0,1.0,0.0,1.0,1,1,1,0.0,0,0,0.0,1.0,0.0,0.0,0.0,1.0,1,0.0,1,0.0,0,0,0.0,0.0,1.0,1.0,0.0,inward,BZT
806,0.0,0.0,0.0,0.0,0.0,0,0,0.0,0.0,0,0.0,0.0,0.0,0,0,1,0,0.0,0.0,0.0,0,0.0,0,0.0,0.0,1.0,1,1.0,0.0,0.0,0.0,0.0,0.0,0.0,0.0,0,0.0,1,0.0,1,0.0,0,1.0,0.0,0.0,1,0,0,0.0,1,0,0.0,0.0,0.0,0.0,0.0,1.0,1,0.0,1,0.0,0,1,0.0,0.0,1.0,1.0,0.0,inward,BZT
807,0.0,0.0,0.0,0.0,0.0,0,1,0.0,0.0,0,0.0,0.0,0.0,1,0,1,0,0.0,0.0,0.0,0,0.0,0,0.0,0.0,0.0,0,1.0,0.0,0.0,1.0,0.0,0.0,0.0,0.0,0,0.0,1,0.0,1,0.0,1,1.0,0.0,1.0,1,1,1,0.0,0,0,0.0,1.0,0.0,0.0,0.0,1.0,1,0.0,1,0.0,0,0,0.0,0.0,1.0,1.0,0.0,inward,BZT
808,0.0,0.0,0.0,0.0,0.0,0,0,0.0,0.0,0,0.0,0.0,0.0,0,0,1,0,0.0,0.0,0.0,0,0.0,0,0.0,0.0,0.0,0,1.0,0.0,0.0,1.0,0.0,1.0,0.0,0.0,1,0.0,1,0.0,1,0.0,0,1.0,1.0,1.0,1,1,1,0.0,0,0,0.0,1.0,0.0,0.0,0.0,0.0,1,0.0,1,0.0,0,0,0.0,0.0,1.0,1.0,0.0,inward,BZT
809,0.0,0.0,0.0,0.0,0.0,0,1,0.0,0.0,0,0.0,0.0,0.0,0,0,1,1,0.0,0.0,0.0,1,0.0,0,0.0,0.0,1.0,1,1.0,1.0,0.0,1.0,0.0,0.0,0.0,0.0,0,0.0,1,0.0,1,0.0,0,1.0,0.0,0.0,1,0,1,0.0,0,0,0.0,1.0,0.0,0.0,0.0,0.0,1,0.0,1,0.0,0,0,0.0,0.0,1.0,1.0,0.0,inward,BZT
810,0.0,0.0,0.0,0.0,0.0,0,1,0.0,0.0,0,0.0,0.0,0.0,1,0,1,1,0.0,0.0,0.0,1,0.0,0,0.0,0.0,0.0,1,1.0,0.0,0.0,1.0,0.0,0.0,0.0,0.0,0,0.0,1,0.0,1,0.0,0,1.0,1.0,1.0,1,0,1,0.0,0,1,0.0,1.0,0.0,0.0,0.0,1.0,1,0.0,1,0.0,0,0,0.0,0.0,1.0,1.0,0.0,inward,BZT
811,0.0,0.0,0.0,0.0,0.0,0,1,0.0,0.0,0,0.0,0.0,0.0,1,0,1,1,0.0,0.0,0.0,0,1.0,0,0.0,0.0,1.0,1,1.0,1.0,0.0,1.0,0.0,0.0,0.0,0.0,0,0.0,1,0.0,1,0.0,0,1.0,1.0,0.0,1,0,1,0.0,0,0,0.0,1.0,0.0,0.0,0.0,1.0,1,0.0,1,0.0,0,0,0.0,0.0,1.0,1.0,0.0,inward,BZT
812,0.0,0.0,0.0,0.0,0.0,0,1,0.0,0.0,0,0.0,0.0,0.0,1,0,1,1,0.0,0.0,0.0,1,1.0,0,0.0,0.0,0.0,0,1.0,0.0,0.0,1.0,0.0,0.0,0.0,0.0,0,0.0,1,0.0,1,0.0,0,1.0,0.0,0.0,1,1,0,0.0,0,1,0.0,1.0,0.0,0.0,0.0,1.0,1,0.0,1,0.0,0,0,0.0,0.0,1.0,1.0,0.0,inward,BZT
813,0.0,0.0,0.0,0.0,0.0,0,0,0.0,0.0,0,0.0,0.0,0.0,1,0,1,1,0.0,0.0,0.0,0,0.0,0,0.0,0.0,0.0,0,1.0,0.0,0.0,1.0,0.0,1.0,0.0,0.0,0,0.0,1,0.0,1,0.0,0,1.0,1.0,0.0,1,1,1,0.0,0,0,0.0,1.0,0.0,0.0,0.0,0.0,1,0.0,1,0.0,0,0,0.0,0.0,1.0,1.0,0.0,inward,BZT
814,0.0,0.0,0.0,0.0,0.0,0,0,0.0,0.0,0,0.0,0.0,0.0,1,0,1,0,0.0,0.0,0.0,0,1.0,0,0.0,0.0,0.0,0,1.0,1.0,0.0,1.0,0.0,0.0,0.0,0.0,0,0.0,1,0.0,1,0.0,0,1.0,0.0,0.0,1,1,1,0.0,0,0,0.0,1.0,0.0,0.0,0.0,1.0,1,0.0,1,0.0,0,0,0.0,0.0,1.0,1.0,0.0,inward,BZT
815,0.0,0.0,0.0,0.0,0.0,0,0,0.0,0.0,0,0.0,0.0,0.0,0,0,1,0,0.0,0.0,0.0,0,0.0,0,0.0,0.0,0.0,1,1.0,0.0,1.0,1.0,0.0,0.0,0.0,0.0,0,0.0,1,0.0,1,0.0,0,1.0,1.0,0.0,1,1,1,0.0,0,1,0.0,1.0,0.0,0.0,0.0,0.0,1,0.0,1,0.0,0,0,0.0,0.0,1.0,1.0,0.0,inward,BZT
816,0.0,0.0,0.0,0.0,0.0,0,1,0.0,0.0,0,0.0,0.0,0.0,0,0,1,1,0.0,0.0,0.0,0,1.0,0,0.0,0.0,1.0,1,1.0,1.0,0.0,1.0,0.0,1.0,0.0,0.0,0,0.0,1,0.0,1,0.0,0,1.0,0.0,1.0,1,1,0,0.0,0,0,0.0,1.0,0.0,0.0,0.0,0.0,1,0.0,1,0.0,0,0,0.0,0.0,1.0,1.0,0.0,inward,BZT
817,0.0,0.0,0.0,0.0,0.0,0,1,0.0,0.0,0,0.0,0.0,0.0,0,0,1,0,0.0,0.0,0.0,0,1.0,0,0.0,0.0,0.0,0,1.0,0.0,0.0,1.0,0.0,0.0,0.0,0.0,1,0.0,1,0.0,1,0.0,0,1.0,0.0,0.0,1,1,1,0.0,0,1,0.0,1.0,0.0,0.0,0.0,0.0,1,0.0,1,0.0,0,0,0.0,0.0,1.0,0.0,0.0,inward,BZT
818,0.0,0.0,0.0,0.0,0.0,0,1,0.0,0.0,0,0.0,0.0,0.0,0,0,1,0,0.0,0.0,0.0,1,0.0,0,0.0,0.0,1.0,1,1.0,1.0,0.0,0.0,0.0,0.0,0.0,0.0,0,0.0,1,0.0,1,0.0,0,1.0,1.0,0.0,1,1,1,0.0,0,1,0.0,1.0,0.0,0.0,0.0,1.0,1,0.0,1,0.0,0,0,0.0,0.0,1.0,1.0,0.0,inward,BZT
819,0.0,0.0,0.0,0.0,0.0,0,0,0.0,0.0,0,0.0,0.0,0.0,1,0,1,1,0.0,0.0,0.0,0,1.0,0,0.0,0.0,1.0,1,1.0,0.0,0.0,1.0,0.0,0.0,0.0,0.0,0,0.0,1,0.0,0,0.0,0,1.0,0.0,1.0,1,0,1,0.0,1,1,0.0,1.0,0.0,0.0,0.0,0.0,1,0.0,1,0.0,0,0,0.0,0.0,1.0,0.0,0.0,inward,BZT
820,0.0,0.0,0.0,0.0,0.0,0,0,0.0,0.0,0,0.0,1.0,0.0,0,0,1,1,0.0,0.0,0.0,1,1.0,0,0.0,0.0,0.0,1,1.0,1.0,0.0,1.0,0.0,0.0,0.0,0.0,1,0.0,1,0.0,1,0.0,0,1.0,0.0,0.0,1,1,0,0.0,0,1,0.0,1.0,0.0,0.0,0.0,0.0,1,0.0,1,0.0,0,0,0.0,0.0,1.0,1.0,0.0,inward,BZT
821,0.0,0.0,0.0,0.0,0.0,0,0,0.0,0.0,0,0.0,0.0,0.0,0,0,1,1,0.0,0.0,0.0,1,0.0,0,0.0,0.0,1.0,0,1.0,1.0,0.0,1.0,0.0,0.0,0.0,0.0,0,0.0,1,0.0,1,0.0,0,0.0,0.0,0.0,1,0,1,0.0,0,1,0.0,1.0,0.0,0.0,0.0,1.0,1,0.0,1,0.0,0,0,0.0,0.0,1.0,0.0,0.0,inward,BZT
822,0.0,0.0,0.0,0.0,0.0,0,0,0.0,0.0,0,0.0,0.0,0.0,1,0,1,1,0.0,0.0,0.0,1,1.0,0,0.0,0.0,1.0,1,1.0,1.0,0.0,1.0,0.0,0.0,0.0,0.0,0,0.0,1,0.0,1,0.0,0,0.0,0.0,0.0,1,1,1,0.0,1,0,0.0,1.0,0.0,0.0,0.0,0.0,1,0.0,1,0.0,0,1,0.0,0.0,1.0,0.0,0.0,inward,BZT
823,0.0,0.0,0.0,0.0,0.0,0,1,0.0,1.0,0,0.0,0.0,0.0,0,0,1,1,0.0,0.0,0.0,1,0.0,0,0.0,0.0,1.0,1,1.0,1.0,0.0,1.0,0.0,0.0,0.0,0.0,0,0.0,1,0.0,1,0.0,0,1.0,0.0,1.0,1,1,1,0.0,0,0,0.0,1.0,0.0,0.0,0.0,1.0,1,0.0,1,0.0,0,0,0.0,0.0,1.0,1.0,0.0,inward,BZT
824,0.0,0.0,0.0,0.0,0.0,0,1,0.0,0.0,0,0.0,0.0,0.0,0,0,1,0,0.0,0.0,0.0,1,0.0,0,0.0,0.0,1.0,1,1.0,0.0,0.0,1.0,0.0,1.0,0.0,0.0,0,0.0,1,0.0,1,0.0,0,1.0,0.0,0.0,1,0,1,0.0,0,0,0.0,1.0,0.0,0.0,0.0,1.0,1,0.0,1,0.0,0,0,0.0,0.0,1.0,1.0,0.0,inward,BZT
825,0.0,0.0,0.0,0.0,0.0,0,0,0.0,0.0,0,0.0,0.0,0.0,1,0,1,1,0.0,0.0,0.0,0,0.0,0,0.0,0.0,1.0,0,0.0,0.0,0.0,1.0,0.0,0.0,0.0,0.0,0,0.0,1,0.0,1,0.0,0,1.0,0.0,0.0,1,0,1,0.0,0,0,0.0,1.0,0.0,0.0,0.0,1.0,1,0.0,1,0.0,0,0,0.0,0.0,1.0,0.0,0.0,inward,BZT
826,0.0,0.0,0.0,0.0,0.0,0,0,0.0,0.0,0,0.0,0.0,0.0,0,0,1,0,0.0,0.0,0.0,1,0.0,0,0.0,0.0,0.0,1,1.0,0.0,0.0,1.0,0.0,1.0,0.0,0.0,0,0.0,1,0.0,1,0.0,1,1.0,0.0,0.0,1,0,1,0.0,0,0,0.0,1.0,0.0,0.0,0.0,1.0,1,0.0,1,0.0,0,0,0.0,0.0,1.0,1.0,0.0,inward,BZT
827,0.0,0.0,0.0,0.0,0.0,0,1,0.0,1.0,0,0.0,0.0,0.0,0,0,1,1,0.0,0.0,0.0,1,1.0,0,0.0,0.0,1.0,1,1.0,0.0,0.0,1.0,0.0,1.0,0.0,0.0,0,0.0,1,0.0,1,0.0,0,1.0,0.0,0.0,1,1,1,0.0,1,1,0.0,1.0,0.0,0.0,0.0,1.0,0,0.0,1,0.0,0,0,0.0,0.0,1.0,1.0,0.0,inward,BZT
828,0.0,0.0,0.0,0.0,0.0,0,1,0.0,1.0,0,0.0,0.0,0.0,0,0,1,1,0.0,0.0,0.0,0,0.0,0,0.0,0.0,1.0,1,1.0,0.0,0.0,1.0,0.0,0.0,0.0,0.0,0,0.0,1,0.0,1,0.0,0,0.0,0.0,0.0,1,1,1,0.0,0,0,0.0,1.0,0.0,0.0,0.0,1.0,1,0.0,1,0.0,0,1,0.0,0.0,1.0,0.0,0.0,inward,BZT
829,0.0,0.0,0.0,0.0,0.0,0,1,0.0,1.0,0,0.0,0.0,0.0,0,0,1,1,0.0,0.0,0.0,1,0.0,0,0.0,0.0,0.0,1,1.0,1.0,0.0,1.0,0.0,0.0,0.0,0.0,0,0.0,1,0.0,1,0.0,0,1.0,0.0,0.0,1,1,0,0.0,0,0,0.0,1.0,0.0,0.0,0.0,1.0,1,0.0,1,0.0,0,0,0.0,0.0,1.0,1.0,0.0,inward,BZT
830,0.0,0.0,0.0,0.0,0.0,0,1,0.0,1.0,1,0.0,0.0,0.0,0,0,1,0,0.0,0.0,0.0,0,0.0,0,0.0,0.0,1.0,1,1.0,1.0,0.0,1.0,0.0,0.0,0.0,0.0,0,0.0,1,0.0,1,0.0,0,0.0,0.0,0.0,1,0,1,0.0,0,0,0.0,1.0,0.0,0.0,0.0,1.0,1,0.0,1,0.0,0,0,0.0,0.0,1.0,0.0,0.0,inward,BZT
831,0.0,0.0,0.0,0.0,0.0,0,1,0.0,0.0,0,0.0,0.0,0.0,1,0,1,1,0.0,0.0,0.0,1,0.0,0,0.0,0.0,1.0,1,1.0,1.0,0.0,1.0,0.0,0.0,0.0,0.0,0,0.0,1,0.0,1,0.0,0,1.0,0.0,0.0,1,1,1,0.0,0,0,0.0,1.0,0.0,0.0,0.0,1.0,0,0.0,1,0.0,0,0,0.0,0.0,1.0,1.0,0.0,inward,BZT
832,0.0,0.0,0.0,0.0,0.0,0,0,0.0,0.0,0,0.0,0.0,0.0,0,0,1,0,0.0,0.0,0.0,1,0.0,0,0.0,0.0,1.0,1,1.0,0.0,0.0,1.0,0.0,0.0,0.0,0.0,0,0.0,1,0.0,1,0.0,0,0.0,0.0,0.0,1,0,1,0.0,0,0,0.0,1.0,0.0,0.0,0.0,1.0,1,0.0,1,0.0,0,0,0.0,0.0,1.0,1.0,0.0,inward,BZT
833,0.0,0.0,0.0,0.0,0.0,0,0,0.0,0.0,0,0.0,0.0,0.0,0,0,1,0,0.0,0.0,0.0,0,1.0,0,0.0,0.0,1.0,1,1.0,1.0,0.0,1.0,0.0,0.0,0.0,0.0,0,0.0,1,0.0,1,0.0,0,0.0,0.0,0.0,1,1,1,0.0,0,0,0.0,1.0,0.0,0.0,0.0,1.0,1,0.0,1,0.0,0,0,0.0,0.0,1.0,0.0,0.0,inward,BZT
834,0.0,0.0,0.0,0.0,0.0,0,1,0.0,0.0,0,0.0,0.0,0.0,0,0,1,1,0.0,0.0,0.0,0,0.0,0,0.0,0.0,0.0,0,1.0,1.0,0.0,1.0,0.0,0.0,0.0,0.0,0,0.0,1,0.0,1,0.0,0,1.0,0.0,0.0,1,0,1,0.0,0,0,0.0,1.0,0.0,0.0,0.0,1.0,1,0.0,1,0.0,0,0,0.0,0.0,1.0,1.0,0.0,inward,BZT
835,0.0,0.0,0.0,0.0,0.0,0,0,0.0,0.0,0,0.0,0.0,0.0,0,0,1,1,0.0,0.0,0.0,1,1.0,0,0.0,0.0,0.0,0,1.0,1.0,0.0,1.0,0.0,0.0,0.0,0.0,0,0.0,1,0.0,1,0.0,0,1.0,0.0,0.0,1,0,1,0.0,0,0,0.0,1.0,0.0,0.0,0.0,0.0,1,0.0,1,0.0,0,0,0.0,0.0,1.0,1.0,0.0,inward,BZT
836,0.0,0.0,0.0,0.0,0.0,0,1,0.0,0.0,0,0.0,0.0,0.0,0,0,1,1,0.0,0.0,0.0,0,0.0,0,0.0,0.0,0.0,0,1.0,0.0,0.0,1.0,0.0,0.0,0.0,0.0,0,0.0,1,0.0,1,0.0,0,0.0,0.0,0.0,1,1,1,0.0,0,0,0.0,1.0,0.0,0.0,0.0,1.0,1,0.0,1,0.0,0,0,0.0,0.0,1.0,0.0,0.0,inward,BZT
837,0.0,0.0,0.0,0.0,0.0,0,1,0.0,0.0,0,0.0,0.0,0.0,0,0,1,0,0.0,0.0,0.0,0,0.0,0,0.0,0.0,0.0,1,1.0,0.0,0.0,1.0,0.0,0.0,0.0,0.0,0,0.0,1,0.0,1,0.0,0,0.0,0.0,0.0,1,1,1,0.0,0,0,0.0,1.0,0.0,0.0,0.0,1.0,1,0.0,1,0.0,0,0,0.0,0.0,1.0,0.0,0.0,inward,BZT
838,0.0,0.0,0.0,0.0,0.0,0,1,0.0,0.0,0,0.0,0.0,0.0,0,0,1,1,0.0,0.0,0.0,1,0.0,0,0.0,0.0,1.0,1,1.0,1.0,0.0,1.0,0.0,1.0,0.0,0.0,0,0.0,1,0.0,1,0.0,0,0.0,0.0,0.0,1,1,1,0.0,0,1,0.0,1.0,0.0,0.0,0.0,0.0,1,0.0,1,0.0,0,1,0.0,0.0,1.0,1.0,0.0,inward,BZT
839,0.0,0.0,0.0,0.0,0.0,0,0,0.0,0.0,0,0.0,0.0,0.0,0,0,1,0,0.0,0.0,0.0,1,1.0,0,0.0,0.0,0.0,1,1.0,1.0,0.0,1.0,0.0,0.0,0.0,0.0,0,0.0,0,0.0,1,0.0,0,0.0,0.0,0.0,1,0,1,0.0,0,1,0.0,1.0,0.0,0.0,0.0,1.0,1,0.0,1,0.0,0,0,0.0,0.0,1.0,0.0,0.0,inward,BZT
840,0.0,0.0,0.0,0.0,0.0,0,1,0.0,0.0,0,0.0,0.0,0.0,1,0,1,1,0.0,0.0,0.0,1,0.0,0,0.0,0.0,1.0,1,1.0,0.0,0.0,1.0,0.0,1.0,0.0,0.0,0,0.0,1,0.0,1,0.0,0,0.0,1.0,0.0,1,1,1,0.0,0,1,0.0,1.0,0.0,0.0,0.0,1.0,1,0.0,1,0.0,0,0,0.0,0.0,1.0,0.0,0.0,inward,BZT
841,0.0,0.0,0.0,0.0,0.0,0,0,0.0,0.0,0,0.0,0.0,0.0,0,0,1,1,0.0,0.0,0.0,0,1.0,0,0.0,0.0,1.0,0,1.0,1.0,0.0,1.0,0.0,0.0,0.0,0.0,0,0.0,1,0.0,1,0.0,1,0.0,0.0,0.0,1,0,1,0.0,0,1,0.0,1.0,0.0,0.0,0.0,0.0,1,0.0,1,0.0,0,0,0.0,0.0,1.0,0.0,0.0,inward,BZT
842,0.0,0.0,0.0,0.0,0.0,0,0,0.0,0.0,0,0.0,0.0,0.0,0,0,1,1,0.0,0.0,0.0,1,0.0,0,0.0,0.0,1.0,1,1.0,0.0,0.0,1.0,0.0,1.0,0.0,0.0,1,0.0,1,0.0,1,0.0,0,0.0,0.0,0.0,1,0,1,0.0,0,1,0.0,1.0,0.0,0.0,0.0,0.0,1,0.0,1,0.0,0,0,0.0,0.0,1.0,0.0,0.0,inward,BZT
843,0.0,0.0,0.0,0.0,0.0,0,0,0.0,0.0,0,0.0,0.0,0.0,0,0,1,1,0.0,0.0,0.0,1,0.0,0,0.0,0.0,1.0,1,1.0,0.0,0.0,1.0,0.0,1.0,0.0,0.0,0,0.0,1,0.0,1,0.0,0,1.0,0.0,0.0,1,1,0,0.0,0,0,0.0,1.0,0.0,0.0,0.0,1.0,1,0.0,1,0.0,0,0,0.0,0.0,1.0,1.0,0.0,inward,BZT
844,0.0,0.0,0.0,0.0,0.0,0,0,0.0,0.0,0,0.0,0.0,0.0,0,0,1,1,0.0,0.0,0.0,1,0.0,0,0.0,0.0,1.0,1,1.0,1.0,0.0,1.0,0.0,1.0,0.0,0.0,0,0.0,1,0.0,1,0.0,0,0.0,0.0,0.0,1,1,1,0.0,0,1,0.0,1.0,0.0,0.0,0.0,0.0,1,0.0,1,0.0,0,0,0.0,0.0,1.0,0.0,0.0,inward,BZT
845,0.0,0.0,0.0,0.0,0.0,0,1,0.0,0.0,0,0.0,0.0,0.0,1,0,1,0,0.0,0.0,0.0,0,1.0,0,0.0,0.0,0.0,0,1.0,0.0,0.0,0.0,0.0,0.0,0.0,0.0,0,0.0,0,0.0,0,0.0,0,1.0,0.0,0.0,1,1,0,0.0,0,1,0.0,0.0,0.0,0.0,0.0,1.0,1,0.0,1,0.0,0,0,0.0,0.0,1.0,1.0,0.0,inward,BZT
846,0.0,0.0,0.0,0.0,0.0,0,1,0.0,0.0,0,0.0,0.0,0.0,1,0,1,1,0.0,0.0,0.0,1,1.0,0,0.0,0.0,0.0,0,1.0,0.0,0.0,1.0,0.0,1.0,0.0,0.0,0,0.0,1,0.0,1,0.0,0,0.0,0.0,0.0,1,1,0,0.0,0,0,0.0,1.0,0.0,0.0,0.0,1.0,1,0.0,1,0.0,0,0,0.0,0.0,1.0,0.0,0.0,inward,BZT
847,0.0,0.0,0.0,0.0,0.0,0,1,0.0,1.0,0,0.0,0.0,0.0,0,0,1,1,0.0,0.0,0.0,0,0.0,0,0.0,0.0,0.0,1,1.0,1.0,0.0,0.0,0.0,0.0,0.0,0.0,0,0.0,1,0.0,0,0.0,0,1.0,0.0,0.0,1,0,1,0.0,0,0,0.0,1.0,0.0,0.0,0.0,1.0,1,0.0,1,0.0,0,0,0.0,0.0,1.0,1.0,0.0,inward,BZT
848,0.0,0.0,0.0,0.0,0.0,0,1,0.0,0.0,0,0.0,0.0,0.0,0,0,1,1,0.0,0.0,0.0,0,0.0,0,0.0,0.0,0.0,0,1.0,0.0,0.0,1.0,0.0,1.0,0.0,0.0,0,0.0,0,0.0,1,0.0,0,1.0,0.0,0.0,1,0,0,0.0,0,1,0.0,1.0,0.0,0.0,0.0,1.0,1,0.0,1,0.0,0,0,0.0,0.0,1.0,1.0,0.0,inward,BZT
849,0.0,0.0,0.0,0.0,0.0,0,0,0.0,0.0,0,0.0,0.0,0.0,1,0,1,1,0.0,0.0,0.0,0,0.0,0,0.0,0.0,0.0,0,0.0,0.0,0.0,0.0,0.0,0.0,0.0,0.0,0,0.0,1,0.0,0,0.0,0,0.0,0.0,0.0,1,0,1,0.0,0,0,0.0,1.0,0.0,0.0,0.0,1.0,1,0.0,1,0.0,0,0,0.0,0.0,1.0,0.0,0.0,inward,BZT
850,0.0,0.0,0.0,0.0,0.0,0,0,0.0,0.0,0,0.0,0.0,0.0,0,0,1,1,0.0,0.0,0.0,1,0.0,0,0.0,0.0,0.0,1,1.0,0.0,0.0,0.0,0.0,0.0,0.0,0.0,0,0.0,1,0.0,1,0.0,0,1.0,0.0,0.0,1,1,1,0.0,0,0,0.0,1.0,1.0,0.0,0.0,1.0,1,0.0,1,0.0,0,0,0.0,0.0,1.0,1.0,0.0,inward,BZT
851,0.0,0.0,0.0,0.0,0.0,0,0,0.0,0.0,0,0.0,0.0,0.0,1,0,1,1,0.0,0.0,0.0,0,0.0,0,0.0,0.0,0.0,1,1.0,0.0,0.0,1.0,0.0,0.0,0.0,0.0,0,0.0,1,0.0,1,0.0,0,1.0,0.0,0.0,1,1,0,0.0,0,0,0.0,1.0,0.0,0.0,0.0,1.0,1,0.0,1,0.0,0,0,0.0,0.0,1.0,1.0,1.0,inward,BZT
852,0.0,0.0,0.0,0.0,0.0,0,0,0.0,0.0,0,0.0,0.0,0.0,1,0,1,1,0.0,0.0,0.0,0,0.0,0,0.0,0.0,0.0,1,0.0,0.0,0.0,1.0,0.0,0.0,0.0,0.0,0,0.0,1,0.0,1,0.0,0,0.0,0.0,0.0,1,0,1,0.0,0,0,0.0,1.0,0.0,0.0,0.0,1.0,1,0.0,1,0.0,0,1,0.0,0.0,1.0,1.0,0.0,inward,BZT
853,0.0,0.0,0.0,0.0,0.0,0,1,0.0,0.0,0,0.0,0.0,0.0,0,0,1,0,0.0,0.0,0.0,0,0.0,0,0.0,0.0,1.0,0,1.0,0.0,0.0,1.0,0.0,1.0,0.0,0.0,0,0.0,1,0.0,0,0.0,0,1.0,0.0,0.0,1,0,1,0.0,0,1,0.0,1.0,0.0,0.0,0.0,1.0,1,0.0,1,0.0,0,0,0.0,0.0,1.0,1.0,0.0,inward,BZT
854,0.0,0.0,0.0,0.0,0.0,0,1,0.0,0.0,0,0.0,0.0,0.0,1,0,1,1,0.0,0.0,0.0,0,1.0,0,0.0,0.0,0.0,1,1.0,0.0,0.0,1.0,0.0,0.0,0.0,0.0,0,0.0,1,0.0,1,0.0,0,1.0,0.0,0.0,1,0,0,0.0,0,0,0.0,1.0,0.0,0.0,0.0,1.0,1,0.0,1,0.0,0,0,0.0,0.0,1.0,1.0,0.0,inward,BZT
855,0.0,0.0,0.0,0.0,0.0,0,0,0.0,1.0,0,0.0,0.0,0.0,0,0,1,1,0.0,0.0,0.0,1,0.0,0,0.0,0.0,1.0,1,1.0,0.0,0.0,1.0,0.0,0.0,0.0,0.0,0,0.0,1,0.0,1,0.0,0,1.0,0.0,0.0,1,1,1,0.0,0,0,0.0,1.0,0.0,0.0,0.0,1.0,1,0.0,1,0.0,0,0,0.0,0.0,1.0,1.0,1.0,inward,BZT
856,0.0,0.0,0.0,0.0,0.0,0,0,0.0,0.0,0,0.0,0.0,0.0,0,0,1,0,0.0,0.0,0.0,1,1.0,0,0.0,0.0,1.0,1,0.0,0.0,0.0,1.0,0.0,0.0,0.0,0.0,0,0.0,1,0.0,0,0.0,0,1.0,0.0,0.0,1,0,0,0.0,1,0,0.0,1.0,0.0,0.0,0.0,1.0,1,0.0,1,0.0,0,0,0.0,0.0,1.0,1.0,0.0,inward,BZT
857,0.0,0.0,0.0,0.0,0.0,0,1,0.0,0.0,0,0.0,0.0,0.0,0,0,1,1,0.0,0.0,0.0,1,0.0,0,0.0,0.0,0.0,1,1.0,0.0,0.0,0.0,0.0,0.0,0.0,0.0,0,0.0,1,0.0,1,0.0,0,1.0,0.0,0.0,1,0,1,0.0,0,0,0.0,1.0,0.0,0.0,0.0,1.0,1,0.0,1,0.0,0,0,0.0,0.0,1.0,0.0,0.0,inward,BZT
858,0.0,0.0,0.0,0.0,0.0,0,0,0.0,0.0,0,0.0,0.0,0.0,1,0,1,0,0.0,0.0,0.0,1,0.0,0,0.0,0.0,0.0,0,1.0,0.0,0.0,1.0,0.0,0.0,0.0,0.0,0,0.0,1,0.0,1,0.0,0,0.0,0.0,0.0,1,0,0,0.0,0,1,0.0,1.0,0.0,0.0,0.0,1.0,1,0.0,1,0.0,0,0,0.0,0.0,1.0,1.0,0.0,inward,BZT
859,0.0,0.0,0.0,0.0,0.0,0,1,0.0,0.0,0,0.0,0.0,0.0,1,0,1,1,0.0,0.0,0.0,1,0.0,0,0.0,0.0,0.0,1,0.0,0.0,0.0,0.0,0.0,0.0,0.0,0.0,0,0.0,1,0.0,1,0.0,0,0.0,0.0,0.0,1,0,1,0.0,0,1,0.0,1.0,0.0,0.0,0.0,1.0,1,0.0,1,0.0,0,0,0.0,0.0,1.0,0.0,0.0,inward,BZT
860,0.0,0.0,0.0,0.0,0.0,0,1,0.0,0.0,0,0.0,0.0,0.0,0,0,1,1,0.0,0.0,0.0,1,0.0,0,0.0,0.0,0.0,1,1.0,1.0,0.0,1.0,0.0,0.0,0.0,0.0,0,0.0,1,0.0,1,0.0,0,0.0,0.0,0.0,1,0,0,0.0,0,0,0.0,1.0,0.0,0.0,0.0,1.0,1,0.0,1,0.0,1,0,0.0,0.0,1.0,1.0,0.0,inward,BZT
861,0.0,0.0,0.0,0.0,0.0,0,1,0.0,0.0,0,0.0,0.0,0.0,1,0,1,1,0.0,0.0,0.0,0,0.0,0,0.0,0.0,0.0,1,0.0,0.0,0.0,1.0,0.0,0.0,0.0,0.0,0,0.0,1,0.0,1,0.0,0,0.0,0.0,0.0,1,1,1,0.0,0,1,0.0,1.0,0.0,0.0,0.0,1.0,1,0.0,1,0.0,0,0,0.0,0.0,1.0,1.0,0.0,inward,BZT
862,0.0,0.0,0.0,0.0,0.0,0,1,0.0,0.0,0,0.0,0.0,0.0,1,0,1,1,0.0,0.0,0.0,0,0.0,0,0.0,0.0,0.0,1,1.0,1.0,0.0,1.0,0.0,0.0,0.0,0.0,0,0.0,1,0.0,0,0.0,0,0.0,0.0,0.0,1,0,1,0.0,0,0,0.0,1.0,0.0,0.0,0.0,1.0,1,0.0,1,0.0,0,0,0.0,0.0,1.0,1.0,0.0,inward,BZT
863,0.0,0.0,0.0,0.0,0.0,0,0,0.0,1.0,0,0.0,0.0,0.0,1,0,1,0,0.0,0.0,0.0,0,0.0,0,0.0,0.0,0.0,1,1.0,0.0,0.0,1.0,0.0,1.0,0.0,0.0,0,0.0,1,0.0,1,0.0,1,1.0,0.0,1.0,1,0,1,0.0,0,0,0.0,1.0,0.0,0.0,0.0,1.0,1,0.0,1,0.0,0,0,0.0,0.0,1.0,1.0,0.0,inward,BZT
864,0.0,0.0,0.0,0.0,0.0,0,0,0.0,0.0,0,0.0,0.0,0.0,0,0,1,1,0.0,0.0,0.0,1,0.0,0,0.0,0.0,0.0,0,0.0,0.0,0.0,0.0,0.0,0.0,0.0,0.0,0,0.0,1,0.0,1,0.0,0,1.0,0.0,1.0,1,0,0,0.0,0,0,0.0,0.0,0.0,0.0,0.0,1.0,1,0.0,1,0.0,0,0,0.0,0.0,1.0,0.0,0.0,inward,BZT
865,0.0,0.0,0.0,0.0,0.0,0,0,0.0,0.0,0,0.0,0.0,0.0,0,0,1,0,0.0,0.0,0.0,0,1.0,0,0.0,0.0,0.0,1,0.0,0.0,0.0,0.0,0.0,0.0,0.0,0.0,0,0.0,0,0.0,1,0.0,0,0.0,0.0,0.0,1,1,1,0.0,0,0,0.0,1.0,0.0,0.0,0.0,1.0,1,0.0,1,0.0,0,0,0.0,0.0,1.0,1.0,0.0,inward,BZT
866,0.0,0.0,0.0,0.0,0.0,0,1,0.0,0.0,0,0.0,0.0,0.0,1,0,1,1,0.0,0.0,0.0,1,1.0,0,0.0,0.0,0.0,0,0.0,0.0,0.0,0.0,0.0,0.0,0.0,0.0,0,0.0,1,0.0,1,0.0,0,0.0,0.0,0.0,1,1,0,0.0,0,0,0.0,1.0,0.0,0.0,0.0,1.0,1,0.0,1,0.0,0,0,0.0,0.0,1.0,0.0,0.0,inward,BZT
867,0.0,0.0,0.0,0.0,0.0,0,0,0.0,0.0,0,0.0,0.0,0.0,1,0,1,0,0.0,0.0,0.0,0,0.0,0,0.0,0.0,0.0,1,1.0,0.0,0.0,0.0,0.0,0.0,0.0,0.0,0,0.0,1,0.0,1,0.0,0,1.0,0.0,0.0,1,0,1,0.0,0,1,0.0,1.0,0.0,0.0,0.0,1.0,1,0.0,1,0.0,0,0,0.0,0.0,1.0,1.0,0.0,inward,BZT
868,0.0,0.0,0.0,0.0,0.0,0,0,0.0,1.0,0,0.0,0.0,0.0,1,0,1,1,0.0,0.0,0.0,1,0.0,0,0.0,0.0,0.0,1,0.0,0.0,0.0,0.0,0.0,0.0,0.0,0.0,0,0.0,0,0.0,1,0.0,1,1.0,0.0,0.0,1,0,0,0.0,0,1,0.0,1.0,0.0,0.0,0.0,1.0,1,0.0,1,0.0,0,0,0.0,0.0,1.0,1.0,0.0,inward,BZT
869,0.0,0.0,0.0,0.0,0.0,0,0,0.0,0.0,0,0.0,0.0,0.0,1,0,1,1,0.0,0.0,0.0,1,0.0,0,0.0,0.0,0.0,1,1.0,0.0,0.0,1.0,0.0,0.0,0.0,0.0,0,0.0,1,0.0,1,0.0,0,1.0,0.0,0.0,1,0,1,0.0,0,0,0.0,1.0,0.0,0.0,0.0,1.0,1,0.0,1,0.0,0,0,0.0,0.0,1.0,1.0,0.0,inward,BZT
870,0.0,0.0,0.0,0.0,0.0,0,1,0.0,0.0,0,0.0,0.0,0.0,1,0,1,1,0.0,0.0,0.0,0,0.0,0,0.0,0.0,1.0,1,0.0,0.0,0.0,0.0,0.0,0.0,0.0,0.0,0,0.0,1,0.0,1,0.0,0,1.0,0.0,0.0,1,0,0,0.0,0,1,0.0,1.0,1.0,0.0,0.0,1.0,1,0.0,1,0.0,0,0,0.0,0.0,1.0,0.0,0.0,inward,BZT
871,0.0,0.0,0.0,0.0,0.0,0,0,0.0,0.0,0,0.0,0.0,0.0,1,0,1,1,0.0,0.0,0.0,1,1.0,0,0.0,0.0,0.0,1,0.0,0.0,0.0,1.0,0.0,0.0,0.0,0.0,0,0.0,1,0.0,0,0.0,0,1.0,0.0,0.0,1,0,1,0.0,0,0,0.0,1.0,0.0,0.0,0.0,1.0,1,0.0,1,0.0,0,0,0.0,0.0,1.0,1.0,0.0,inward,BZT
872,0.0,0.0,0.0,0.0,0.0,0,1,0.0,0.0,0,0.0,0.0,0.0,0,0,1,0,0.0,0.0,0.0,0,0.0,0,0.0,0.0,0.0,0,1.0,0.0,0.0,1.0,0.0,0.0,0.0,0.0,0,0.0,1,0.0,1,0.0,1,1.0,0.0,0.0,1,1,1,0.0,0,1,0.0,1.0,0.0,0.0,0.0,1.0,1,0.0,1,0.0,0,0,0.0,0.0,1.0,1.0,0.0,inward,BZT
873,0.0,0.0,0.0,0.0,0.0,0,1,0.0,1.0,0,0.0,0.0,0.0,0,0,1,1,0.0,0.0,0.0,1,0.0,0,0.0,0.0,0.0,1,1.0,1.0,0.0,1.0,0.0,0.0,0.0,0.0,0,0.0,1,0.0,0,0.0,0,1.0,0.0,0.0,1,1,1,0.0,0,0,0.0,1.0,0.0,0.0,0.0,1.0,1,0.0,1,0.0,0,0,0.0,0.0,1.0,1.0,0.0,inward,BZT
874,0.0,0.0,0.0,0.0,0.0,0,0,0.0,0.0,0,0.0,0.0,0.0,0,0,1,1,0.0,0.0,0.0,1,0.0,0,0.0,0.0,0.0,0,0.0,0.0,0.0,0.0,0.0,0.0,0.0,0.0,0,0.0,1,0.0,1,0.0,0,1.0,0.0,1.0,0,1,0,0.0,0,0,0.0,1.0,0.0,0.0,0.0,1.0,1,0.0,1,0.0,0,0,0.0,0.0,1.0,0.0,0.0,inward,BZT
875,0.0,0.0,0.0,0.0,0.0,0,0,0.0,0.0,1,0.0,0.0,0.0,0,0,1,1,0.0,0.0,0.0,1,0.0,0,0.0,0.0,0.0,1,0.0,0.0,0.0,0.0,0.0,0.0,0.0,0.0,0,0.0,1,0.0,1,0.0,0,1.0,0.0,0.0,1,1,0,0.0,0,0,0.0,1.0,0.0,0.0,0.0,1.0,1,0.0,1,0.0,0,0,0.0,0.0,1.0,1.0,0.0,inward,BZT
876,0.0,0.0,0.0,0.0,0.0,0,0,0.0,0.0,0,0.0,0.0,0.0,0,0,1,1,0.0,0.0,0.0,0,0.0,0,0.0,0.0,0.0,0,0.0,0.0,0.0,1.0,0.0,0.0,0.0,0.0,0,0.0,1,0.0,1,0.0,0,0.0,0.0,0.0,1,1,1,0.0,0,0,0.0,1.0,0.0,0.0,0.0,1.0,1,0.0,1,0.0,0,0,0.0,0.0,1.0,1.0,0.0,inward,BZT
877,0.0,0.0,0.0,0.0,0.0,0,0,0.0,1.0,0,0.0,0.0,0.0,0,0,1,1,0.0,0.0,0.0,1,0.0,0,0.0,0.0,0.0,0,1.0,0.0,0.0,0.0,0.0,0.0,0.0,0.0,0,0.0,1,0.0,1,0.0,0,1.0,1.0,0.0,1,0,1,0.0,1,1,0.0,1.0,0.0,0.0,0.0,1.0,1,0.0,1,0.0,0,0,0.0,0.0,1.0,1.0,1.0,inward,BZT
878,0.0,0.0,0.0,0.0,0.0,0,0,0.0,0.0,0,0.0,0.0,0.0,0,0,1,1,0.0,0.0,0.0,0,0.0,0,0.0,0.0,1.0,0,0.0,0.0,0.0,1.0,0.0,0.0,0.0,0.0,0,0.0,1,0.0,0,0.0,0,1.0,0.0,0.0,1,1,0,0.0,0,0,0.0,1.0,0.0,0.0,0.0,1.0,1,0.0,1,0.0,0,0,0.0,0.0,1.0,1.0,0.0,inward,BZT
879,0.0,0.0,0.0,0.0,0.0,0,0,0.0,0.0,0,0.0,0.0,0.0,0,0,1,1,0.0,0.0,0.0,1,0.0,0,0.0,0.0,1.0,1,1.0,1.0,0.0,0.0,0.0,0.0,0.0,0.0,0,0.0,0,0.0,1,0.0,0,1.0,0.0,0.0,1,0,1,0.0,0,0,0.0,1.0,0.0,0.0,0.0,1.0,1,0.0,1,0.0,0,0,0.0,0.0,1.0,1.0,1.0,inward,BZT
880,0.0,0.0,0.0,0.0,0.0,0,0,0.0,1.0,0,0.0,0.0,0.0,0,0,1,0,0.0,0.0,0.0,0,0.0,0,0.0,0.0,1.0,1,1.0,0.0,0.0,1.0,0.0,0.0,0.0,0.0,0,0.0,0,0.0,0,0.0,0,1.0,1.0,0.0,1,0,0,0.0,0,0,0.0,1.0,0.0,0.0,0.0,1.0,1,0.0,1,0.0,0,0,0.0,0.0,1.0,0.0,0.0,inward,BZT
881,0.0,0.0,0.0,0.0,0.0,0,0,0.0,0.0,0,0.0,0.0,0.0,0,0,1,1,0.0,0.0,0.0,0,1.0,0,0.0,0.0,1.0,1,1.0,0.0,0.0,0.0,0.0,0.0,0.0,0.0,0,0.0,1,0.0,1,0.0,0,1.0,0.0,0.0,1,0,1,0.0,0,0,0.0,1.0,0.0,0.0,0.0,1.0,1,0.0,1,0.0,0,0,0.0,0.0,1.0,0.0,0.0,inward,BZT
882,0.0,0.0,0.0,0.0,0.0,0,1,0.0,0.0,0,0.0,0.0,0.0,1,0,1,1,0.0,0.0,0.0,0,1.0,0,0.0,0.0,0.0,0,1.0,0.0,0.0,0.0,0.0,0.0,0.0,0.0,0,0.0,1,0.0,0,0.0,0,1.0,0.0,0.0,1,0,1,0.0,0,0,0.0,1.0,0.0,0.0,0.0,1.0,1,0.0,1,0.0,0,0,0.0,0.0,1.0,0.0,0.0,inward,BZT
883,0.0,0.0,0.0,0.0,0.0,0,1,0.0,0.0,0,0.0,0.0,0.0,0,0,1,0,0.0,0.0,0.0,1,0.0,0,0.0,0.0,1.0,1,1.0,0.0,0.0,1.0,0.0,0.0,0.0,0.0,0,0.0,1,0.0,0,0.0,0,1.0,0.0,0.0,1,1,1,0.0,0,0,0.0,1.0,0.0,0.0,0.0,1.0,1,0.0,1,0.0,0,0,0.0,0.0,1.0,1.0,0.0,inward,BZT
884,0.0,0.0,0.0,0.0,0.0,0,0,0.0,0.0,0,0.0,0.0,0.0,0,0,1,1,0.0,0.0,0.0,1,0.0,0,0.0,0.0,0.0,0,1.0,1.0,0.0,1.0,0.0,0.0,0.0,0.0,0,0.0,1,0.0,1,0.0,1,1.0,0.0,1.0,1,0,1,0.0,0,1,0.0,1.0,0.0,0.0,0.0,1.0,1,0.0,1,0.0,0,0,0.0,0.0,1.0,1.0,0.0,inward,BZT
885,0.0,0.0,0.0,0.0,0.0,0,1,0.0,0.0,0,0.0,0.0,0.0,1,0,1,1,0.0,0.0,0.0,0,1.0,0,0.0,0.0,0.0,0,1.0,0.0,0.0,1.0,0.0,0.0,0.0,0.0,0,0.0,1,0.0,1,0.0,0,1.0,0.0,0.0,1,1,0,0.0,0,0,0.0,1.0,1.0,0.0,0.0,1.0,1,0.0,1,0.0,0,0,0.0,0.0,1.0,1.0,0.0,inward,BZT
886,0.0,0.0,0.0,0.0,0.0,0,0,0.0,0.0,0,0.0,0.0,0.0,1,0,1,0,0.0,0.0,0.0,1,0.0,0,0.0,0.0,0.0,1,1.0,0.0,0.0,1.0,0.0,0.0,0.0,0.0,0,0.0,1,0.0,1,0.0,0,1.0,0.0,1.0,1,0,1,0.0,0,1,0.0,1.0,0.0,0.0,0.0,1.0,1,0.0,1,0.0,0,0,0.0,0.0,1.0,1.0,0.0,inward,BZT
887,0.0,0.0,0.0,0.0,0.0,0,0,0.0,0.0,0,0.0,0.0,0.0,1,0,1,1,0.0,0.0,0.0,1,0.0,0,0.0,0.0,0.0,0,0.0,0.0,0.0,1.0,0.0,1.0,0.0,0.0,0,0.0,1,0.0,1,0.0,0,1.0,0.0,0.0,1,0,0,0.0,0,0,0.0,1.0,0.0,0.0,0.0,1.0,1,0.0,1,0.0,0,0,0.0,0.0,1.0,1.0,0.0,inward,BZT
888,0.0,0.0,0.0,0.0,0.0,0,1,0.0,1.0,0,0.0,0.0,0.0,0,0,1,1,0.0,0.0,0.0,1,0.0,0,0.0,0.0,1.0,1,1.0,0.0,0.0,0.0,0.0,0.0,0.0,0.0,0,0.0,1,0.0,0,0.0,0,0.0,0.0,0.0,1,0,1,0.0,0,0,0.0,1.0,0.0,0.0,0.0,1.0,1,0.0,1,0.0,0,0,0.0,0.0,1.0,1.0,0.0,inward,BZT
889,0.0,0.0,0.0,0.0,0.0,0,0,0.0,1.0,0,0.0,0.0,0.0,1,0,1,1,0.0,0.0,0.0,1,0.0,0,0.0,0.0,0.0,1,1.0,0.0,0.0,1.0,0.0,0.0,0.0,0.0,0,0.0,1,0.0,1,0.0,0,1.0,0.0,0.0,1,0,0,0.0,0,1,0.0,1.0,0.0,0.0,0.0,1.0,1,0.0,1,0.0,0,0,0.0,0.0,1.0,1.0,1.0,inward,BZT
890,0.0,0.0,0.0,0.0,0.0,0,0,0.0,0.0,0,0.0,0.0,0.0,0,0,1,0,0.0,0.0,0.0,1,0.0,0,0.0,0.0,0.0,0,0.0,0.0,0.0,1.0,0.0,0.0,0.0,0.0,0,0.0,1,0.0,1,0.0,0,1.0,0.0,0.0,1,1,1,0.0,0,0,0.0,1.0,0.0,0.0,0.0,1.0,1,0.0,1,0.0,0,0,0.0,0.0,1.0,0.0,0.0,inward,BZT
891,0.0,0.0,0.0,0.0,0.0,0,1,0.0,0.0,0,0.0,0.0,0.0,1,0,1,1,0.0,0.0,0.0,1,0.0,0,0.0,0.0,0.0,1,1.0,0.0,0.0,1.0,0.0,0.0,0.0,0.0,0,0.0,1,0.0,1,0.0,0,1.0,0.0,0.0,1,1,1,0.0,0,1,0.0,1.0,0.0,0.0,0.0,1.0,1,0.0,1,0.0,0,0,0.0,0.0,1.0,1.0,0.0,inward,BZT
892,0.0,0.0,0.0,0.0,0.0,0,0,0.0,0.0,0,0.0,0.0,0.0,1,0,1,1,0.0,0.0,0.0,0,0.0,0,0.0,0.0,1.0,1,1.0,0.0,0.0,1.0,0.0,0.0,0.0,0.0,0,0.0,1,0.0,0,0.0,0,1.0,0.0,0.0,1,0,1,0.0,0,0,0.0,1.0,0.0,0.0,0.0,1.0,1,0.0,1,0.0,0,0,0.0,0.0,1.0,0.0,0.0,inward,BZT
893,0.0,0.0,0.0,0.0,0.0,0,0,0.0,1.0,0,0.0,0.0,0.0,0,0,1,1,0.0,0.0,0.0,1,0.0,0,0.0,0.0,0.0,1,1.0,1.0,0.0,0.0,0.0,0.0,0.0,0.0,0,0.0,1,0.0,1,0.0,1,1.0,0.0,0.0,1,1,1,0.0,0,1,0.0,1.0,0.0,0.0,0.0,1.0,1,0.0,1,0.0,0,0,0.0,0.0,1.0,1.0,0.0,inward,BZT
894,0.0,0.0,0.0,0.0,0.0,0,1,0.0,0.0,0,0.0,0.0,0.0,1,0,1,1,0.0,0.0,0.0,0,0.0,0,0.0,0.0,1.0,1,1.0,1.0,0.0,1.0,0.0,0.0,0.0,0.0,0,0.0,1,0.0,1,0.0,0,1.0,0.0,0.0,1,1,1,0.0,0,1,0.0,1.0,0.0,0.0,0.0,1.0,1,0.0,1,0.0,0,0,0.0,0.0,1.0,1.0,0.0,inward,BZT
895,0.0,0.0,0.0,0.0,0.0,0,0,0.0,0.0,0,0.0,0.0,0.0,0,0,1,0,0.0,0.0,0.0,1,0.0,0,0.0,0.0,0.0,1,1.0,0.0,0.0,1.0,0.0,0.0,0.0,0.0,0,0.0,0,0.0,1,0.0,0,1.0,0.0,0.0,1,0,1,0.0,0,0,0.0,1.0,0.0,0.0,0.0,1.0,1,0.0,1,0.0,0,1,0.0,0.0,1.0,1.0,0.0,inward,BZT
896,0.0,0.0,0.0,0.0,0.0,0,1,0.0,0.0,0,0.0,0.0,0.0,1,0,1,1,0.0,0.0,0.0,1,1.0,0,0.0,0.0,1.0,0,0.0,0.0,0.0,1.0,0.0,1.0,0.0,0.0,0,0.0,1,0.0,1,0.0,0,1.0,0.0,0.0,1,1,1,0.0,0,1,0.0,1.0,0.0,0.0,0.0,1.0,1,0.0,1,0.0,0,0,0.0,0.0,1.0,1.0,0.0,inward,BZT
897,0.0,0.0,0.0,0.0,0.0,0,0,0.0,0.0,0,0.0,0.0,0.0,1,0,1,1,0.0,0.0,0.0,0,1.0,0,0.0,0.0,0.0,1,1.0,0.0,0.0,1.0,0.0,0.0,0.0,0.0,0,0.0,1,0.0,1,0.0,0,1.0,0.0,0.0,1,1,1,0.0,0,0,0.0,1.0,0.0,0.0,0.0,1.0,1,0.0,1,0.0,0,0,0.0,0.0,1.0,1.0,0.0,inward,BZT
898,0.0,0.0,0.0,0.0,0.0,0,1,0.0,0.0,0,0.0,0.0,0.0,0,0,1,1,0.0,0.0,0.0,1,0.0,0,0.0,0.0,1.0,1,1.0,0.0,0.0,0.0,0.0,0.0,0.0,0.0,0,0.0,1,0.0,1,0.0,0,1.0,0.0,0.0,1,0,1,0.0,0,0,0.0,1.0,0.0,0.0,0.0,1.0,1,0.0,1,0.0,0,0,0.0,0.0,1.0,1.0,1.0,inward,BZT
899,0.0,0.0,0.0,0.0,0.0,0,1,0.0,0.0,0,0.0,0.0,0.0,1,0,1,1,0.0,0.0,0.0,1,0.0,0,0.0,0.0,1.0,1,0.0,0.0,0.0,0.0,0.0,0.0,0.0,0.0,0,0.0,1,0.0,1,0.0,1,0.0,0.0,0.0,1,0,1,0.0,0,1,0.0,1.0,0.0,0.0,0.0,1.0,1,0.0,1,0.0,0,0,0.0,0.0,1.0,0.0,0.0,inward,BZT
900,0.0,0.0,0.0,0.0,0.0,0,0,0.0,0.0,0,0.0,0.0,0.0,1,0,1,1,0.0,0.0,0.0,0,1.0,0,0.0,0.0,1.0,0,1.0,0.0,0.0,1.0,0.0,0.0,0.0,0.0,0,0.0,1,0.0,1,0.0,0,1.0,0.0,0.0,1,0,1,0.0,0,0,0.0,1.0,0.0,0.0,0.0,1.0,1,0.0,1,0.0,0,0,0.0,0.0,1.0,0.0,0.0,inward,BZT
901,0.0,0.0,0.0,0.0,0.0,0,0,0.0,1.0,0,0.0,0.0,0.0,1,0,1,1,0.0,0.0,0.0,1,0.0,0,0.0,0.0,0.0,1,1.0,1.0,0.0,1.0,0.0,0.0,0.0,0.0,0,0.0,1,0.0,1,0.0,1,1.0,0.0,0.0,1,0,1,0.0,0,1,0.0,1.0,0.0,0.0,0.0,1.0,1,0.0,1,0.0,0,0,0.0,0.0,1.0,0.0,1.0,inward,BZT
902,0.0,0.0,0.0,0.0,0.0,0,0,0.0,0.0,0,0.0,0.0,0.0,0,0,1,0,0.0,0.0,0.0,1,0.0,0,0.0,0.0,1.0,1,1.0,0.0,0.0,1.0,0.0,0.0,0.0,0.0,0,0.0,1,0.0,1,0.0,1,1.0,0.0,0.0,1,1,1,0.0,0,0,0.0,1.0,0.0,0.0,0.0,1.0,1,0.0,1,0.0,0,0,0.0,0.0,1.0,1.0,0.0,inward,BZT
903,0.0,0.0,0.0,0.0,0.0,0,0,0.0,0.0,0,0.0,0.0,0.0,1,0,1,1,0.0,0.0,0.0,1,0.0,0,0.0,0.0,0.0,1,1.0,0.0,0.0,1.0,0.0,0.0,0.0,0.0,0,0.0,1,0.0,1,0.0,0,1.0,0.0,0.0,1,1,1,0.0,0,0,0.0,1.0,1.0,0.0,0.0,1.0,1,0.0,1,0.0,0,0,0.0,0.0,1.0,0.0,0.0,inward,BZT
904,0.0,0.0,0.0,0.0,0.0,0,0,0.0,0.0,0,0.0,0.0,0.0,0,0,1,0,0.0,0.0,0.0,0,0.0,0,0.0,0.0,0.0,1,1.0,0.0,0.0,1.0,0.0,0.0,0.0,0.0,0,0.0,1,0.0,1,0.0,0,1.0,0.0,0.0,1,0,0,0.0,0,1,0.0,1.0,0.0,0.0,0.0,1.0,1,0.0,1,0.0,0,0,0.0,0.0,1.0,1.0,0.0,inward,BZT
905,0.0,0.0,0.0,0.0,0.0,0,1,0.0,0.0,0,0.0,0.0,0.0,0,0,1,1,0.0,0.0,0.0,1,0.0,0,0.0,0.0,0.0,1,0.0,0.0,0.0,1.0,0.0,1.0,0.0,0.0,0,0.0,1,0.0,1,0.0,0,0.0,0.0,0.0,1,1,1,0.0,1,0,0.0,1.0,1.0,0.0,0.0,1.0,1,0.0,1,0.0,0,0,0.0,0.0,1.0,1.0,0.0,inward,BZT
906,0.0,0.0,0.0,0.0,0.0,0,1,0.0,0.0,0,0.0,0.0,0.0,1,0,1,1,0.0,0.0,0.0,0,0.0,0,0.0,0.0,0.0,0,1.0,0.0,0.0,0.0,0.0,0.0,0.0,0.0,0,0.0,1,0.0,1,0.0,0,1.0,0.0,0.0,1,0,0,0.0,0,0,0.0,1.0,0.0,0.0,0.0,1.0,1,0.0,1,0.0,0,0,0.0,0.0,1.0,1.0,0.0,inward,BZT
907,0.0,0.0,0.0,0.0,0.0,0,1,0.0,0.0,0,0.0,0.0,0.0,0,0,1,1,0.0,0.0,0.0,1,0.0,0,0.0,0.0,0.0,1,1.0,0.0,0.0,1.0,0.0,0.0,0.0,0.0,0,0.0,1,0.0,1,0.0,1,1.0,0.0,0.0,1,0,1,0.0,0,0,0.0,1.0,0.0,0.0,0.0,1.0,1,0.0,1,0.0,0,0,0.0,0.0,1.0,0.0,1.0,inward,BZT
908,0.0,0.0,0.0,0.0,0.0,0,1,0.0,1.0,0,0.0,0.0,0.0,1,0,1,1,0.0,0.0,0.0,0,0.0,0,0.0,0.0,1.0,1,1.0,0.0,0.0,1.0,0.0,0.0,0.0,0.0,0,0.0,0,0.0,1,0.0,0,1.0,0.0,0.0,1,0,0,0.0,0,0,0.0,1.0,0.0,0.0,0.0,1.0,1,0.0,1,0.0,0,0,0.0,0.0,1.0,1.0,0.0,inward,BZT
909,0.0,0.0,0.0,0.0,0.0,0,1,0.0,0.0,0,0.0,0.0,0.0,0,0,1,1,0.0,0.0,0.0,1,0.0,0,0.0,0.0,0.0,1,1.0,0.0,0.0,1.0,0.0,0.0,0.0,0.0,0,0.0,1,0.0,1,0.0,0,1.0,0.0,0.0,1,0,1,0.0,0,0,0.0,1.0,0.0,0.0,0.0,1.0,0,0.0,1,0.0,0,0,0.0,0.0,1.0,0.0,0.0,inward,BZT
910,0.0,0.0,0.0,0.0,0.0,0,1,0.0,0.0,0,0.0,0.0,0.0,0,0,1,0,0.0,0.0,0.0,1,0.0,0,0.0,0.0,1.0,1,1.0,0.0,0.0,1.0,0.0,0.0,0.0,0.0,0,0.0,1,0.0,1,0.0,1,1.0,0.0,1.0,1,0,0,0.0,0,0,0.0,1.0,0.0,0.0,0.0,1.0,1,0.0,1,0.0,0,0,0.0,0.0,1.0,0.0,1.0,inward,BZT
911,0.0,0.0,0.0,0.0,0.0,0,0,0.0,0.0,0,0.0,0.0,0.0,0,0,1,0,0.0,0.0,0.0,1,0.0,0,0.0,0.0,1.0,0,1.0,0.0,0.0,0.0,0.0,0.0,0.0,0.0,0,0.0,0,0.0,1,0.0,1,1.0,0.0,1.0,1,0,1,0.0,0,1,0.0,1.0,0.0,0.0,0.0,1.0,1,0.0,1,0.0,0,0,0.0,0.0,1.0,1.0,1.0,inward,BZT
912,0.0,0.0,0.0,0.0,0.0,0,0,0.0,0.0,0,0.0,0.0,0.0,0,0,1,1,0.0,0.0,0.0,0,0.0,0,0.0,0.0,1.0,0,1.0,0.0,0.0,0.0,0.0,0.0,0.0,0.0,0,0.0,1,0.0,1,0.0,0,1.0,0.0,0.0,1,1,1,0.0,0,1,0.0,1.0,0.0,0.0,0.0,1.0,1,0.0,1,0.0,0,0,0.0,0.0,1.0,1.0,1.0,inward,BZT
913,0.0,0.0,0.0,0.0,0.0,0,0,0.0,0.0,0,0.0,0.0,0.0,0,0,1,0,0.0,0.0,0.0,0,0.0,0,0.0,0.0,0.0,1,0.0,0.0,0.0,1.0,0.0,0.0,0.0,0.0,0,0.0,1,0.0,1,0.0,0,0.0,0.0,0.0,1,0,0,0.0,0,1,0.0,1.0,1.0,0.0,0.0,1.0,1,0.0,1,0.0,0,0,0.0,0.0,1.0,0.0,0.0,inward,BZT
914,0.0,0.0,0.0,0.0,0.0,0,1,0.0,0.0,0,0.0,0.0,0.0,0,0,1,1,0.0,0.0,0.0,1,0.0,0,0.0,0.0,1.0,0,1.0,0.0,0.0,1.0,0.0,0.0,0.0,0.0,0,0.0,1,0.0,1,0.0,1,1.0,0.0,0.0,1,0,0,0.0,0,1,0.0,1.0,1.0,0.0,0.0,1.0,1,0.0,1,0.0,0,0,0.0,0.0,1.0,1.0,0.0,inward,BZT
915,0.0,0.0,0.0,0.0,0.0,0,0,0.0,1.0,0,0.0,0.0,0.0,0,0,1,1,0.0,0.0,0.0,1,0.0,0,0.0,0.0,0.0,0,1.0,0.0,0.0,1.0,0.0,0.0,0.0,0.0,0,0.0,1,0.0,1,0.0,1,1.0,0.0,0.0,1,1,0,0.0,0,0,0.0,1.0,1.0,0.0,0.0,1.0,1,0.0,1,0.0,0,0,0.0,0.0,1.0,0.0,0.0,inward,BZT
916,0.0,0.0,0.0,0.0,0.0,0,0,0.0,0.0,0,0.0,0.0,0.0,0,0,1,0,0.0,0.0,0.0,0,0.0,0,0.0,0.0,0.0,1,1.0,1.0,0.0,1.0,0.0,1.0,0.0,0.0,0,0.0,1,0.0,1,0.0,0,1.0,0.0,0.0,1,1,1,0.0,1,0,0.0,1.0,0.0,0.0,0.0,1.0,1,0.0,1,0.0,0,0,0.0,0.0,1.0,1.0,0.0,inward,BZT
917,0.0,0.0,0.0,0.0,0.0,0,1,0.0,0.0,0,0.0,0.0,0.0,0,0,1,0,0.0,0.0,0.0,1,1.0,0,0.0,0.0,0.0,0,1.0,0.0,0.0,1.0,0.0,0.0,0.0,0.0,0,0.0,1,0.0,1,0.0,1,1.0,0.0,0.0,1,1,1,0.0,0,0,0.0,1.0,0.0,0.0,0.0,1.0,1,0.0,1,0.0,0,0,0.0,0.0,1.0,1.0,1.0,inward,BZT
918,0.0,0.0,0.0,0.0,0.0,0,0,0.0,0.0,0,0.0,0.0,0.0,1,0,1,1,0.0,0.0,0.0,0,0.0,0,0.0,0.0,0.0,1,1.0,0.0,0.0,1.0,0.0,0.0,0.0,0.0,0,0.0,0,0.0,1,0.0,0,1.0,0.0,0.0,1,1,0,0.0,0,0,0.0,1.0,0.0,0.0,0.0,0.0,1,0.0,1,0.0,0,0,0.0,0.0,1.0,1.0,0.0,inward,BZT
919,0.0,0.0,0.0,0.0,0.0,0,1,0.0,0.0,0,0.0,0.0,0.0,0,0,1,0,0.0,0.0,0.0,1,0.0,0,0.0,0.0,1.0,1,1.0,0.0,0.0,1.0,0.0,0.0,0.0,0.0,0,0.0,1,0.0,1,0.0,1,1.0,0.0,0.0,1,0,1,0.0,0,0,0.0,1.0,0.0,0.0,0.0,1.0,1,0.0,1,0.0,0,0,0.0,0.0,1.0,1.0,0.0,inward,BZT
920,0.0,0.0,0.0,0.0,0.0,0,1,0.0,0.0,0,0.0,0.0,0.0,0,0,1,1,0.0,0.0,0.0,0,0.0,0,0.0,0.0,0.0,1,1.0,1.0,0.0,1.0,0.0,0.0,0.0,0.0,0,0.0,0,0.0,1,0.0,1,1.0,0.0,1.0,1,1,1,0.0,0,0,0.0,1.0,0.0,0.0,0.0,1.0,1,0.0,1,0.0,0,0,0.0,0.0,1.0,1.0,1.0,inward,BZT
921,0.0,0.0,0.0,0.0,0.0,0,1,0.0,0.0,0,0.0,0.0,0.0,0,0,1,1,0.0,0.0,0.0,1,0.0,0,0.0,0.0,0.0,0,1.0,0.0,0.0,1.0,0.0,0.0,0.0,0.0,0,0.0,1,0.0,1,0.0,1,1.0,1.0,0.0,1,0,1,0.0,0,1,0.0,1.0,0.0,0.0,0.0,1.0,1,0.0,1,0.0,0,0,0.0,0.0,1.0,0.0,1.0,inward,BZT
922,0.0,0.0,0.0,0.0,0.0,0,1,0.0,1.0,1,0.0,0.0,0.0,1,0,1,1,0.0,0.0,0.0,1,0.0,0,0.0,0.0,0.0,0,1.0,0.0,0.0,1.0,0.0,0.0,0.0,0.0,0,0.0,1,0.0,1,0.0,1,1.0,0.0,0.0,1,0,1,0.0,1,0,0.0,1.0,0.0,0.0,0.0,1.0,1,0.0,1,0.0,0,0,0.0,0.0,1.0,0.0,0.0,inward,BZT
923,0.0,0.0,0.0,0.0,0.0,0,1,0.0,1.0,1,0.0,0.0,0.0,0,0,1,1,0.0,0.0,0.0,1,0.0,0,0.0,0.0,1.0,1,1.0,0.0,0.0,1.0,0.0,0.0,0.0,0.0,0,0.0,1,0.0,1,0.0,0,0.0,0.0,0.0,1,1,1,0.0,1,1,0.0,1.0,0.0,0.0,0.0,1.0,1,0.0,1,0.0,0,0,0.0,0.0,1.0,1.0,0.0,inward,BZT
924,0.0,0.0,0.0,0.0,0.0,0,0,0.0,0.0,0,0.0,0.0,0.0,1,0,1,1,0.0,0.0,0.0,1,0.0,0,0.0,0.0,0.0,0,1.0,0.0,0.0,1.0,0.0,0.0,0.0,0.0,0,0.0,0,0.0,1,0.0,0,1.0,0.0,0.0,1,1,1,0.0,0,0,0.0,1.0,0.0,0.0,0.0,1.0,1,0.0,1,0.0,0,0,0.0,0.0,1.0,0.0,1.0,inward,BZT
925,0.0,0.0,0.0,0.0,0.0,0,0,0.0,0.0,0,0.0,0.0,0.0,0,0,1,0,0.0,0.0,0.0,0,0.0,0,0.0,0.0,0.0,1,1.0,0.0,0.0,1.0,0.0,0.0,0.0,0.0,0,0.0,1,0.0,1,0.0,0,1.0,0.0,0.0,1,1,1,0.0,0,0,0.0,1.0,0.0,0.0,0.0,1.0,1,0.0,1,0.0,0,0,0.0,0.0,1.0,1.0,0.0,inward,BZT
926,0.0,0.0,0.0,0.0,0.0,0,0,0.0,0.0,0,0.0,0.0,0.0,0,0,1,0,0.0,0.0,0.0,0,0.0,0,0.0,0.0,1.0,0,1.0,0.0,0.0,1.0,0.0,0.0,0.0,0.0,0,0.0,1,0.0,1,0.0,0,1.0,0.0,0.0,1,1,0,0.0,0,1,0.0,1.0,0.0,0.0,0.0,1.0,1,0.0,1,0.0,0,0,0.0,0.0,1.0,1.0,0.0,inward,BZT
927,0.0,0.0,0.0,0.0,0.0,0,0,0.0,0.0,0,0.0,0.0,0.0,0,0,1,1,0.0,0.0,0.0,0,0.0,0,0.0,0.0,0.0,1,1.0,0.0,0.0,0.0,0.0,0.0,0.0,0.0,0,0.0,0,0.0,1,0.0,0,1.0,0.0,0.0,1,1,1,0.0,0,1,0.0,1.0,0.0,0.0,0.0,1.0,1,0.0,1,0.0,0,0,0.0,0.0,1.0,1.0,0.0,inward,BZT
928,0.0,0.0,0.0,0.0,0.0,0,0,0.0,0.0,0,0.0,0.0,0.0,1,0,1,1,0.0,0.0,0.0,1,0.0,0,0.0,0.0,0.0,1,1.0,0.0,0.0,1.0,0.0,0.0,0.0,0.0,0,0.0,1,0.0,1,0.0,1,1.0,0.0,0.0,1,0,0,0.0,0,1,0.0,1.0,0.0,0.0,0.0,1.0,1,0.0,1,0.0,0,0,0.0,0.0,1.0,1.0,1.0,inward,BZT
929,0.0,0.0,0.0,0.0,0.0,0,0,0.0,1.0,1,0.0,0.0,0.0,1,0,1,1,0.0,0.0,0.0,1,0.0,0,0.0,0.0,0.0,1,1.0,0.0,0.0,1.0,0.0,0.0,0.0,0.0,0,0.0,1,0.0,1,0.0,0,1.0,0.0,0.0,1,0,0,0.0,0,1,0.0,1.0,0.0,0.0,0.0,1.0,1,0.0,1,0.0,0,0,0.0,0.0,1.0,1.0,0.0,inward,BZT
930,0.0,0.0,0.0,0.0,0.0,0,1,0.0,0.0,0,0.0,0.0,0.0,0,0,1,1,0.0,0.0,0.0,1,0.0,0,0.0,0.0,0.0,1,1.0,0.0,0.0,0.0,0.0,0.0,0.0,0.0,0,0.0,1,0.0,1,0.0,1,1.0,0.0,0.0,1,0,1,0.0,0,1,0.0,1.0,0.0,0.0,0.0,1.0,1,0.0,1,0.0,0,0,0.0,0.0,1.0,1.0,0.0,inward,BZT
931,0.0,0.0,0.0,0.0,0.0,0,1,0.0,0.0,0,0.0,0.0,0.0,0,0,1,1,0.0,0.0,0.0,1,0.0,0,0.0,0.0,0.0,1,0.0,0.0,0.0,1.0,0.0,0.0,0.0,0.0,0,0.0,1,0.0,0,0.0,0,1.0,1.0,0.0,1,1,1,0.0,0,1,0.0,1.0,0.0,0.0,0.0,1.0,1,0.0,1,0.0,0,0,0.0,0.0,1.0,1.0,0.0,inward,BZT
932,0.0,0.0,0.0,0.0,0.0,0,0,0.0,0.0,0,0.0,0.0,0.0,1,0,1,1,0.0,0.0,0.0,0,0.0,0,0.0,0.0,0.0,0,0.0,0.0,0.0,1.0,0.0,1.0,0.0,0.0,0,0.0,1,0.0,0,0.0,0,0.0,0.0,0.0,1,0,1,0.0,0,1,0.0,1.0,0.0,0.0,0.0,1.0,1,0.0,1,0.0,0,0,0.0,0.0,1.0,0.0,0.0,inward,BZT
933,0.0,0.0,0.0,0.0,0.0,0,1,0.0,1.0,0,0.0,0.0,0.0,0,0,1,1,0.0,0.0,0.0,1,0.0,0,0.0,0.0,0.0,1,1.0,0.0,0.0,1.0,0.0,0.0,0.0,0.0,0,0.0,0,0.0,1,0.0,0,0.0,0.0,0.0,1,1,1,0.0,0,1,0.0,1.0,0.0,0.0,0.0,1.0,1,0.0,1,0.0,0,0,0.0,0.0,1.0,1.0,0.0,inward,BZT
934,0.0,0.0,0.0,0.0,0.0,0,1,0.0,0.0,0,0.0,0.0,0.0,0,0,1,1,0.0,0.0,0.0,1,0.0,0,0.0,0.0,1.0,1,1.0,0.0,0.0,1.0,0.0,0.0,0.0,0.0,0,0.0,1,0.0,1,0.0,0,0.0,0.0,0.0,1,1,0,0.0,0,1,0.0,1.0,0.0,0.0,0.0,1.0,1,0.0,1,0.0,0,0,0.0,0.0,1.0,1.0,0.0,inward,BZT
935,0.0,0.0,0.0,0.0,0.0,0,0,0.0,1.0,0,0.0,0.0,0.0,0,0,1,1,0.0,0.0,0.0,0,0.0,0,0.0,0.0,0.0,0,1.0,0.0,0.0,0.0,0.0,0.0,0.0,0.0,0,0.0,1,0.0,1,0.0,0,1.0,0.0,0.0,1,0,1,0.0,0,0,0.0,1.0,0.0,0.0,0.0,0.0,0,0.0,1,0.0,0,0,0.0,0.0,1.0,1.0,1.0,inward,BZT
936,0.0,0.0,0.0,0.0,0.0,0,0,0.0,0.0,0,0.0,0.0,0.0,0,0,1,1,0.0,0.0,0.0,0,0.0,0,0.0,0.0,0.0,1,1.0,0.0,0.0,1.0,0.0,0.0,0.0,0.0,0,0.0,1,0.0,1,0.0,1,1.0,0.0,0.0,1,0,1,0.0,0,0,0.0,1.0,0.0,0.0,0.0,0.0,1,0.0,1,0.0,0,0,0.0,0.0,1.0,0.0,1.0,inward,BZT
937,0.0,0.0,0.0,0.0,0.0,0,1,0.0,1.0,0,0.0,0.0,0.0,0,0,1,1,0.0,0.0,0.0,1,0.0,0,0.0,0.0,1.0,1,1.0,0.0,0.0,0.0,0.0,0.0,0.0,0.0,0,0.0,0,0.0,1,0.0,0,1.0,0.0,0.0,1,1,1,0.0,0,0,0.0,1.0,0.0,0.0,0.0,0.0,0,0.0,0,0.0,0,0,0.0,0.0,1.0,1.0,0.0,inward,BZT
938,0.0,0.0,0.0,0.0,0.0,0,1,0.0,1.0,0,0.0,0.0,0.0,0,0,1,1,0.0,0.0,0.0,1,0.0,0,0.0,0.0,1.0,1,1.0,0.0,0.0,1.0,0.0,0.0,0.0,0.0,0,0.0,1,0.0,1,0.0,0,0.0,1.0,0.0,1,0,1,0.0,0,1,0.0,1.0,1.0,0.0,0.0,0.0,0,0.0,1,0.0,0,0,0.0,0.0,1.0,0.0,0.0,inward,BZT
939,0.0,0.0,0.0,0.0,0.0,0,0,0.0,0.0,0,0.0,0.0,0.0,1,0,1,0,0.0,0.0,0.0,1,0.0,0,0.0,0.0,0.0,0,1.0,0.0,0.0,0.0,0.0,0.0,0.0,0.0,0,0.0,1,0.0,1,0.0,0,1.0,0.0,1.0,1,0,1,0.0,0,0,0.0,1.0,0.0,0.0,0.0,0.0,0,0.0,1,0.0,0,0,0.0,0.0,1.0,1.0,0.0,inward,BZT
940,0.0,0.0,0.0,0.0,0.0,0,0,0.0,0.0,0,0.0,0.0,0.0,0,0,1,1,0.0,0.0,0.0,1,0.0,0,0.0,0.0,0.0,0,1.0,0.0,0.0,1.0,0.0,0.0,0.0,0.0,0,0.0,0,0.0,1,0.0,0,1.0,0.0,0.0,1,1,1,0.0,0,0,0.0,1.0,0.0,0.0,0.0,0.0,0,0.0,1,0.0,0,0,0.0,0.0,1.0,1.0,0.0,inward,BZT
941,0.0,0.0,0.0,0.0,0.0,0,0,0.0,1.0,0,0.0,0.0,0.0,0,0,1,1,0.0,0.0,0.0,0,0.0,0,0.0,0.0,1.0,1,1.0,0.0,0.0,1.0,0.0,0.0,0.0,0.0,0,0.0,0,0.0,1,0.0,0,1.0,0.0,1.0,1,1,1,0.0,0,0,0.0,1.0,0.0,0.0,0.0,0.0,0,0.0,0,0.0,0,0,0.0,0.0,1.0,0.0,0.0,inward,BZT
942,0.0,0.0,0.0,0.0,0.0,0,0,0.0,1.0,0,0.0,0.0,0.0,0,0,1,1,0.0,0.0,0.0,1,0.0,0,0.0,0.0,0.0,0,1.0,1.0,0.0,1.0,0.0,0.0,0.0,0.0,0,0.0,1,0.0,1,0.0,0,1.0,0.0,1.0,1,1,1,0.0,0,0,0.0,1.0,0.0,0.0,0.0,0.0,0,0.0,1,0.0,0,0,0.0,0.0,1.0,1.0,0.0,inward,BZT
943,0.0,0.0,0.0,0.0,0.0,0,0,0.0,1.0,0,0.0,0.0,0.0,0,0,1,1,0.0,0.0,0.0,0,0.0,0,0.0,0.0,0.0,0,1.0,1.0,0.0,0.0,0.0,0.0,0.0,0.0,0,0.0,0,0.0,1,0.0,1,1.0,0.0,0.0,1,0,1,0.0,0,0,0.0,1.0,0.0,0.0,0.0,1.0,0,0.0,1,0.0,0,0,0.0,0.0,1.0,1.0,0.0,inward,BZT
944,0.0,0.0,0.0,0.0,0.0,0,1,0.0,0.0,0,0.0,0.0,0.0,0,0,1,1,0.0,0.0,0.0,0,0.0,0,0.0,0.0,0.0,1,1.0,0.0,0.0,0.0,0.0,0.0,0.0,0.0,0,0.0,1,0.0,1,0.0,0,1.0,0.0,0.0,1,1,1,0.0,1,1,0.0,1.0,0.0,0.0,0.0,0.0,1,0.0,1,0.0,0,0,0.0,0.0,1.0,1.0,0.0,inward,BZT
945,0.0,0.0,0.0,0.0,0.0,0,0,0.0,1.0,0,0.0,0.0,0.0,0,0,1,1,0.0,0.0,0.0,1,0.0,0,0.0,0.0,0.0,0,1.0,1.0,0.0,1.0,0.0,0.0,0.0,0.0,0,0.0,1,0.0,1,0.0,0,1.0,0.0,0.0,1,1,1,0.0,0,0,0.0,1.0,0.0,0.0,0.0,0.0,0,0.0,1,0.0,0,0,0.0,0.0,1.0,0.0,0.0,inward,BZT
946,0.0,0.0,0.0,0.0,0.0,0,0,0.0,0.0,0,0.0,0.0,0.0,0,0,1,1,0.0,0.0,0.0,1,0.0,0,0.0,0.0,0.0,0,0.0,0.0,0.0,1.0,0.0,0.0,0.0,0.0,0,0.0,0,0.0,1,0.0,0,1.0,0.0,0.0,1,0,0,0.0,0,0,0.0,1.0,0.0,0.0,0.0,0.0,0,0.0,1,0.0,0,0,0.0,0.0,1.0,0.0,0.0,inward,BZT
947,0.0,0.0,0.0,0.0,0.0,0,0,0.0,0.0,0,0.0,0.0,0.0,0,0,1,1,0.0,0.0,0.0,1,0.0,0,0.0,0.0,0.0,1,1.0,0.0,0.0,1.0,0.0,1.0,0.0,0.0,0,0.0,0,0.0,1,0.0,0,1.0,0.0,1.0,1,1,1,0.0,0,0,0.0,1.0,0.0,0.0,0.0,0.0,1,0.0,1,0.0,0,0,0.0,0.0,1.0,0.0,0.0,inward,BZT
948,0.0,0.0,0.0,0.0,0.0,0,0,0.0,0.0,0,0.0,0.0,0.0,0,0,1,1,0.0,0.0,0.0,1,0.0,0,0.0,0.0,0.0,1,1.0,0.0,0.0,0.0,0.0,0.0,0.0,0.0,0,0.0,1,0.0,1,0.0,0,1.0,0.0,0.0,1,1,1,0.0,0,0,0.0,1.0,0.0,0.0,0.0,0.0,0,0.0,1,0.0,0,0,0.0,0.0,1.0,1.0,0.0,inward,BZT
949,0.0,0.0,0.0,0.0,0.0,0,1,0.0,1.0,0,0.0,0.0,0.0,0,0,1,1,0.0,0.0,0.0,1,0.0,0,0.0,0.0,0.0,0,1.0,1.0,0.0,0.0,0.0,0.0,0.0,0.0,0,0.0,1,0.0,1,0.0,0,1.0,0.0,0.0,1,0,1,0.0,0,0,0.0,1.0,0.0,0.0,0.0,0.0,0,0.0,0,0.0,0,0,0.0,0.0,1.0,1.0,0.0,inward,BZT
950,0.0,0.0,0.0,0.0,0.0,0,0,0.0,0.0,0,0.0,0.0,0.0,0,0,1,1,0.0,0.0,0.0,1,0.0,0,0.0,0.0,0.0,0,1.0,0.0,0.0,0.0,0.0,0.0,0.0,0.0,0,0.0,1,0.0,1,0.0,1,1.0,0.0,0.0,1,0,1,0.0,0,0,0.0,1.0,0.0,0.0,0.0,0.0,1,0.0,1,0.0,0,0,0.0,0.0,1.0,1.0,0.0,inward,BZT
951,0.0,0.0,0.0,0.0,0.0,0,0,0.0,0.0,0,0.0,0.0,0.0,0,0,1,1,0.0,0.0,0.0,0,0.0,0,0.0,0.0,0.0,1,1.0,1.0,0.0,1.0,0.0,0.0,0.0,0.0,0,0.0,1,0.0,1,0.0,1,1.0,0.0,0.0,1,1,1,0.0,0,0,0.0,1.0,0.0,0.0,0.0,1.0,0,0.0,1,0.0,0,0,0.0,0.0,1.0,1.0,0.0,inward,BZT
952,0.0,0.0,0.0,0.0,0.0,0,1,0.0,1.0,1,0.0,0.0,0.0,0,0,1,1,0.0,0.0,0.0,1,0.0,0,0.0,0.0,0.0,0,1.0,1.0,0.0,0.0,0.0,0.0,0.0,0.0,0,0.0,0,0.0,1,0.0,1,1.0,0.0,1.0,1,0,1,0.0,0,0,0.0,1.0,0.0,0.0,0.0,1.0,0,0.0,1,0.0,0,0,0.0,0.0,1.0,1.0,0.0,inward,BZT
953,0.0,0.0,0.0,0.0,0.0,0,0,0.0,0.0,0,0.0,0.0,0.0,0,0,1,1,0.0,0.0,0.0,1,0.0,0,0.0,0.0,0.0,0,1.0,0.0,0.0,0.0,0.0,0.0,0.0,0.0,0,0.0,1,0.0,1,0.0,1,1.0,0.0,0.0,1,1,1,0.0,0,0,0.0,1.0,0.0,0.0,0.0,1.0,1,0.0,1,0.0,0,0,0.0,0.0,1.0,0.0,0.0,inward,BZT
954,0.0,0.0,0.0,0.0,0.0,0,0,0.0,1.0,0,0.0,0.0,0.0,0,0,1,1,0.0,0.0,0.0,1,0.0,0,0.0,0.0,1.0,1,1.0,0.0,0.0,1.0,0.0,0.0,0.0,0.0,0,0.0,0,0.0,1,0.0,0,1.0,0.0,0.0,1,0,0,0.0,0,0,0.0,1.0,0.0,0.0,0.0,0.0,0,0.0,1,0.0,0,0,0.0,0.0,1.0,1.0,0.0,inward,BZT
955,0.0,0.0,0.0,0.0,0.0,0,0,0.0,0.0,0,0.0,0.0,0.0,0,0,1,1,0.0,0.0,0.0,1,0.0,0,0.0,0.0,0.0,1,1.0,0.0,0.0,1.0,0.0,0.0,0.0,0.0,0,0.0,1,0.0,1,0.0,1,1.0,0.0,1.0,1,1,0,0.0,0,0,0.0,1.0,0.0,0.0,0.0,0.0,0,0.0,1,0.0,0,0,0.0,0.0,1.0,1.0,0.0,inward,BZT
956,0.0,0.0,0.0,0.0,0.0,0,0,0.0,0.0,0,0.0,0.0,0.0,0,0,1,1,0.0,0.0,0.0,1,0.0,0,0.0,0.0,0.0,1,1.0,0.0,0.0,1.0,0.0,0.0,0.0,0.0,0,0.0,0,0.0,1,0.0,1,1.0,0.0,0.0,1,1,1,0.0,0,0,0.0,1.0,0.0,0.0,0.0,0.0,0,0.0,0,0.0,0,0,0.0,0.0,1.0,0.0,0.0,inward,BZT
957,0.0,0.0,0.0,0.0,0.0,0,1,0.0,1.0,0,0.0,0.0,0.0,0,0,1,1,0.0,0.0,0.0,1,0.0,0,0.0,0.0,1.0,0,1.0,0.0,0.0,1.0,0.0,0.0,0.0,0.0,0,0.0,0,0.0,1,0.0,1,1.0,0.0,0.0,1,1,1,0.0,0,0,0.0,1.0,0.0,0.0,0.0,0.0,0,0.0,1,0.0,0,0,0.0,0.0,1.0,0.0,0.0,inward,BZT
958,0.0,0.0,0.0,0.0,0.0,0,0,0.0,0.0,0,0.0,0.0,0.0,0,0,1,1,0.0,0.0,0.0,1,0.0,0,0.0,0.0,0.0,1,1.0,0.0,0.0,1.0,0.0,0.0,0.0,0.0,0,0.0,1,0.0,1,0.0,0,1.0,0.0,0.0,1,0,1,0.0,0,1,0.0,1.0,0.0,0.0,0.0,0.0,0,0.0,1,0.0,0,0,0.0,0.0,1.0,1.0,0.0,inward,BZT
959,0.0,0.0,0.0,0.0,0.0,0,0,0.0,1.0,0,0.0,0.0,0.0,0,0,1,1,0.0,0.0,0.0,1,0.0,0,0.0,0.0,1.0,0,1.0,0.0,0.0,0.0,0.0,0.0,0.0,0.0,0,0.0,1,0.0,1,0.0,1,1.0,0.0,0.0,1,0,1,0.0,0,0,0.0,1.0,0.0,0.0,0.0,0.0,0,0.0,0,0.0,0,0,0.0,0.0,1.0,0.0,0.0,inward,BZT
960,0.0,0.0,0.0,0.0,0.0,0,0,0.0,1.0,1,0.0,0.0,0.0,0,0,1,1,0.0,0.0,0.0,1,0.0,0,0.0,0.0,1.0,1,1.0,0.0,0.0,1.0,0.0,0.0,0.0,0.0,0,0.0,1,0.0,1,0.0,0,1.0,0.0,1.0,1,0,1,0.0,0,0,0.0,1.0,0.0,0.0,0.0,0.0,0,0.0,0,0.0,0,0,0.0,0.0,1.0,0.0,0.0,inward,BZT
961,0.0,0.0,0.0,0.0,0.0,0,1,0.0,1.0,0,0.0,0.0,0.0,0,0,1,0,0.0,0.0,0.0,1,0.0,0,0.0,0.0,0.0,1,1.0,1.0,0.0,1.0,0.0,0.0,0.0,0.0,0,0.0,1,0.0,1,0.0,0,1.0,0.0,0.0,1,1,1,0.0,0,0,0.0,1.0,0.0,0.0,0.0,0.0,0,0.0,1,0.0,0,0,0.0,0.0,1.0,0.0,0.0,inward,BZT
962,0.0,0.0,0.0,0.0,0.0,0,1,0.0,1.0,0,0.0,0.0,0.0,0,0,1,0,0.0,0.0,0.0,1,0.0,0,0.0,0.0,1.0,1,1.0,0.0,0.0,1.0,0.0,0.0,0.0,0.0,0,0.0,1,0.0,1,0.0,1,1.0,0.0,0.0,1,0,0,0.0,0,1,0.0,1.0,0.0,0.0,0.0,0.0,1,0.0,1,0.0,0,0,0.0,0.0,1.0,1.0,0.0,inward,BZT
963,0.0,0.0,0.0,0.0,0.0,0,1,0.0,1.0,0,0.0,0.0,0.0,0,0,1,0,0.0,0.0,0.0,1,0.0,0,0.0,0.0,0.0,1,1.0,1.0,0.0,1.0,0.0,1.0,0.0,0.0,0,0.0,1,0.0,1,0.0,1,1.0,0.0,0.0,1,1,1,0.0,0,0,0.0,1.0,0.0,0.0,0.0,0.0,0,0.0,1,0.0,0,0,0.0,0.0,1.0,1.0,0.0,inward,BZT
964,0.0,0.0,0.0,0.0,0.0,0,0,0.0,0.0,0,0.0,0.0,0.0,0,0,0,0,0.0,0.0,0.0,0,0.0,0,0.0,0.0,1.0,1,1.0,0.0,0.0,1.0,0.0,0.0,0.0,0.0,0,0.0,0,0.0,1,0.0,1,1.0,0.0,0.0,1,1,0,0.0,0,0,0.0,1.0,0.0,0.0,0.0,0.0,0,0.0,1,0.0,0,0,0.0,0.0,1.0,1.0,0.0,inward,BZT
965,0.0,0.0,0.0,0.0,0.0,0,1,0.0,0.0,0,0.0,0.0,0.0,0,0,1,1,0.0,0.0,0.0,1,0.0,0,0.0,0.0,0.0,0,0.0,0.0,0.0,1.0,0.0,0.0,0.0,0.0,0,0.0,1,0.0,1,0.0,0,0.0,0.0,0.0,1,0,0,0.0,0,0,0.0,1.0,0.0,0.0,0.0,0.0,1,0.0,1,0.0,0,0,0.0,0.0,1.0,1.0,0.0,inward,BZT
966,0.0,0.0,0.0,0.0,0.0,0,1,0.0,0.0,0,0.0,0.0,0.0,0,0,1,1,0.0,0.0,0.0,0,0.0,0,0.0,0.0,0.0,0,1.0,0.0,0.0,1.0,0.0,0.0,0.0,0.0,0,0.0,1,0.0,1,0.0,1,1.0,0.0,0.0,1,1,1,0.0,0,0,0.0,1.0,0.0,0.0,0.0,0.0,0,0.0,1,0.0,0,0,0.0,0.0,1.0,1.0,0.0,inward,BZT
967,0.0,0.0,0.0,0.0,0.0,0,0,0.0,1.0,1,0.0,0.0,0.0,1,0,1,1,0.0,0.0,0.0,0,0.0,0,0.0,0.0,1.0,1,1.0,0.0,0.0,1.0,0.0,1.0,0.0,0.0,0,0.0,0,0.0,0,0.0,0,1.0,0.0,1.0,1,1,1,0.0,1,0,0.0,1.0,0.0,0.0,0.0,0.0,0,0.0,1,0.0,0,0,0.0,0.0,1.0,1.0,0.0,inward,BZT
968,0.0,0.0,0.0,0.0,0.0,0,0,0.0,0.0,0,0.0,0.0,0.0,0,0,1,0,0.0,0.0,0.0,1,0.0,0,0.0,0.0,0.0,1,1.0,0.0,0.0,0.0,0.0,0.0,0.0,0.0,0,0.0,1,0.0,1,0.0,0,1.0,0.0,0.0,1,0,1,0.0,0,0,0.0,1.0,0.0,0.0,0.0,0.0,0,0.0,1,0.0,0,0,0.0,0.0,1.0,0.0,0.0,inward,BZT
969,0.0,0.0,0.0,0.0,0.0,0,0,0.0,0.0,0,0.0,0.0,0.0,0,0,1,0,0.0,0.0,0.0,1,0.0,0,0.0,0.0,1.0,0,1.0,1.0,0.0,1.0,0.0,1.0,0.0,0.0,0,0.0,1,0.0,1,0.0,0,1.0,0.0,1.0,1,0,1,0.0,0,1,0.0,1.0,0.0,0.0,0.0,0.0,0,0.0,1,0.0,0,0,0.0,0.0,1.0,1.0,0.0,inward,BZT
970,0.0,0.0,0.0,0.0,0.0,0,0,0.0,0.0,0,0.0,0.0,0.0,0,0,1,1,0.0,0.0,0.0,1,0.0,0,0.0,0.0,0.0,1,1.0,0.0,0.0,1.0,0.0,1.0,0.0,0.0,0,0.0,1,0.0,1,0.0,0,1.0,0.0,0.0,1,1,0,0.0,0,0,0.0,1.0,0.0,0.0,0.0,0.0,0,0.0,1,0.0,0,0,0.0,0.0,1.0,1.0,0.0,inward,BZT
971,0.0,0.0,0.0,0.0,0.0,0,0,0.0,1.0,0,0.0,0.0,0.0,0,0,1,0,0.0,0.0,0.0,1,0.0,0,0.0,0.0,1.0,1,1.0,1.0,0.0,1.0,0.0,0.0,0.0,0.0,0,0.0,0,0.0,0,0.0,0,1.0,0.0,1.0,1,0,1,0.0,0,0,0.0,1.0,0.0,0.0,0.0,0.0,0,0.0,1,0.0,0,0,0.0,0.0,1.0,0.0,0.0,inward,BZT
972,0.0,0.0,0.0,0.0,0.0,0,1,0.0,1.0,0,0.0,0.0,0.0,0,0,1,1,0.0,0.0,0.0,0,0.0,0,0.0,0.0,1.0,1,1.0,0.0,0.0,1.0,0.0,0.0,0.0,0.0,0,0.0,1,0.0,1,0.0,0,1.0,0.0,0.0,1,0,0,0.0,0,0,0.0,1.0,0.0,0.0,0.0,0.0,0,0.0,1,0.0,0,0,0.0,0.0,1.0,0.0,0.0,inward,BZT
973,0.0,0.0,0.0,0.0,0.0,0,0,0.0,1.0,0,0.0,0.0,0.0,0,0,1,1,0.0,0.0,0.0,1,0.0,0,0.0,0.0,1.0,0,1.0,0.0,0.0,1.0,0.0,0.0,0.0,0.0,0,0.0,0,0.0,1,0.0,0,1.0,0.0,0.0,1,0,1,0.0,0,0,0.0,1.0,0.0,0.0,0.0,0.0,0,0.0,0,0.0,0,0,0.0,0.0,1.0,1.0,0.0,inward,BZT
974,0.0,0.0,0.0,0.0,0.0,0,0,0.0,0.0,0,0.0,0.0,0.0,0,0,1,1,0.0,0.0,0.0,1,0.0,0,0.0,0.0,1.0,1,1.0,1.0,0.0,1.0,0.0,0.0,0.0,0.0,0,0.0,1,0.0,1,0.0,1,1.0,0.0,0.0,1,0,1,0.0,0,0,0.0,1.0,0.0,0.0,0.0,1.0,0,0.0,1,0.0,0,0,0.0,0.0,1.0,0.0,0.0,inward,BZT
975,0.0,0.0,0.0,0.0,0.0,0,0,0.0,1.0,0,0.0,0.0,0.0,0,0,1,1,0.0,0.0,0.0,1,0.0,0,0.0,0.0,1.0,0,1.0,0.0,0.0,0.0,0.0,0.0,0.0,0.0,0,0.0,1,0.0,1,0.0,0,1.0,0.0,1.0,1,0,1,0.0,1,0,0.0,1.0,0.0,0.0,0.0,0.0,0,0.0,1,0.0,0,0,0.0,0.0,1.0,1.0,0.0,inward,BZT
976,0.0,0.0,0.0,0.0,0.0,0,1,0.0,1.0,0,0.0,0.0,0.0,0,0,1,1,0.0,0.0,0.0,1,0.0,0,0.0,0.0,1.0,1,1.0,0.0,0.0,1.0,0.0,1.0,0.0,0.0,0,0.0,1,0.0,1,0.0,0,1.0,0.0,0.0,1,1,0,0.0,1,0,0.0,1.0,1.0,0.0,0.0,1.0,0,0.0,1,0.0,0,0,0.0,0.0,1.0,1.0,0.0,inward,BZT
977,0.0,0.0,0.0,0.0,0.0,1,1,0.0,1.0,0,0.0,0.0,0.0,0,0,1,1,0.0,0.0,0.0,1,0.0,0,0.0,0.0,0.0,1,1.0,0.0,0.0,0.0,0.0,0.0,0.0,0.0,0,0.0,1,0.0,1,0.0,1,1.0,0.0,0.0,1,0,1,0.0,0,0,0.0,1.0,0.0,0.0,0.0,1.0,0,0.0,1,0.0,0,0,0.0,0.0,1.0,1.0,0.0,inward,BZT
978,0.0,0.0,0.0,0.0,0.0,0,0,0.0,1.0,1,0.0,0.0,0.0,0,0,1,1,0.0,0.0,0.0,1,0.0,0,0.0,0.0,0.0,1,0.0,0.0,0.0,0.0,0.0,0.0,0.0,0.0,0,0.0,1,0.0,1,0.0,1,0.0,0.0,0.0,1,0,1,0.0,0,1,0.0,1.0,0.0,0.0,0.0,1.0,1,0.0,1,0.0,0,0,0.0,0.0,1.0,1.0,0.0,inward,BZT
979,0.0,0.0,0.0,0.0,0.0,0,0,0.0,1.0,0,0.0,0.0,0.0,0,0,1,1,0.0,0.0,0.0,0,0.0,0,0.0,0.0,1.0,1,1.0,1.0,0.0,1.0,0.0,0.0,0.0,0.0,0,0.0,1,0.0,1,0.0,0,1.0,0.0,0.0,1,0,0,0.0,0,0,0.0,1.0,0.0,0.0,0.0,1.0,1,0.0,1,0.0,0,0,0.0,0.0,1.0,1.0,0.0,inward,BZT
980,0.0,0.0,0.0,0.0,0.0,0,0,0.0,0.0,0,0.0,0.0,0.0,0,0,1,0,0.0,0.0,0.0,1,0.0,0,0.0,0.0,0.0,0,1.0,0.0,0.0,1.0,0.0,0.0,0.0,0.0,0,0.0,0,0.0,1,0.0,0,1.0,0.0,0.0,1,0,1,0.0,0,1,0.0,1.0,0.0,0.0,0.0,0.0,0,0.0,0,0.0,0,0,0.0,0.0,1.0,1.0,0.0,inward,BZT
981,0.0,0.0,0.0,0.0,0.0,0,0,0.0,0.0,0,0.0,0.0,0.0,0,0,1,0,0.0,0.0,0.0,0,0.0,0,0.0,0.0,1.0,0,1.0,1.0,0.0,1.0,0.0,0.0,0.0,0.0,0,0.0,1,0.0,1,0.0,0,1.0,0.0,0.0,1,1,0,0.0,0,1,0.0,1.0,0.0,0.0,0.0,1.0,1,0.0,1,0.0,0,0,0.0,0.0,1.0,1.0,0.0,inward,BZT
982,0.0,0.0,0.0,0.0,0.0,0,1,0.0,1.0,0,0.0,0.0,0.0,0,0,1,1,0.0,0.0,0.0,1,0.0,0,0.0,0.0,1.0,1,1.0,0.0,0.0,1.0,0.0,0.0,0.0,0.0,0,0.0,1,0.0,0,0.0,0,1.0,0.0,0.0,1,1,1,0.0,0,0,0.0,1.0,1.0,0.0,0.0,1.0,0,0.0,1,0.0,0,0,0.0,0.0,1.0,1.0,0.0,inward,BZT
983,0.0,0.0,0.0,0.0,0.0,0,0,0.0,0.0,0,0.0,0.0,0.0,0,0,1,0,0.0,0.0,0.0,0,0.0,0,0.0,0.0,0.0,1,1.0,1.0,0.0,1.0,0.0,0.0,0.0,0.0,0,0.0,1,0.0,1,0.0,0,1.0,0.0,1.0,1,1,1,0.0,0,1,0.0,1.0,0.0,0.0,0.0,1.0,0,0.0,1,0.0,0,0,0.0,0.0,1.0,1.0,0.0,inward,BZT
984,0.0,0.0,0.0,0.0,0.0,0,0,0.0,1.0,0,0.0,0.0,0.0,0,0,1,1,0.0,0.0,0.0,1,0.0,0,0.0,0.0,0.0,1,0.0,0.0,0.0,1.0,0.0,0.0,0.0,0.0,0,0.0,0,0.0,1,0.0,1,0.0,0.0,0.0,1,1,0,0.0,0,0,0.0,1.0,0.0,0.0,0.0,1.0,1,0.0,1,0.0,0,0,0.0,0.0,1.0,1.0,0.0,inward,BZT
985,0.0,0.0,0.0,0.0,0.0,0,0,0.0,0.0,0,0.0,0.0,0.0,0,0,1,0,0.0,0.0,0.0,1,0.0,0,0.0,0.0,1.0,0,1.0,0.0,0.0,1.0,0.0,0.0,0.0,0.0,0,0.0,1,0.0,1,0.0,1,1.0,0.0,1.0,1,0,1,0.0,0,1,0.0,1.0,0.0,0.0,0.0,1.0,0,0.0,1,0.0,0,0,0.0,0.0,1.0,1.0,0.0,inward,BZT
986,0.0,0.0,0.0,0.0,0.0,0,0,0.0,1.0,1,0.0,0.0,0.0,0,0,1,1,0.0,0.0,0.0,0,0.0,0,0.0,0.0,1.0,1,1.0,1.0,0.0,1.0,0.0,0.0,0.0,0.0,0,0.0,1,0.0,1,0.0,0,1.0,0.0,0.0,1,0,1,0.0,0,1,0.0,1.0,0.0,0.0,0.0,1.0,1,0.0,1,0.0,0,0,0.0,0.0,1.0,1.0,0.0,inward,BZT
987,0.0,0.0,0.0,0.0,0.0,0,0,0.0,0.0,0,0.0,0.0,0.0,0,0,1,1,0.0,0.0,0.0,1,0.0,0,0.0,0.0,0.0,1,1.0,0.0,0.0,1.0,0.0,0.0,0.0,0.0,0,0.0,1,0.0,1,0.0,1,1.0,0.0,0.0,1,1,1,0.0,0,0,0.0,1.0,1.0,0.0,0.0,1.0,1,0.0,1,0.0,0,0,0.0,0.0,1.0,1.0,0.0,inward,BZT
988,0.0,0.0,0.0,0.0,0.0,0,0,0.0,0.0,0,0.0,0.0,0.0,0,0,1,1,0.0,0.0,0.0,1,0.0,0,0.0,0.0,0.0,0,1.0,0.0,0.0,1.0,0.0,0.0,0.0,0.0,0,0.0,1,0.0,1,0.0,0,1.0,0.0,0.0,1,1,1,0.0,0,1,0.0,1.0,0.0,0.0,0.0,1.0,0,0.0,1,0.0,0,0,0.0,0.0,1.0,1.0,0.0,inward,BZT
989,0.0,0.0,0.0,0.0,0.0,0,0,0.0,0.0,0,0.0,0.0,0.0,0,0,1,1,0.0,0.0,0.0,1,0.0,0,0.0,0.0,1.0,0,1.0,0.0,0.0,1.0,0.0,0.0,0.0,0.0,0,0.0,1,0.0,1,0.0,1,0.0,0.0,0.0,1,1,1,0.0,0,1,0.0,1.0,1.0,0.0,0.0,1.0,1,0.0,1,0.0,0,0,0.0,0.0,1.0,1.0,0.0,inward,BZT
990,0.0,0.0,0.0,0.0,0.0,0,0,0.0,0.0,0,0.0,0.0,0.0,0,0,1,1,0.0,0.0,0.0,0,0.0,0,0.0,0.0,1.0,1,1.0,0.0,0.0,1.0,0.0,0.0,0.0,0.0,0,0.0,1,0.0,1,0.0,0,1.0,1.0,0.0,1,1,1,0.0,0,0,0.0,1.0,0.0,0.0,0.0,1.0,1,0.0,1,0.0,0,0,0.0,0.0,1.0,0.0,0.0,inward,BZT
991,0.0,0.0,0.0,0.0,0.0,0,0,0.0,1.0,0,0.0,0.0,0.0,0,0,1,0,0.0,0.0,0.0,1,0.0,0,0.0,0.0,1.0,1,1.0,0.0,0.0,1.0,0.0,0.0,0.0,0.0,0,0.0,0,0.0,1,0.0,0,1.0,0.0,0.0,1,0,1,0.0,0,1,0.0,1.0,1.0,0.0,0.0,1.0,0,0.0,1,0.0,0,0,0.0,0.0,1.0,1.0,0.0,inward,BZT
992,0.0,0.0,0.0,0.0,0.0,0,0,0.0,0.0,0,0.0,0.0,0.0,0,0,1,1,0.0,0.0,0.0,1,0.0,0,0.0,0.0,0.0,1,1.0,0.0,0.0,0.0,0.0,0.0,0.0,0.0,0,0.0,1,0.0,1,0.0,1,1.0,0.0,1.0,1,0,0,0.0,0,1,0.0,1.0,0.0,0.0,0.0,1.0,0,0.0,1,0.0,0,0,0.0,0.0,1.0,1.0,0.0,inward,BZT
993,0.0,0.0,0.0,0.0,0.0,0,0,0.0,0.0,0,0.0,0.0,0.0,0,0,1,1,0.0,0.0,0.0,1,0.0,0,0.0,0.0,1.0,1,1.0,1.0,0.0,1.0,0.0,0.0,0.0,0.0,0,0.0,1,0.0,1,0.0,0,1.0,0.0,0.0,1,1,1,0.0,0,0,0.0,1.0,0.0,0.0,0.0,0.0,0,0.0,1,0.0,0,0,0.0,0.0,1.0,1.0,0.0,inward,BZT
994,0.0,0.0,0.0,0.0,0.0,0,0,0.0,1.0,0,0.0,0.0,0.0,0,0,1,1,0.0,0.0,0.0,1,0.0,0,0.0,0.0,1.0,1,1.0,0.0,0.0,1.0,0.0,0.0,0.0,0.0,0,0.0,1,0.0,1,0.0,0,1.0,1.0,1.0,1,0,1,0.0,0,1,0.0,1.0,0.0,0.0,0.0,1.0,1,0.0,1,0.0,0,0,0.0,0.0,1.0,1.0,0.0,inward,BZT
995,0.0,0.0,0.0,0.0,0.0,0,1,0.0,1.0,0,0.0,0.0,0.0,0,0,1,0,0.0,0.0,0.0,1,0.0,0,0.0,0.0,1.0,1,1.0,1.0,0.0,1.0,0.0,0.0,0.0,0.0,0,0.0,1,0.0,1,0.0,0,1.0,0.0,1.0,1,1,1,0.0,0,0,0.0,1.0,0.0,0.0,0.0,1.0,0,0.0,1,0.0,0,0,0.0,0.0,1.0,0.0,0.0,inward,BZT
996,0.0,0.0,0.0,0.0,0.0,0,0,0.0,1.0,0,0.0,0.0,0.0,0,0,1,0,0.0,0.0,0.0,1,0.0,0,0.0,0.0,1.0,1,1.0,0.0,0.0,1.0,0.0,0.0,0.0,0.0,0,0.0,1,0.0,1,0.0,1,1.0,0.0,0.0,1,0,1,0.0,0,1,0.0,1.0,0.0,0.0,0.0,1.0,0,0.0,1,0.0,0,0,0.0,0.0,1.0,1.0,0.0,inward,BZT
997,0.0,0.0,0.0,0.0,0.0,0,1,0.0,0.0,0,0.0,0.0,0.0,0,0,1,1,0.0,0.0,0.0,0,0.0,0,0.0,0.0,1.0,1,1.0,0.0,0.0,1.0,0.0,1.0,0.0,0.0,0,0.0,1,0.0,1,0.0,1,1.0,0.0,0.0,1,1,0,0.0,0,0,0.0,1.0,1.0,0.0,0.0,1.0,0,0.0,1,0.0,0,0,0.0,0.0,1.0,1.0,0.0,inward,BZT
998,0.0,0.0,0.0,0.0,0.0,0,0,0.0,0.0,0,0.0,0.0,0.0,0,0,1,1,0.0,0.0,0.0,0,0.0,0,0.0,0.0,0.0,1,1.0,0.0,0.0,1.0,0.0,0.0,0.0,0.0,0,0.0,1,0.0,1,0.0,0,1.0,0.0,0.0,1,1,0,0.0,0,1,0.0,1.0,0.0,0.0,0.0,1.0,1,0.0,1,0.0,0,0,0.0,0.0,1.0,1.0,0.0,inward,BZT
999,0.0,0.0,0.0,0.0,0.0,0,1,0.0,1.0,0,0.0,0.0,0.0,0,0,1,0,0.0,0.0,0.0,1,0.0,0,0.0,0.0,1.0,1,1.0,1.0,0.0,1.0,0.0,1.0,0.0,0.0,0,0.0,1,0.0,1,0.0,0,1.0,0.0,1.0,1,0,1,0.0,0,1,0.0,1.0,1.0,0.0,0.0,0.0,0,0.0,0,0.0,0,0,0.0,0.0,1.0,0.0,0.0,inward,BZT
1000,0.0,0.0,0.0,0.0,0.0,0,0,0.0,0.0,0,0.0,0.0,0.0,0,0,1,1,0.0,0.0,0.0,1,0.0,0,0.0,0.0,1.0,0,1.0,0.0,0.0,1.0,0.0,0.0,0.0,0.0,0,0.0,1,0.0,1,0.0,1,1.0,0.0,0.0,1,0,0,0.0,0,0,0.0,1.0,0.0,0.0,0.0,1.0,1,0.0,1,0.0,0,0,0.0,0.0,1.0,0.0,0.0,inward,BZT
1001,0.0,0.0,0.0,0.0,0.0,0,1,0.0,0.0,0,0.0,0.0,0.0,0,0,1,1,0.0,0.0,0.0,1,0.0,0,0.0,0.0,1.0,0,1.0,1.0,0.0,0.0,0.0,0.0,0.0,0.0,0,0.0,1,0.0,1,0.0,0,1.0,0.0,1.0,1,1,1,0.0,0,0,0.0,1.0,1.0,0.0,0.0,0.0,0,0.0,0,0.0,0,0,0.0,0.0,1.0,1.0,0.0,inward,BZT
1002,0.0,0.0,0.0,0.0,0.0,0,0,0.0,0.0,0,0.0,0.0,0.0,0,0,1,1,0.0,0.0,0.0,1,0.0,0,0.0,0.0,1.0,1,1.0,0.0,0.0,0.0,0.0,0.0,0.0,0.0,0,0.0,1,0.0,1,0.0,0,0.0,0.0,0.0,1,1,1,0.0,1,1,0.0,1.0,0.0,0.0,0.0,0.0,1,0.0,0,0.0,0,0,0.0,0.0,1.0,1.0,0.0,inward,BZT
1003,0.0,0.0,0.0,0.0,0.0,0,0,0.0,1.0,0,0.0,0.0,0.0,0,0,1,1,0.0,0.0,0.0,1,0.0,0,0.0,0.0,0.0,1,1.0,0.0,0.0,1.0,0.0,0.0,0.0,0.0,0,0.0,1,0.0,1,0.0,1,1.0,0.0,0.0,1,0,0,0.0,1,0,0.0,1.0,0.0,0.0,0.0,0.0,1,0.0,1,0.0,0,0,0.0,0.0,1.0,1.0,0.0,inward,BZT
1004,0.0,0.0,0.0,0.0,0.0,0,1,0.0,1.0,0,0.0,0.0,0.0,0,0,1,1,0.0,0.0,0.0,1,0.0,0,0.0,0.0,1.0,0,1.0,0.0,0.0,1.0,0.0,0.0,0.0,0.0,0,0.0,1,0.0,1,0.0,0,1.0,0.0,0.0,1,0,0,0.0,0,0,0.0,1.0,1.0,0.0,0.0,0.0,0,0.0,1,0.0,0,0,0.0,0.0,1.0,1.0,0.0,inward,BZT
1005,0.0,0.0,0.0,0.0,0.0,0,0,0.0,0.0,0,0.0,0.0,0.0,0,0,1,1,0.0,0.0,0.0,1,0.0,0,0.0,0.0,0.0,0,1.0,0.0,0.0,1.0,0.0,0.0,0.0,0.0,0,0.0,1,0.0,1,0.0,0,1.0,0.0,1.0,1,1,0,0.0,0,0,0.0,1.0,0.0,0.0,0.0,0.0,1,0.0,1,0.0,0,0,0.0,0.0,1.0,1.0,0.0,inward,BZT
1006,0.0,0.0,0.0,0.0,0.0,0,1,0.0,1.0,1,0.0,0.0,0.0,0,0,1,0,0.0,0.0,0.0,1,0.0,0,0.0,0.0,1.0,1,1.0,0.0,0.0,1.0,0.0,0.0,0.0,0.0,0,0.0,1,0.0,0,0.0,0,1.0,0.0,0.0,1,1,1,0.0,0,1,0.0,1.0,1.0,0.0,0.0,1.0,0,0.0,1,0.0,0,0,0.0,0.0,1.0,1.0,0.0,inward,BZT
1007,0.0,0.0,0.0,0.0,0.0,0,0,0.0,0.0,0,0.0,0.0,0.0,0,0,1,0,0.0,0.0,0.0,1,1.0,0,0.0,0.0,0.0,1,0.0,0.0,0.0,1.0,0.0,0.0,0.0,0.0,0,0.0,0,0.0,1,0.0,0,1.0,0.0,0.0,1,0,1,0.0,0,0,0.0,1.0,0.0,0.0,0.0,1.0,1,0.0,1,0.0,0,0,0.0,0.0,1.0,1.0,0.0,inward,BZT
1008,0.0,0.0,0.0,0.0,0.0,0,0,0.0,0.0,0,0.0,0.0,0.0,0,0,1,1,0.0,0.0,0.0,0,0.0,0,0.0,0.0,0.0,1,0.0,0.0,0.0,1.0,0.0,0.0,0.0,0.0,0,0.0,0,0.0,1,0.0,1,1.0,0.0,0.0,1,0,1,0.0,1,1,0.0,1.0,0.0,0.0,0.0,1.0,0,0.0,1,0.0,0,0,0.0,0.0,1.0,1.0,0.0,inward,BZT
1009,0.0,0.0,0.0,0.0,0.0,0,0,0.0,1.0,0,0.0,0.0,0.0,0,0,1,1,0.0,0.0,0.0,0,0.0,0,0.0,0.0,1.0,1,0.0,0.0,0.0,0.0,0.0,0.0,0.0,0.0,0,0.0,1,0.0,1,0.0,1,1.0,0.0,0.0,1,1,1,0.0,0,1,0.0,1.0,0.0,0.0,0.0,1.0,1,0.0,1,0.0,0,0,0.0,0.0,1.0,1.0,0.0,inward,BZT
1010,0.0,0.0,0.0,0.0,0.0,0,0,0.0,0.0,0,0.0,0.0,0.0,0,0,1,0,0.0,0.0,0.0,1,0.0,0,0.0,0.0,1.0,1,1.0,0.0,0.0,1.0,0.0,0.0,0.0,0.0,0,0.0,1,0.0,1,0.0,0,1.0,0.0,0.0,1,1,1,0.0,1,0,0.0,1.0,0.0,0.0,0.0,0.0,0,0.0,1,0.0,0,0,0.0,0.0,1.0,1.0,0.0,inward,BZT
1011,0.0,0.0,0.0,0.0,0.0,0,1,0.0,1.0,1,0.0,0.0,0.0,0,0,1,0,0.0,0.0,0.0,1,0.0,0,0.0,0.0,1.0,1,1.0,0.0,0.0,0.0,0.0,0.0,0.0,0.0,0,0.0,1,0.0,1,0.0,0,1.0,0.0,0.0,1,0,1,0.0,0,0,0.0,1.0,0.0,0.0,0.0,1.0,1,0.0,1,0.0,0,0,0.0,0.0,1.0,1.0,0.0,inward,BZT
1012,0.0,0.0,0.0,0.0,0.0,0,0,0.0,1.0,0,0.0,0.0,0.0,0,0,1,1,0.0,0.0,0.0,0,0.0,0,0.0,0.0,0.0,1,1.0,0.0,0.0,1.0,0.0,0.0,0.0,0.0,0,0.0,1,0.0,1,0.0,0,1.0,0.0,0.0,1,1,0,0.0,0,0,0.0,1.0,0.0,0.0,0.0,0.0,1,0.0,0,0.0,0,0,0.0,0.0,1.0,1.0,0.0,inward,BZT
1013,0.0,0.0,0.0,0.0,0.0,0,0,0.0,0.0,0,0.0,0.0,0.0,0,0,1,0,0.0,0.0,0.0,0,1.0,0,0.0,0.0,1.0,0,1.0,0.0,0.0,1.0,0.0,0.0,0.0,0.0,0,0.0,1,0.0,1,0.0,0,1.0,0.0,0.0,1,1,0,0.0,1,0,0.0,1.0,0.0,0.0,0.0,0.0,1,0.0,1,0.0,0,0,0.0,0.0,1.0,1.0,0.0,inward,BZT
1014,0.0,0.0,0.0,0.0,0.0,0,1,0.0,1.0,0,0.0,0.0,0.0,0,0,1,0,0.0,0.0,0.0,1,0.0,0,0.0,0.0,0.0,1,1.0,0.0,0.0,0.0,0.0,0.0,0.0,0.0,0,0.0,1,0.0,1,0.0,0,1.0,0.0,1.0,1,1,0,0.0,0,0,0.0,1.0,0.0,0.0,0.0,1.0,1,0.0,1,0.0,0,0,0.0,0.0,1.0,1.0,0.0,inward,BZT
1015,0.0,0.0,0.0,0.0,0.0,0,0,0.0,0.0,0,0.0,0.0,0.0,0,0,1,1,0.0,0.0,0.0,1,0.0,0,0.0,0.0,0.0,1,1.0,0.0,0.0,1.0,0.0,1.0,0.0,0.0,0,0.0,1,0.0,1,0.0,0,1.0,0.0,1.0,1,0,0,0.0,1,0,0.0,1.0,0.0,0.0,0.0,0.0,1,0.0,1,0.0,0,0,0.0,0.0,1.0,1.0,0.0,inward,BZT
1016,0.0,0.0,0.0,0.0,0.0,0,0,0.0,1.0,0,0.0,0.0,0.0,0,0,1,0,0.0,0.0,0.0,1,0.0,0,0.0,0.0,1.0,1,1.0,0.0,0.0,1.0,0.0,0.0,0.0,0.0,0,0.0,0,0.0,1,0.0,0,1.0,0.0,1.0,1,1,1,0.0,0,0,0.0,1.0,0.0,0.0,0.0,1.0,0,0.0,1,0.0,0,0,0.0,0.0,1.0,1.0,0.0,inward,BZT
1017,0.0,0.0,0.0,0.0,0.0,0,0,0.0,0.0,0,0.0,0.0,0.0,0,0,1,0,0.0,0.0,0.0,0,0.0,0,0.0,0.0,0.0,0,1.0,0.0,0.0,1.0,0.0,0.0,0.0,0.0,0,0.0,1,0.0,1,0.0,1,1.0,0.0,0.0,1,1,1,0.0,0,0,0.0,1.0,1.0,0.0,0.0,0.0,1,0.0,1,0.0,0,0,0.0,0.0,1.0,1.0,0.0,inward,BZT
1018,0.0,0.0,0.0,0.0,0.0,0,1,0.0,1.0,0,0.0,0.0,0.0,0,0,1,1,0.0,0.0,0.0,1,0.0,0,0.0,0.0,1.0,1,1.0,0.0,0.0,1.0,0.0,0.0,0.0,0.0,0,0.0,1,0.0,1,0.0,0,1.0,0.0,1.0,1,0,0,0.0,0,0,0.0,1.0,0.0,0.0,0.0,0.0,0,0.0,1,0.0,0,0,0.0,0.0,1.0,1.0,0.0,inward,BZT
1019,0.0,0.0,0.0,0.0,0.0,0,1,0.0,1.0,1,0.0,0.0,0.0,0,0,1,1,0.0,0.0,0.0,1,0.0,0,0.0,0.0,1.0,1,1.0,1.0,0.0,1.0,0.0,0.0,0.0,0.0,0,0.0,1,0.0,1,0.0,1,1.0,0.0,0.0,1,1,1,0.0,0,0,0.0,1.0,0.0,0.0,0.0,1.0,0,0.0,1,0.0,0,0,0.0,0.0,1.0,1.0,0.0,inward,BZT
1020,0.0,0.0,0.0,0.0,0.0,0,0,0.0,0.0,0,0.0,0.0,0.0,0,0,1,0,0.0,0.0,0.0,1,0.0,0,0.0,0.0,0.0,1,1.0,0.0,0.0,0.0,0.0,0.0,0.0,0.0,0,0.0,1,0.0,1,0.0,0,1.0,0.0,1.0,1,0,1,0.0,0,0,0.0,1.0,0.0,0.0,0.0,0.0,1,0.0,1,0.0,0,0,0.0,0.0,1.0,1.0,0.0,inward,BZT
1021,0.0,0.0,0.0,0.0,0.0,0,0,0.0,0.0,0,0.0,0.0,0.0,0,0,1,0,0.0,0.0,0.0,0,0.0,0,0.0,0.0,1.0,1,1.0,0.0,0.0,1.0,0.0,1.0,0.0,0.0,0,0.0,1,0.0,0,0.0,0,1.0,0.0,0.0,1,1,0,0.0,0,0,0.0,1.0,0.0,0.0,0.0,0.0,0,0.0,1,0.0,0,0,0.0,0.0,1.0,1.0,0.0,inward,BZT
1022,0.0,0.0,0.0,0.0,0.0,0,0,0.0,0.0,0,0.0,0.0,0.0,0,0,1,0,0.0,0.0,0.0,1,0.0,0,0.0,0.0,0.0,0,1.0,0.0,0.0,1.0,0.0,0.0,0.0,0.0,0,0.0,0,0.0,1,0.0,1,1.0,1.0,1.0,1,1,1,0.0,1,0,0.0,1.0,1.0,0.0,0.0,0.0,0,0.0,1,0.0,0,0,0.0,0.0,1.0,1.0,0.0,inward,BZT
1023,0.0,0.0,0.0,0.0,0.0,0,0,0.0,0.0,0,0.0,0.0,0.0,0,0,1,1,0.0,0.0,0.0,0,0.0,0,0.0,0.0,0.0,0,1.0,0.0,0.0,0.0,0.0,0.0,0.0,0.0,0,0.0,1,0.0,1,0.0,0,1.0,0.0,1.0,1,1,1,0.0,0,1,0.0,1.0,0.0,0.0,0.0,1.0,1,0.0,1,0.0,0,0,0.0,0.0,1.0,0.0,0.0,inward,BZT
1024,0.0,0.0,0.0,0.0,0.0,0,0,0.0,0.0,0,0.0,0.0,0.0,0,0,1,1,0.0,0.0,0.0,1,0.0,0,0.0,0.0,0.0,1,1.0,0.0,0.0,1.0,0.0,0.0,0.0,0.0,0,0.0,1,0.0,0,0.0,0,1.0,0.0,0.0,1,1,1,0.0,0,1,0.0,1.0,0.0,0.0,0.0,0.0,1,0.0,1,0.0,0,0,0.0,0.0,1.0,0.0,0.0,inward,BZT
1025,0.0,0.0,0.0,0.0,0.0,0,1,0.0,0.0,0,0.0,0.0,0.0,0,0,1,0,0.0,0.0,0.0,1,0.0,0,0.0,0.0,1.0,0,1.0,0.0,0.0,1.0,0.0,1.0,0.0,0.0,0,0.0,1,0.0,0,0.0,0,1.0,0.0,0.0,1,1,1,0.0,0,0,0.0,1.0,0.0,0.0,0.0,0.0,1,0.0,0,0.0,0,0,0.0,0.0,1.0,1.0,0.0,inward,BZT
1026,0.0,0.0,0.0,0.0,0.0,0,1,0.0,0.0,0,0.0,0.0,0.0,0,0,1,0,0.0,0.0,0.0,1,0.0,0,0.0,0.0,0.0,0,1.0,1.0,0.0,1.0,0.0,0.0,0.0,0.0,0,0.0,1,0.0,0,0.0,0,0.0,0.0,0.0,1,0,0,0.0,0,0,0.0,1.0,0.0,0.0,0.0,0.0,1,0.0,0,0.0,0,0,0.0,0.0,1.0,1.0,0.0,inward,BZT
1027,0.0,0.0,0.0,0.0,0.0,0,0,0.0,0.0,0,0.0,1.0,0.0,0,0,0,0,0.0,0.0,0.0,1,1.0,0,0.0,0.0,1.0,1,0.0,0.0,0.0,1.0,0.0,0.0,0.0,0.0,0,0.0,1,0.0,1,0.0,0,1.0,0.0,0.0,1,1,1,0.0,0,1,0.0,1.0,0.0,0.0,0.0,1.0,1,0.0,1,0.0,0,0,0.0,0.0,1.0,0.0,0.0,inward,BZT
1028,0.0,0.0,0.0,0.0,0.0,0,0,0.0,1.0,0,0.0,0.0,0.0,0,0,1,0,0.0,0.0,0.0,0,0.0,0,0.0,0.0,1.0,1,1.0,0.0,0.0,1.0,0.0,1.0,0.0,0.0,0,0.0,0,0.0,1,0.0,0,1.0,0.0,0.0,1,1,1,0.0,0,1,0.0,1.0,0.0,0.0,0.0,1.0,1,0.0,1,0.0,0,0,0.0,0.0,1.0,0.0,0.0,inward,BZT
1029,0.0,0.0,0.0,0.0,0.0,0,1,0.0,0.0,0,0.0,0.0,0.0,0,0,1,0,0.0,0.0,0.0,1,0.0,0,0.0,0.0,0.0,1,1.0,1.0,0.0,1.0,0.0,0.0,0.0,0.0,0,0.0,0,0.0,1,0.0,0,1.0,0.0,0.0,1,1,1,0.0,0,1,0.0,1.0,1.0,0.0,0.0,1.0,1,0.0,1,0.0,0,0,0.0,0.0,1.0,1.0,0.0,inward,BZT
1030,0.0,0.0,0.0,0.0,0.0,0,0,0.0,0.0,0,0.0,0.0,0.0,0,0,1,0,0.0,0.0,0.0,1,0.0,0,0.0,0.0,1.0,1,1.0,0.0,0.0,1.0,0.0,0.0,0.0,0.0,0,0.0,1,0.0,1,0.0,0,1.0,0.0,1.0,1,1,1,0.0,0,0,0.0,1.0,0.0,0.0,0.0,0.0,1,0.0,1,0.0,0,0,0.0,0.0,1.0,1.0,0.0,inward,BZT
1031,0.0,0.0,0.0,0.0,0.0,0,1,0.0,1.0,0,0.0,0.0,0.0,0,0,1,1,0.0,0.0,0.0,0,1.0,0,0.0,0.0,0.0,1,1.0,0.0,0.0,1.0,0.0,0.0,0.0,0.0,0,0.0,1,0.0,1,0.0,0,1.0,0.0,0.0,1,0,1,0.0,0,0,0.0,1.0,0.0,0.0,0.0,1.0,1,0.0,1,0.0,0,0,0.0,0.0,1.0,0.0,0.0,inward,BZT
1032,0.0,0.0,0.0,0.0,0.0,0,0,0.0,0.0,0,0.0,0.0,0.0,0,0,1,0,0.0,0.0,0.0,1,0.0,0,0.0,0.0,0.0,0,1.0,1.0,0.0,1.0,0.0,0.0,0.0,0.0,0,0.0,1,0.0,1,0.0,0,1.0,0.0,0.0,1,0,0,0.0,0,0,0.0,1.0,1.0,0.0,0.0,0.0,0,0.0,1,0.0,0,0,0.0,0.0,1.0,0.0,0.0,inward,BZT
1033,0.0,0.0,0.0,0.0,0.0,0,0,0.0,0.0,0,0.0,0.0,0.0,0,0,1,0,0.0,0.0,0.0,0,0.0,0,0.0,0.0,1.0,0,1.0,0.0,0.0,1.0,0.0,0.0,0.0,0.0,0,0.0,0,0.0,1,0.0,0,1.0,0.0,0.0,1,0,1,0.0,0,0,0.0,1.0,0.0,0.0,0.0,1.0,0,0.0,1,0.0,0,0,0.0,0.0,1.0,0.0,0.0,inward,BZT
1034,0.0,0.0,0.0,0.0,0.0,0,1,0.0,1.0,0,0.0,0.0,0.0,0,0,1,1,0.0,0.0,0.0,0,1.0,0,0.0,0.0,0.0,0,0.0,0.0,0.0,0.0,0.0,0.0,0.0,0.0,0,0.0,1,0.0,1,0.0,1,0.0,0.0,0.0,1,0,0,0.0,0,0,0.0,1.0,0.0,0.0,0.0,0.0,0,0.0,0,0.0,0,0,0.0,0.0,1.0,1.0,0.0,inward,BZT
1035,0.0,0.0,0.0,0.0,0.0,0,1,0.0,0.0,0,0.0,0.0,0.0,0,0,1,1,0.0,0.0,0.0,1,0.0,0,0.0,0.0,0.0,1,1.0,0.0,0.0,1.0,0.0,0.0,0.0,0.0,0,0.0,0,0.0,1,0.0,0,1.0,0.0,0.0,1,0,1,0.0,0,0,0.0,1.0,0.0,0.0,0.0,1.0,1,0.0,1,0.0,0,0,0.0,0.0,1.0,0.0,0.0,inward,BZT
1036,0.0,0.0,0.0,0.0,0.0,0,0,0.0,0.0,0,0.0,0.0,0.0,0,0,1,0,0.0,0.0,0.0,0,0.0,0,0.0,0.0,1.0,0,0.0,0.0,0.0,1.0,0.0,0.0,0.0,0.0,0,0.0,1,0.0,1,0.0,0,1.0,1.0,0.0,1,1,1,0.0,0,0,0.0,1.0,0.0,0.0,0.0,0.0,1,0.0,1,0.0,0,0,0.0,0.0,1.0,0.0,0.0,inward,BZT
1037,0.0,0.0,0.0,0.0,0.0,0,1,0.0,0.0,0,0.0,0.0,0.0,0,0,1,0,0.0,0.0,0.0,1,0.0,0,0.0,0.0,1.0,1,0.0,0.0,0.0,1.0,0.0,0.0,0.0,0.0,0,0.0,1,0.0,1,0.0,0,1.0,0.0,0.0,1,1,1,0.0,0,0,0.0,1.0,1.0,0.0,0.0,1.0,1,0.0,1,0.0,0,0,0.0,0.0,1.0,0.0,0.0,inward,BZT
1038,0.0,0.0,0.0,0.0,0.0,0,1,0.0,0.0,0,0.0,0.0,0.0,0,0,0,1,0.0,0.0,0.0,0,0.0,0,0.0,0.0,0.0,1,1.0,0.0,0.0,1.0,0.0,1.0,0.0,0.0,0,0.0,1,0.0,0,0.0,0,1.0,0.0,0.0,1,1,1,0.0,0,0,0.0,1.0,1.0,0.0,0.0,1.0,1,0.0,1,0.0,0,0,0.0,0.0,1.0,1.0,0.0,inward,BZT
1039,0.0,0.0,0.0,0.0,0.0,0,1,0.0,0.0,0,0.0,0.0,0.0,0,0,1,1,0.0,0.0,0.0,0,0.0,0,0.0,0.0,0.0,1,1.0,0.0,0.0,1.0,0.0,0.0,0.0,0.0,0,0.0,1,0.0,1,0.0,0,1.0,0.0,0.0,1,1,1,0.0,0,0,0.0,1.0,0.0,0.0,0.0,1.0,1,0.0,1,0.0,0,0,0.0,0.0,1.0,1.0,0.0,inward,BZT
1040,0.0,0.0,0.0,0.0,0.0,0,0,0.0,0.0,0,0.0,0.0,0.0,0,0,1,1,0.0,0.0,0.0,0,1.0,0,0.0,0.0,0.0,0,1.0,0.0,0.0,1.0,0.0,0.0,0.0,0.0,0,0.0,1,0.0,1,0.0,0,1.0,0.0,0.0,1,1,0,0.0,0,0,0.0,1.0,0.0,0.0,0.0,1.0,0,0.0,1,0.0,0,0,0.0,0.0,1.0,1.0,0.0,inward,BZT
1041,0.0,0.0,0.0,0.0,0.0,0,0,0.0,0.0,0,0.0,0.0,0.0,0,0,1,0,0.0,0.0,0.0,0,0.0,0,0.0,0.0,0.0,1,0.0,0.0,0.0,1.0,0.0,0.0,0.0,0.0,0,0.0,1,0.0,0,0.0,0,1.0,0.0,0.0,1,1,1,0.0,0,0,0.0,1.0,0.0,0.0,0.0,1.0,1,0.0,1,0.0,0,0,0.0,0.0,1.0,1.0,0.0,inward,BZT
1042,0.0,0.0,0.0,0.0,0.0,0,0,0.0,0.0,0,0.0,0.0,0.0,0,0,1,1,0.0,0.0,0.0,1,0.0,0,0.0,0.0,0.0,1,0.0,0.0,0.0,1.0,0.0,0.0,0.0,0.0,0,0.0,0,0.0,1,0.0,0,1.0,0.0,0.0,1,0,1,0.0,0,0,0.0,1.0,1.0,0.0,0.0,0.0,1,0.0,1,0.0,0,0,0.0,0.0,1.0,1.0,0.0,inward,BZT
1043,0.0,0.0,0.0,0.0,0.0,0,0,0.0,0.0,0,0.0,0.0,0.0,0,0,1,0,0.0,0.0,0.0,1,0.0,0,0.0,0.0,0.0,1,1.0,1.0,0.0,1.0,0.0,0.0,0.0,0.0,0,0.0,1,0.0,1,0.0,0,1.0,0.0,0.0,1,0,1,0.0,0,0,0.0,1.0,1.0,0.0,0.0,0.0,0,0.0,1,0.0,0,0,0.0,0.0,1.0,1.0,0.0,inward,BZT
1044,0.0,0.0,0.0,0.0,0.0,0,0,0.0,0.0,0,0.0,0.0,0.0,0,0,1,1,0.0,0.0,0.0,1,0.0,0,0.0,0.0,1.0,1,1.0,0.0,0.0,1.0,0.0,0.0,0.0,0.0,0,0.0,0,0.0,0,0.0,0,1.0,0.0,0.0,1,1,1,0.0,0,0,0.0,1.0,1.0,0.0,0.0,0.0,0,0.0,1,0.0,0,0,0.0,0.0,1.0,1.0,0.0,inward,BZT
1045,0.0,0.0,0.0,0.0,0.0,0,0,0.0,0.0,0,0.0,0.0,0.0,0,0,1,1,0.0,0.0,0.0,1,0.0,0,0.0,0.0,0.0,1,1.0,1.0,0.0,1.0,0.0,0.0,0.0,0.0,0,0.0,1,0.0,1,0.0,0,1.0,0.0,0.0,1,1,1,0.0,1,0,0.0,1.0,1.0,0.0,0.0,0.0,0,0.0,0,0.0,0,0,0.0,0.0,1.0,1.0,0.0,inward,BZT
1046,0.0,0.0,0.0,0.0,0.0,0,0,0.0,1.0,0,0.0,0.0,0.0,0,0,1,1,0.0,0.0,0.0,1,0.0,0,0.0,0.0,0.0,1,1.0,0.0,0.0,0.0,0.0,0.0,0.0,0.0,0,0.0,1,0.0,0,0.0,0,1.0,0.0,0.0,1,0,0,0.0,1,0,0.0,1.0,0.0,0.0,0.0,0.0,0,0.0,1,0.0,0,0,0.0,0.0,1.0,1.0,0.0,inward,BZT
1047,0.0,0.0,0.0,0.0,0.0,0,0,0.0,0.0,0,0.0,0.0,0.0,0,0,1,1,0.0,0.0,0.0,1,0.0,0,0.0,0.0,1.0,0,1.0,0.0,0.0,1.0,0.0,0.0,0.0,0.0,0,0.0,1,0.0,0,0.0,0,1.0,0.0,0.0,1,1,1,0.0,0,0,0.0,1.0,0.0,0.0,0.0,0.0,0,0.0,1,0.0,0,0,0.0,0.0,1.0,0.0,0.0,inward,BZT
1048,0.0,0.0,0.0,0.0,0.0,0,0,0.0,0.0,0,0.0,0.0,0.0,0,0,1,1,0.0,0.0,0.0,1,0.0,0,0.0,0.0,1.0,1,1.0,1.0,0.0,1.0,0.0,1.0,0.0,0.0,0,0.0,1,0.0,1,0.0,0,1.0,0.0,1.0,1,1,1,0.0,0,0,0.0,1.0,0.0,0.0,0.0,0.0,0,0.0,1,0.0,0,0,0.0,0.0,1.0,1.0,0.0,inward,BZT
1049,0.0,0.0,0.0,0.0,0.0,0,1,0.0,0.0,0,0.0,0.0,0.0,0,0,1,0,0.0,0.0,0.0,0,0.0,0,0.0,0.0,1.0,1,1.0,0.0,0.0,1.0,0.0,0.0,0.0,0.0,0,0.0,1,0.0,1,0.0,0,1.0,0.0,0.0,1,0,1,0.0,0,0,0.0,1.0,1.0,0.0,0.0,0.0,0,0.0,1,0.0,0,0,0.0,0.0,1.0,1.0,0.0,inward,BZT
1050,0.0,0.0,0.0,0.0,0.0,0,0,0.0,0.0,0,0.0,0.0,0.0,0,0,1,0,0.0,0.0,0.0,1,0.0,0,0.0,0.0,1.0,1,0.0,0.0,0.0,0.0,0.0,0.0,0.0,0.0,0,0.0,1,0.0,1,0.0,0,1.0,0.0,0.0,1,0,1,0.0,0,0,0.0,1.0,0.0,0.0,0.0,0.0,0,0.0,1,0.0,0,0,0.0,0.0,1.0,1.0,0.0,inward,BZT
1051,0.0,0.0,0.0,0.0,0.0,0,1,0.0,0.0,0,0.0,0.0,0.0,0,0,1,1,0.0,0.0,0.0,1,0.0,0,0.0,0.0,0.0,0,0.0,0.0,0.0,1.0,0.0,0.0,0.0,0.0,0,0.0,0,0.0,1,0.0,0,1.0,0.0,1.0,1,1,0,0.0,0,0,0.0,1.0,0.0,0.0,0.0,0.0,0,0.0,1,0.0,0,0,0.0,0.0,1.0,1.0,0.0,inward,BZT
1052,0.0,0.0,0.0,0.0,0.0,0,0,0.0,0.0,0,0.0,0.0,0.0,0,0,1,0,0.0,0.0,0.0,1,0.0,0,0.0,0.0,0.0,0,0.0,0.0,0.0,1.0,0.0,0.0,0.0,0.0,0,0.0,1,0.0,1,0.0,0,0.0,0.0,0.0,1,0,0,0.0,0,1,0.0,1.0,0.0,0.0,0.0,1.0,1,0.0,1,0.0,0,0,0.0,0.0,1.0,1.0,0.0,inward,BZT
1053,0.0,0.0,0.0,0.0,0.0,0,1,0.0,0.0,0,0.0,0.0,0.0,0,0,1,0,0.0,0.0,0.0,1,0.0,0,0.0,0.0,1.0,0,1.0,0.0,0.0,1.0,0.0,0.0,0.0,0.0,0,0.0,1,0.0,1,0.0,0,1.0,0.0,0.0,1,1,0,0.0,0,0,0.0,1.0,0.0,0.0,0.0,0.0,0,0.0,1,0.0,0,0,0.0,0.0,1.0,1.0,0.0,inward,BZT
1054,0.0,0.0,0.0,0.0,0.0,0,0,0.0,0.0,0,0.0,0.0,0.0,0,0,1,0,0.0,0.0,0.0,1,0.0,0,0.0,0.0,1.0,0,1.0,0.0,0.0,1.0,0.0,0.0,0.0,0.0,0,0.0,1,0.0,0,0.0,0,0.0,0.0,0.0,1,1,1,0.0,0,1,0.0,1.0,0.0,0.0,0.0,0.0,1,0.0,1,0.0,0,0,0.0,0.0,1.0,1.0,0.0,inward,BZT
1055,0.0,0.0,0.0,0.0,0.0,0,0,0.0,0.0,0,0.0,0.0,0.0,0,0,1,0,0.0,0.0,0.0,1,0.0,0,0.0,0.0,1.0,1,1.0,0.0,0.0,1.0,0.0,1.0,0.0,0.0,0,0.0,1,0.0,1,0.0,0,0.0,0.0,0.0,1,0,1,0.0,1,0,0.0,1.0,0.0,0.0,0.0,0.0,1,0.0,1,0.0,0,0,0.0,0.0,1.0,1.0,0.0,inward,BZT
1056,0.0,0.0,0.0,0.0,0.0,0,0,0.0,0.0,0,0.0,0.0,0.0,0,0,1,1,0.0,0.0,0.0,1,1.0,0,0.0,0.0,0.0,1,1.0,0.0,0.0,1.0,0.0,0.0,0.0,0.0,0,0.0,1,0.0,1,0.0,0,1.0,0.0,0.0,1,0,0,0.0,0,1,0.0,1.0,0.0,0.0,0.0,0.0,1,0.0,1,0.0,0,0,0.0,0.0,1.0,1.0,0.0,inward,BZT
1057,0.0,0.0,0.0,0.0,0.0,0,0,0.0,0.0,0,0.0,0.0,0.0,0,0,1,0,0.0,0.0,0.0,1,0.0,0,0.0,0.0,1.0,1,1.0,0.0,0.0,1.0,0.0,0.0,0.0,0.0,0,0.0,1,0.0,0,0.0,0,1.0,0.0,1.0,1,1,1,0.0,0,0,0.0,1.0,0.0,0.0,0.0,0.0,0,0.0,1,0.0,0,0,0.0,0.0,1.0,1.0,0.0,inward,BZT
1058,0.0,0.0,0.0,0.0,0.0,0,1,0.0,0.0,0,0.0,0.0,0.0,0,0,1,0,0.0,0.0,0.0,1,0.0,0,0.0,0.0,1.0,1,1.0,0.0,0.0,0.0,0.0,0.0,0.0,0.0,0,0.0,0,0.0,0,0.0,0,1.0,0.0,0.0,1,1,1,0.0,1,0,0.0,1.0,0.0,0.0,0.0,0.0,0,0.0,0,0.0,0,0,0.0,0.0,1.0,1.0,0.0,inward,BZT
1059,0.0,0.0,0.0,0.0,0.0,0,0,0.0,0.0,0,0.0,0.0,0.0,0,0,1,0,0.0,0.0,0.0,1,0.0,0,0.0,0.0,1.0,1,0.0,0.0,0.0,1.0,0.0,0.0,0.0,0.0,0,0.0,1,0.0,1,0.0,0,0.0,0.0,0.0,1,0,1,0.0,1,1,0.0,1.0,1.0,0.0,0.0,0.0,0,0.0,1,0.0,0,0,0.0,0.0,1.0,1.0,0.0,inward,BZT
1060,0.0,0.0,0.0,0.0,0.0,0,1,0.0,0.0,0,0.0,0.0,0.0,0,0,1,0,0.0,0.0,0.0,1,1.0,0,0.0,0.0,0.0,0,1.0,0.0,0.0,1.0,0.0,0.0,0.0,0.0,0,0.0,1,0.0,0,0.0,0,1.0,0.0,0.0,1,1,0,0.0,0,0,0.0,1.0,0.0,0.0,0.0,0.0,0,0.0,1,0.0,0,0,0.0,0.0,1.0,0.0,0.0,inward,BZT
1061,0.0,0.0,0.0,0.0,0.0,0,1,0.0,0.0,0,0.0,0.0,0.0,0,0,1,1,0.0,0.0,0.0,1,0.0,0,0.0,0.0,0.0,0,0.0,0.0,0.0,1.0,0.0,0.0,0.0,0.0,0,0.0,1,0.0,1,0.0,0,1.0,0.0,0.0,1,1,1,0.0,0,0,0.0,1.0,0.0,0.0,0.0,0.0,1,0.0,1,0.0,0,0,0.0,0.0,1.0,1.0,0.0,inward,BZT
1062,0.0,0.0,0.0,0.0,0.0,0,1,0.0,0.0,0,0.0,0.0,0.0,0,0,1,0,0.0,0.0,0.0,1,1.0,0,0.0,0.0,0.0,1,1.0,0.0,0.0,0.0,0.0,0.0,0.0,0.0,0,0.0,1,0.0,1,0.0,0,1.0,0.0,0.0,1,1,0,0.0,0,0,0.0,1.0,0.0,0.0,0.0,0.0,0,0.0,1,0.0,0,0,0.0,0.0,1.0,1.0,0.0,inward,BZT
1063,0.0,0.0,0.0,0.0,0.0,0,1,0.0,1.0,0,0.0,0.0,0.0,0,0,1,0,0.0,0.0,0.0,1,0.0,0,0.0,0.0,1.0,0,0.0,0.0,0.0,1.0,0.0,0.0,0.0,0.0,0,0.0,1,0.0,1,0.0,0,1.0,0.0,0.0,1,1,1,0.0,0,0,0.0,1.0,0.0,0.0,0.0,0.0,0,0.0,0,0.0,0,0,0.0,0.0,1.0,1.0,0.0,inward,BZT
1064,0.0,0.0,0.0,0.0,0.0,0,1,0.0,0.0,0,0.0,0.0,0.0,0,0,1,0,0.0,0.0,0.0,1,0.0,0,0.0,0.0,1.0,1,1.0,0.0,0.0,1.0,0.0,0.0,0.0,0.0,0,0.0,1,0.0,1,0.0,0,1.0,0.0,0.0,1,1,1,0.0,0,0,0.0,1.0,0.0,0.0,0.0,0.0,0,0.0,1,0.0,0,0,0.0,0.0,1.0,1.0,0.0,inward,BZT
1065,0.0,0.0,0.0,0.0,0.0,0,0,0.0,0.0,0,0.0,0.0,0.0,0,0,1,0,0.0,0.0,0.0,1,0.0,0,0.0,0.0,0.0,1,1.0,0.0,0.0,0.0,0.0,0.0,0.0,0.0,0,0.0,1,0.0,1,0.0,0,1.0,0.0,0.0,1,1,1,0.0,0,0,0.0,1.0,0.0,0.0,0.0,0.0,1,0.0,1,0.0,0,0,0.0,0.0,1.0,1.0,0.0,inward,BZT
1066,0.0,0.0,0.0,0.0,0.0,0,0,0.0,0.0,0,0.0,0.0,0.0,0,0,1,0,0.0,0.0,0.0,1,0.0,0,0.0,0.0,0.0,1,1.0,0.0,0.0,1.0,0.0,0.0,0.0,0.0,0,0.0,1,0.0,0,0.0,0,1.0,0.0,0.0,1,1,1,0.0,0,1,0.0,1.0,0.0,0.0,0.0,0.0,0,0.0,1,0.0,0,0,0.0,0.0,1.0,1.0,0.0,inward,BZT
1067,0.0,0.0,0.0,0.0,0.0,0,0,0.0,0.0,0,0.0,0.0,0.0,0,0,1,1,0.0,0.0,0.0,1,1.0,0,0.0,0.0,0.0,0,0.0,0.0,0.0,0.0,0.0,0.0,0.0,0.0,0,0.0,1,0.0,1,0.0,1,1.0,0.0,0.0,1,0,1,0.0,0,0,0.0,1.0,0.0,0.0,0.0,0.0,1,0.0,1,0.0,0,0,0.0,0.0,1.0,1.0,0.0,inward,BZT
1068,0.0,0.0,0.0,0.0,0.0,0,0,0.0,0.0,0,0.0,0.0,0.0,0,0,1,0,0.0,0.0,0.0,1,0.0,0,0.0,0.0,0.0,0,1.0,0.0,0.0,0.0,0.0,0.0,0.0,0.0,0,0.0,1,0.0,0,0.0,0,1.0,0.0,0.0,1,0,1,0.0,0,0,0.0,1.0,0.0,0.0,0.0,0.0,1,0.0,1,0.0,0,0,0.0,0.0,1.0,1.0,0.0,inward,BZT
1069,0.0,0.0,0.0,0.0,0.0,0,0,0.0,0.0,0,0.0,0.0,0.0,0,0,1,0,0.0,0.0,0.0,1,0.0,0,0.0,0.0,0.0,1,1.0,0.0,0.0,0.0,0.0,0.0,0.0,0.0,0,0.0,1,0.0,1,0.0,0,1.0,0.0,0.0,1,1,1,0.0,0,0,0.0,1.0,0.0,0.0,0.0,0.0,1,0.0,1,0.0,0,0,0.0,0.0,1.0,1.0,0.0,inward,BZT
1070,0.0,0.0,0.0,0.0,0.0,0,0,0.0,0.0,0,0.0,0.0,0.0,0,0,1,0,0.0,0.0,0.0,0,0.0,0,0.0,0.0,1.0,0,1.0,0.0,0.0,1.0,0.0,0.0,0.0,0.0,0,0.0,1,0.0,1,0.0,0,1.0,0.0,1.0,1,1,1,0.0,0,0,0.0,1.0,0.0,0.0,0.0,0.0,0,0.0,0,0.0,0,0,0.0,0.0,1.0,1.0,0.0,inward,BZT
1071,0.0,0.0,0.0,0.0,0.0,0,1,0.0,1.0,0,0.0,0.0,0.0,0,0,1,1,0.0,0.0,0.0,1,0.0,0,0.0,0.0,1.0,1,1.0,1.0,0.0,1.0,0.0,0.0,0.0,0.0,0,0.0,0,0.0,0,0.0,0,1.0,1.0,1.0,1,0,1,0.0,0,0,0.0,1.0,0.0,0.0,0.0,0.0,0,0.0,1,0.0,0,0,0.0,0.0,1.0,0.0,0.0,inward,BZT
1072,0.0,0.0,0.0,0.0,0.0,0,0,0.0,1.0,0,0.0,0.0,0.0,0,0,1,1,0.0,0.0,0.0,1,0.0,0,0.0,0.0,0.0,1,1.0,0.0,0.0,0.0,0.0,0.0,0.0,0.0,0,0.0,1,0.0,1,0.0,0,1.0,0.0,0.0,1,1,1,0.0,0,0,0.0,1.0,0.0,0.0,0.0,0.0,1,0.0,1,0.0,0,0,0.0,0.0,1.0,1.0,0.0,inward,BZT
1073,0.0,0.0,0.0,0.0,0.0,0,0,0.0,0.0,0,0.0,0.0,0.0,0,0,1,0,0.0,0.0,0.0,1,0.0,0,0.0,0.0,1.0,0,1.0,0.0,0.0,1.0,0.0,0.0,0.0,0.0,0,0.0,0,0.0,0,0.0,0,1.0,0.0,0.0,1,0,1,0.0,0,1,0.0,1.0,0.0,0.0,0.0,0.0,0,0.0,0,0.0,0,0,0.0,0.0,1.0,1.0,0.0,inward,BZT
1074,0.0,0.0,0.0,0.0,0.0,0,0,0.0,0.0,0,0.0,0.0,0.0,0,0,1,0,0.0,0.0,0.0,0,0.0,0,0.0,0.0,0.0,1,0.0,0.0,0.0,1.0,0.0,0.0,0.0,0.0,0,0.0,1,0.0,1,0.0,0,1.0,0.0,0.0,1,1,1,0.0,0,1,0.0,1.0,0.0,0.0,0.0,0.0,1,0.0,1,0.0,0,0,0.0,0.0,1.0,0.0,0.0,inward,BZT
1075,0.0,0.0,0.0,0.0,0.0,0,0,0.0,0.0,0,0.0,0.0,0.0,0,0,1,0,0.0,0.0,0.0,1,0.0,0,0.0,0.0,0.0,1,1.0,0.0,0.0,1.0,0.0,0.0,0.0,0.0,0,0.0,1,0.0,1,0.0,0,1.0,0.0,0.0,1,0,1,0.0,0,0,0.0,1.0,0.0,0.0,0.0,0.0,0,0.0,1,0.0,0,0,0.0,0.0,1.0,1.0,0.0,inward,BZT
1076,0.0,0.0,0.0,0.0,0.0,0,0,0.0,0.0,0,0.0,0.0,0.0,0,0,1,0,0.0,0.0,0.0,1,0.0,0,0.0,0.0,1.0,1,1.0,0.0,0.0,1.0,0.0,1.0,0.0,0.0,0,0.0,1,0.0,0,0.0,0,1.0,0.0,0.0,1,1,1,0.0,1,1,0.0,1.0,0.0,0.0,0.0,0.0,0,0.0,1,0.0,0,0,0.0,0.0,1.0,1.0,0.0,inward,BZT
1077,0.0,0.0,0.0,0.0,0.0,0,0,0.0,0.0,0,0.0,0.0,0.0,0,0,1,1,0.0,0.0,0.0,0,1.0,0,0.0,0.0,1.0,0,1.0,0.0,0.0,1.0,0.0,0.0,0.0,0.0,0,0.0,1,0.0,1,0.0,0,0.0,0.0,0.0,1,0,1,0.0,0,1,0.0,1.0,0.0,0.0,0.0,1.0,1,0.0,1,0.0,0,0,0.0,0.0,1.0,1.0,0.0,inward,BZT
1078,0.0,0.0,0.0,0.0,0.0,0,0,0.0,0.0,0,0.0,0.0,0.0,0,0,1,0,0.0,0.0,0.0,1,0.0,0,0.0,0.0,1.0,0,1.0,0.0,0.0,1.0,0.0,0.0,0.0,0.0,0,0.0,0,0.0,0,0.0,0,1.0,0.0,0.0,1,1,0,0.0,0,0,0.0,1.0,1.0,0.0,0.0,0.0,1,0.0,1,0.0,0,0,0.0,0.0,1.0,1.0,0.0,inward,BZT
1079,0.0,0.0,0.0,0.0,0.0,0,0,0.0,0.0,0,0.0,0.0,0.0,0,0,1,1,0.0,0.0,0.0,1,0.0,0,0.0,0.0,0.0,0,0.0,0.0,0.0,1.0,0.0,0.0,0.0,0.0,0,0.0,1,0.0,0,0.0,0,1.0,0.0,0.0,1,1,1,0.0,0,0,0.0,1.0,0.0,0.0,0.0,0.0,0,0.0,1,0.0,0,0,0.0,0.0,1.0,1.0,0.0,inward,BZT
1080,0.0,0.0,0.0,0.0,0.0,0,1,0.0,0.0,0,0.0,0.0,0.0,0,0,1,1,0.0,0.0,0.0,1,0.0,0,0.0,0.0,0.0,0,0.0,0.0,0.0,1.0,0.0,0.0,0.0,0.0,0,0.0,0,0.0,0,0.0,0,1.0,0.0,0.0,1,0,1,0.0,1,0,0.0,1.0,1.0,0.0,0.0,0.0,1,0.0,1,0.0,0,0,0.0,0.0,1.0,0.0,0.0,inward,BZT
1081,0.0,0.0,0.0,0.0,0.0,0,1,0.0,0.0,0,0.0,0.0,0.0,0,0,1,1,0.0,0.0,0.0,0,0.0,0,0.0,0.0,1.0,0,0.0,0.0,0.0,0.0,0.0,0.0,0.0,0.0,0,0.0,1,0.0,1,0.0,0,0.0,0.0,0.0,1,1,1,0.0,0,1,0.0,1.0,0.0,0.0,0.0,1.0,0,0.0,1,0.0,0,0,0.0,0.0,1.0,1.0,0.0,inward,BZT
1082,0.0,0.0,0.0,0.0,0.0,0,0,0.0,0.0,0,0.0,0.0,0.0,0,0,1,0,0.0,0.0,0.0,1,0.0,0,0.0,0.0,0.0,1,1.0,0.0,0.0,0.0,0.0,0.0,0.0,0.0,0,0.0,1,0.0,1,0.0,0,1.0,0.0,0.0,1,1,1,0.0,0,1,0.0,1.0,0.0,0.0,0.0,0.0,1,0.0,1,0.0,0,0,0.0,0.0,1.0,0.0,0.0,inward,BZT
1083,0.0,0.0,0.0,0.0,0.0,0,1,0.0,0.0,0,0.0,0.0,0.0,0,0,1,1,0.0,0.0,0.0,0,0.0,0,0.0,0.0,0.0,1,0.0,0.0,0.0,1.0,0.0,0.0,0.0,0.0,0,0.0,1,0.0,1,0.0,0,0.0,0.0,0.0,1,0,1,0.0,0,0,0.0,1.0,0.0,0.0,0.0,0.0,1,0.0,1,0.0,0,0,0.0,0.0,1.0,1.0,0.0,inward,BZT
1084,0.0,0.0,0.0,0.0,0.0,0,0,0.0,0.0,0,0.0,0.0,0.0,0,0,1,0,0.0,0.0,0.0,1,1.0,0,0.0,0.0,1.0,0,1.0,0.0,0.0,1.0,0.0,0.0,0.0,0.0,1,0.0,0,0.0,1,0.0,0,1.0,0.0,0.0,1,0,1,0.0,0,0,0.0,0.0,0.0,0.0,0.0,0.0,0,0.0,0,0.0,0,0,0.0,0.0,1.0,1.0,0.0,inward,BZT
1085,0.0,0.0,0.0,0.0,0.0,0,1,0.0,1.0,0,0.0,0.0,0.0,0,0,1,0,0.0,0.0,0.0,0,0.0,0,0.0,0.0,1.0,1,1.0,0.0,0.0,1.0,0.0,1.0,0.0,0.0,0,0.0,0,0.0,1,0.0,0,1.0,0.0,0.0,1,1,1,0.0,0,0,0.0,1.0,0.0,0.0,0.0,1.0,0,0.0,1,0.0,0,0,0.0,0.0,1.0,1.0,0.0,inward,BZT
1086,0.0,0.0,0.0,0.0,0.0,0,0,0.0,0.0,0,0.0,1.0,0.0,0,0,1,0,0.0,0.0,0.0,0,0.0,0,0.0,0.0,1.0,0,1.0,0.0,0.0,0.0,0.0,0.0,0.0,0.0,0,0.0,1,0.0,1,0.0,0,0.0,0.0,0.0,1,1,1,0.0,0,1,0.0,1.0,0.0,0.0,0.0,1.0,1,0.0,1,0.0,0,0,0.0,0.0,1.0,1.0,0.0,inward,BZT
1087,0.0,0.0,0.0,0.0,0.0,0,1,0.0,0.0,0,0.0,0.0,0.0,0,0,1,1,0.0,0.0,0.0,1,0.0,0,0.0,0.0,1.0,1,0.0,0.0,0.0,0.0,0.0,0.0,0.0,0.0,0,0.0,1,0.0,0,0.0,0,1.0,0.0,0.0,1,1,1,0.0,0,0,0.0,1.0,0.0,0.0,0.0,0.0,1,0.0,1,0.0,0,0,0.0,0.0,1.0,1.0,0.0,inward,BZT
1088,0.0,0.0,0.0,0.0,0.0,0,1,0.0,0.0,0,0.0,0.0,0.0,0,0,1,1,0.0,0.0,0.0,1,0.0,0,0.0,0.0,1.0,1,1.0,0.0,0.0,0.0,0.0,0.0,0.0,0.0,0,0.0,1,0.0,1,0.0,0,0.0,0.0,0.0,1,1,1,0.0,0,1,0.0,1.0,0.0,0.0,0.0,0.0,1,0.0,1,0.0,0,0,0.0,0.0,1.0,1.0,0.0,inward,BZT
1089,0.0,0.0,0.0,0.0,0.0,0,0,0.0,0.0,0,0.0,0.0,0.0,0,0,1,1,0.0,0.0,0.0,0,0.0,0,0.0,0.0,1.0,0,0.0,0.0,0.0,1.0,0.0,1.0,0.0,0.0,0,0.0,1,0.0,1,0.0,0,0.0,0.0,0.0,1,0,1,0.0,0,1,0.0,1.0,0.0,0.0,0.0,0.0,1,0.0,1,0.0,0,0,0.0,0.0,1.0,1.0,0.0,inward,BZT
1090,0.0,0.0,0.0,0.0,0.0,0,1,0.0,0.0,0,0.0,0.0,0.0,0,0,1,1,0.0,0.0,0.0,1,0.0,0,0.0,0.0,0.0,0,1.0,0.0,0.0,1.0,0.0,0.0,0.0,0.0,0,0.0,1,0.0,0,0.0,0,1.0,0.0,0.0,1,1,0,0.0,0,1,0.0,1.0,0.0,0.0,0.0,0.0,0,0.0,1,0.0,0,0,0.0,0.0,1.0,1.0,0.0,inward,BZT
1091,0.0,0.0,0.0,0.0,0.0,0,0,0.0,0.0,0,0.0,0.0,0.0,0,0,1,0,0.0,0.0,0.0,1,1.0,0,0.0,0.0,0.0,0,1.0,1.0,0.0,1.0,0.0,0.0,0.0,0.0,0,0.0,1,0.0,1,0.0,1,1.0,0.0,0.0,1,1,0,0.0,0,0,0.0,1.0,0.0,0.0,0.0,0.0,0,0.0,1,0.0,0,0,0.0,0.0,1.0,1.0,0.0,inward,BZT
1092,0.0,0.0,0.0,0.0,0.0,0,0,0.0,1.0,0,0.0,0.0,0.0,0,0,1,0,0.0,0.0,0.0,1,0.0,0,0.0,0.0,1.0,1,1.0,0.0,0.0,1.0,0.0,0.0,0.0,0.0,0,0.0,1,0.0,1,0.0,0,1.0,0.0,0.0,1,0,1,0.0,0,0,0.0,1.0,0.0,0.0,0.0,0.0,0,0.0,1,0.0,0,0,0.0,0.0,1.0,1.0,0.0,inward,BZT
1093,0.0,0.0,0.0,0.0,0.0,0,0,0.0,0.0,0,0.0,0.0,0.0,0,0,1,1,0.0,0.0,0.0,1,0.0,0,0.0,0.0,1.0,0,1.0,0.0,0.0,0.0,0.0,0.0,0.0,0.0,0,0.0,1,0.0,0,0.0,0,1.0,0.0,0.0,1,0,1,0.0,1,0,0.0,1.0,0.0,0.0,0.0,0.0,0,0.0,1,0.0,0,0,0.0,0.0,1.0,1.0,0.0,inward,BZT
1094,0.0,0.0,0.0,0.0,0.0,0,1,0.0,0.0,0,0.0,0.0,0.0,0,0,1,1,0.0,0.0,0.0,0,0.0,0,0.0,0.0,0.0,0,0.0,0.0,0.0,1.0,0.0,0.0,0.0,0.0,0,0.0,1,0.0,1,0.0,0,0.0,0.0,0.0,1,1,1,0.0,0,0,0.0,1.0,0.0,0.0,0.0,0.0,0,0.0,1,0.0,0,0,0.0,0.0,1.0,1.0,0.0,inward,BZT
1095,0.0,0.0,0.0,0.0,0.0,0,1,0.0,0.0,0,0.0,0.0,0.0,0,0,1,1,0.0,0.0,0.0,1,0.0,0,0.0,0.0,0.0,1,1.0,0.0,0.0,1.0,0.0,0.0,0.0,0.0,0,0.0,1,0.0,1,0.0,0,1.0,0.0,1.0,1,0,0,0.0,0,0,0.0,1.0,0.0,0.0,0.0,0.0,0,0.0,1,0.0,0,0,0.0,0.0,1.0,1.0,0.0,inward,BZT
1096,0.0,0.0,0.0,0.0,0.0,0,1,0.0,0.0,0,0.0,0.0,0.0,0,0,1,1,0.0,0.0,0.0,1,1.0,0,0.0,0.0,0.0,0,0.0,0.0,0.0,0.0,0.0,0.0,0.0,0.0,0,0.0,1,0.0,1,0.0,0,1.0,0.0,0.0,1,0,1,0.0,0,0,0.0,1.0,1.0,0.0,0.0,0.0,0,0.0,1,0.0,0,0,0.0,0.0,1.0,1.0,0.0,inward,BZT
1097,0.0,0.0,0.0,0.0,0.0,0,0,0.0,0.0,1,0.0,0.0,0.0,0,0,1,1,0.0,0.0,0.0,1,0.0,0,0.0,0.0,1.0,0,1.0,0.0,0.0,0.0,0.0,0.0,0.0,0.0,0,0.0,1,0.0,0,0.0,0,1.0,0.0,0.0,1,0,1,0.0,1,0,0.0,1.0,0.0,0.0,0.0,0.0,1,0.0,1,0.0,0,0,0.0,0.0,1.0,0.0,0.0,inward,BZT
1098,0.0,0.0,0.0,0.0,0.0,0,0,0.0,0.0,0,0.0,0.0,0.0,0,0,1,0,0.0,0.0,0.0,0,0.0,0,0.0,0.0,1.0,0,1.0,0.0,0.0,0.0,0.0,0.0,0.0,0.0,0,0.0,1,0.0,0,0.0,0,1.0,0.0,0.0,1,1,0,0.0,1,1,0.0,1.0,0.0,0.0,0.0,0.0,0,0.0,1,0.0,0,0,0.0,0.0,1.0,1.0,0.0,inward,BZT
1099,0.0,0.0,0.0,0.0,0.0,0,0,0.0,0.0,0,0.0,0.0,0.0,0,0,1,1,0.0,0.0,0.0,0,1.0,0,0.0,0.0,1.0,0,1.0,0.0,0.0,1.0,0.0,0.0,0.0,0.0,0,0.0,1,0.0,0,0.0,0,1.0,0.0,0.0,1,1,1,0.0,0,1,0.0,1.0,0.0,0.0,0.0,0.0,0,0.0,1,0.0,0,0,0.0,0.0,1.0,1.0,0.0,inward,BZT
1100,0.0,0.0,0.0,0.0,0.0,0,0,0.0,0.0,0,0.0,0.0,0.0,0,0,1,1,0.0,0.0,0.0,1,0.0,0,0.0,0.0,1.0,1,1.0,0.0,0.0,1.0,0.0,0.0,0.0,0.0,0,0.0,0,0.0,0,0.0,0,1.0,0.0,0.0,1,1,1,0.0,0,1,0.0,1.0,1.0,0.0,0.0,0.0,0,0.0,1,0.0,0,0,0.0,0.0,1.0,1.0,0.0,inward,BZT
1101,0.0,0.0,0.0,0.0,0.0,0,0,0.0,0.0,0,0.0,0.0,0.0,0,0,1,1,0.0,0.0,0.0,1,1.0,0,0.0,0.0,0.0,1,0.0,0.0,0.0,1.0,0.0,0.0,0.0,0.0,0,0.0,1,0.0,1,0.0,0,0.0,0.0,0.0,1,0,1,0.0,0,0,0.0,1.0,0.0,0.0,0.0,1.0,1,0.0,1,0.0,0,0,0.0,0.0,1.0,1.0,0.0,inward,BZT
1102,0.0,0.0,0.0,0.0,0.0,0,0,0.0,0.0,0,0.0,0.0,0.0,0,0,1,0,0.0,0.0,0.0,1,0.0,0,0.0,0.0,1.0,0,1.0,0.0,0.0,1.0,0.0,1.0,0.0,0.0,0,0.0,1,0.0,0,0.0,0,1.0,0.0,0.0,1,1,1,0.0,0,1,0.0,1.0,0.0,0.0,0.0,0.0,0,0.0,0,0.0,0,0,0.0,0.0,1.0,1.0,0.0,inward,BZT
1103,0.0,0.0,0.0,0.0,0.0,0,0,0.0,0.0,0,0.0,0.0,0.0,0,0,1,0,0.0,0.0,0.0,1,0.0,0,0.0,0.0,1.0,0,1.0,0.0,0.0,1.0,0.0,1.0,0.0,0.0,0,0.0,1,0.0,0,0.0,0,0.0,0.0,0.0,1,1,1,0.0,0,0,0.0,1.0,0.0,0.0,0.0,0.0,1,0.0,0,0.0,0,0,0.0,0.0,1.0,1.0,0.0,inward,BZT
1104,0.0,0.0,0.0,0.0,0.0,0,0,0.0,0.0,0,0.0,0.0,0.0,0,0,1,1,0.0,0.0,0.0,0,0.0,0,0.0,0.0,0.0,0,1.0,0.0,0.0,1.0,0.0,1.0,0.0,0.0,0,0.0,0,0.0,1,0.0,0,0.0,0.0,0.0,1,0,1,0.0,1,0,0.0,1.0,0.0,0.0,0.0,0.0,1,0.0,1,0.0,0,0,0.0,0.0,1.0,1.0,0.0,inward,BZT
1105,0.0,0.0,0.0,0.0,0.0,0,0,0.0,0.0,0,0.0,0.0,0.0,0,0,1,1,0.0,0.0,0.0,1,1.0,0,0.0,0.0,0.0,0,0.0,0.0,0.0,0.0,0.0,0.0,0.0,0.0,0,0.0,1,0.0,0,0.0,0,0.0,0.0,0.0,1,0,1,0.0,0,0,0.0,1.0,0.0,0.0,0.0,0.0,1,0.0,1,0.0,0,0,0.0,0.0,1.0,1.0,0.0,inward,BZT
1106,0.0,0.0,0.0,0.0,0.0,0,0,0.0,1.0,0,0.0,0.0,0.0,0,0,1,1,0.0,0.0,0.0,0,0.0,0,0.0,0.0,1.0,1,0.0,0.0,0.0,1.0,0.0,0.0,0.0,0.0,0,0.0,1,0.0,0,0.0,0,1.0,0.0,0.0,1,1,1,0.0,1,0,0.0,1.0,0.0,0.0,0.0,0.0,0,0.0,0,0.0,0,0,0.0,0.0,1.0,1.0,0.0,inward,BZT
1107,0.0,0.0,0.0,0.0,0.0,0,0,0.0,0.0,0,0.0,0.0,0.0,0,0,1,1,0.0,0.0,0.0,1,1.0,0,0.0,0.0,1.0,0,1.0,0.0,0.0,0.0,0.0,0.0,0.0,0.0,0,0.0,1,0.0,1,0.0,0,1.0,0.0,0.0,1,0,1,0.0,0,1,0.0,1.0,0.0,0.0,0.0,0.0,0,0.0,1,0.0,0,0,0.0,0.0,1.0,1.0,0.0,inward,BZT
1108,0.0,0.0,0.0,0.0,0.0,0,1,0.0,1.0,0,0.0,0.0,0.0,0,0,1,1,0.0,0.0,0.0,1,0.0,0,0.0,0.0,1.0,1,0.0,0.0,0.0,0.0,0.0,0.0,0.0,0.0,0,0.0,1,0.0,0,0.0,0,0.0,0.0,0.0,1,1,0,0.0,0,0,0.0,1.0,0.0,0.0,0.0,0.0,1,0.0,1,0.0,0,0,0.0,0.0,1.0,1.0,0.0,inward,BZT
1109,0.0,0.0,0.0,0.0,0.0,0,1,0.0,1.0,0,0.0,0.0,0.0,0,0,1,0,0.0,0.0,0.0,1,0.0,0,0.0,0.0,1.0,1,1.0,1.0,0.0,1.0,0.0,0.0,0.0,0.0,0,0.0,0,0.0,1,0.0,0,1.0,0.0,1.0,1,0,1,0.0,0,1,0.0,1.0,0.0,0.0,0.0,0.0,0,0.0,1,0.0,0,0,0.0,0.0,1.0,1.0,0.0,inward,BZT
1110,0.0,0.0,0.0,0.0,0.0,0,1,0.0,0.0,0,0.0,0.0,0.0,0,0,1,1,0.0,0.0,0.0,1,0.0,0,0.0,0.0,1.0,1,1.0,0.0,0.0,1.0,0.0,0.0,0.0,0.0,0,0.0,1,0.0,1,0.0,0,1.0,0.0,0.0,1,0,1,0.0,0,1,0.0,1.0,0.0,0.0,0.0,0.0,1,0.0,1,0.0,0,0,0.0,0.0,1.0,1.0,0.0,inward,BZT
1111,0.0,0.0,0.0,0.0,0.0,0,0,0.0,0.0,0,0.0,0.0,0.0,0,0,1,1,0.0,0.0,0.0,1,0.0,0,0.0,0.0,0.0,1,1.0,0.0,0.0,1.0,0.0,0.0,0.0,0.0,0,0.0,1,0.0,0,0.0,1,0.0,0.0,0.0,1,1,0,0.0,0,0,0.0,1.0,1.0,0.0,0.0,0.0,1,0.0,1,0.0,0,0,0.0,0.0,1.0,1.0,0.0,inward,BZT
1112,0.0,0.0,0.0,0.0,0.0,0,1,0.0,0.0,0,0.0,0.0,0.0,0,0,1,1,0.0,0.0,0.0,0,0.0,0,0.0,0.0,0.0,0,0.0,0.0,0.0,0.0,0.0,0.0,0.0,0.0,0,0.0,1,0.0,1,0.0,0,1.0,0.0,0.0,1,0,0,0.0,0,1,0.0,1.0,0.0,0.0,0.0,0.0,0,0.0,1,0.0,0,0,0.0,0.0,1.0,1.0,0.0,inward,BZT
1113,0.0,0.0,0.0,0.0,0.0,0,1,0.0,0.0,0,0.0,0.0,0.0,0,0,1,1,0.0,0.0,0.0,1,0.0,0,0.0,0.0,1.0,1,0.0,0.0,0.0,0.0,0.0,0.0,0.0,0.0,0,0.0,1,0.0,1,0.0,0,1.0,0.0,0.0,1,1,1,0.0,1,1,0.0,1.0,0.0,0.0,0.0,0.0,0,0.0,1,0.0,0,0,0.0,0.0,1.0,1.0,0.0,inward,BZT
1114,0.0,0.0,0.0,0.0,0.0,0,1,0.0,0.0,0,0.0,0.0,0.0,0,0,1,1,0.0,0.0,0.0,1,1.0,0,0.0,0.0,0.0,1,0.0,0.0,0.0,0.0,0.0,0.0,0.0,0.0,0,0.0,1,0.0,1,0.0,0,1.0,0.0,0.0,1,1,1,0.0,0,1,0.0,1.0,0.0,0.0,0.0,0.0,0,0.0,1,0.0,0,0,0.0,0.0,1.0,1.0,0.0,inward,BZT
1115,0.0,0.0,0.0,0.0,0.0,0,0,0.0,0.0,0,0.0,0.0,0.0,0,0,0,0,0.0,0.0,0.0,1,0.0,0,0.0,0.0,1.0,0,1.0,0.0,0.0,1.0,0.0,0.0,0.0,0.0,0,0.0,1,0.0,0,0.0,0,1.0,0.0,0.0,1,1,1,0.0,0,1,0.0,1.0,0.0,0.0,0.0,0.0,0,0.0,1,0.0,0,0,0.0,0.0,1.0,0.0,0.0,inward,BZT
1116,0.0,0.0,0.0,0.0,0.0,0,1,0.0,0.0,0,0.0,0.0,0.0,0,0,1,0,0.0,0.0,0.0,1,1.0,0,0.0,0.0,1.0,0,0.0,0.0,0.0,1.0,0.0,0.0,0.0,0.0,0,0.0,1,0.0,0,0.0,0,1.0,0.0,0.0,1,0,1,0.0,0,1,0.0,1.0,0.0,0.0,0.0,0.0,0,0.0,1,0.0,0,0,0.0,0.0,1.0,1.0,0.0,inward,BZT
1117,0.0,0.0,0.0,0.0,0.0,0,1,0.0,0.0,0,0.0,0.0,0.0,0,0,1,1,0.0,0.0,0.0,0,0.0,0,0.0,0.0,0.0,1,1.0,0.0,0.0,1.0,0.0,0.0,0.0,0.0,0,0.0,1,0.0,1,0.0,0,0.0,0.0,0.0,1,1,1,0.0,0,0,0.0,1.0,0.0,0.0,0.0,0.0,1,0.0,1,0.0,0,0,0.0,0.0,1.0,1.0,0.0,inward,BZT
1118,0.0,0.0,0.0,0.0,0.0,0,0,0.0,0.0,0,0.0,0.0,0.0,0,0,1,1,0.0,0.0,0.0,1,0.0,0,0.0,0.0,1.0,0,1.0,1.0,0.0,0.0,0.0,0.0,0.0,0.0,0,0.0,1,0.0,1,0.0,0,0.0,0.0,0.0,1,1,0,0.0,0,1,0.0,1.0,0.0,0.0,0.0,0.0,0,0.0,0,0.0,0,0,0.0,0.0,1.0,1.0,0.0,inward,BZT
1119,0.0,0.0,0.0,0.0,0.0,0,1,0.0,0.0,0,0.0,0.0,0.0,0,0,1,0,0.0,0.0,0.0,0,0.0,0,0.0,0.0,0.0,1,1.0,1.0,0.0,0.0,0.0,0.0,0.0,0.0,0,0.0,1,0.0,1,0.0,0,1.0,0.0,1.0,1,1,1,0.0,0,0,0.0,1.0,0.0,0.0,0.0,0.0,1,0.0,1,0.0,0,0,0.0,0.0,1.0,1.0,0.0,inward,BZT
1120,0.0,0.0,0.0,0.0,0.0,0,1,0.0,1.0,0,0.0,0.0,0.0,0,0,1,0,0.0,0.0,0.0,1,0.0,0,0.0,0.0,0.0,1,1.0,0.0,0.0,0.0,0.0,0.0,0.0,0.0,0,0.0,0,0.0,0,0.0,0,1.0,0.0,0.0,1,1,1,0.0,0,0,0.0,1.0,1.0,0.0,0.0,0.0,1,0.0,1,0.0,0,0,0.0,0.0,1.0,1.0,0.0,inward,BZT
1121,0.0,0.0,0.0,0.0,0.0,0,1,0.0,0.0,0,0.0,0.0,0.0,0,0,1,1,0.0,0.0,0.0,0,0.0,0,0.0,0.0,0.0,0,1.0,0.0,0.0,0.0,0.0,0.0,0.0,0.0,0,0.0,0,0.0,0,0.0,0,1.0,0.0,0.0,1,1,0,0.0,1,0,0.0,1.0,0.0,0.0,0.0,0.0,0,0.0,1,0.0,0,0,0.0,0.0,1.0,1.0,0.0,inward,BZT
1122,0.0,0.0,0.0,0.0,0.0,0,1,0.0,0.0,0,0.0,0.0,0.0,0,0,1,0,0.0,0.0,0.0,0,0.0,0,0.0,0.0,1.0,0,1.0,0.0,0.0,0.0,0.0,0.0,0.0,0.0,0,0.0,0,0.0,1,0.0,1,1.0,0.0,0.0,1,1,1,0.0,0,1,0.0,1.0,0.0,0.0,0.0,0.0,0,0.0,0,0.0,0,0,0.0,0.0,1.0,0.0,0.0,inward,BZT
1123,0.0,0.0,0.0,0.0,0.0,0,0,0.0,0.0,0,0.0,1.0,0.0,0,0,1,1,0.0,0.0,0.0,1,0.0,0,0.0,0.0,1.0,1,1.0,0.0,0.0,1.0,0.0,0.0,0.0,0.0,0,0.0,1,0.0,0,0.0,0,0.0,0.0,0.0,1,1,1,0.0,1,1,0.0,1.0,0.0,0.0,0.0,0.0,1,0.0,1,0.0,0,0,0.0,0.0,1.0,0.0,0.0,inward,BZT
1124,0.0,0.0,0.0,0.0,0.0,0,1,0.0,0.0,0,0.0,0.0,0.0,0,0,0,0,0.0,0.0,0.0,1,0.0,0,0.0,0.0,1.0,1,1.0,0.0,0.0,1.0,0.0,1.0,0.0,0.0,0,0.0,1,0.0,1,0.0,0,1.0,0.0,0.0,1,1,0,0.0,0,0,0.0,1.0,1.0,0.0,0.0,0.0,0,0.0,0,0.0,0,0,0.0,0.0,1.0,1.0,0.0,inward,BZT
1125,0.0,0.0,0.0,0.0,0.0,0,0,0.0,0.0,0,0.0,0.0,0.0,0,0,1,1,0.0,0.0,0.0,1,1.0,0,0.0,0.0,0.0,0,0.0,0.0,0.0,0.0,0.0,0.0,0.0,0.0,0,0.0,1,0.0,0,0.0,0,0.0,0.0,0.0,1,1,1,0.0,0,1,0.0,1.0,0.0,0.0,0.0,1.0,1,0.0,1,0.0,0,0,0.0,0.0,1.0,1.0,0.0,inward,BZT
1126,0.0,0.0,0.0,0.0,0.0,0,1,0.0,0.0,0,0.0,0.0,0.0,0,0,1,1,0.0,0.0,0.0,1,0.0,0,0.0,0.0,1.0,0,0.0,0.0,0.0,1.0,0.0,0.0,0.0,0.0,0,0.0,1,0.0,0,0.0,0,0.0,0.0,0.0,1,1,1,0.0,0,0,0.0,1.0,1.0,0.0,0.0,0.0,0,0.0,1,0.0,0,0,0.0,0.0,1.0,1.0,0.0,inward,BZT
1127,0.0,0.0,0.0,0.0,0.0,0,1,0.0,0.0,0,0.0,0.0,0.0,0,0,1,1,0.0,0.0,0.0,1,1.0,0,0.0,0.0,1.0,1,0.0,0.0,0.0,0.0,0.0,0.0,0.0,0.0,0,0.0,1,0.0,1,0.0,0,0.0,0.0,0.0,1,0,1,0.0,1,1,0.0,1.0,0.0,0.0,0.0,0.0,1,0.0,1,0.0,0,0,0.0,0.0,1.0,1.0,0.0,inward,BZT
1128,0.0,0.0,0.0,0.0,0.0,0,0,0.0,0.0,0,0.0,0.0,0.0,0,0,1,0,0.0,0.0,0.0,1,0.0,0,0.0,0.0,1.0,1,1.0,0.0,0.0,0.0,0.0,0.0,0.0,0.0,0,0.0,1,0.0,1,0.0,0,1.0,0.0,0.0,1,0,1,0.0,0,1,0.0,1.0,0.0,0.0,0.0,0.0,1,0.0,1,0.0,0,0,0.0,0.0,1.0,1.0,0.0,inward,BZT
1129,0.0,0.0,0.0,0.0,0.0,0,0,0.0,0.0,0,0.0,0.0,0.0,0,0,1,0,0.0,0.0,0.0,1,1.0,0,0.0,0.0,0.0,0,1.0,0.0,0.0,0.0,0.0,0.0,0.0,0.0,0,0.0,1,0.0,1,0.0,0,0.0,0.0,0.0,1,1,0,0.0,0,1,0.0,1.0,1.0,0.0,0.0,0.0,1,0.0,1,0.0,0,0,0.0,0.0,1.0,1.0,0.0,inward,BZT
1130,0.0,0.0,0.0,0.0,0.0,0,1,0.0,1.0,1,0.0,0.0,0.0,0,0,1,0,0.0,0.0,0.0,0,0.0,0,0.0,0.0,1.0,1,1.0,0.0,0.0,0.0,0.0,0.0,0.0,0.0,0,0.0,1,0.0,0,0.0,0,1.0,0.0,0.0,1,1,1,0.0,0,1,0.0,1.0,1.0,0.0,0.0,0.0,1,0.0,1,0.0,0,0,0.0,0.0,1.0,1.0,0.0,inward,BZT
1131,0.0,0.0,0.0,0.0,0.0,0,1,0.0,0.0,0,0.0,0.0,0.0,0,0,1,1,0.0,0.0,0.0,1,0.0,1,0.0,0.0,0.0,0,0.0,0.0,0.0,1.0,0.0,0.0,0.0,0.0,0,0.0,1,0.0,1,0.0,0,1.0,0.0,0.0,1,0,1,0.0,0,0,0.0,1.0,0.0,0.0,0.0,1.0,0,0.0,1,0.0,0,0,0.0,0.0,1.0,1.0,0.0,inward,BZT
1132,0.0,0.0,0.0,0.0,0.0,0,1,0.0,0.0,0,0.0,1.0,0.0,0,0,1,1,0.0,0.0,0.0,1,1.0,0,0.0,0.0,0.0,0,0.0,0.0,0.0,0.0,0.0,0.0,0.0,0.0,0,0.0,1,0.0,0,0.0,0,0.0,0.0,0.0,1,1,1,0.0,0,1,0.0,1.0,0.0,0.0,0.0,0.0,1,0.0,1,0.0,0,0,0.0,0.0,1.0,1.0,0.0,inward,BZT
1133,0.0,0.0,0.0,0.0,0.0,0,0,0.0,0.0,0,0.0,0.0,0.0,0,0,1,0,0.0,0.0,0.0,1,0.0,0,0.0,0.0,0.0,0,0.0,0.0,0.0,0.0,0.0,0.0,0.0,0.0,0,0.0,1,0.0,0,0.0,0,1.0,0.0,0.0,1,1,0,0.0,1,1,0.0,0.0,0.0,0.0,0.0,0.0,1,0.0,1,0.0,0,0,0.0,0.0,1.0,1.0,0.0,inward,BZT
1134,0.0,0.0,0.0,0.0,0.0,0,0,0.0,0.0,0,0.0,0.0,0.0,0,0,1,1,0.0,0.0,0.0,1,0.0,0,0.0,0.0,1.0,0,0.0,0.0,0.0,1.0,0.0,1.0,0.0,0.0,0,0.0,1,0.0,0,0.0,0,1.0,0.0,0.0,1,1,1,0.0,0,1,0.0,1.0,0.0,0.0,0.0,0.0,1,0.0,1,0.0,0,0,0.0,0.0,1.0,1.0,0.0,inward,BZT
1135,0.0,0.0,0.0,0.0,0.0,0,0,0.0,0.0,0,0.0,0.0,0.0,0,0,1,0,0.0,0.0,0.0,0,1.0,0,0.0,0.0,0.0,0,1.0,0.0,0.0,1.0,0.0,0.0,0.0,0.0,0,0.0,1,0.0,1,0.0,0,1.0,0.0,0.0,1,1,1,0.0,0,1,0.0,1.0,0.0,0.0,0.0,0.0,1,0.0,1,0.0,0,0,0.0,0.0,1.0,1.0,0.0,inward,BZT
1136,0.0,0.0,0.0,0.0,0.0,0,1,0.0,0.0,0,0.0,0.0,0.0,0,0,1,0,0.0,0.0,0.0,0,0.0,0,0.0,0.0,0.0,0,0.0,0.0,0.0,1.0,0.0,0.0,0.0,0.0,0,0.0,1,0.0,0,0.0,0,0.0,0.0,0.0,1,1,1,0.0,0,1,0.0,1.0,0.0,0.0,0.0,0.0,1,0.0,1,0.0,0,0,0.0,0.0,1.0,1.0,0.0,inward,BZT
1137,0.0,0.0,0.0,0.0,0.0,0,1,0.0,0.0,0,0.0,0.0,0.0,0,0,1,1,0.0,0.0,0.0,0,0.0,0,0.0,0.0,0.0,0,0.0,0.0,0.0,0.0,0.0,0.0,0.0,0.0,0,0.0,1,0.0,0,0.0,0,1.0,0.0,0.0,1,1,1,0.0,0,0,0.0,1.0,0.0,0.0,0.0,0.0,0,0.0,0,0.0,0,0,0.0,0.0,1.0,1.0,0.0,inward,BZT
1138,0.0,0.0,0.0,0.0,0.0,0,1,0.0,0.0,0,0.0,0.0,0.0,0,0,1,1,0.0,0.0,0.0,0,0.0,0,0.0,0.0,1.0,0,1.0,0.0,0.0,1.0,0.0,1.0,0.0,0.0,0,0.0,1,0.0,0,0.0,0,1.0,0.0,0.0,1,1,1,0.0,0,0,0.0,1.0,0.0,0.0,0.0,0.0,0,0.0,1,0.0,0,0,0.0,0.0,1.0,0.0,0.0,inward,BZT
1139,0.0,0.0,0.0,0.0,0.0,0,1,0.0,1.0,0,0.0,0.0,0.0,0,0,1,1,0.0,0.0,0.0,1,0.0,0,0.0,0.0,0.0,0,1.0,0.0,0.0,1.0,0.0,0.0,0.0,0.0,0,0.0,1,0.0,0,0.0,0,1.0,0.0,1.0,1,0,1,0.0,0,0,0.0,1.0,0.0,0.0,0.0,0.0,0,0.0,1,0.0,0,0,0.0,0.0,1.0,1.0,0.0,inward,BZT
1140,0.0,0.0,0.0,0.0,0.0,0,0,0.0,1.0,0,0.0,0.0,0.0,0,0,1,1,0.0,0.0,0.0,1,0.0,0,0.0,0.0,1.0,1,1.0,0.0,0.0,0.0,0.0,0.0,0.0,0.0,0,0.0,1,0.0,1,0.0,0,1.0,0.0,0.0,1,1,0,0.0,0,0,0.0,1.0,0.0,0.0,0.0,0.0,0,0.0,0,0.0,0,0,0.0,0.0,1.0,0.0,0.0,inward,BZT
1141,0.0,0.0,0.0,0.0,0.0,0,0,0.0,0.0,0,0.0,0.0,0.0,0,0,0,1,0.0,0.0,0.0,1,0.0,0,0.0,0.0,1.0,1,1.0,1.0,0.0,1.0,0.0,0.0,0.0,0.0,0,0.0,1,0.0,0,0.0,0,0.0,0.0,0.0,1,1,0,0.0,0,1,0.0,1.0,0.0,0.0,0.0,0.0,1,0.0,1,0.0,0,0,0.0,0.0,1.0,1.0,0.0,inward,BZT
1142,0.0,0.0,0.0,0.0,0.0,0,1,0.0,1.0,1,0.0,0.0,0.0,0,0,1,0,0.0,0.0,0.0,1,0.0,0,0.0,0.0,1.0,1,1.0,0.0,0.0,0.0,0.0,0.0,0.0,0.0,0,0.0,1,0.0,0,0.0,0,1.0,0.0,0.0,1,0,1,0.0,1,1,0.0,1.0,0.0,0.0,0.0,0.0,0,0.0,1,0.0,0,0,0.0,0.0,1.0,1.0,0.0,inward,BZT
1143,0.0,0.0,0.0,0.0,0.0,0,1,0.0,0.0,0,0.0,0.0,0.0,0,0,1,1,0.0,0.0,0.0,1,0.0,0,0.0,0.0,0.0,0,1.0,1.0,0.0,1.0,0.0,0.0,0.0,0.0,0,0.0,1,0.0,1,0.0,0,0.0,0.0,0.0,1,0,1,0.0,0,0,0.0,1.0,0.0,0.0,0.0,0.0,0,0.0,1,0.0,0,0,0.0,0.0,1.0,1.0,0.0,inward,BZT
1144,0.0,0.0,0.0,0.0,0.0,0,0,0.0,0.0,0,0.0,0.0,0.0,0,0,1,1,0.0,0.0,0.0,0,0.0,0,0.0,0.0,0.0,0,1.0,0.0,0.0,1.0,0.0,0.0,0.0,0.0,0,0.0,1,0.0,1,0.0,0,0.0,0.0,0.0,1,1,1,0.0,0,0,0.0,1.0,0.0,0.0,0.0,0.0,1,0.0,1,0.0,0,0,0.0,0.0,1.0,0.0,0.0,inward,BZT
1145,0.0,0.0,0.0,0.0,0.0,0,1,0.0,1.0,0,0.0,0.0,0.0,0,0,1,0,0.0,0.0,0.0,1,0.0,0,0.0,0.0,0.0,0,1.0,0.0,0.0,1.0,0.0,0.0,0.0,0.0,0,0.0,1,0.0,0,0.0,0,1.0,0.0,0.0,1,1,1,0.0,0,0,0.0,1.0,0.0,0.0,0.0,0.0,0,0.0,1,0.0,0,0,0.0,0.0,1.0,1.0,0.0,inward,BZT
1146,0.0,0.0,0.0,0.0,0.0,0,0,0.0,0.0,0,0.0,0.0,0.0,0,0,1,1,0.0,0.0,0.0,0,0.0,0,0.0,0.0,1.0,1,1.0,0.0,0.0,1.0,0.0,1.0,0.0,0.0,0,0.0,1,0.0,1,0.0,0,0.0,0.0,0.0,1,1,0,0.0,0,1,0.0,1.0,0.0,0.0,0.0,0.0,1,0.0,1,0.0,0,0,0.0,0.0,1.0,1.0,0.0,inward,BZT
1147,0.0,0.0,0.0,0.0,0.0,0,1,0.0,0.0,0,0.0,0.0,0.0,0,0,1,0,0.0,0.0,0.0,1,0.0,0,0.0,0.0,0.0,1,1.0,0.0,0.0,0.0,0.0,0.0,0.0,0.0,0,0.0,1,0.0,1,0.0,0,1.0,0.0,0.0,1,1,1,0.0,0,1,0.0,1.0,0.0,0.0,0.0,0.0,1,0.0,1,0.0,0,0,0.0,0.0,1.0,1.0,0.0,inward,BZT
1148,0.0,0.0,0.0,0.0,0.0,0,0,0.0,0.0,0,0.0,0.0,0.0,0,0,1,0,0.0,0.0,0.0,0,0.0,0,0.0,0.0,1.0,1,0.0,0.0,0.0,1.0,0.0,0.0,0.0,0.0,0,0.0,0,0.0,0,0.0,0,0.0,0.0,0.0,1,0,0,0.0,0,1,0.0,1.0,0.0,0.0,0.0,0.0,1,0.0,1,0.0,0,0,0.0,0.0,1.0,1.0,0.0,inward,BZT
1149,0.0,0.0,0.0,0.0,0.0,0,0,0.0,0.0,0,0.0,0.0,0.0,0,0,1,1,0.0,0.0,0.0,0,0.0,0,0.0,0.0,1.0,0,1.0,0.0,0.0,1.0,0.0,0.0,0.0,0.0,0,0.0,1,0.0,1,0.0,0,0.0,0.0,0.0,1,1,1,0.0,0,1,0.0,1.0,1.0,0.0,0.0,0.0,0,0.0,1,0.0,0,0,0.0,0.0,1.0,1.0,0.0,inward,BZT
1150,0.0,0.0,0.0,0.0,0.0,0,1,0.0,1.0,0,0.0,0.0,0.0,0,0,1,1,0.0,0.0,0.0,1,0.0,0,0.0,0.0,1.0,1,0.0,0.0,0.0,0.0,0.0,0.0,0.0,0.0,0,0.0,1,0.0,1,0.0,0,1.0,0.0,0.0,1,1,1,0.0,0,0,0.0,1.0,0.0,0.0,0.0,0.0,0,0.0,1,0.0,0,0,0.0,0.0,1.0,1.0,0.0,inward,BZT
1151,0.0,0.0,0.0,0.0,0.0,0,0,0.0,0.0,0,0.0,0.0,0.0,0,0,1,0,0.0,0.0,0.0,1,0.0,0,0.0,0.0,1.0,1,1.0,0.0,0.0,1.0,0.0,0.0,0.0,0.0,0,0.0,1,0.0,1,0.0,1,1.0,0.0,0.0,1,1,1,0.0,0,0,0.0,1.0,0.0,0.0,0.0,0.0,0,0.0,1,0.0,0,0,0.0,0.0,1.0,1.0,0.0,inward,BZT
1152,0.0,0.0,0.0,0.0,0.0,0,0,0.0,0.0,0,0.0,0.0,0.0,0,0,1,0,0.0,0.0,0.0,1,1.0,0,0.0,0.0,1.0,1,1.0,0.0,0.0,1.0,0.0,0.0,0.0,0.0,0,0.0,1,0.0,1,0.0,1,1.0,0.0,0.0,1,1,1,0.0,0,1,0.0,1.0,1.0,0.0,0.0,0.0,1,0.0,1,0.0,0,0,0.0,0.0,1.0,1.0,0.0,inward,BZT
1153,0.0,0.0,0.0,0.0,0.0,0,0,0.0,0.0,0,0.0,0.0,0.0,0,0,1,0,0.0,0.0,0.0,1,1.0,0,0.0,0.0,0.0,1,1.0,1.0,0.0,1.0,0.0,0.0,0.0,0.0,0,0.0,1,0.0,1,0.0,0,0.0,0.0,0.0,1,1,1,0.0,0,0,0.0,1.0,1.0,0.0,0.0,0.0,1,0.0,1,0.0,0,0,0.0,0.0,1.0,0.0,0.0,inward,BZT
1154,0.0,0.0,0.0,0.0,0.0,0,0,0.0,0.0,0,0.0,1.0,0.0,0,0,1,0,0.0,0.0,0.0,1,0.0,0,0.0,0.0,0.0,0,1.0,0.0,0.0,1.0,0.0,0.0,0.0,0.0,0,0.0,0,0.0,1,0.0,1,0.0,0.0,0.0,1,1,0,0.0,0,0,0.0,1.0,0.0,0.0,0.0,0.0,1,0.0,1,0.0,0,0,0.0,0.0,1.0,0.0,0.0,inward,BZT
1155,0.0,0.0,0.0,0.0,0.0,0,0,0.0,0.0,0,0.0,0.0,0.0,0,0,1,1,0.0,0.0,0.0,1,1.0,0,0.0,0.0,1.0,0,1.0,1.0,0.0,0.0,0.0,0.0,0.0,0.0,0,0.0,1,0.0,1,0.0,1,0.0,0.0,0.0,1,0,1,0.0,0,0,0.0,0.0,0.0,0.0,0.0,0.0,1,0.0,1,0.0,0,0,0.0,0.0,1.0,1.0,0.0,inward,BZT
1156,0.0,0.0,0.0,0.0,0.0,0,0,0.0,0.0,0,0.0,0.0,0.0,0,0,1,1,0.0,0.0,0.0,1,0.0,0,0.0,0.0,0.0,1,0.0,0.0,0.0,0.0,0.0,0.0,0.0,0.0,0,0.0,0,0.0,1,0.0,0,1.0,0.0,0.0,1,0,1,0.0,0,0,0.0,1.0,0.0,0.0,0.0,0.0,0,0.0,1,0.0,0,0,0.0,0.0,1.0,1.0,0.0,inward,BZT
1157,0.0,0.0,0.0,0.0,0.0,0,0,0.0,0.0,0,0.0,0.0,0.0,0,0,1,0,0.0,0.0,0.0,1,0.0,0,0.0,0.0,1.0,1,0.0,0.0,0.0,1.0,0.0,0.0,0.0,0.0,0,0.0,1,0.0,1,0.0,0,0.0,0.0,0.0,1,0,0,0.0,0,1,0.0,1.0,0.0,0.0,0.0,0.0,1,0.0,1,0.0,0,0,0.0,0.0,1.0,1.0,0.0,inward,BZT
1158,0.0,0.0,0.0,0.0,0.0,0,1,0.0,0.0,0,0.0,0.0,0.0,0,0,1,1,0.0,0.0,0.0,1,0.0,0,0.0,0.0,1.0,0,1.0,0.0,0.0,1.0,0.0,0.0,0.0,0.0,0,0.0,0,0.0,1,0.0,0,1.0,0.0,0.0,1,1,1,0.0,0,1,0.0,1.0,0.0,0.0,0.0,0.0,1,0.0,1,0.0,0,0,0.0,0.0,1.0,0.0,0.0,inward,BZT
1159,0.0,0.0,0.0,0.0,0.0,0,1,0.0,0.0,0,0.0,0.0,0.0,0,0,1,0,0.0,0.0,0.0,1,0.0,0,0.0,0.0,1.0,1,0.0,0.0,0.0,0.0,0.0,0.0,0.0,0.0,0,0.0,0,0.0,1,0.0,1,1.0,0.0,0.0,1,1,1,0.0,0,1,0.0,1.0,0.0,0.0,0.0,0.0,0,0.0,1,0.0,0,0,0.0,0.0,1.0,1.0,0.0,inward,BZT
1160,0.0,0.0,0.0,0.0,0.0,0,0,0.0,0.0,0,0.0,0.0,0.0,0,0,1,1,0.0,0.0,0.0,1,1.0,0,0.0,0.0,0.0,1,1.0,0.0,0.0,1.0,0.0,0.0,0.0,0.0,0,0.0,1,0.0,1,0.0,0,0.0,0.0,0.0,1,1,1,0.0,0,0,0.0,1.0,0.0,0.0,0.0,0.0,0,0.0,1,0.0,0,0,0.0,0.0,1.0,1.0,0.0,inward,BZT
1161,0.0,0.0,0.0,0.0,0.0,0,1,0.0,1.0,0,0.0,0.0,0.0,0,0,1,1,0.0,0.0,0.0,0,0.0,0,0.0,0.0,1.0,1,1.0,0.0,0.0,1.0,0.0,0.0,0.0,0.0,0,0.0,1,0.0,1,0.0,0,1.0,0.0,1.0,1,1,1,0.0,0,0,0.0,1.0,0.0,0.0,0.0,1.0,0,0.0,1,0.0,0,0,0.0,0.0,1.0,1.0,0.0,inward,BZT
1162,0.0,0.0,0.0,0.0,0.0,0,0,0.0,0.0,0,0.0,0.0,0.0,0,0,1,0,0.0,0.0,0.0,1,1.0,0,0.0,0.0,1.0,1,1.0,0.0,0.0,1.0,0.0,0.0,0.0,0.0,0,0.0,1,0.0,1,0.0,1,0.0,0.0,0.0,1,0,1,0.0,0,1,0.0,1.0,0.0,0.0,0.0,1.0,1,0.0,1,0.0,0,0,0.0,0.0,1.0,0.0,0.0,inward,BZT
1163,0.0,0.0,0.0,0.0,0.0,0,0,0.0,0.0,0,0.0,0.0,0.0,0,0,0,0,0.0,0.0,0.0,0,0.0,0,0.0,0.0,1.0,1,1.0,0.0,0.0,1.0,0.0,0.0,0.0,0.0,0,0.0,1,0.0,1,0.0,0,0.0,0.0,0.0,1,1,1,0.0,1,0,0.0,1.0,0.0,0.0,0.0,0.0,1,0.0,1,0.0,0,0,0.0,0.0,1.0,0.0,0.0,inward,BZT
1164,0.0,0.0,0.0,0.0,0.0,0,1,0.0,0.0,0,0.0,0.0,0.0,0,0,1,0,0.0,0.0,0.0,1,1.0,0,0.0,0.0,0.0,1,1.0,1.0,0.0,0.0,0.0,0.0,0.0,0.0,0,0.0,1,0.0,1,0.0,0,0.0,0.0,0.0,1,1,0,0.0,0,1,0.0,1.0,0.0,0.0,0.0,0.0,0,0.0,0,0.0,0,0,0.0,0.0,1.0,0.0,0.0,inward,BZT
1165,0.0,0.0,0.0,0.0,0.0,0,1,0.0,0.0,0,0.0,0.0,0.0,0,0,1,1,0.0,0.0,0.0,1,1.0,0,0.0,0.0,0.0,0,1.0,1.0,0.0,1.0,0.0,0.0,0.0,0.0,0,0.0,1,0.0,1,0.0,0,0.0,0.0,0.0,1,0,0,0.0,0,0,0.0,1.0,0.0,0.0,0.0,0.0,0,0.0,0,0.0,0,0,0.0,0.0,1.0,1.0,0.0,inward,BZT
1166,0.0,0.0,0.0,0.0,0.0,0,1,0.0,0.0,0,0.0,0.0,0.0,0,0,1,1,0.0,0.0,0.0,1,0.0,0,0.0,0.0,1.0,1,1.0,0.0,0.0,0.0,0.0,0.0,0.0,0.0,0,0.0,1,0.0,1,0.0,0,0.0,0.0,0.0,1,1,1,0.0,0,1,0.0,1.0,0.0,0.0,0.0,0.0,1,0.0,1,0.0,0,0,0.0,0.0,1.0,1.0,1.0,inward,BZT
1167,0.0,0.0,0.0,0.0,0.0,0,0,0.0,0.0,0,0.0,0.0,0.0,0,0,1,0,0.0,0.0,0.0,1,0.0,0,0.0,0.0,0.0,0,1.0,0.0,0.0,1.0,0.0,1.0,0.0,0.0,0,0.0,1,0.0,1,0.0,0,0.0,0.0,0.0,1,0,1,0.0,0,1,0.0,1.0,0.0,0.0,0.0,0.0,0,0.0,1,0.0,0,0,0.0,0.0,1.0,1.0,0.0,inward,BZT
1168,0.0,0.0,0.0,0.0,0.0,0,0,0.0,0.0,0,0.0,0.0,0.0,0,0,1,0,0.0,0.0,0.0,1,0.0,0,0.0,0.0,0.0,0,0.0,0.0,0.0,1.0,0.0,1.0,0.0,0.0,0,0.0,1,0.0,1,0.0,0,1.0,0.0,0.0,1,1,1,0.0,0,0,0.0,1.0,0.0,0.0,0.0,0.0,0,0.0,1,0.0,0,0,0.0,0.0,1.0,1.0,0.0,inward,BZT
1169,0.0,0.0,0.0,0.0,0.0,0,0,0.0,0.0,0,0.0,0.0,0.0,0,0,1,0,0.0,0.0,0.0,1,0.0,0,0.0,0.0,1.0,0,1.0,1.0,0.0,1.0,0.0,1.0,0.0,0.0,0,0.0,1,0.0,1,0.0,0,0.0,0.0,0.0,1,0,0,0.0,1,0,0.0,1.0,0.0,0.0,0.0,0.0,0,0.0,1,0.0,0,0,0.0,0.0,1.0,1.0,0.0,inward,BZT
1170,0.0,0.0,0.0,0.0,0.0,0,0,0.0,0.0,0,0.0,0.0,0.0,0,0,1,0,0.0,0.0,0.0,1,1.0,0,0.0,0.0,1.0,0,1.0,0.0,0.0,1.0,0.0,0.0,0.0,0.0,0,0.0,0,0.0,0,0.0,0,0.0,0.0,0.0,1,0,1,0.0,0,0,0.0,1.0,0.0,0.0,0.0,0.0,1,0.0,1,0.0,0,0,0.0,0.0,1.0,1.0,0.0,inward,BZT
1171,0.0,0.0,0.0,0.0,0.0,0,0,0.0,0.0,0,0.0,0.0,0.0,0,0,1,1,0.0,0.0,0.0,0,0.0,0,0.0,0.0,0.0,0,1.0,0.0,0.0,0.0,0.0,0.0,0.0,0.0,0,0.0,1,0.0,1,0.0,0,1.0,0.0,0.0,1,0,0,0.0,1,0,0.0,1.0,0.0,0.0,0.0,0.0,1,0.0,1,0.0,0,0,0.0,0.0,1.0,1.0,0.0,inward,BZT
1172,0.0,0.0,0.0,0.0,0.0,0,1,0.0,0.0,0,0.0,0.0,0.0,0,0,1,1,0.0,0.0,0.0,1,0.0,1,0.0,0.0,0.0,1,1.0,1.0,0.0,1.0,0.0,0.0,0.0,0.0,0,0.0,1,0.0,1,0.0,0,0.0,0.0,0.0,1,0,1,0.0,0,0,0.0,1.0,0.0,0.0,0.0,0.0,1,0.0,1,0.0,0,0,0.0,0.0,1.0,1.0,0.0,inward,BZT
1173,0.0,0.0,0.0,0.0,0.0,0,0,0.0,0.0,0,0.0,0.0,0.0,0,0,1,0,0.0,0.0,0.0,1,1.0,0,0.0,0.0,1.0,1,1.0,1.0,0.0,1.0,0.0,0.0,0.0,0.0,0,0.0,1,0.0,1,0.0,0,0.0,0.0,0.0,1,0,1,0.0,0,0,0.0,1.0,0.0,0.0,0.0,0.0,0,0.0,1,0.0,0,0,0.0,0.0,1.0,1.0,0.0,inward,BZT
1174,0.0,0.0,0.0,0.0,0.0,0,0,0.0,0.0,0,0.0,0.0,0.0,0,0,1,0,0.0,0.0,0.0,1,1.0,0,0.0,0.0,1.0,1,1.0,1.0,0.0,1.0,0.0,0.0,0.0,0.0,0,0.0,1,0.0,1,0.0,1,0.0,0.0,0.0,1,0,0,0.0,1,0,0.0,0.0,0.0,0.0,0.0,0.0,1,0.0,1,0.0,0,0,0.0,0.0,1.0,1.0,0.0,inward,BZT
1175,0.0,0.0,0.0,0.0,0.0,0,0,0.0,0.0,0,0.0,0.0,0.0,0,0,1,0,0.0,0.0,0.0,1,1.0,0,0.0,0.0,0.0,1,1.0,1.0,0.0,1.0,0.0,0.0,0.0,0.0,0,0.0,1,0.0,0,0.0,0,0.0,0.0,0.0,1,1,1,0.0,0,1,0.0,1.0,0.0,0.0,0.0,0.0,1,0.0,1,0.0,0,0,0.0,0.0,1.0,1.0,0.0,inward,BZT
1176,0.0,0.0,0.0,0.0,0.0,0,1,0.0,0.0,0,0.0,0.0,0.0,0,0,1,1,0.0,0.0,0.0,0,0.0,0,0.0,0.0,0.0,1,1.0,0.0,0.0,1.0,0.0,1.0,0.0,0.0,0,0.0,1,0.0,1,0.0,0,0.0,0.0,0.0,1,0,1,0.0,0,0,0.0,1.0,0.0,0.0,0.0,0.0,1,0.0,1,0.0,0,0,0.0,0.0,1.0,0.0,0.0,inward,BZT
1177,0.0,0.0,0.0,0.0,0.0,0,0,0.0,0.0,0,0.0,0.0,0.0,0,0,1,1,0.0,0.0,0.0,1,1.0,0,0.0,0.0,0.0,0,1.0,0.0,0.0,0.0,0.0,0.0,0.0,0.0,0,0.0,1,0.0,1,0.0,0,0.0,0.0,0.0,1,0,1,0.0,0,0,0.0,0.0,0.0,0.0,0.0,0.0,1,0.0,1,0.0,0,0,0.0,0.0,1.0,1.0,0.0,inward,BZT
1178,0.0,0.0,0.0,0.0,0.0,0,1,0.0,0.0,0,0.0,0.0,0.0,0,0,1,0,0.0,0.0,0.0,1,1.0,0,0.0,0.0,1.0,0,1.0,0.0,0.0,1.0,0.0,0.0,0.0,0.0,0,0.0,0,0.0,1,0.0,1,0.0,0.0,0.0,1,0,1,0.0,0,0,0.0,1.0,0.0,0.0,0.0,0.0,0,0.0,1,0.0,0,0,0.0,0.0,1.0,0.0,0.0,inward,BZT
1179,0.0,0.0,0.0,0.0,0.0,0,1,0.0,0.0,0,0.0,0.0,0.0,1,0,1,0,0.0,0.0,0.0,0,0.0,0,0.0,0.0,0.0,1,1.0,0.0,0.0,1.0,0.0,0.0,0.0,0.0,0,0.0,1,0.0,1,0.0,0,0.0,0.0,0.0,1,1,1,0.0,0,1,0.0,1.0,0.0,0.0,0.0,0.0,0,0.0,1,0.0,0,0,0.0,0.0,1.0,1.0,0.0,inward,BZT
1180,0.0,0.0,0.0,0.0,0.0,0,1,0.0,0.0,0,0.0,0.0,0.0,0,0,1,1,0.0,0.0,0.0,0,1.0,0,0.0,0.0,0.0,1,0.0,0.0,0.0,1.0,0.0,0.0,0.0,0.0,0,0.0,0,0.0,1,0.0,0,0.0,0.0,0.0,1,1,1,0.0,0,0,0.0,1.0,0.0,0.0,0.0,0.0,1,0.0,1,0.0,0,0,0.0,0.0,1.0,1.0,0.0,inward,BZT
1181,0.0,0.0,0.0,0.0,0.0,0,0,0.0,0.0,0,0.0,0.0,0.0,0,0,1,0,0.0,0.0,0.0,1,1.0,0,0.0,0.0,0.0,1,1.0,0.0,0.0,1.0,0.0,0.0,0.0,0.0,0,0.0,1,0.0,1,0.0,0,0.0,0.0,0.0,1,0,1,0.0,0,0,0.0,1.0,0.0,0.0,0.0,0.0,1,0.0,1,0.0,0,0,0.0,0.0,1.0,0.0,0.0,inward,BZT
1182,0.0,0.0,0.0,0.0,0.0,0,1,0.0,0.0,0,0.0,0.0,0.0,0,0,1,1,0.0,0.0,0.0,1,0.0,0,0.0,0.0,0.0,1,1.0,0.0,0.0,1.0,0.0,1.0,0.0,0.0,0,0.0,0,0.0,1,0.0,0,0.0,0.0,0.0,1,0,1,0.0,1,0,0.0,1.0,0.0,0.0,0.0,0.0,0,0.0,1,0.0,0,0,0.0,0.0,1.0,1.0,0.0,inward,BZT
1183,0.0,0.0,0.0,0.0,0.0,0,0,0.0,0.0,0,0.0,0.0,0.0,0,0,1,0,0.0,0.0,0.0,1,0.0,0,0.0,0.0,0.0,0,1.0,0.0,0.0,1.0,0.0,0.0,0.0,0.0,0,0.0,1,0.0,1,0.0,0,0.0,0.0,0.0,1,0,1,0.0,0,1,0.0,1.0,0.0,0.0,0.0,0.0,1,0.0,1,0.0,0,0,0.0,0.0,1.0,1.0,0.0,inward,BZT
1184,0.0,0.0,0.0,0.0,0.0,0,0,0.0,0.0,0,0.0,0.0,0.0,0,0,1,0,0.0,0.0,0.0,0,1.0,1,0.0,0.0,0.0,1,1.0,1.0,0.0,1.0,0.0,0.0,0.0,0.0,0,0.0,1,0.0,1,0.0,0,1.0,0.0,0.0,1,0,1,0.0,0,1,0.0,0.0,0.0,0.0,0.0,0.0,1,0.0,1,0.0,0,0,0.0,0.0,1.0,0.0,0.0,inward,BZT
1185,0.0,0.0,0.0,0.0,0.0,0,0,0.0,0.0,0,0.0,0.0,0.0,0,0,1,1,0.0,0.0,0.0,0,0.0,0,0.0,0.0,0.0,1,1.0,0.0,0.0,0.0,0.0,0.0,0.0,0.0,0,0.0,0,0.0,0,0.0,0,1.0,0.0,0.0,1,1,1,0.0,0,0,0.0,1.0,0.0,0.0,0.0,0.0,1,0.0,1,0.0,0,0,0.0,0.0,1.0,1.0,0.0,inward,BZT
1186,0.0,0.0,0.0,0.0,0.0,0,1,0.0,0.0,0,0.0,0.0,0.0,0,0,1,0,0.0,0.0,0.0,0,0.0,0,0.0,0.0,0.0,0,1.0,0.0,0.0,0.0,0.0,0.0,0.0,0.0,0,0.0,1,0.0,1,0.0,0,0.0,0.0,0.0,1,1,1,0.0,0,1,0.0,0.0,0.0,0.0,0.0,1.0,1,0.0,1,0.0,0,0,0.0,0.0,1.0,0.0,0.0,inward,BZT
1187,0.0,0.0,0.0,0.0,0.0,0,0,0.0,0.0,0,0.0,0.0,0.0,0,0,1,0,0.0,0.0,0.0,0,1.0,0,0.0,0.0,0.0,0,1.0,0.0,0.0,0.0,0.0,0.0,0.0,0.0,0,0.0,1,0.0,1,0.0,0,0.0,0.0,0.0,1,0,1,0.0,0,1,0.0,0.0,0.0,0.0,0.0,0.0,1,0.0,1,0.0,0,0,0.0,0.0,1.0,1.0,0.0,inward,BZT
1188,0.0,0.0,0.0,0.0,0.0,0,0,0.0,0.0,0,0.0,0.0,0.0,0,0,1,0,0.0,0.0,0.0,1,0.0,0,0.0,0.0,1.0,1,1.0,0.0,0.0,1.0,0.0,1.0,0.0,0.0,0,0.0,1,0.0,0,0.0,0,0.0,0.0,0.0,1,0,1,0.0,0,1,0.0,1.0,0.0,0.0,0.0,0.0,1,0.0,1,0.0,0,0,0.0,0.0,1.0,1.0,0.0,inward,BZT
1189,0.0,0.0,0.0,0.0,0.0,0,1,0.0,0.0,0,0.0,0.0,0.0,0,0,1,0,0.0,0.0,0.0,0,0.0,0,0.0,0.0,0.0,0,0.0,0.0,0.0,1.0,0.0,1.0,0.0,0.0,0,0.0,1,0.0,1,0.0,1,0.0,0.0,0.0,1,0,1,0.0,0,1,0.0,1.0,0.0,0.0,0.0,0.0,0,0.0,1,0.0,0,0,0.0,0.0,1.0,1.0,0.0,inward,BZT
1190,0.0,0.0,0.0,0.0,0.0,0,1,0.0,0.0,0,0.0,0.0,0.0,0,0,1,1,0.0,0.0,0.0,0,1.0,0,0.0,0.0,0.0,0,0.0,0.0,0.0,1.0,0.0,0.0,0.0,0.0,0,0.0,1,0.0,1,0.0,0,0.0,0.0,0.0,1,1,1,0.0,0,0,0.0,1.0,0.0,0.0,0.0,0.0,1,0.0,1,0.0,0,0,0.0,0.0,1.0,1.0,0.0,inward,BZT
1191,0.0,0.0,0.0,0.0,0.0,0,0,0.0,0.0,0,0.0,0.0,0.0,0,0,1,0,0.0,0.0,0.0,1,1.0,0,0.0,0.0,0.0,0,1.0,0.0,0.0,0.0,0.0,0.0,0.0,0.0,0,0.0,0,0.0,1,0.0,0,0.0,0.0,0.0,1,1,1,0.0,0,0,0.0,1.0,0.0,0.0,0.0,0.0,1,0.0,1,0.0,0,0,0.0,0.0,1.0,0.0,0.0,inward,BZT
1192,0.0,0.0,0.0,0.0,0.0,0,0,0.0,0.0,0,0.0,0.0,0.0,0,0,1,1,0.0,0.0,0.0,1,0.0,0,0.0,0.0,0.0,1,0.0,0.0,0.0,0.0,0.0,0.0,0.0,0.0,0,0.0,1,0.0,1,0.0,1,0.0,0.0,0.0,1,1,1,0.0,0,1,0.0,1.0,0.0,0.0,0.0,0.0,1,0.0,1,0.0,0,0,0.0,0.0,1.0,1.0,0.0,inward,BZT
1193,0.0,0.0,0.0,0.0,0.0,0,0,0.0,0.0,0,0.0,0.0,0.0,0,0,1,0,0.0,0.0,0.0,1,1.0,0,0.0,0.0,1.0,1,1.0,0.0,0.0,1.0,0.0,1.0,0.0,0.0,0,0.0,1,0.0,1,0.0,1,0.0,0.0,0.0,1,1,1,0.0,0,0,0.0,1.0,0.0,0.0,0.0,0.0,0,0.0,1,0.0,0,0,0.0,0.0,1.0,1.0,0.0,inward,BZT
1194,0.0,0.0,0.0,0.0,0.0,0,0,0.0,0.0,0,0.0,0.0,0.0,0,0,1,0,0.0,0.0,0.0,0,0.0,0,0.0,0.0,0.0,1,0.0,0.0,0.0,0.0,0.0,0.0,0.0,0.0,0,0.0,1,0.0,1,0.0,1,0.0,0.0,0.0,1,0,1,0.0,0,1,0.0,0.0,0.0,0.0,0.0,0.0,1,0.0,1,0.0,0,0,0.0,0.0,1.0,1.0,0.0,inward,BZT
1195,0.0,0.0,0.0,0.0,0.0,0,0,0.0,0.0,0,0.0,0.0,0.0,0,0,1,0,0.0,0.0,0.0,1,0.0,0,0.0,0.0,1.0,1,1.0,0.0,0.0,1.0,0.0,1.0,0.0,0.0,0,0.0,1,0.0,1,0.0,0,0.0,0.0,0.0,1,1,1,0.0,0,0,0.0,1.0,0.0,0.0,0.0,0.0,0,0.0,1,0.0,0,0,0.0,0.0,1.0,1.0,0.0,inward,BZT
1196,0.0,0.0,0.0,0.0,0.0,0,0,0.0,0.0,0,0.0,0.0,0.0,0,0,1,0,0.0,0.0,0.0,0,1.0,0,0.0,0.0,0.0,1,1.0,1.0,0.0,1.0,0.0,0.0,0.0,0.0,0,0.0,1,0.0,1,0.0,0,0.0,0.0,0.0,1,0,1,0.0,0,0,0.0,1.0,0.0,0.0,0.0,0.0,1,0.0,1,0.0,0,0,0.0,0.0,1.0,1.0,0.0,inward,BZT
1197,0.0,0.0,0.0,0.0,0.0,0,0,0.0,0.0,0,0.0,0.0,0.0,0,0,1,1,0.0,0.0,0.0,1,0.0,0,0.0,0.0,0.0,1,1.0,1.0,0.0,1.0,0.0,0.0,0.0,0.0,0,0.0,0,0.0,1,0.0,0,0.0,0.0,0.0,1,1,1,0.0,0,1,0.0,0.0,0.0,0.0,0.0,0.0,1,0.0,1,0.0,0,0,0.0,0.0,1.0,1.0,0.0,inward,BZT
1198,0.0,0.0,0.0,0.0,0.0,0,0,0.0,0.0,0,0.0,0.0,0.0,0,0,1,0,0.0,0.0,0.0,1,0.0,0,0.0,0.0,0.0,1,0.0,0.0,0.0,1.0,0.0,0.0,0.0,0.0,0,0.0,1,0.0,0,0.0,0,0.0,0.0,0.0,1,1,1,0.0,0,0,0.0,1.0,0.0,0.0,0.0,0.0,0,0.0,1,0.0,0,0,0.0,0.0,1.0,1.0,0.0,inward,BZT
1199,0.0,0.0,0.0,0.0,0.0,0,0,0.0,0.0,0,0.0,0.0,0.0,0,0,1,1,0.0,0.0,0.0,0,0.0,0,0.0,0.0,0.0,1,1.0,1.0,0.0,1.0,0.0,0.0,0.0,0.0,0,0.0,1,0.0,1,0.0,1,0.0,0.0,0.0,1,1,1,0.0,0,1,0.0,1.0,0.0,0.0,0.0,0.0,1,0.0,0,0.0,0,0,0.0,0.0,1.0,0.0,0.0,inward,BZT
1200,0.0,0.0,0.0,0.0,0.0,0,0,0.0,0.0,0,0.0,0.0,0.0,0,0,1,0,0.0,0.0,0.0,1,1.0,0,0.0,0.0,0.0,0,1.0,1.0,0.0,0.0,0.0,0.0,0.0,0.0,0,0.0,1,0.0,1,0.0,0,0.0,0.0,0.0,1,1,1,0.0,0,0,0.0,0.0,0.0,0.0,0.0,0.0,0,0.0,1,0.0,0,0,0.0,0.0,1.0,1.0,0.0,inward,BZT
1201,0.0,0.0,0.0,0.0,0.0,0,0,0.0,0.0,0,0.0,0.0,0.0,1,0,1,1,0.0,0.0,0.0,1,0.0,0,0.0,0.0,0.0,1,1.0,0.0,0.0,1.0,0.0,0.0,0.0,0.0,0,0.0,1,0.0,1,0.0,1,0.0,0.0,0.0,1,1,1,0.0,0,1,0.0,0.0,0.0,0.0,0.0,0.0,1,0.0,1,0.0,0,0,0.0,0.0,1.0,0.0,0.0,inward,BZT
1202,0.0,0.0,0.0,0.0,0.0,0,0,0.0,0.0,0,0.0,0.0,0.0,0,0,1,0,0.0,0.0,0.0,1,1.0,0,0.0,0.0,0.0,1,1.0,0.0,0.0,0.0,0.0,0.0,0.0,0.0,0,0.0,1,0.0,1,0.0,0,1.0,0.0,0.0,1,1,1,0.0,0,1,0.0,0.0,0.0,0.0,0.0,0.0,1,0.0,1,0.0,0,0,0.0,0.0,1.0,1.0,0.0,inward,BZT
1203,0.0,0.0,0.0,0.0,0.0,0,0,0.0,0.0,0,0.0,0.0,0.0,0,0,1,1,0.0,0.0,0.0,1,0.0,0,0.0,0.0,0.0,0,1.0,1.0,0.0,0.0,0.0,0.0,0.0,0.0,0,0.0,1,0.0,1,0.0,1,1.0,0.0,0.0,1,1,1,0.0,0,1,0.0,0.0,0.0,0.0,0.0,0.0,0,0.0,0,0.0,0,0,0.0,0.0,1.0,0.0,0.0,inward,BZT
1204,0.0,0.0,0.0,0.0,0.0,0,0,0.0,0.0,0,0.0,0.0,0.0,1,0,1,1,0.0,0.0,0.0,1,1.0,0,0.0,0.0,0.0,1,1.0,0.0,0.0,1.0,0.0,0.0,0.0,0.0,0,0.0,0,0.0,1,0.0,0,0.0,0.0,0.0,1,0,1,0.0,0,0,0.0,1.0,0.0,0.0,0.0,0.0,0,0.0,1,0.0,0,0,0.0,0.0,1.0,1.0,0.0,inward,BZT
1205,0.0,0.0,0.0,0.0,0.0,0,0,0.0,0.0,0,0.0,0.0,0.0,1,0,1,1,0.0,0.0,0.0,1,0.0,0,0.0,0.0,0.0,0,1.0,0.0,0.0,1.0,0.0,1.0,0.0,0.0,0,0.0,1,0.0,0,0.0,0,0.0,0.0,0.0,1,0,1,0.0,0,0,0.0,1.0,0.0,0.0,0.0,0.0,1,0.0,0,0.0,0,0,0.0,0.0,1.0,1.0,0.0,inward,BZT
1206,0.0,0.0,0.0,0.0,0.0,0,0,0.0,0.0,0,0.0,0.0,0.0,0,0,1,0,0.0,0.0,0.0,1,1.0,0,0.0,0.0,0.0,1,1.0,0.0,0.0,1.0,0.0,0.0,0.0,0.0,0,0.0,1,0.0,0,0.0,0,1.0,0.0,1.0,1,0,1,0.0,0,1,0.0,0.0,0.0,0.0,0.0,0.0,1,0.0,1,0.0,0,0,0.0,0.0,1.0,0.0,0.0,inward,BZT
1207,0.0,0.0,0.0,0.0,0.0,0,0,0.0,0.0,0,0.0,0.0,0.0,0,0,1,1,0.0,0.0,0.0,1,1.0,0,0.0,0.0,0.0,1,1.0,1.0,0.0,1.0,0.0,0.0,0.0,0.0,0,0.0,1,0.0,0,0.0,0,0.0,0.0,0.0,1,0,0,0.0,0,0,0.0,1.0,1.0,0.0,0.0,0.0,0,0.0,1,0.0,0,0,0.0,0.0,1.0,1.0,0.0,inward,BZT
1208,0.0,0.0,0.0,0.0,0.0,0,0,0.0,0.0,0,0.0,0.0,0.0,0,0,1,1,0.0,0.0,0.0,1,0.0,0,0.0,0.0,1.0,1,1.0,0.0,0.0,0.0,0.0,0.0,0.0,0.0,0,0.0,0,0.0,1,0.0,0,1.0,0.0,0.0,1,0,1,0.0,0,1,0.0,1.0,0.0,0.0,0.0,0.0,0,0.0,0,0.0,0,0,0.0,0.0,1.0,1.0,0.0,inward,BZT
1209,0.0,0.0,0.0,0.0,0.0,0,0,0.0,0.0,0,0.0,0.0,0.0,0,0,1,0,0.0,0.0,0.0,1,0.0,0,0.0,0.0,0.0,0,1.0,0.0,0.0,1.0,0.0,0.0,0.0,0.0,0,0.0,1,0.0,1,0.0,0,0.0,0.0,0.0,1,0,1,0.0,0,0,0.0,1.0,0.0,0.0,0.0,0.0,0,0.0,1,0.0,0,0,0.0,0.0,1.0,1.0,0.0,inward,BZT
1210,0.0,0.0,0.0,0.0,0.0,0,1,0.0,0.0,0,0.0,0.0,0.0,0,0,1,0,0.0,0.0,0.0,1,0.0,0,0.0,0.0,1.0,1,1.0,0.0,0.0,1.0,0.0,0.0,0.0,0.0,0,0.0,1,0.0,1,0.0,0,0.0,0.0,0.0,1,1,1,0.0,0,0,0.0,1.0,0.0,0.0,0.0,0.0,0,0.0,1,0.0,0,0,0.0,0.0,1.0,1.0,0.0,inward,BZT
1211,0.0,0.0,0.0,0.0,0.0,0,0,0.0,0.0,0,0.0,0.0,0.0,0,0,1,1,0.0,0.0,0.0,1,1.0,0,0.0,0.0,0.0,0,1.0,0.0,0.0,0.0,0.0,0.0,0.0,0.0,0,0.0,1,0.0,0,0.0,0,1.0,0.0,0.0,1,1,1,0.0,0,0,0.0,1.0,0.0,0.0,0.0,0.0,1,0.0,0,0.0,0,0,0.0,0.0,1.0,1.0,0.0,inward,BZT
1212,0.0,0.0,0.0,0.0,0.0,0,0,0.0,0.0,0,0.0,0.0,0.0,0,0,1,1,0.0,0.0,0.0,1,0.0,0,0.0,0.0,1.0,1,1.0,0.0,0.0,1.0,0.0,1.0,0.0,0.0,0,0.0,1,0.0,0,0.0,0,0.0,0.0,0.0,1,1,1,0.0,0,1,0.0,1.0,0.0,0.0,0.0,0.0,1,0.0,1,0.0,0,0,0.0,0.0,1.0,1.0,0.0,inward,BZT
1213,0.0,0.0,0.0,0.0,0.0,0,0,0.0,0.0,0,0.0,0.0,0.0,1,0,1,1,0.0,0.0,0.0,1,0.0,0,0.0,0.0,1.0,0,1.0,0.0,0.0,1.0,0.0,0.0,0.0,0.0,0,0.0,1,0.0,0,0.0,0,1.0,0.0,0.0,1,0,0,0.0,1,0,0.0,1.0,0.0,0.0,0.0,0.0,0,0.0,1,0.0,0,0,0.0,0.0,1.0,1.0,0.0,inward,BZT
1214,0.0,0.0,0.0,0.0,0.0,0,0,0.0,0.0,0,0.0,0.0,0.0,0,0,1,0,0.0,0.0,0.0,0,0.0,0,0.0,0.0,0.0,1,1.0,1.0,0.0,0.0,0.0,0.0,0.0,0.0,0,0.0,0,0.0,1,0.0,0,1.0,0.0,0.0,1,1,0,0.0,0,0,0.0,1.0,0.0,0.0,0.0,0.0,0,0.0,0,0.0,0,0,0.0,0.0,1.0,1.0,0.0,inward,BZT
1215,0.0,0.0,0.0,0.0,0.0,0,0,0.0,0.0,0,0.0,0.0,0.0,0,0,1,0,0.0,0.0,0.0,1,0.0,0,0.0,0.0,0.0,0,1.0,0.0,0.0,0.0,0.0,0.0,0.0,0.0,0,0.0,1,0.0,1,0.0,0,0.0,0.0,0.0,1,0,1,0.0,0,1,0.0,0.0,0.0,0.0,0.0,0.0,1,0.0,1,0.0,0,0,0.0,0.0,1.0,1.0,0.0,inward,BZT
1216,0.0,0.0,0.0,0.0,0.0,0,0,0.0,0.0,0,0.0,0.0,0.0,0,0,1,0,0.0,0.0,0.0,1,0.0,0,0.0,0.0,0.0,0,1.0,1.0,0.0,1.0,0.0,1.0,0.0,0.0,0,0.0,0,0.0,0,0.0,0,0.0,0.0,0.0,1,0,0,0.0,0,0,0.0,1.0,0.0,0.0,0.0,0.0,0,0.0,1,0.0,0,0,0.0,0.0,1.0,0.0,0.0,inward,BZT
1217,0.0,0.0,0.0,0.0,0.0,0,0,0.0,0.0,0,0.0,0.0,0.0,0,0,1,0,0.0,0.0,0.0,0,0.0,0,0.0,0.0,0.0,0,1.0,0.0,0.0,0.0,0.0,0.0,0.0,0.0,0,0.0,0,0.0,1,0.0,0,0.0,0.0,0.0,1,1,1,0.0,0,1,0.0,0.0,0.0,0.0,0.0,0.0,1,0.0,1,0.0,0,0,0.0,0.0,1.0,0.0,0.0,inward,BZT
1218,0.0,0.0,0.0,0.0,0.0,0,1,0.0,0.0,0,0.0,0.0,0.0,0,0,1,1,0.0,0.0,0.0,1,0.0,0,0.0,0.0,0.0,0,1.0,0.0,0.0,0.0,0.0,0.0,0.0,0.0,0,0.0,1,0.0,1,0.0,0,0.0,0.0,0.0,1,1,1,0.0,0,0,0.0,1.0,0.0,0.0,0.0,0.0,1,0.0,1,0.0,0,0,0.0,0.0,1.0,0.0,0.0,inward,BZT
1219,0.0,0.0,0.0,0.0,0.0,0,0,0.0,0.0,0,0.0,0.0,0.0,0,0,1,0,0.0,0.0,0.0,0,0.0,0,0.0,0.0,0.0,1,1.0,1.0,0.0,1.0,0.0,0.0,0.0,0.0,0,0.0,1,0.0,1,0.0,0,1.0,0.0,0.0,1,0,1,0.0,0,0,0.0,0.0,0.0,0.0,0.0,0.0,0,0.0,1,0.0,0,0,0.0,0.0,1.0,1.0,0.0,inward,BZT
1220,0.0,0.0,0.0,0.0,0.0,0,1,0.0,0.0,0,0.0,0.0,0.0,0,0,1,1,0.0,0.0,0.0,1,0.0,0,0.0,0.0,0.0,1,1.0,1.0,0.0,1.0,0.0,0.0,0.0,0.0,0,0.0,1,0.0,0,0.0,0,1.0,0.0,0.0,1,0,0,0.0,0,0,0.0,1.0,0.0,0.0,0.0,0.0,1,0.0,0,0.0,0,0,0.0,0.0,1.0,1.0,0.0,inward,BZT
1221,0.0,0.0,0.0,0.0,0.0,0,1,0.0,0.0,0,0.0,0.0,0.0,0,0,1,1,0.0,0.0,0.0,0,0.0,0,0.0,0.0,0.0,0,1.0,0.0,0.0,1.0,0.0,0.0,0.0,0.0,0,0.0,0,0.0,1,0.0,0,0.0,0.0,0.0,1,0,1,0.0,0,1,0.0,1.0,0.0,0.0,0.0,0.0,1,0.0,1,0.0,0,0,0.0,0.0,1.0,0.0,0.0,inward,BZT
1222,0.0,0.0,0.0,0.0,0.0,0,0,0.0,0.0,0,0.0,0.0,0.0,0,0,1,0,0.0,0.0,0.0,1,1.0,0,0.0,0.0,0.0,1,1.0,1.0,0.0,0.0,0.0,0.0,0.0,0.0,0,0.0,0,0.0,1,0.0,0,0.0,0.0,0.0,1,0,1,0.0,0,0,0.0,0.0,0.0,0.0,0.0,0.0,0,0.0,1,0.0,0,0,0.0,0.0,1.0,1.0,0.0,inward,BZT
1223,0.0,0.0,0.0,0.0,0.0,0,1,0.0,0.0,0,0.0,0.0,0.0,0,0,1,0,0.0,0.0,0.0,1,1.0,0,0.0,0.0,0.0,0,1.0,0.0,0.0,0.0,0.0,0.0,0.0,0.0,0,0.0,0,0.0,1,0.0,0,1.0,0.0,0.0,1,1,1,0.0,0,0,0.0,0.0,0.0,0.0,0.0,0.0,1,0.0,0,0.0,0,0,0.0,0.0,1.0,1.0,0.0,inward,BZT
1224,0.0,0.0,0.0,0.0,0.0,0,0,0.0,0.0,0,0.0,0.0,0.0,0,0,1,1,0.0,0.0,0.0,0,1.0,0,0.0,0.0,0.0,0,1.0,0.0,0.0,1.0,0.0,0.0,0.0,0.0,0,0.0,1,0.0,1,0.0,0,1.0,0.0,0.0,1,0,1,0.0,0,0,0.0,0.0,0.0,0.0,0.0,0.0,0,0.0,1,0.0,0,0,0.0,0.0,1.0,1.0,0.0,inward,BZT
1225,0.0,0.0,0.0,0.0,0.0,0,1,0.0,0.0,0,0.0,0.0,0.0,0,0,1,0,0.0,0.0,0.0,0,0.0,0,0.0,0.0,0.0,1,1.0,1.0,0.0,1.0,0.0,0.0,0.0,0.0,0,0.0,1,0.0,1,0.0,1,0.0,0.0,0.0,1,0,1,0.0,1,0,0.0,1.0,0.0,0.0,0.0,0.0,1,0.0,1,0.0,0,0,0.0,0.0,1.0,1.0,0.0,inward,BZT
1226,0.0,0.0,0.0,0.0,0.0,0,0,0.0,0.0,0,0.0,0.0,0.0,0,0,1,1,0.0,0.0,0.0,1,0.0,0,0.0,0.0,0.0,0,1.0,0.0,0.0,0.0,0.0,0.0,0.0,0.0,0,0.0,1,0.0,1,0.0,0,1.0,0.0,0.0,1,0,1,0.0,0,0,0.0,1.0,0.0,0.0,0.0,0.0,1,0.0,1,0.0,0,0,0.0,0.0,1.0,0.0,0.0,inward,BZT
1227,0.0,0.0,0.0,0.0,0.0,0,0,0.0,0.0,0,0.0,0.0,0.0,0,0,1,0,0.0,0.0,0.0,1,0.0,0,0.0,0.0,0.0,1,0.0,0.0,0.0,0.0,0.0,0.0,0.0,0.0,0,0.0,1,0.0,1,0.0,0,0.0,0.0,0.0,1,1,0,0.0,0,0,0.0,1.0,0.0,0.0,0.0,0.0,1,0.0,1,0.0,0,0,0.0,0.0,1.0,0.0,0.0,inward,BZT
1228,0.0,0.0,0.0,0.0,0.0,0,0,0.0,0.0,0,0.0,0.0,0.0,0,0,0,0,0.0,0.0,0.0,1,1.0,0,0.0,0.0,0.0,1,1.0,0.0,0.0,0.0,0.0,0.0,0.0,0.0,0,0.0,1,0.0,1,0.0,1,1.0,0.0,0.0,1,1,1,0.0,0,0,0.0,1.0,0.0,0.0,0.0,0.0,0,0.0,1,0.0,0,0,0.0,0.0,1.0,1.0,0.0,inward,BZT
1229,0.0,0.0,0.0,0.0,0.0,0,0,0.0,0.0,0,0.0,0.0,0.0,0,0,1,0,0.0,0.0,0.0,1,1.0,0,0.0,0.0,0.0,0,1.0,0.0,0.0,0.0,0.0,0.0,0.0,0.0,0,0.0,0,0.0,1,0.0,1,0.0,0.0,0.0,1,0,1,0.0,0,1,0.0,1.0,0.0,0.0,0.0,0.0,1,0.0,1,0.0,0,0,0.0,0.0,1.0,1.0,0.0,inward,BZT
1230,0.0,0.0,0.0,0.0,0.0,0,0,0.0,0.0,0,0.0,0.0,0.0,0,0,1,1,0.0,0.0,0.0,0,0.0,0,0.0,0.0,1.0,1,1.0,0.0,0.0,1.0,0.0,0.0,0.0,0.0,0,0.0,0,0.0,1,0.0,0,0.0,0.0,0.0,1,1,1,0.0,0,1,0.0,0.0,0.0,0.0,0.0,0.0,0,0.0,1,0.0,0,0,0.0,0.0,1.0,1.0,0.0,inward,BZT
1231,0.0,0.0,0.0,0.0,0.0,0,1,0.0,0.0,0,0.0,0.0,0.0,0,0,1,1,0.0,0.0,0.0,1,0.0,0,0.0,0.0,0.0,0,1.0,0.0,0.0,0.0,0.0,0.0,0.0,0.0,0,0.0,1,0.0,1,0.0,1,1.0,0.0,0.0,1,1,0,0.0,0,1,0.0,1.0,0.0,0.0,0.0,0.0,1,0.0,1,0.0,0,0,0.0,0.0,1.0,0.0,0.0,inward,BZT
1232,0.0,0.0,0.0,0.0,0.0,0,0,0.0,0.0,0,0.0,0.0,0.0,0,0,1,0,0.0,0.0,0.0,1,1.0,0,0.0,0.0,0.0,0,1.0,0.0,0.0,0.0,0.0,0.0,0.0,0.0,0,0.0,1,0.0,1,0.0,0,0.0,0.0,0.0,1,0,1,0.0,0,0,0.0,0.0,0.0,0.0,0.0,0.0,1,0.0,1,0.0,0,0,0.0,0.0,1.0,1.0,0.0,inward,BZT
1233,0.0,0.0,0.0,0.0,0.0,0,0,0.0,0.0,0,0.0,0.0,0.0,0,0,1,1,0.0,0.0,0.0,1,0.0,0,0.0,0.0,0.0,0,1.0,0.0,0.0,0.0,0.0,0.0,0.0,0.0,0,0.0,1,0.0,0,0.0,0,0.0,0.0,0.0,1,0,1,0.0,0,1,0.0,1.0,0.0,0.0,0.0,0.0,0,0.0,1,0.0,0,0,0.0,0.0,1.0,0.0,0.0,inward,BZT
1234,0.0,0.0,0.0,0.0,0.0,0,0,0.0,0.0,0,0.0,0.0,0.0,1,0,1,1,0.0,0.0,0.0,1,1.0,0,0.0,0.0,0.0,1,0.0,0.0,0.0,0.0,0.0,0.0,0.0,0.0,0,0.0,0,0.0,1,0.0,0,0.0,0.0,0.0,1,1,0,0.0,0,0,0.0,1.0,0.0,0.0,0.0,0.0,1,0.0,1,0.0,0,0,0.0,0.0,1.0,1.0,0.0,inward,BZT
1235,0.0,0.0,0.0,0.0,0.0,0,1,0.0,0.0,0,0.0,0.0,0.0,0,0,1,0,0.0,0.0,0.0,0,0.0,0,0.0,0.0,0.0,0,1.0,0.0,0.0,1.0,0.0,0.0,0.0,0.0,0,0.0,1,0.0,1,0.0,0,0.0,0.0,0.0,1,1,1,0.0,0,1,0.0,1.0,0.0,0.0,0.0,0.0,0,0.0,1,0.0,0,0,0.0,0.0,1.0,1.0,0.0,inward,BZT
1236,0.0,0.0,0.0,0.0,0.0,0,0,0.0,0.0,0,0.0,0.0,0.0,0,0,1,1,0.0,0.0,0.0,1,0.0,0,0.0,0.0,0.0,0,1.0,0.0,0.0,0.0,0.0,0.0,0.0,0.0,0,0.0,1,0.0,1,0.0,0,1.0,0.0,0.0,1,0,1,0.0,0,0,0.0,1.0,0.0,0.0,0.0,0.0,1,0.0,1,0.0,0,0,0.0,0.0,1.0,1.0,0.0,inward,BZT
1237,0.0,0.0,0.0,0.0,0.0,0,0,0.0,0.0,0,0.0,0.0,0.0,0,0,1,0,0.0,0.0,0.0,1,0.0,0,0.0,0.0,0.0,0,1.0,0.0,0.0,0.0,0.0,0.0,0.0,0.0,0,0.0,1,0.0,1,0.0,0,1.0,0.0,0.0,1,0,0,0.0,0,1,0.0,0.0,0.0,0.0,0.0,1.0,1,0.0,1,0.0,0,0,0.0,0.0,1.0,1.0,0.0,inward,BZT
1238,0.0,0.0,0.0,0.0,0.0,0,0,0.0,0.0,0,0.0,0.0,0.0,0,0,1,0,0.0,0.0,0.0,1,0.0,0,0.0,0.0,0.0,1,1.0,1.0,0.0,0.0,0.0,0.0,0.0,0.0,0,0.0,1,0.0,1,0.0,0,1.0,0.0,0.0,1,1,1,0.0,0,1,0.0,0.0,0.0,0.0,0.0,0.0,1,0.0,1,0.0,0,0,0.0,0.0,1.0,1.0,0.0,inward,BZT
1239,0.0,0.0,0.0,0.0,0.0,0,0,0.0,0.0,0,0.0,0.0,0.0,0,0,1,0,0.0,0.0,0.0,0,1.0,0,0.0,0.0,0.0,0,1.0,0.0,0.0,0.0,0.0,0.0,0.0,0.0,0,0.0,1,0.0,1,0.0,0,1.0,0.0,0.0,1,0,1,0.0,0,0,0.0,0.0,0.0,0.0,0.0,0.0,1,0.0,1,0.0,0,0,0.0,0.0,1.0,1.0,0.0,inward,BZT
1240,0.0,0.0,0.0,0.0,0.0,0,1,0.0,0.0,0,0.0,0.0,0.0,0,0,1,1,0.0,0.0,0.0,1,0.0,0,0.0,0.0,0.0,0,1.0,0.0,0.0,0.0,0.0,0.0,0.0,0.0,0,0.0,1,0.0,0,0.0,0,1.0,0.0,0.0,1,1,1,0.0,0,1,0.0,0.0,0.0,0.0,0.0,0.0,1,0.0,1,0.0,0,0,0.0,0.0,1.0,1.0,0.0,inward,BZT
1241,0.0,0.0,0.0,0.0,0.0,0,1,0.0,0.0,0,0.0,0.0,0.0,0,0,1,0,0.0,0.0,0.0,1,0.0,0,0.0,0.0,1.0,0,1.0,1.0,0.0,0.0,0.0,0.0,0.0,0.0,0,0.0,0,0.0,1,0.0,1,0.0,0.0,0.0,1,0,1,0.0,0,0,0.0,1.0,0.0,0.0,0.0,1.0,1,0.0,1,0.0,0,0,0.0,0.0,1.0,1.0,0.0,inward,BZT
1242,0.0,0.0,0.0,0.0,0.0,0,1,0.0,0.0,0,0.0,0.0,0.0,0,0,1,1,0.0,0.0,0.0,1,0.0,0,0.0,0.0,0.0,0,1.0,1.0,0.0,0.0,0.0,0.0,0.0,0.0,0,0.0,1,0.0,1,0.0,1,0.0,0.0,0.0,1,1,0,0.0,0,0,0.0,0.0,0.0,0.0,0.0,0.0,1,0.0,1,0.0,0,0,0.0,0.0,1.0,1.0,0.0,inward,BZT
1243,0.0,0.0,0.0,0.0,0.0,0,0,0.0,0.0,0,0.0,0.0,0.0,0,0,1,0,0.0,0.0,0.0,0,0.0,0,0.0,0.0,0.0,1,0.0,0.0,0.0,0.0,0.0,0.0,0.0,0.0,0,0.0,1,0.0,0,0.0,0,1.0,0.0,0.0,1,1,1,0.0,0,1,0.0,1.0,0.0,0.0,0.0,1.0,1,0.0,1,0.0,0,0,0.0,0.0,1.0,1.0,0.0,inward,BZT
1244,0.0,0.0,0.0,0.0,0.0,0,0,0.0,0.0,0,0.0,0.0,0.0,0,0,1,1,0.0,0.0,0.0,1,0.0,0,0.0,0.0,0.0,0,1.0,0.0,0.0,0.0,0.0,0.0,0.0,0.0,0,0.0,1,0.0,0,0.0,0,1.0,0.0,1.0,1,0,1,0.0,0,0,0.0,0.0,0.0,0.0,0.0,0.0,0,0.0,0,0.0,0,0,0.0,0.0,1.0,1.0,0.0,inward,BZT
1245,0.0,0.0,0.0,0.0,0.0,0,1,0.0,0.0,0,0.0,0.0,0.0,0,0,1,0,0.0,0.0,0.0,1,0.0,0,0.0,0.0,0.0,0,0.0,0.0,0.0,0.0,0.0,0.0,0.0,0.0,0,0.0,1,0.0,1,0.0,0,0.0,0.0,0.0,1,1,1,0.0,0,1,0.0,0.0,0.0,0.0,0.0,0.0,1,0.0,0,0.0,0,0,0.0,0.0,1.0,1.0,0.0,inward,BZT
1246,0.0,0.0,0.0,0.0,0.0,0,0,0.0,0.0,0,0.0,0.0,0.0,0,0,1,0,0.0,0.0,0.0,1,1.0,0,0.0,0.0,0.0,1,1.0,0.0,0.0,0.0,0.0,0.0,0.0,0.0,0,0.0,1,0.0,1,0.0,0,1.0,0.0,0.0,1,1,0,0.0,0,1,0.0,0.0,0.0,0.0,0.0,0.0,1,0.0,1,0.0,0,0,0.0,0.0,1.0,1.0,0.0,inward,BZT
1247,0.0,0.0,0.0,0.0,0.0,0,0,0.0,0.0,0,0.0,0.0,0.0,0,0,1,0,0.0,0.0,0.0,0,0.0,0,0.0,0.0,0.0,1,1.0,0.0,0.0,0.0,0.0,0.0,0.0,0.0,0,0.0,1,0.0,0,0.0,0,1.0,0.0,0.0,1,0,1,0.0,0,1,0.0,0.0,0.0,0.0,0.0,0.0,0,0.0,0,0.0,0,0,0.0,0.0,1.0,1.0,0.0,inward,BZT
1248,0.0,0.0,0.0,0.0,0.0,0,0,0.0,0.0,0,0.0,0.0,0.0,0,0,1,0,0.0,0.0,0.0,1,0.0,0,0.0,0.0,0.0,1,1.0,0.0,0.0,1.0,0.0,0.0,0.0,0.0,0,0.0,1,0.0,1,0.0,0,1.0,0.0,0.0,1,1,0,0.0,0,0,0.0,1.0,0.0,0.0,0.0,0.0,0,0.0,0,0.0,0,0,0.0,0.0,1.0,1.0,0.0,inward,BZT
1249,0.0,0.0,0.0,0.0,0.0,0,1,0.0,0.0,0,0.0,0.0,0.0,0,0,1,0,0.0,0.0,0.0,1,1.0,0,0.0,0.0,0.0,0,1.0,0.0,0.0,0.0,0.0,0.0,0.0,0.0,0,0.0,0,0.0,1,0.0,0,1.0,0.0,0.0,1,1,1,0.0,0,0,0.0,0.0,0.0,0.0,0.0,0.0,0,0.0,1,0.0,0,0,0.0,0.0,1.0,1.0,0.0,inward,BZT
1250,0.0,0.0,0.0,0.0,0.0,0,1,0.0,0.0,0,0.0,0.0,0.0,0,0,1,0,0.0,0.0,0.0,0,0.0,0,0.0,0.0,1.0,1,0.0,0.0,0.0,1.0,0.0,1.0,0.0,0.0,0,0.0,1,0.0,1,0.0,0,1.0,0.0,1.0,1,0,1,0.0,1,1,0.0,1.0,0.0,0.0,0.0,0.0,0,0.0,0,0.0,0,0,0.0,0.0,1.0,1.0,0.0,inward,BZT
1251,0.0,0.0,0.0,0.0,0.0,0,0,0.0,0.0,0,0.0,0.0,0.0,0,0,1,0,0.0,0.0,0.0,0,0.0,1,0.0,0.0,0.0,0,1.0,0.0,0.0,1.0,0.0,0.0,0.0,0.0,0,0.0,0,0.0,1,0.0,0,0.0,0.0,0.0,1,0,1,0.0,0,0,0.0,0.0,0.0,0.0,0.0,0.0,0,0.0,0,0.0,0,0,0.0,0.0,1.0,1.0,0.0,inward,BZT
1252,0.0,0.0,0.0,0.0,0.0,0,0,0.0,0.0,0,0.0,0.0,0.0,0,0,1,1,0.0,0.0,0.0,1,0.0,0,0.0,0.0,0.0,1,1.0,1.0,0.0,1.0,0.0,1.0,0.0,0.0,0,0.0,1,0.0,0,0.0,0,0.0,0.0,0.0,1,0,0,0.0,0,1,0.0,1.0,0.0,0.0,0.0,0.0,0,0.0,0,0.0,0,0,0.0,0.0,1.0,1.0,0.0,inward,BZT
1253,0.0,0.0,0.0,0.0,0.0,0,1,0.0,0.0,0,0.0,0.0,0.0,0,0,1,0,0.0,0.0,0.0,0,0.0,0,0.0,0.0,0.0,0,0.0,0.0,0.0,0.0,0.0,0.0,0.0,0.0,0,0.0,0,0.0,0,0.0,0,0.0,0.0,0.0,1,0,1,0.0,0,1,0.0,1.0,0.0,0.0,0.0,0.0,0,0.0,0,0.0,0,0,0.0,0.0,1.0,1.0,0.0,inward,BZT
1254,0.0,0.0,0.0,0.0,0.0,0,0,0.0,0.0,0,0.0,1.0,0.0,0,0,1,0,0.0,0.0,0.0,1,1.0,0,0.0,0.0,0.0,0,1.0,0.0,0.0,1.0,0.0,0.0,0.0,0.0,0,0.0,1,0.0,1,0.0,0,0.0,0.0,0.0,1,1,1,0.0,0,1,0.0,1.0,0.0,0.0,0.0,0.0,1,0.0,0,0.0,0,0,0.0,0.0,1.0,1.0,0.0,inward,BZT
1255,0.0,0.0,0.0,0.0,0.0,0,1,0.0,0.0,0,0.0,0.0,0.0,0,0,1,1,0.0,0.0,0.0,0,0.0,0,0.0,0.0,0.0,0,1.0,1.0,0.0,1.0,0.0,0.0,0.0,0.0,0,0.0,1,0.0,0,0.0,0,1.0,0.0,0.0,1,1,1,0.0,0,1,0.0,1.0,0.0,0.0,0.0,0.0,0,0.0,1,0.0,0,0,0.0,0.0,1.0,1.0,0.0,inward,BZT
1256,0.0,0.0,0.0,0.0,0.0,0,1,0.0,0.0,0,0.0,0.0,0.0,0,0,1,0,0.0,0.0,0.0,0,0.0,0,0.0,0.0,0.0,1,1.0,1.0,0.0,0.0,0.0,0.0,0.0,0.0,0,0.0,1,0.0,1,0.0,0,1.0,0.0,0.0,1,1,1,0.0,0,1,0.0,0.0,0.0,0.0,0.0,0.0,0,0.0,0,0.0,0,0,0.0,0.0,1.0,1.0,0.0,inward,BZT
1257,0.0,0.0,0.0,0.0,0.0,0,0,0.0,0.0,0,0.0,0.0,0.0,0,0,1,0,0.0,0.0,0.0,1,0.0,0,0.0,0.0,0.0,0,1.0,0.0,0.0,1.0,0.0,0.0,0.0,0.0,0,0.0,1,0.0,1,0.0,0,0.0,0.0,0.0,1,0,1,0.0,0,0,0.0,0.0,0.0,0.0,0.0,0.0,0,0.0,0,0.0,0,0,0.0,0.0,1.0,1.0,0.0,inward,BZT
1258,0.0,0.0,0.0,0.0,0.0,0,0,0.0,0.0,0,0.0,0.0,0.0,0,0,1,1,0.0,0.0,0.0,0,1.0,1,0.0,0.0,0.0,0,1.0,0.0,0.0,0.0,0.0,0.0,0.0,0.0,0,0.0,0,0.0,1,0.0,0,1.0,0.0,0.0,1,0,1,0.0,0,1,0.0,0.0,0.0,0.0,0.0,0.0,0,0.0,0,0.0,0,0,0.0,0.0,1.0,1.0,0.0,inward,BZT
1259,0.0,0.0,0.0,0.0,0.0,0,1,0.0,0.0,0,0.0,0.0,0.0,0,0,1,1,0.0,0.0,0.0,0,0.0,0,0.0,0.0,0.0,0,1.0,0.0,0.0,1.0,0.0,0.0,0.0,0.0,0,0.0,1,0.0,1,0.0,0,0.0,0.0,0.0,1,1,1,0.0,1,0,0.0,1.0,0.0,0.0,0.0,0.0,0,0.0,0,0.0,0,0,0.0,0.0,1.0,1.0,0.0,inward,BZT
1260,0.0,0.0,0.0,0.0,0.0,0,0,0.0,0.0,0,0.0,0.0,0.0,0,0,1,1,0.0,0.0,0.0,1,0.0,0,0.0,0.0,0.0,0,1.0,1.0,0.0,1.0,0.0,0.0,0.0,0.0,0,0.0,1,0.0,1,0.0,0,0.0,0.0,0.0,1,0,1,0.0,0,1,0.0,1.0,0.0,0.0,0.0,0.0,0,0.0,1,0.0,0,0,0.0,0.0,1.0,1.0,0.0,inward,BZT
1261,0.0,0.0,0.0,0.0,0.0,0,0,0.0,0.0,0,0.0,0.0,0.0,0,0,1,1,0.0,0.0,0.0,1,1.0,0,0.0,0.0,0.0,1,1.0,0.0,0.0,1.0,0.0,0.0,0.0,0.0,0,0.0,0,0.0,0,0.0,0,0.0,0.0,0.0,1,0,1,0.0,0,1,0.0,1.0,0.0,0.0,0.0,0.0,0,0.0,0,0.0,0,0,0.0,0.0,1.0,0.0,0.0,inward,BZT
1262,0.0,0.0,0.0,0.0,0.0,0,1,0.0,0.0,0,0.0,0.0,0.0,0,0,1,1,0.0,0.0,0.0,1,0.0,0,0.0,0.0,1.0,1,1.0,1.0,0.0,0.0,0.0,0.0,0.0,0.0,0,0.0,1,0.0,1,0.0,0,0.0,0.0,0.0,1,1,0,0.0,0,1,0.0,1.0,0.0,0.0,0.0,0.0,0,0.0,1,0.0,0,0,0.0,0.0,1.0,1.0,0.0,inward,BZT
1263,0.0,0.0,0.0,0.0,0.0,0,0,0.0,0.0,0,0.0,0.0,0.0,0,0,1,0,0.0,0.0,0.0,0,1.0,0,0.0,0.0,0.0,0,1.0,1.0,0.0,1.0,0.0,0.0,0.0,0.0,0,0.0,1,0.0,1,0.0,1,0.0,0.0,0.0,1,0,0,0.0,0,0,0.0,1.0,0.0,0.0,0.0,0.0,0,0.0,0,0.0,0,0,0.0,0.0,1.0,0.0,0.0,inward,BZT
1264,0.0,0.0,0.0,0.0,0.0,0,1,0.0,0.0,0,0.0,0.0,0.0,0,0,1,1,0.0,0.0,0.0,0,0.0,0,0.0,0.0,0.0,1,1.0,0.0,0.0,1.0,0.0,0.0,0.0,0.0,0,0.0,1,0.0,1,0.0,1,0.0,0.0,0.0,1,0,1,0.0,0,1,0.0,1.0,0.0,0.0,0.0,0.0,0,0.0,1,0.0,0,0,0.0,0.0,1.0,1.0,0.0,inward,BZT
1265,0.0,0.0,0.0,0.0,0.0,0,0,0.0,0.0,0,0.0,0.0,0.0,0,0,1,0,0.0,0.0,0.0,1,0.0,0,0.0,0.0,1.0,0,1.0,0.0,0.0,1.0,0.0,0.0,0.0,0.0,0,0.0,1,0.0,1,0.0,0,1.0,0.0,0.0,1,1,0,0.0,0,0,0.0,1.0,0.0,0.0,0.0,0.0,0,0.0,0,0.0,0,0,0.0,0.0,1.0,1.0,0.0,inward,BZT
1266,0.0,0.0,0.0,0.0,0.0,0,0,0.0,0.0,0,0.0,0.0,0.0,0,0,1,0,0.0,0.0,0.0,0,0.0,0,0.0,0.0,0.0,1,1.0,0.0,0.0,0.0,0.0,0.0,0.0,0.0,0,0.0,1,0.0,1,0.0,0,1.0,0.0,1.0,1,0,0,0.0,0,1,0.0,0.0,0.0,0.0,0.0,1.0,0,0.0,1,0.0,0,0,0.0,0.0,1.0,0.0,0.0,inward,BZT
1267,0.0,0.0,0.0,0.0,0.0,0,1,0.0,0.0,0,0.0,0.0,0.0,1,0,1,1,0.0,0.0,0.0,0,0.0,0,0.0,0.0,0.0,0,0.0,0.0,0.0,0.0,0.0,0.0,0.0,0.0,0,0.0,0,0.0,1,0.0,0,1.0,0.0,0.0,1,0,1,0.0,0,1,0.0,1.0,0.0,0.0,0.0,0.0,0,0.0,0,0.0,0,0,0.0,0.0,1.0,1.0,0.0,inward,BZT
1268,0.0,0.0,0.0,0.0,0.0,0,0,0.0,0.0,0,0.0,0.0,0.0,0,0,1,1,0.0,0.0,0.0,0,1.0,0,0.0,0.0,0.0,0,1.0,0.0,0.0,1.0,0.0,0.0,0.0,0.0,0,0.0,1,0.0,1,0.0,0,1.0,0.0,0.0,1,1,1,0.0,0,0,0.0,1.0,0.0,0.0,0.0,0.0,1,0.0,1,0.0,0,0,0.0,0.0,1.0,0.0,0.0,inward,BZT
1269,0.0,0.0,0.0,0.0,0.0,0,0,0.0,0.0,0,0.0,0.0,0.0,0,0,1,0,0.0,0.0,0.0,1,0.0,0,0.0,0.0,0.0,0,1.0,1.0,0.0,0.0,0.0,0.0,0.0,0.0,0,0.0,1,0.0,0,0.0,0,0.0,0.0,0.0,1,0,1,0.0,0,1,0.0,0.0,0.0,0.0,0.0,0.0,1,0.0,1,0.0,0,0,0.0,0.0,1.0,1.0,0.0,inward,BZT
1270,0.0,0.0,0.0,0.0,0.0,0,0,0.0,0.0,0,0.0,0.0,0.0,1,0,1,1,0.0,0.0,0.0,0,1.0,0,0.0,0.0,0.0,1,0.0,0.0,0.0,0.0,0.0,0.0,0.0,0.0,0,0.0,1,0.0,0,0.0,0,0.0,0.0,0.0,1,0,1,0.0,0,0,0.0,1.0,0.0,0.0,0.0,0.0,1,0.0,1,0.0,0,0,0.0,0.0,1.0,1.0,0.0,inward,BZT
1271,0.0,0.0,0.0,0.0,0.0,0,0,0.0,0.0,0,0.0,0.0,0.0,0,0,1,1,0.0,0.0,0.0,1,1.0,0,0.0,0.0,0.0,0,0.0,0.0,0.0,0.0,0.0,0.0,0.0,0.0,0,0.0,1,0.0,1,0.0,0,0.0,0.0,0.0,1,0,1,0.0,0,1,0.0,1.0,0.0,0.0,0.0,0.0,1,0.0,1,0.0,0,0,0.0,0.0,1.0,1.0,0.0,inward,BZT
1272,0.0,0.0,0.0,0.0,0.0,0,1,0.0,0.0,1,0.0,0.0,0.0,0,0,1,1,0.0,0.0,0.0,0,1.0,0,0.0,0.0,1.0,1,0.0,0.0,0.0,0.0,0.0,0.0,0.0,0.0,0,0.0,1,0.0,1,0.0,0,1.0,0.0,0.0,1,0,0,0.0,1,0,0.0,0.0,0.0,0.0,0.0,0.0,0,0.0,1,0.0,0,0,0.0,0.0,1.0,1.0,0.0,inward,BZT
1273,0.0,0.0,0.0,0.0,0.0,0,0,0.0,0.0,0,0.0,0.0,0.0,0,0,1,1,0.0,0.0,0.0,1,0.0,0,0.0,0.0,1.0,1,1.0,0.0,0.0,1.0,0.0,0.0,0.0,0.0,0,0.0,1,0.0,1,0.0,0,0.0,0.0,0.0,1,0,1,0.0,0,0,0.0,1.0,0.0,0.0,0.0,0.0,1,0.0,1,0.0,0,0,0.0,0.0,1.0,1.0,0.0,inward,BZT
1274,0.0,0.0,0.0,0.0,0.0,0,0,0.0,0.0,0,0.0,0.0,0.0,0,0,1,1,0.0,0.0,0.0,1,0.0,0,0.0,0.0,0.0,1,1.0,0.0,0.0,0.0,0.0,0.0,0.0,0.0,0,0.0,1,0.0,1,0.0,1,1.0,0.0,0.0,1,0,1,0.0,0,0,0.0,0.0,0.0,0.0,0.0,0.0,0,0.0,1,0.0,0,0,0.0,0.0,1.0,1.0,0.0,inward,BZT
1275,0.0,0.0,0.0,0.0,0.0,0,0,0.0,0.0,0,0.0,0.0,0.0,0,0,1,1,0.0,0.0,0.0,1,1.0,0,0.0,0.0,0.0,0,1.0,0.0,0.0,0.0,0.0,0.0,0.0,0.0,0,0.0,1,0.0,1,0.0,0,1.0,0.0,0.0,1,0,1,0.0,0,0,0.0,1.0,0.0,0.0,0.0,0.0,1,0.0,1,0.0,0,0,0.0,0.0,1.0,1.0,0.0,inward,BZT
1276,0.0,0.0,0.0,0.0,0.0,0,0,0.0,0.0,0,0.0,0.0,0.0,0,0,1,0,0.0,0.0,0.0,0,0.0,0,0.0,0.0,1.0,0,1.0,0.0,0.0,1.0,0.0,0.0,0.0,0.0,0,0.0,0,0.0,1,0.0,0,0.0,0.0,0.0,1,1,0,0.0,0,1,0.0,1.0,0.0,0.0,0.0,0.0,0,0.0,1,0.0,0,0,0.0,0.0,1.0,1.0,0.0,inward,BZT
1277,0.0,0.0,0.0,0.0,0.0,0,0,0.0,0.0,0,0.0,0.0,0.0,0,0,1,1,0.0,0.0,0.0,1,0.0,0,0.0,0.0,1.0,1,1.0,0.0,0.0,1.0,0.0,1.0,0.0,0.0,0,0.0,1,0.0,1,0.0,0,1.0,0.0,1.0,1,0,0,0.0,0,0,0.0,1.0,0.0,0.0,0.0,0.0,0,0.0,1,0.0,0,0,0.0,0.0,1.0,1.0,0.0,inward,BZT
1278,0.0,0.0,0.0,0.0,0.0,0,1,0.0,0.0,0,0.0,0.0,0.0,0,0,1,0,0.0,0.0,0.0,1,0.0,0,0.0,0.0,1.0,0,1.0,0.0,0.0,1.0,0.0,0.0,0.0,0.0,0,0.0,1,0.0,1,0.0,1,1.0,0.0,0.0,1,1,0,0.0,0,0,0.0,1.0,0.0,0.0,0.0,0.0,0,0.0,1,0.0,0,0,0.0,0.0,1.0,1.0,0.0,inward,BZT
1279,0.0,0.0,0.0,0.0,0.0,1,1,0.0,0.0,0,0.0,0.0,0.0,0,0,1,1,0.0,0.0,0.0,1,0.0,0,0.0,0.0,0.0,0,1.0,0.0,0.0,1.0,0.0,1.0,0.0,0.0,0,0.0,1,0.0,1,0.0,0,0.0,0.0,0.0,1,1,1,0.0,0,0,0.0,1.0,0.0,0.0,0.0,0.0,0,0.0,1,0.0,0,0,0.0,0.0,1.0,1.0,0.0,inward,BZT
1280,0.0,0.0,0.0,0.0,0.0,0,0,0.0,0.0,0,0.0,0.0,0.0,0,0,0,0,0.0,0.0,0.0,0,1.0,0,0.0,0.0,0.0,1,1.0,1.0,0.0,0.0,0.0,0.0,0.0,0.0,0,0.0,0,0.0,1,0.0,0,0.0,0.0,0.0,1,1,1,0.0,0,1,0.0,1.0,0.0,0.0,0.0,0.0,1,0.0,1,0.0,0,0,0.0,0.0,1.0,1.0,0.0,inward,BZT
1281,0.0,0.0,0.0,0.0,0.0,0,0,0.0,0.0,0,0.0,0.0,0.0,0,0,1,0,0.0,0.0,0.0,1,0.0,0,0.0,0.0,0.0,0,1.0,1.0,0.0,0.0,0.0,0.0,0.0,0.0,0,0.0,0,0.0,1,0.0,0,1.0,0.0,0.0,1,1,0,0.0,0,1,0.0,0.0,0.0,0.0,0.0,0.0,1,0.0,1,0.0,0,0,0.0,0.0,1.0,1.0,0.0,inward,BZT
1282,0.0,0.0,0.0,0.0,0.0,0,1,0.0,0.0,0,0.0,0.0,0.0,0,0,1,0,0.0,0.0,0.0,1,0.0,0,0.0,0.0,0.0,0,1.0,0.0,0.0,0.0,0.0,0.0,0.0,0.0,0,0.0,0,0.0,1,0.0,0,0.0,0.0,0.0,1,0,0,0.0,0,1,0.0,0.0,0.0,0.0,0.0,0.0,1,0.0,0,0.0,0,0,0.0,0.0,1.0,1.0,0.0,inward,BZT
1283,0.0,0.0,0.0,0.0,0.0,0,0,0.0,0.0,0,0.0,0.0,0.0,0,0,1,0,0.0,0.0,0.0,0,0.0,0,0.0,0.0,0.0,1,1.0,0.0,0.0,0.0,0.0,0.0,0.0,0.0,0,0.0,1,0.0,1,0.0,1,1.0,0.0,0.0,1,1,1,0.0,0,0,0.0,0.0,0.0,0.0,0.0,0.0,1,0.0,1,0.0,0,0,0.0,0.0,1.0,1.0,0.0,inward,BZT
1284,0.0,0.0,0.0,0.0,0.0,0,0,0.0,0.0,0,0.0,0.0,0.0,0,0,1,1,0.0,0.0,0.0,0,1.0,0,0.0,0.0,0.0,0,1.0,1.0,0.0,1.0,0.0,0.0,0.0,0.0,0,0.0,1,0.0,0,0.0,0,0.0,0.0,0.0,1,0,0,0.0,1,0,0.0,1.0,0.0,0.0,0.0,0.0,1,0.0,1,0.0,0,0,0.0,0.0,1.0,1.0,0.0,inward,BZT
1285,0.0,0.0,0.0,0.0,0.0,0,0,0.0,0.0,0,0.0,0.0,0.0,0,0,1,1,0.0,0.0,0.0,0,1.0,1,0.0,0.0,0.0,1,1.0,0.0,0.0,1.0,0.0,0.0,0.0,0.0,0,0.0,1,0.0,1,0.0,0,0.0,0.0,0.0,1,0,1,0.0,0,1,0.0,1.0,0.0,0.0,0.0,0.0,1,0.0,1,0.0,0,0,0.0,0.0,1.0,1.0,0.0,inward,BZT
1286,0.0,0.0,0.0,0.0,0.0,0,0,0.0,0.0,0,0.0,0.0,0.0,0,0,1,0,0.0,0.0,0.0,1,0.0,0,0.0,0.0,0.0,1,1.0,0.0,0.0,0.0,0.0,0.0,0.0,0.0,0,0.0,1,0.0,1,0.0,0,0.0,0.0,0.0,1,0,1,0.0,0,1,0.0,0.0,0.0,0.0,0.0,0.0,1,0.0,0,0.0,0,0,0.0,0.0,1.0,1.0,0.0,inward,BZT
1287,0.0,0.0,0.0,0.0,0.0,0,1,0.0,0.0,0,0.0,0.0,0.0,0,0,1,1,0.0,0.0,0.0,0,1.0,0,0.0,0.0,0.0,1,1.0,1.0,0.0,1.0,0.0,0.0,0.0,0.0,0,0.0,0,0.0,1,0.0,0,0.0,0.0,0.0,1,1,1,0.0,0,1,0.0,0.0,0.0,0.0,0.0,0.0,1,0.0,1,0.0,0,0,0.0,0.0,1.0,1.0,0.0,inward,BZT
1288,0.0,0.0,0.0,0.0,0.0,0,1,0.0,0.0,0,0.0,0.0,0.0,0,0,1,0,0.0,0.0,0.0,1,0.0,0,0.0,0.0,1.0,1,1.0,0.0,0.0,1.0,0.0,0.0,0.0,0.0,0,0.0,1,0.0,1,0.0,0,0.0,0.0,0.0,1,0,1,0.0,0,0,0.0,1.0,0.0,0.0,0.0,0.0,0,0.0,1,0.0,0,0,0.0,0.0,1.0,1.0,0.0,inward,BZT
1289,0.0,0.0,0.0,0.0,0.0,0,0,0.0,0.0,0,0.0,0.0,0.0,0,0,1,1,0.0,0.0,0.0,0,1.0,0,0.0,0.0,0.0,0,1.0,1.0,0.0,1.0,0.0,0.0,0.0,0.0,0,0.0,1,0.0,1,0.0,0,0.0,0.0,0.0,1,1,1,0.0,0,0,0.0,1.0,0.0,0.0,0.0,0.0,1,0.0,1,0.0,0,0,0.0,0.0,1.0,1.0,0.0,inward,BZT
1290,0.0,0.0,0.0,0.0,0.0,1,1,0.0,0.0,0,0.0,0.0,0.0,0,0,1,1,0.0,0.0,0.0,0,0.0,0,0.0,0.0,0.0,0,1.0,0.0,0.0,1.0,0.0,0.0,0.0,0.0,0,0.0,1,0.0,0,0.0,0,0.0,0.0,0.0,1,1,1,0.0,0,0,0.0,1.0,0.0,0.0,0.0,0.0,1,0.0,1,0.0,0,0,0.0,0.0,1.0,0.0,0.0,inward,BZT
1291,0.0,0.0,0.0,0.0,0.0,0,1,0.0,0.0,0,0.0,0.0,0.0,0,0,1,0,0.0,0.0,0.0,1,0.0,0,0.0,0.0,0.0,0,1.0,0.0,0.0,1.0,0.0,1.0,0.0,0.0,0,0.0,1,0.0,0,0.0,0,0.0,0.0,0.0,1,1,1,0.0,0,0,0.0,1.0,0.0,0.0,0.0,0.0,1,0.0,1,0.0,0,0,0.0,0.0,1.0,1.0,0.0,inward,BZT
1292,0.0,0.0,0.0,0.0,0.0,0,1,0.0,0.0,0,0.0,0.0,0.0,0,0,1,0,0.0,0.0,0.0,1,0.0,0,0.0,0.0,0.0,1,1.0,1.0,0.0,1.0,0.0,0.0,0.0,0.0,0,0.0,0,0.0,1,0.0,1,0.0,0.0,0.0,1,1,1,0.0,0,0,0.0,0.0,0.0,0.0,0.0,1.0,0,0.0,1,0.0,0,0,0.0,0.0,1.0,1.0,0.0,inward,BZT
1293,0.0,0.0,0.0,0.0,0.0,0,1,0.0,0.0,0,0.0,0.0,0.0,0,0,1,1,0.0,0.0,0.0,1,1.0,0,0.0,0.0,0.0,1,1.0,0.0,0.0,1.0,0.0,0.0,0.0,0.0,0,0.0,1,0.0,1,0.0,0,0.0,0.0,0.0,1,0,1,0.0,1,0,0.0,1.0,0.0,0.0,0.0,0.0,1,0.0,1,0.0,0,0,0.0,0.0,1.0,1.0,0.0,inward,BZT
1294,0.0,0.0,0.0,0.0,0.0,1,1,0.0,0.0,0,0.0,0.0,0.0,0,0,1,0,0.0,0.0,0.0,1,1.0,0,0.0,0.0,0.0,0,1.0,0.0,0.0,1.0,0.0,0.0,0.0,0.0,0,0.0,0,0.0,1,0.0,1,0.0,0.0,0.0,1,0,1,0.0,1,1,0.0,1.0,0.0,0.0,0.0,0.0,0,0.0,1,0.0,0,0,0.0,0.0,1.0,1.0,0.0,inward,BZT
1295,0.0,0.0,0.0,0.0,0.0,0,0,0.0,0.0,0,0.0,0.0,0.0,1,0,1,1,0.0,0.0,0.0,0,0.0,0,0.0,0.0,1.0,1,1.0,0.0,0.0,1.0,0.0,0.0,0.0,0.0,0,0.0,1,0.0,1,0.0,0,0.0,0.0,0.0,1,0,1,0.0,0,0,0.0,1.0,0.0,0.0,0.0,0.0,0,0.0,1,0.0,0,0,0.0,0.0,1.0,0.0,0.0,inward,BZT
1296,0.0,0.0,0.0,0.0,0.0,0,1,0.0,0.0,0,0.0,0.0,0.0,0,0,1,1,0.0,0.0,0.0,1,0.0,0,0.0,0.0,0.0,1,0.0,0.0,0.0,0.0,0.0,0.0,0.0,0.0,0,0.0,1,0.0,1,0.0,0,0.0,0.0,0.0,1,0,1,0.0,1,0,0.0,0.0,0.0,0.0,0.0,0.0,0,0.0,1,0.0,0,0,0.0,0.0,1.0,1.0,0.0,inward,BZT
1297,0.0,0.0,0.0,0.0,0.0,0,1,0.0,0.0,0,0.0,0.0,0.0,0,0,1,1,0.0,0.0,0.0,0,0.0,0,0.0,0.0,0.0,0,1.0,0.0,0.0,1.0,0.0,0.0,0.0,0.0,0,0.0,1,0.0,1,0.0,0,0.0,0.0,0.0,1,0,1,0.0,0,0,0.0,0.0,0.0,0.0,0.0,0.0,1,0.0,1,0.0,0,0,0.0,0.0,1.0,1.0,1.0,inward,BZT
1298,0.0,0.0,0.0,0.0,0.0,0,1,0.0,0.0,0,0.0,0.0,0.0,0,0,1,1,0.0,0.0,0.0,0,0.0,0,0.0,0.0,0.0,0,1.0,1.0,0.0,1.0,0.0,0.0,0.0,0.0,0,0.0,1,0.0,0,0.0,0,1.0,0.0,0.0,1,1,1,0.0,0,0,0.0,1.0,0.0,0.0,0.0,0.0,0,0.0,1,0.0,0,0,0.0,0.0,1.0,1.0,0.0,inward,BZT
1299,0.0,0.0,0.0,0.0,0.0,0,0,0.0,0.0,0,0.0,0.0,0.0,0,0,1,0,0.0,0.0,0.0,0,1.0,0,0.0,0.0,0.0,1,1.0,1.0,0.0,0.0,0.0,0.0,0.0,0.0,0,0.0,1,0.0,1,0.0,1,0.0,0.0,0.0,1,1,1,0.0,0,1,0.0,1.0,0.0,0.0,0.0,0.0,1,0.0,0,0.0,0,0,0.0,0.0,1.0,1.0,0.0,inward,BZT
1300,0.0,0.0,0.0,0.0,0.0,0,0,0.0,0.0,0,0.0,0.0,0.0,0,0,1,1,0.0,0.0,0.0,1,0.0,0,0.0,0.0,0.0,1,1.0,1.0,0.0,1.0,0.0,0.0,0.0,0.0,0,0.0,1,0.0,1,0.0,0,0.0,0.0,0.0,1,0,1,0.0,1,0,0.0,1.0,0.0,0.0,0.0,0.0,1,0.0,1,0.0,0,0,0.0,0.0,1.0,1.0,0.0,inward,BZT
1301,0.0,0.0,0.0,0.0,0.0,0,0,0.0,0.0,0,0.0,1.0,0.0,0,0,1,1,0.0,0.0,0.0,1,1.0,0,0.0,0.0,0.0,1,1.0,0.0,0.0,0.0,0.0,0.0,0.0,0.0,0,0.0,1,0.0,1,0.0,0,0.0,0.0,0.0,1,0,1,0.0,0,1,0.0,1.0,0.0,0.0,0.0,0.0,1,0.0,1,0.0,0,0,0.0,0.0,1.0,0.0,0.0,inward,BZT
1302,0.0,0.0,0.0,0.0,0.0,0,0,0.0,0.0,0,0.0,0.0,0.0,0,0,1,1,0.0,0.0,0.0,0,0.0,0,0.0,0.0,0.0,1,0.0,0.0,0.0,1.0,0.0,0.0,0.0,0.0,0,0.0,1,0.0,0,0.0,0,0.0,0.0,0.0,1,0,1,0.0,0,0,0.0,1.0,0.0,0.0,0.0,0.0,0,0.0,1,0.0,0,0,0.0,0.0,1.0,1.0,0.0,inward,BZT
1303,0.0,0.0,0.0,0.0,0.0,0,0,0.0,0.0,0,0.0,0.0,0.0,0,0,1,1,0.0,0.0,0.0,0,0.0,0,0.0,0.0,0.0,1,0.0,0.0,0.0,1.0,0.0,0.0,0.0,0.0,0,0.0,1,0.0,1,0.0,0,0.0,0.0,0.0,1,1,1,0.0,0,0,0.0,1.0,0.0,0.0,0.0,0.0,1,0.0,1,0.0,0,0,0.0,0.0,1.0,1.0,1.0,inward,BZT
1304,0.0,0.0,0.0,0.0,0.0,0,0,0.0,0.0,0,0.0,0.0,0.0,0,0,1,0,0.0,0.0,0.0,1,1.0,0,0.0,0.0,0.0,1,1.0,0.0,0.0,1.0,0.0,0.0,0.0,0.0,0,0.0,0,0.0,1,0.0,0,0.0,0.0,0.0,1,1,0,0.0,0,0,0.0,0.0,0.0,0.0,0.0,0.0,1,0.0,1,0.0,0,0,0.0,0.0,1.0,1.0,0.0,inward,BZT
1305,0.0,0.0,0.0,0.0,0.0,0,0,0.0,0.0,0,0.0,0.0,0.0,0,0,1,1,0.0,0.0,0.0,1,1.0,0,0.0,0.0,0.0,0,0.0,0.0,0.0,1.0,0.0,0.0,0.0,0.0,0,0.0,1,0.0,1,0.0,0,0.0,0.0,0.0,1,0,1,0.0,0,0,0.0,1.0,0.0,0.0,0.0,0.0,0,0.0,1,0.0,0,0,0.0,0.0,1.0,1.0,0.0,inward,BZT
1306,0.0,0.0,0.0,0.0,0.0,0,0,0.0,0.0,0,0.0,0.0,0.0,0,0,1,1,0.0,0.0,0.0,1,0.0,0,0.0,0.0,0.0,0,1.0,0.0,0.0,1.0,0.0,0.0,0.0,0.0,0,0.0,1,0.0,1,0.0,1,0.0,0.0,0.0,1,1,1,0.0,0,0,0.0,1.0,0.0,0.0,0.0,0.0,1,0.0,0,0.0,0,0,0.0,0.0,1.0,1.0,0.0,inward,BZT
1307,0.0,0.0,0.0,0.0,0.0,0,0,0.0,0.0,0,0.0,0.0,0.0,1,0,1,1,0.0,0.0,0.0,1,0.0,0,0.0,0.0,0.0,1,0.0,0.0,0.0,1.0,0.0,0.0,0.0,0.0,0,0.0,1,0.0,1,0.0,0,1.0,0.0,0.0,1,0,0,0.0,0,1,0.0,1.0,1.0,0.0,0.0,0.0,0,0.0,1,0.0,0,0,0.0,0.0,1.0,1.0,0.0,inward,BZT
1308,0.0,0.0,0.0,0.0,0.0,0,0,0.0,0.0,0,0.0,0.0,0.0,0,0,1,0,0.0,0.0,0.0,1,0.0,0,0.0,0.0,0.0,1,1.0,0.0,0.0,1.0,0.0,1.0,0.0,0.0,0,0.0,1,0.0,1,0.0,1,0.0,0.0,0.0,1,1,1,0.0,0,1,0.0,1.0,0.0,0.0,0.0,0.0,1,0.0,1,0.0,0,0,0.0,0.0,1.0,1.0,0.0,inward,BZT
1309,0.0,0.0,0.0,0.0,0.0,0,0,0.0,0.0,0,0.0,0.0,0.0,0,0,1,1,0.0,0.0,0.0,0,0.0,0,0.0,0.0,0.0,1,0.0,0.0,0.0,1.0,0.0,0.0,0.0,0.0,0,0.0,1,0.0,1,0.0,1,0.0,0.0,0.0,1,1,1,0.0,0,0,0.0,1.0,0.0,0.0,0.0,0.0,0,0.0,0,0.0,0,0,0.0,0.0,1.0,1.0,0.0,inward,BZT
1310,0.0,0.0,0.0,0.0,0.0,0,0,0.0,0.0,0,0.0,0.0,0.0,0,0,1,0,0.0,0.0,0.0,0,0.0,0,0.0,0.0,0.0,0,0.0,0.0,0.0,0.0,0.0,0.0,0.0,0.0,0,0.0,1,0.0,1,0.0,1,0.0,0.0,0.0,1,1,1,0.0,0,1,0.0,1.0,1.0,0.0,0.0,0.0,1,0.0,1,0.0,0,0,0.0,0.0,1.0,1.0,0.0,inward,BZT
1311,0.0,0.0,0.0,0.0,0.0,0,0,0.0,0.0,0,0.0,0.0,0.0,0,0,1,0,0.0,0.0,0.0,1,0.0,0,0.0,0.0,0.0,0,0.0,0.0,0.0,0.0,0.0,0.0,0.0,0.0,0,0.0,0,0.0,1,0.0,0,0.0,0.0,0.0,1,0,0,0.0,0,0,0.0,1.0,0.0,0.0,0.0,0.0,1,0.0,1,0.0,0,0,0.0,0.0,1.0,1.0,0.0,inward,BZT
1312,0.0,0.0,0.0,0.0,0.0,0,0,0.0,0.0,0,0.0,0.0,0.0,0,0,1,1,0.0,0.0,0.0,1,0.0,0,0.0,0.0,0.0,1,0.0,0.0,0.0,1.0,0.0,1.0,0.0,0.0,0,0.0,1,0.0,1,0.0,0,0.0,0.0,0.0,1,0,1,0.0,0,0,0.0,1.0,0.0,0.0,0.0,0.0,0,0.0,1,0.0,0,0,0.0,0.0,1.0,1.0,0.0,inward,BZT
1313,0.0,0.0,0.0,0.0,0.0,0,1,0.0,0.0,0,0.0,0.0,0.0,0,0,1,1,0.0,0.0,0.0,1,0.0,0,0.0,0.0,0.0,1,1.0,1.0,0.0,0.0,0.0,0.0,0.0,0.0,0,0.0,1,0.0,1,0.0,0,0.0,0.0,0.0,1,0,0,0.0,1,0,0.0,1.0,0.0,0.0,0.0,0.0,1,0.0,0,0.0,0,0,0.0,0.0,1.0,1.0,0.0,inward,BZT
1314,0.0,0.0,0.0,0.0,0.0,0,1,0.0,0.0,0,0.0,0.0,0.0,0,0,1,1,0.0,0.0,0.0,0,0.0,0,0.0,0.0,0.0,0,1.0,1.0,0.0,0.0,0.0,0.0,0.0,0.0,0,0.0,1,0.0,1,0.0,0,1.0,0.0,0.0,1,0,1,0.0,0,1,0.0,0.0,0.0,0.0,0.0,0.0,0,0.0,1,0.0,0,0,0.0,0.0,1.0,1.0,0.0,inward,BZT
1315,0.0,0.0,0.0,0.0,0.0,0,1,0.0,0.0,0,0.0,0.0,0.0,0,0,1,1,0.0,0.0,0.0,0,1.0,0,0.0,0.0,0.0,1,0.0,0.0,0.0,0.0,0.0,0.0,0.0,0.0,0,0.0,0,0.0,1,0.0,0,0.0,0.0,0.0,1,0,1,0.0,0,1,0.0,1.0,0.0,0.0,0.0,0.0,0,0.0,1,0.0,0,0,0.0,0.0,1.0,1.0,0.0,inward,BZT
1316,0.0,0.0,0.0,0.0,0.0,0,1,0.0,0.0,0,0.0,0.0,0.0,0,0,1,0,0.0,0.0,0.0,1,1.0,0,0.0,0.0,0.0,0,0.0,0.0,0.0,0.0,0.0,0.0,0.0,0.0,0,0.0,1,0.0,1,0.0,1,0.0,0.0,0.0,1,0,1,0.0,0,0,0.0,0.0,0.0,0.0,0.0,0.0,1,0.0,0,0.0,0,0,0.0,0.0,1.0,1.0,0.0,inward,BZT
1317,0.0,0.0,0.0,0.0,0.0,0,0,0.0,0.0,0,0.0,0.0,0.0,0,0,1,1,0.0,0.0,0.0,1,1.0,0,0.0,0.0,0.0,0,1.0,0.0,0.0,0.0,0.0,0.0,0.0,0.0,0,0.0,1,0.0,1,0.0,0,0.0,0.0,0.0,1,0,1,0.0,0,0,0.0,1.0,0.0,0.0,0.0,1.0,1,0.0,1,0.0,0,0,0.0,0.0,1.0,1.0,0.0,inward,BZT
1318,0.0,0.0,0.0,0.0,0.0,0,0,0.0,0.0,0,0.0,0.0,0.0,0,0,1,1,0.0,0.0,0.0,0,1.0,0,0.0,0.0,0.0,0,1.0,0.0,0.0,1.0,0.0,0.0,0.0,0.0,0,0.0,1,0.0,1,0.0,0,1.0,0.0,0.0,1,1,1,0.0,0,0,0.0,1.0,0.0,0.0,0.0,0.0,1,0.0,1,0.0,0,0,0.0,0.0,1.0,1.0,0.0,inward,BZT
1319,0.0,0.0,0.0,0.0,0.0,0,1,0.0,0.0,0,0.0,0.0,0.0,0,0,1,0,0.0,0.0,0.0,0,1.0,0,0.0,0.0,1.0,1,1.0,1.0,0.0,1.0,0.0,0.0,0.0,0.0,0,0.0,1,0.0,1,0.0,0,0.0,0.0,0.0,1,0,1,0.0,0,1,0.0,1.0,0.0,0.0,0.0,0.0,1,0.0,1,0.0,0,0,0.0,0.0,1.0,1.0,0.0,inward,BZT
1320,0.0,0.0,0.0,0.0,0.0,0,0,0.0,0.0,0,0.0,0.0,0.0,0,0,1,1,0.0,0.0,0.0,1,0.0,0,0.0,0.0,0.0,1,1.0,0.0,0.0,0.0,0.0,0.0,0.0,0.0,0,0.0,0,0.0,1,0.0,0,0.0,0.0,0.0,1,0,0,0.0,0,0,0.0,1.0,0.0,0.0,0.0,0.0,1,0.0,1,0.0,0,0,0.0,0.0,1.0,0.0,0.0,inward,BZT
1321,0.0,0.0,0.0,0.0,0.0,0,0,0.0,0.0,0,0.0,1.0,0.0,0,0,1,0,0.0,0.0,0.0,0,0.0,0,0.0,0.0,0.0,0,1.0,1.0,0.0,1.0,0.0,0.0,0.0,0.0,0,0.0,0,0.0,1,0.0,1,0.0,0.0,0.0,1,0,1,0.0,0,1,0.0,1.0,0.0,0.0,0.0,0.0,1,0.0,1,0.0,0,0,0.0,0.0,1.0,1.0,0.0,inward,BZT
1322,0.0,0.0,0.0,0.0,0.0,0,0,0.0,0.0,0,0.0,0.0,0.0,0,0,1,0,0.0,0.0,0.0,0,1.0,0,0.0,0.0,0.0,0,1.0,0.0,0.0,1.0,0.0,0.0,0.0,0.0,0,0.0,0,0.0,1,0.0,0,0.0,0.0,0.0,1,1,0,0.0,0,1,0.0,1.0,0.0,0.0,0.0,0.0,1,0.0,1,0.0,0,0,0.0,0.0,1.0,1.0,0.0,inward,BZT
1323,0.0,0.0,0.0,0.0,0.0,0,0,0.0,0.0,0,0.0,0.0,0.0,0,0,1,1,0.0,0.0,0.0,0,1.0,0,0.0,0.0,0.0,0,1.0,1.0,0.0,1.0,0.0,0.0,0.0,0.0,0,0.0,0,0.0,1,0.0,1,0.0,0.0,0.0,1,1,1,0.0,0,1,0.0,1.0,0.0,0.0,0.0,0.0,1,0.0,1,0.0,0,0,0.0,0.0,1.0,1.0,1.0,inward,BZT
1324,0.0,0.0,0.0,0.0,0.0,0,0,0.0,0.0,0,0.0,0.0,0.0,0,0,1,0,0.0,0.0,0.0,1,0.0,0,0.0,0.0,0.0,0,0.0,0.0,0.0,0.0,0.0,0.0,0.0,0.0,0,0.0,0,0.0,0,0.0,0,0.0,0.0,0.0,1,0,1,0.0,0,1,0.0,1.0,0.0,0.0,0.0,0.0,1,0.0,1,0.0,0,0,0.0,0.0,1.0,1.0,0.0,inward,BZT
1325,0.0,0.0,0.0,0.0,0.0,0,0,0.0,0.0,0,0.0,0.0,0.0,0,0,1,1,0.0,0.0,0.0,0,1.0,0,0.0,0.0,0.0,0,1.0,1.0,0.0,1.0,0.0,0.0,0.0,0.0,0,0.0,1,0.0,1,0.0,0,0.0,0.0,0.0,1,0,1,0.0,0,1,0.0,1.0,0.0,0.0,0.0,0.0,1,0.0,1,0.0,0,0,0.0,0.0,1.0,1.0,0.0,inward,BZT
1326,0.0,0.0,0.0,0.0,0.0,0,0,0.0,0.0,0,0.0,0.0,0.0,0,0,1,1,0.0,0.0,0.0,1,0.0,0,0.0,0.0,0.0,1,1.0,0.0,0.0,1.0,0.0,0.0,0.0,0.0,0,0.0,0,0.0,1,0.0,0,0.0,0.0,0.0,1,1,1,0.0,0,0,0.0,1.0,0.0,0.0,0.0,0.0,1,0.0,1,0.0,0,0,0.0,0.0,1.0,1.0,0.0,inward,BZT
1327,0.0,0.0,0.0,0.0,0.0,0,0,0.0,0.0,0,0.0,0.0,0.0,0,0,1,0,0.0,0.0,0.0,1,0.0,0,0.0,0.0,0.0,1,1.0,0.0,0.0,1.0,0.0,0.0,0.0,0.0,0,0.0,0,0.0,1,0.0,0,0.0,0.0,0.0,1,0,1,0.0,0,0,0.0,1.0,0.0,0.0,0.0,0.0,0,0.0,1,0.0,0,0,0.0,0.0,1.0,0.0,0.0,inward,BZT
1328,0.0,0.0,0.0,0.0,0.0,0,0,0.0,0.0,0,0.0,0.0,0.0,0,0,0,0,0.0,0.0,0.0,1,0.0,0,0.0,0.0,0.0,1,1.0,1.0,0.0,1.0,0.0,1.0,0.0,0.0,0,0.0,1,0.0,1,0.0,0,0.0,0.0,0.0,1,0,0,0.0,1,0,0.0,1.0,0.0,0.0,0.0,0.0,1,0.0,1,0.0,0,0,0.0,0.0,1.0,0.0,0.0,inward,BZT
1329,0.0,0.0,0.0,0.0,0.0,0,1,0.0,0.0,0,0.0,0.0,0.0,0,0,0,0,0.0,0.0,0.0,0,0.0,0,0.0,0.0,0.0,0,1.0,0.0,0.0,1.0,0.0,0.0,0.0,0.0,0,0.0,1,0.0,1,0.0,0,1.0,0.0,0.0,1,1,1,0.0,0,0,0.0,1.0,0.0,0.0,0.0,0.0,0,0.0,1,0.0,0,0,0.0,0.0,1.0,1.0,0.0,inward,BZT
1330,0.0,0.0,0.0,0.0,0.0,0,0,0.0,0.0,0,0.0,0.0,0.0,0,0,1,1,0.0,0.0,0.0,0,0.0,0,0.0,0.0,0.0,1,1.0,1.0,0.0,1.0,0.0,0.0,0.0,0.0,0,0.0,1,0.0,0,0.0,0,0.0,0.0,0.0,1,0,1,0.0,0,1,0.0,1.0,0.0,0.0,0.0,0.0,1,0.0,1,0.0,0,0,0.0,0.0,1.0,1.0,0.0,inward,BZT
1331,0.0,0.0,0.0,0.0,0.0,0,1,0.0,0.0,0,0.0,0.0,0.0,0,0,1,0,0.0,0.0,0.0,1,0.0,0,0.0,0.0,0.0,0,1.0,1.0,0.0,1.0,0.0,0.0,0.0,0.0,0,0.0,1,0.0,1,0.0,1,0.0,0.0,0.0,1,0,1,0.0,0,0,0.0,1.0,0.0,0.0,0.0,0.0,0,0.0,1,0.0,0,0,0.0,0.0,1.0,0.0,0.0,inward,BZT
1332,0.0,0.0,0.0,0.0,0.0,0,1,0.0,0.0,0,0.0,0.0,0.0,0,0,1,0,0.0,0.0,0.0,0,0.0,0,0.0,0.0,0.0,1,1.0,1.0,0.0,1.0,0.0,0.0,0.0,0.0,0,0.0,1,0.0,1,0.0,0,0.0,0.0,0.0,1,0,1,0.0,0,1,0.0,1.0,0.0,0.0,0.0,0.0,0,0.0,1,0.0,0,0,0.0,0.0,1.0,1.0,0.0,inward,BZT
1333,0.0,0.0,0.0,0.0,0.0,0,1,0.0,0.0,0,0.0,0.0,0.0,0,0,0,0,0.0,0.0,0.0,1,1.0,0,0.0,0.0,1.0,0,1.0,0.0,0.0,1.0,0.0,0.0,0.0,0.0,0,0.0,1,0.0,1,0.0,0,0.0,0.0,0.0,1,0,1,0.0,0,1,0.0,1.0,0.0,0.0,0.0,0.0,1,0.0,1,0.0,0,0,0.0,0.0,1.0,1.0,0.0,inward,BZT
1334,0.0,0.0,0.0,0.0,0.0,0,0,0.0,0.0,0,0.0,0.0,0.0,0,0,1,0,0.0,0.0,0.0,1,1.0,0,0.0,0.0,0.0,0,1.0,0.0,0.0,1.0,0.0,0.0,0.0,0.0,0,0.0,1,0.0,1,0.0,0,0.0,0.0,0.0,1,1,1,0.0,0,0,0.0,1.0,0.0,0.0,0.0,0.0,1,0.0,1,0.0,0,0,0.0,0.0,1.0,1.0,0.0,inward,BZT
1335,0.0,0.0,0.0,0.0,0.0,0,1,0.0,0.0,0,0.0,0.0,0.0,0,0,1,0,0.0,0.0,0.0,1,0.0,0,0.0,0.0,1.0,1,1.0,0.0,0.0,1.0,0.0,0.0,0.0,0.0,0,0.0,1,0.0,1,0.0,0,0.0,0.0,0.0,1,1,1,0.0,0,0,0.0,1.0,0.0,0.0,0.0,0.0,1,0.0,1,0.0,0,0,0.0,0.0,1.0,1.0,0.0,inward,BZT
1336,0.0,0.0,0.0,0.0,0.0,0,0,0.0,0.0,0,0.0,0.0,0.0,0,0,1,1,0.0,0.0,0.0,0,0.0,0,0.0,0.0,0.0,0,1.0,0.0,0.0,1.0,0.0,0.0,0.0,0.0,0,0.0,1,0.0,1,0.0,0,1.0,0.0,0.0,1,1,1,0.0,0,1,0.0,1.0,0.0,0.0,0.0,0.0,1,0.0,1,0.0,0,0,0.0,0.0,1.0,1.0,0.0,inward,BZT
1337,0.0,0.0,0.0,0.0,0.0,0,0,0.0,0.0,0,0.0,0.0,0.0,0,0,1,0,0.0,0.0,0.0,0,0.0,0,0.0,0.0,1.0,0,1.0,0.0,0.0,1.0,0.0,1.0,0.0,0.0,0,0.0,1,0.0,0,0.0,0,1.0,0.0,0.0,1,0,1,0.0,0,1,0.0,1.0,0.0,0.0,0.0,0.0,1,0.0,1,0.0,0,0,0.0,0.0,1.0,0.0,0.0,inward,BZT
1338,0.0,0.0,0.0,0.0,0.0,0,0,0.0,0.0,0,0.0,0.0,0.0,0,0,0,0,0.0,0.0,0.0,1,0.0,0,0.0,0.0,1.0,1,1.0,0.0,0.0,0.0,0.0,0.0,0.0,0.0,0,0.0,1,0.0,1,0.0,0,0.0,0.0,0.0,1,1,1,0.0,0,0,0.0,1.0,0.0,0.0,0.0,0.0,1,0.0,1,0.0,0,0,0.0,0.0,1.0,1.0,0.0,inward,BZT
1339,0.0,0.0,0.0,0.0,0.0,0,1,0.0,0.0,0,0.0,0.0,0.0,0,0,1,0,0.0,0.0,0.0,1,0.0,0,0.0,0.0,0.0,1,0.0,0.0,0.0,1.0,0.0,0.0,0.0,0.0,0,0.0,1,0.0,1,0.0,0,1.0,0.0,1.0,1,0,1,0.0,0,0,0.0,1.0,0.0,0.0,0.0,0.0,0,0.0,0,0.0,0,0,0.0,0.0,1.0,1.0,0.0,inward,BZT
1340,0.0,0.0,0.0,0.0,0.0,0,0,0.0,0.0,0,0.0,0.0,0.0,0,0,1,0,0.0,0.0,0.0,0,0.0,0,0.0,0.0,0.0,1,1.0,0.0,0.0,1.0,0.0,1.0,0.0,0.0,0,0.0,1,0.0,1,0.0,1,0.0,0.0,0.0,1,0,1,0.0,0,0,0.0,1.0,0.0,0.0,0.0,1.0,0,0.0,0,0.0,0,0,0.0,0.0,1.0,1.0,0.0,inward,BZT
1341,0.0,0.0,0.0,0.0,0.0,0,1,0.0,0.0,0,0.0,0.0,0.0,0,0,1,0,0.0,0.0,0.0,1,1.0,0,0.0,0.0,0.0,0,0.0,0.0,0.0,0.0,0.0,0.0,0.0,0.0,0,0.0,1,0.0,1,0.0,0,0.0,0.0,0.0,1,0,1,0.0,0,0,0.0,0.0,0.0,0.0,0.0,0.0,1,0.0,1,0.0,0,0,0.0,0.0,1.0,1.0,0.0,inward,BZT
1342,0.0,0.0,0.0,0.0,0.0,0,0,0.0,0.0,0,0.0,1.0,0.0,0,0,0,0,0.0,0.0,0.0,1,1.0,0,0.0,0.0,0.0,0,1.0,0.0,0.0,1.0,0.0,1.0,0.0,0.0,0,0.0,0,0.0,1,0.0,1,1.0,0.0,1.0,1,0,1,0.0,0,1,0.0,0.0,0.0,0.0,0.0,0.0,0,0.0,0,0.0,0,0,0.0,0.0,1.0,0.0,0.0,inward,BZT
1343,0.0,0.0,0.0,0.0,0.0,0,0,0.0,0.0,0,0.0,0.0,0.0,0,0,1,0,0.0,0.0,0.0,1,0.0,0,0.0,0.0,0.0,0,1.0,0.0,0.0,1.0,0.0,1.0,0.0,0.0,0,0.0,1,0.0,1,0.0,0,0.0,0.0,0.0,1,1,1,0.0,0,0,0.0,1.0,0.0,0.0,0.0,0.0,1,0.0,1,0.0,0,0,0.0,0.0,1.0,0.0,0.0,inward,BZT
1344,0.0,0.0,0.0,0.0,0.0,0,1,0.0,0.0,0,0.0,0.0,0.0,0,0,1,0,0.0,0.0,0.0,0,0.0,0,0.0,0.0,1.0,1,1.0,1.0,0.0,0.0,0.0,0.0,0.0,0.0,0,0.0,1,0.0,1,0.0,0,0.0,0.0,0.0,1,0,1,0.0,0,1,0.0,0.0,0.0,0.0,0.0,0.0,0,0.0,1,0.0,0,0,0.0,0.0,1.0,1.0,0.0,inward,BZT
1345,0.0,0.0,0.0,0.0,0.0,0,1,0.0,0.0,0,0.0,0.0,0.0,0,0,1,0,0.0,0.0,0.0,1,0.0,0,0.0,0.0,0.0,0,0.0,0.0,0.0,1.0,0.0,0.0,0.0,0.0,0,0.0,1,0.0,1,0.0,0,0.0,0.0,0.0,1,0,1,0.0,1,1,0.0,1.0,0.0,0.0,0.0,0.0,0,0.0,1,0.0,0,0,0.0,0.0,1.0,0.0,0.0,inward,BZT
1346,0.0,0.0,0.0,0.0,0.0,0,0,0.0,0.0,0,0.0,0.0,0.0,0,0,0,0,0.0,0.0,0.0,1,1.0,0,0.0,0.0,0.0,1,1.0,1.0,0.0,1.0,0.0,0.0,0.0,0.0,0,0.0,1,0.0,1,0.0,0,0.0,0.0,0.0,1,0,1,0.0,1,0,0.0,0.0,0.0,0.0,0.0,0.0,1,0.0,0,0.0,0,0,0.0,0.0,1.0,0.0,0.0,inward,BZT
1347,0.0,0.0,0.0,0.0,0.0,0,0,0.0,0.0,0,0.0,0.0,0.0,0,0,1,0,0.0,0.0,0.0,0,0.0,0,0.0,0.0,0.0,1,1.0,1.0,0.0,0.0,0.0,0.0,0.0,0.0,0,0.0,1,0.0,0,0.0,0,0.0,0.0,0.0,1,1,1,0.0,0,1,0.0,0.0,0.0,0.0,0.0,0.0,1,0.0,1,0.0,0,0,0.0,0.0,1.0,1.0,0.0,inward,BZT
1348,0.0,0.0,0.0,0.0,0.0,0,0,0.0,0.0,0,0.0,0.0,0.0,0,0,1,1,0.0,0.0,0.0,1,0.0,0,0.0,0.0,1.0,0,1.0,0.0,0.0,0.0,0.0,0.0,0.0,0.0,0,0.0,1,0.0,0,0.0,0,1.0,0.0,0.0,1,0,1,0.0,0,0,0.0,0.0,0.0,0.0,0.0,0.0,1,0.0,1,0.0,0,0,0.0,0.0,1.0,1.0,0.0,inward,BZT
1349,0.0,0.0,0.0,0.0,0.0,0,1,0.0,0.0,0,0.0,0.0,0.0,0,0,1,1,0.0,0.0,0.0,1,0.0,0,0.0,0.0,0.0,0,1.0,0.0,0.0,1.0,0.0,0.0,0.0,0.0,0,0.0,1,0.0,1,0.0,0,0.0,0.0,0.0,1,1,1,0.0,1,0,0.0,1.0,0.0,0.0,0.0,0.0,1,0.0,1,0.0,0,0,0.0,0.0,1.0,1.0,0.0,inward,BZT
1350,0.0,0.0,0.0,0.0,0.0,0,1,0.0,0.0,0,0.0,0.0,0.0,0,0,1,0,0.0,0.0,0.0,1,0.0,0,0.0,0.0,0.0,1,1.0,0.0,0.0,1.0,0.0,0.0,0.0,0.0,0,0.0,1,0.0,1,0.0,0,0.0,0.0,0.0,1,0,1,0.0,1,1,0.0,1.0,0.0,0.0,0.0,0.0,1,0.0,1,0.0,0,0,0.0,0.0,1.0,1.0,0.0,inward,BZT
1351,0.0,0.0,0.0,0.0,0.0,0,1,0.0,0.0,0,0.0,0.0,0.0,0,0,1,0,0.0,0.0,0.0,0,0.0,0,0.0,0.0,0.0,0,0.0,0.0,0.0,1.0,0.0,0.0,0.0,0.0,0,0.0,0,0.0,1,0.0,0,1.0,0.0,0.0,1,1,1,0.0,0,1,0.0,1.0,0.0,0.0,0.0,0.0,1,0.0,1,0.0,0,0,0.0,0.0,1.0,1.0,0.0,inward,BZT
1352,0.0,0.0,0.0,0.0,0.0,0,0,0.0,0.0,0,0.0,0.0,0.0,1,0,1,1,0.0,0.0,0.0,1,1.0,0,0.0,0.0,0.0,0,1.0,0.0,0.0,1.0,0.0,1.0,0.0,0.0,0,0.0,1,0.0,1,0.0,0,0.0,0.0,0.0,1,0,1,0.0,0,1,0.0,1.0,0.0,0.0,0.0,0.0,1,0.0,1,0.0,0,0,0.0,0.0,1.0,1.0,0.0,inward,BZT
1353,0.0,0.0,0.0,0.0,0.0,0,0,0.0,0.0,0,0.0,0.0,0.0,0,0,1,1,0.0,0.0,0.0,1,1.0,0,0.0,0.0,0.0,0,1.0,0.0,0.0,0.0,0.0,0.0,0.0,0.0,0,0.0,1,0.0,1,0.0,1,0.0,0.0,0.0,1,1,1,0.0,0,0,0.0,0.0,0.0,0.0,0.0,0.0,1,0.0,0,0.0,0,0,0.0,0.0,1.0,0.0,0.0,inward,BZT
1354,0.0,0.0,0.0,0.0,0.0,0,0,0.0,0.0,0,0.0,0.0,0.0,0,0,1,1,0.0,0.0,0.0,1,0.0,0,0.0,0.0,0.0,0,1.0,0.0,0.0,1.0,0.0,0.0,0.0,0.0,0,0.0,1,0.0,0,0.0,0,0.0,0.0,0.0,1,0,1,0.0,0,0,0.0,1.0,0.0,0.0,0.0,0.0,0,0.0,0,0.0,0,0,0.0,0.0,1.0,1.0,0.0,inward,BZT
1355,0.0,0.0,0.0,0.0,0.0,0,0,0.0,0.0,0,0.0,0.0,0.0,0,0,0,0,0.0,0.0,0.0,0,0.0,0,0.0,0.0,0.0,1,1.0,0.0,0.0,0.0,0.0,0.0,0.0,0.0,0,0.0,0,0.0,1,0.0,1,1.0,0.0,1.0,1,1,1,0.0,0,1,0.0,0.0,0.0,0.0,0.0,0.0,0,0.0,1,0.0,0,0,0.0,0.0,1.0,1.0,0.0,inward,BZT
1356,0.0,0.0,0.0,0.0,0.0,0,0,0.0,0.0,0,0.0,0.0,0.0,0,0,1,1,0.0,0.0,0.0,1,0.0,0,0.0,0.0,0.0,1,1.0,0.0,0.0,0.0,0.0,0.0,0.0,0.0,0,0.0,1,0.0,1,0.0,0,0.0,0.0,0.0,1,0,1,0.0,0,1,0.0,1.0,0.0,0.0,0.0,0.0,0,0.0,1,0.0,0,0,0.0,0.0,1.0,1.0,0.0,inward,BZT
1357,0.0,0.0,0.0,0.0,0.0,0,1,0.0,0.0,0,0.0,0.0,0.0,0,0,1,1,0.0,0.0,0.0,0,0.0,0,0.0,0.0,0.0,1,1.0,1.0,0.0,0.0,0.0,0.0,0.0,0.0,0,0.0,1,0.0,1,0.0,0,1.0,0.0,0.0,1,0,1,0.0,1,0,0.0,1.0,0.0,0.0,0.0,0.0,0,0.0,1,0.0,0,0,0.0,0.0,1.0,1.0,0.0,inward,BZT
1358,0.0,0.0,0.0,0.0,0.0,0,1,0.0,0.0,0,0.0,0.0,0.0,0,0,1,0,0.0,0.0,0.0,0,0.0,0,0.0,0.0,0.0,1,1.0,0.0,0.0,0.0,0.0,0.0,0.0,0.0,0,0.0,0,0.0,0,0.0,0,1.0,0.0,0.0,1,1,1,0.0,0,0,0.0,1.0,0.0,0.0,0.0,0.0,1,0.0,1,0.0,0,0,0.0,0.0,1.0,1.0,0.0,inward,BZT
1359,0.0,0.0,0.0,0.0,0.0,0,0,0.0,0.0,0,0.0,0.0,0.0,0,0,1,1,0.0,0.0,0.0,0,0.0,0,0.0,0.0,1.0,1,1.0,1.0,0.0,0.0,0.0,0.0,0.0,0.0,0,0.0,1,0.0,1,0.0,0,1.0,0.0,0.0,1,0,0,0.0,0,0,0.0,1.0,0.0,0.0,0.0,0.0,0,0.0,0,0.0,0,0,0.0,0.0,1.0,1.0,0.0,inward,BZT
1360,0.0,0.0,0.0,0.0,0.0,0,0,0.0,0.0,0,0.0,0.0,0.0,0,0,1,1,0.0,0.0,0.0,1,0.0,0,0.0,0.0,0.0,0,1.0,0.0,0.0,0.0,0.0,0.0,0.0,0.0,0,0.0,0,0.0,1,0.0,0,1.0,0.0,0.0,1,1,0,0.0,0,0,0.0,0.0,0.0,0.0,0.0,1.0,1,0.0,1,0.0,0,0,0.0,0.0,1.0,1.0,0.0,inward,BZT
1361,0.0,0.0,0.0,0.0,0.0,0,0,0.0,0.0,0,0.0,0.0,0.0,0,0,1,1,0.0,0.0,0.0,1,0.0,0,0.0,0.0,0.0,0,1.0,0.0,0.0,1.0,0.0,0.0,0.0,0.0,0,0.0,1,0.0,0,0.0,0,0.0,0.0,0.0,1,1,1,0.0,0,1,0.0,0.0,0.0,0.0,0.0,0.0,0,0.0,1,0.0,0,0,0.0,0.0,1.0,0.0,0.0,inward,BZT
1362,0.0,0.0,0.0,0.0,0.0,0,1,0.0,0.0,0,0.0,0.0,0.0,0,0,1,1,0.0,0.0,0.0,0,1.0,0,0.0,0.0,0.0,1,1.0,1.0,0.0,0.0,0.0,0.0,0.0,0.0,0,0.0,1,0.0,1,0.0,0,0.0,0.0,0.0,1,0,0,0.0,0,0,0.0,0.0,0.0,0.0,0.0,0.0,1,0.0,1,0.0,0,0,0.0,0.0,1.0,0.0,0.0,inward,BZT
1363,0.0,0.0,0.0,0.0,0.0,0,0,0.0,0.0,0,0.0,0.0,0.0,0,0,1,0,0.0,0.0,0.0,0,0.0,0,0.0,0.0,1.0,1,1.0,0.0,0.0,1.0,0.0,0.0,0.0,0.0,0,0.0,1,1.0,1,0.0,1,1.0,0.0,0.0,1,1,0,0.0,0,0,0.0,0.0,0.0,0.0,0.0,0.0,0,0.0,1,0.0,0,0,0.0,0.0,1.0,1.0,0.0,inward,BZT
1364,0.0,0.0,0.0,0.0,0.0,0,1,0.0,0.0,0,0.0,0.0,0.0,0,0,1,1,0.0,0.0,0.0,0,0.0,0,0.0,0.0,1.0,1,0.0,0.0,0.0,1.0,0.0,0.0,0.0,0.0,0,0.0,1,0.0,1,0.0,0,0.0,0.0,0.0,1,0,1,0.0,1,1,0.0,1.0,0.0,0.0,0.0,0.0,1,0.0,1,0.0,0,0,0.0,0.0,1.0,0.0,0.0,inward,BZT
1365,0.0,0.0,0.0,0.0,0.0,0,0,0.0,0.0,0,0.0,0.0,0.0,0,0,1,1,0.0,0.0,0.0,1,0.0,0,0.0,0.0,0.0,1,1.0,0.0,0.0,1.0,0.0,1.0,0.0,0.0,0,0.0,1,0.0,1,0.0,0,1.0,0.0,0.0,1,0,0,0.0,1,0,0.0,1.0,0.0,0.0,0.0,0.0,1,0.0,1,0.0,0,0,0.0,0.0,1.0,1.0,0.0,inward,BZT
1366,0.0,0.0,0.0,0.0,0.0,0,1,0.0,0.0,0,0.0,0.0,0.0,0,0,1,0,0.0,0.0,0.0,0,1.0,0,0.0,0.0,1.0,0,1.0,1.0,0.0,1.0,0.0,0.0,0.0,0.0,0,0.0,1,0.0,1,0.0,0,0.0,0.0,0.0,1,0,0,0.0,0,1,0.0,1.0,0.0,0.0,0.0,0.0,1,0.0,0,0.0,0,0,0.0,0.0,1.0,1.0,0.0,inward,BZT
1367,0.0,0.0,0.0,0.0,0.0,0,1,0.0,0.0,0,0.0,0.0,0.0,0,0,1,0,0.0,0.0,0.0,0,0.0,0,0.0,0.0,0.0,0,1.0,0.0,0.0,1.0,0.0,0.0,0.0,0.0,0,0.0,0,0.0,1,0.0,0,1.0,0.0,0.0,1,0,1,0.0,0,1,0.0,1.0,0.0,0.0,0.0,0.0,0,0.0,1,0.0,0,0,0.0,0.0,1.0,1.0,0.0,inward,BZT
1368,0.0,0.0,0.0,0.0,0.0,0,1,0.0,0.0,0,0.0,0.0,0.0,0,0,1,0,0.0,0.0,0.0,1,0.0,0,0.0,0.0,0.0,1,1.0,1.0,0.0,1.0,0.0,0.0,0.0,0.0,0,0.0,0,0.0,0,0.0,0,1.0,0.0,0.0,1,0,1,0.0,0,1,0.0,1.0,0.0,0.0,0.0,0.0,0,0.0,1,0.0,0,0,0.0,0.0,1.0,1.0,0.0,inward,BZT
1369,0.0,0.0,0.0,0.0,0.0,0,0,0.0,0.0,0,0.0,0.0,0.0,0,0,0,0,0.0,0.0,0.0,1,0.0,0,0.0,0.0,0.0,0,1.0,1.0,0.0,1.0,0.0,0.0,0.0,0.0,0,0.0,1,0.0,0,0.0,0,1.0,0.0,0.0,1,0,1,0.0,0,0,0.0,1.0,0.0,0.0,0.0,0.0,0,0.0,0,0.0,0,0,0.0,0.0,1.0,0.0,0.0,inward,BZT
1370,0.0,0.0,0.0,0.0,0.0,0,1,0.0,0.0,0,0.0,0.0,0.0,0,0,1,0,0.0,0.0,0.0,1,0.0,0,0.0,0.0,0.0,0,1.0,0.0,0.0,0.0,0.0,0.0,0.0,0.0,0,0.0,0,0.0,1,0.0,0,0.0,0.0,0.0,1,0,0,0.0,0,1,0.0,1.0,0.0,0.0,0.0,0.0,1,0.0,0,0.0,0,0,0.0,0.0,1.0,1.0,0.0,inward,BZT
1371,0.0,0.0,0.0,0.0,0.0,1,1,0.0,0.0,0,0.0,0.0,0.0,0,0,1,0,0.0,0.0,0.0,1,0.0,0,0.0,0.0,1.0,1,1.0,0.0,0.0,1.0,0.0,0.0,0.0,0.0,0,0.0,1,0.0,1,0.0,0,0.0,0.0,0.0,1,0,1,0.0,0,1,0.0,1.0,0.0,0.0,0.0,0.0,1,0.0,0,0.0,0,0,0.0,0.0,1.0,0.0,0.0,inward,BZT
1372,0.0,0.0,0.0,0.0,0.0,0,1,0.0,0.0,0,0.0,0.0,0.0,0,0,0,0,0.0,0.0,0.0,0,0.0,0,0.0,0.0,0.0,1,1.0,1.0,0.0,1.0,0.0,0.0,0.0,0.0,0,0.0,1,0.0,1,0.0,0,0.0,0.0,0.0,1,1,1,0.0,0,1,0.0,0.0,0.0,0.0,0.0,0.0,1,0.0,1,0.0,0,0,0.0,0.0,1.0,1.0,0.0,inward,BZT
1373,0.0,0.0,0.0,0.0,0.0,0,0,0.0,0.0,0,0.0,0.0,0.0,0,0,1,1,0.0,0.0,0.0,1,1.0,0,0.0,0.0,0.0,1,1.0,1.0,0.0,0.0,0.0,0.0,0.0,0.0,0,0.0,1,0.0,1,0.0,0,0.0,0.0,0.0,1,0,0,0.0,0,0,0.0,0.0,0.0,0.0,0.0,0.0,1,0.0,1,0.0,0,0,0.0,0.0,1.0,1.0,0.0,inward,BZT
1374,0.0,0.0,0.0,0.0,0.0,0,1,0.0,0.0,0,0.0,0.0,0.0,0,0,1,1,0.0,0.0,0.0,0,0.0,0,0.0,0.0,0.0,1,1.0,0.0,0.0,0.0,0.0,0.0,0.0,0.0,0,0.0,1,0.0,1,0.0,0,0.0,0.0,0.0,1,0,0,0.0,1,0,0.0,0.0,0.0,0.0,0.0,0.0,1,0.0,1,0.0,0,0,0.0,0.0,1.0,0.0,0.0,inward,BZT
1375,0.0,0.0,0.0,0.0,0.0,0,0,0.0,0.0,0,0.0,0.0,0.0,0,0,0,0,0.0,0.0,0.0,1,0.0,0,0.0,0.0,0.0,0,1.0,0.0,0.0,1.0,0.0,1.0,0.0,0.0,0,0.0,1,0.0,1,0.0,0,1.0,0.0,1.0,1,1,0,0.0,0,1,0.0,0.0,0.0,0.0,0.0,0.0,1,0.0,1,0.0,0,0,0.0,0.0,1.0,0.0,0.0,inward,BZT
1376,0.0,0.0,0.0,0.0,0.0,1,1,0.0,0.0,0,0.0,0.0,0.0,0,0,1,0,0.0,0.0,0.0,1,0.0,0,0.0,0.0,0.0,0,1.0,0.0,0.0,0.0,0.0,0.0,0.0,0.0,0,0.0,1,0.0,1,0.0,0,0.0,0.0,0.0,1,0,1,0.0,0,0,0.0,0.0,0.0,0.0,0.0,0.0,1,0.0,1,0.0,0,0,0.0,0.0,1.0,1.0,0.0,inward,BZT
1377,0.0,0.0,0.0,0.0,0.0,0,0,0.0,0.0,0,0.0,0.0,0.0,0,0,1,0,0.0,0.0,0.0,1,0.0,0,0.0,0.0,0.0,1,1.0,0.0,0.0,1.0,0.0,0.0,0.0,0.0,0,0.0,0,0.0,1,0.0,1,1.0,0.0,0.0,1,1,0,0.0,0,1,0.0,0.0,0.0,0.0,0.0,0.0,1,0.0,1,0.0,0,0,0.0,0.0,1.0,0.0,0.0,inward,BZT
1378,0.0,0.0,0.0,0.0,0.0,0,1,0.0,0.0,0,0.0,0.0,0.0,0,0,1,0,0.0,0.0,0.0,1,0.0,0,0.0,0.0,0.0,0,1.0,1.0,0.0,1.0,0.0,0.0,0.0,0.0,0,0.0,1,0.0,1,0.0,0,1.0,0.0,0.0,1,1,1,0.0,0,1,0.0,1.0,0.0,0.0,0.0,0.0,0,0.0,1,0.0,0,0,0.0,0.0,1.0,1.0,0.0,inward,BZT
1379,0.0,0.0,0.0,0.0,0.0,0,1,0.0,0.0,0,0.0,0.0,0.0,0,0,1,1,0.0,0.0,0.0,0,0.0,0,0.0,0.0,0.0,0,1.0,1.0,0.0,1.0,0.0,0.0,0.0,0.0,0,0.0,1,0.0,1,0.0,0,0.0,0.0,0.0,1,1,1,0.0,0,1,0.0,0.0,0.0,0.0,0.0,0.0,0,0.0,1,0.0,0,0,0.0,0.0,1.0,1.0,0.0,inward,BZT
1380,0.0,0.0,0.0,0.0,0.0,1,0,0.0,0.0,0,0.0,0.0,0.0,0,0,1,0,0.0,0.0,0.0,1,0.0,0,0.0,0.0,0.0,1,1.0,1.0,0.0,1.0,0.0,0.0,0.0,0.0,0,0.0,1,0.0,1,0.0,0,0.0,0.0,0.0,1,0,1,0.0,0,1,0.0,0.0,0.0,0.0,0.0,0.0,1,0.0,0,0.0,0,0,0.0,0.0,1.0,1.0,0.0,inward,BZT
1381,0.0,0.0,0.0,0.0,0.0,0,1,0.0,0.0,0,0.0,0.0,0.0,0,0,1,0,0.0,0.0,0.0,1,1.0,0,0.0,0.0,0.0,0,1.0,0.0,0.0,0.0,0.0,0.0,0.0,0.0,0,0.0,1,0.0,1,0.0,1,0.0,0.0,0.0,1,0,0,0.0,0,0,0.0,0.0,0.0,0.0,0.0,1.0,1,0.0,1,0.0,0,0,0.0,0.0,1.0,1.0,0.0,inward,BZT
1382,0.0,0.0,0.0,0.0,0.0,0,1,0.0,0.0,0,0.0,0.0,0.0,0,0,1,1,0.0,0.0,0.0,1,0.0,0,0.0,0.0,0.0,0,1.0,0.0,0.0,0.0,0.0,0.0,0.0,0.0,0,0.0,1,0.0,0,0.0,0,0.0,0.0,0.0,1,1,1,0.0,0,0,0.0,0.0,0.0,0.0,0.0,0.0,1,0.0,1,0.0,0,0,0.0,0.0,1.0,1.0,0.0,inward,BZT
1383,0.0,0.0,0.0,0.0,0.0,0,0,0.0,0.0,0,0.0,0.0,0.0,0,0,1,1,0.0,0.0,0.0,1,0.0,0,0.0,0.0,0.0,0,1.0,1.0,0.0,1.0,0.0,1.0,0.0,0.0,0,0.0,1,0.0,1,0.0,0,0.0,0.0,0.0,1,0,1,0.0,1,1,0.0,0.0,0.0,0.0,0.0,0.0,1,0.0,1,0.0,0,0,0.0,0.0,1.0,1.0,0.0,inward,BZT
1384,0.0,0.0,0.0,0.0,0.0,0,0,0.0,0.0,0,0.0,0.0,0.0,0,0,1,0,0.0,0.0,0.0,1,0.0,0,0.0,0.0,1.0,1,1.0,1.0,0.0,1.0,0.0,0.0,0.0,0.0,0,0.0,0,0.0,1,0.0,0,0.0,0.0,0.0,1,0,1,0.0,0,1,0.0,0.0,0.0,0.0,0.0,0.0,1,0.0,1,0.0,0,0,0.0,0.0,1.0,1.0,0.0,inward,BZT
1385,0.0,0.0,0.0,0.0,0.0,0,0,0.0,0.0,0,0.0,0.0,0.0,0,0,1,0,0.0,0.0,0.0,1,0.0,1,0.0,0.0,0.0,1,1.0,1.0,0.0,1.0,0.0,0.0,0.0,0.0,0,0.0,0,0.0,1,0.0,0,1.0,0.0,0.0,1,1,1,0.0,1,1,0.0,0.0,0.0,0.0,0.0,0.0,1,0.0,1,0.0,0,0,0.0,0.0,1.0,1.0,0.0,inward,BZT
1386,0.0,0.0,0.0,0.0,0.0,0,0,0.0,0.0,0,0.0,0.0,0.0,0,0,0,0,0.0,0.0,0.0,1,0.0,0,0.0,0.0,1.0,1,1.0,1.0,0.0,1.0,0.0,0.0,0.0,0.0,0,0.0,1,0.0,1,0.0,0,0.0,0.0,0.0,1,0,1,0.0,0,1,0.0,0.0,0.0,0.0,0.0,0.0,1,0.0,1,0.0,0,0,0.0,0.0,1.0,1.0,0.0,inward,BZT
1387,0.0,0.0,0.0,0.0,0.0,0,1,0.0,0.0,0,0.0,1.0,0.0,0,0,0,0,0.0,0.0,0.0,1,0.0,0,0.0,0.0,0.0,1,1.0,0.0,0.0,1.0,0.0,0.0,0.0,0.0,0,0.0,0,0.0,1,0.0,0,0.0,0.0,0.0,1,0,1,0.0,0,1,0.0,0.0,0.0,0.0,0.0,1.0,1,0.0,1,0.0,0,0,0.0,0.0,1.0,0.0,0.0,inward,BZT
1388,0.0,0.0,0.0,0.0,0.0,1,1,0.0,0.0,0,0.0,0.0,0.0,0,0,1,1,0.0,0.0,0.0,1,0.0,0,0.0,0.0,0.0,1,1.0,0.0,0.0,0.0,0.0,0.0,0.0,0.0,0,0.0,1,0.0,0,0.0,0,0.0,0.0,0.0,1,1,1,0.0,1,0,0.0,0.0,0.0,0.0,0.0,0.0,1,0.0,1,0.0,0,0,0.0,0.0,1.0,1.0,0.0,inward,BZT
1389,0.0,0.0,0.0,0.0,0.0,0,1,0.0,0.0,0,0.0,0.0,0.0,0,0,1,0,0.0,0.0,0.0,0,0.0,0,0.0,0.0,0.0,1,1.0,1.0,0.0,1.0,0.0,0.0,0.0,0.0,0,0.0,1,0.0,1,0.0,0,1.0,0.0,0.0,1,0,1,0.0,0,0,0.0,1.0,0.0,0.0,0.0,0.0,0,0.0,1,0.0,0,0,0.0,0.0,1.0,1.0,0.0,inward,BZT
1390,0.0,0.0,0.0,0.0,0.0,1,1,0.0,0.0,0,0.0,0.0,0.0,0,0,1,1,0.0,0.0,0.0,0,0.0,0,0.0,0.0,0.0,0,1.0,0.0,0.0,1.0,0.0,1.0,0.0,0.0,0,0.0,1,0.0,1,0.0,0,0.0,0.0,0.0,1,1,1,0.0,0,0,0.0,0.0,0.0,0.0,0.0,0.0,0,0.0,0,0.0,0,0,0.0,0.0,1.0,1.0,0.0,inward,BZT
1391,0.0,0.0,0.0,0.0,0.0,1,1,0.0,0.0,0,0.0,0.0,0.0,0,0,1,1,0.0,0.0,0.0,1,1.0,0,0.0,0.0,0.0,1,1.0,1.0,0.0,1.0,0.0,0.0,0.0,0.0,0,0.0,1,0.0,1,0.0,1,0.0,0.0,0.0,1,0,1,0.0,1,0,0.0,1.0,0.0,0.0,0.0,0.0,0,0.0,0,0.0,0,0,0.0,0.0,1.0,1.0,0.0,inward,BZT
1392,0.0,0.0,0.0,0.0,0.0,0,1,0.0,0.0,0,0.0,0.0,0.0,0,0,1,0,0.0,0.0,0.0,0,0.0,0,0.0,0.0,0.0,0,1.0,0.0,0.0,0.0,0.0,0.0,0.0,0.0,0,0.0,0,0.0,1,0.0,0,1.0,0.0,0.0,1,1,1,0.0,0,0,0.0,0.0,0.0,0.0,0.0,0.0,0,0.0,0,0.0,0,0,0.0,0.0,1.0,0.0,0.0,inward,BZT
1393,0.0,0.0,0.0,0.0,0.0,1,1,0.0,0.0,0,0.0,0.0,0.0,0,0,1,0,0.0,0.0,0.0,0,1.0,0,0.0,0.0,0.0,1,1.0,1.0,0.0,1.0,0.0,0.0,0.0,0.0,0,0.0,0,0.0,0,0.0,0,0.0,0.0,0.0,1,1,1,0.0,1,1,0.0,0.0,0.0,0.0,0.0,0.0,1,0.0,1,0.0,0,0,0.0,0.0,1.0,1.0,0.0,inward,BZT
1394,0.0,0.0,0.0,0.0,0.0,1,1,0.0,0.0,0,0.0,0.0,0.0,0,0,1,0,0.0,0.0,0.0,0,1.0,0,0.0,0.0,0.0,1,1.0,1.0,0.0,1.0,0.0,0.0,0.0,0.0,0,0.0,0,0.0,1,0.0,1,0.0,0.0,0.0,1,0,0,0.0,1,1,0.0,0.0,0.0,0.0,0.0,1.0,1,0.0,1,0.0,0,0,0.0,0.0,1.0,1.0,0.0,inward,BZT
1395,0.0,0.0,0.0,0.0,0.0,0,1,0.0,0.0,0,0.0,0.0,0.0,0,0,1,0,0.0,0.0,0.0,0,0.0,0,0.0,0.0,0.0,0,1.0,0.0,0.0,1.0,0.0,0.0,0.0,0.0,0,0.0,1,0.0,0,0.0,0,0.0,0.0,0.0,1,1,1,0.0,0,1,0.0,0.0,0.0,0.0,0.0,0.0,1,0.0,1,0.0,0,0,0.0,0.0,1.0,1.0,0.0,inward,BZT
1396,0.0,0.0,0.0,0.0,0.0,0,1,0.0,0.0,0,0.0,0.0,0.0,0,0,1,1,0.0,0.0,0.0,0,0.0,0,0.0,0.0,0.0,0,1.0,1.0,0.0,0.0,0.0,0.0,0.0,0.0,0,0.0,1,0.0,1,0.0,0,0.0,0.0,0.0,1,0,0,0.0,0,1,0.0,0.0,0.0,0.0,0.0,0.0,1,0.0,1,0.0,0,0,0.0,0.0,1.0,0.0,0.0,inward,BZT
1397,0.0,0.0,0.0,0.0,0.0,1,1,0.0,0.0,0,0.0,0.0,0.0,0,0,1,1,0.0,0.0,0.0,0,0.0,0,0.0,0.0,0.0,1,1.0,1.0,0.0,1.0,0.0,0.0,0.0,0.0,0,0.0,1,0.0,0,0.0,0,0.0,0.0,0.0,1,1,1,0.0,0,0,0.0,0.0,0.0,0.0,0.0,0.0,1,0.0,1,0.0,0,0,0.0,0.0,1.0,1.0,0.0,inward,BZT
1398,0.0,0.0,0.0,0.0,0.0,1,0,0.0,0.0,0,0.0,0.0,0.0,0,0,0,0,0.0,0.0,0.0,0,1.0,0,0.0,0.0,0.0,1,1.0,0.0,0.0,0.0,0.0,0.0,0.0,0.0,0,0.0,1,0.0,1,0.0,0,0.0,0.0,0.0,1,0,1,0.0,1,1,0.0,0.0,0.0,0.0,0.0,0.0,1,0.0,0,0.0,0,0,0.0,0.0,1.0,1.0,0.0,inward,BZT
1399,0.0,0.0,0.0,0.0,0.0,0,1,0.0,0.0,0,0.0,0.0,0.0,0,0,1,0,0.0,0.0,0.0,1,0.0,0,0.0,0.0,1.0,1,1.0,1.0,0.0,1.0,0.0,1.0,0.0,0.0,0,0.0,1,0.0,0,0.0,0,0.0,0.0,0.0,1,0,1,0.0,0,0,0.0,1.0,0.0,0.0,0.0,0.0,0,0.0,1,0.0,0,0,0.0,0.0,1.0,1.0,0.0,inward,BZT
1400,0.0,0.0,0.0,0.0,0.0,0,0,0.0,0.0,0,0.0,0.0,0.0,0,0,1,1,0.0,0.0,0.0,0,0.0,0,0.0,0.0,0.0,0,1.0,0.0,0.0,0.0,0.0,0.0,0.0,0.0,0,0.0,1,0.0,0,0.0,0,0.0,0.0,0.0,1,1,0,0.0,1,1,0.0,0.0,0.0,0.0,0.0,0.0,1,0.0,0,0.0,0,0,0.0,0.0,1.0,1.0,0.0,inward,BZT
1401,0.0,0.0,0.0,0.0,0.0,1,1,0.0,0.0,0,0.0,0.0,0.0,0,0,1,0,0.0,0.0,0.0,0,1.0,0,0.0,0.0,0.0,1,1.0,0.0,0.0,1.0,0.0,0.0,0.0,0.0,0,0.0,0,0.0,1,0.0,0,0.0,0.0,0.0,1,0,1,0.0,0,1,0.0,0.0,0.0,0.0,0.0,0.0,1,0.0,1,0.0,0,0,0.0,0.0,1.0,1.0,0.0,inward,BZT
1402,0.0,0.0,0.0,0.0,0.0,1,1,0.0,0.0,0,0.0,0.0,0.0,0,0,1,0,0.0,0.0,0.0,1,0.0,0,0.0,0.0,0.0,1,1.0,0.0,0.0,1.0,0.0,1.0,0.0,0.0,0,0.0,1,0.0,1,0.0,0,0.0,0.0,0.0,1,1,1,0.0,0,0,0.0,0.0,0.0,0.0,0.0,0.0,0,0.0,1,0.0,0,0,0.0,0.0,1.0,0.0,0.0,inward,BZT
1403,0.0,0.0,0.0,0.0,0.0,0,0,0.0,0.0,0,0.0,0.0,0.0,0,0,0,0,0.0,0.0,0.0,1,1.0,0,0.0,0.0,0.0,1,1.0,1.0,0.0,1.0,0.0,0.0,0.0,0.0,0,0.0,1,0.0,1,0.0,1,0.0,0.0,0.0,1,1,1,0.0,0,0,0.0,0.0,0.0,0.0,0.0,0.0,0,0.0,1,0.0,0,0,0.0,0.0,1.0,1.0,0.0,inward,BZT
1404,0.0,0.0,0.0,0.0,0.0,1,1,0.0,0.0,0,0.0,0.0,0.0,0,0,1,0,0.0,0.0,0.0,1,0.0,0,0.0,0.0,1.0,1,1.0,1.0,0.0,1.0,0.0,0.0,0.0,0.0,0,0.0,1,0.0,1,0.0,0,0.0,0.0,0.0,1,0,1,0.0,1,0,0.0,1.0,0.0,0.0,0.0,0.0,0,0.0,1,0.0,0,0,0.0,0.0,1.0,1.0,0.0,inward,BZT
1405,0.0,0.0,0.0,0.0,0.0,1,1,0.0,0.0,0,0.0,0.0,0.0,0,0,1,0,0.0,0.0,0.0,1,0.0,0,0.0,0.0,1.0,1,1.0,1.0,0.0,1.0,0.0,1.0,0.0,0.0,0,0.0,1,0.0,1,0.0,1,1.0,0.0,0.0,1,1,1,0.0,0,1,0.0,1.0,0.0,0.0,0.0,0.0,1,0.0,1,0.0,0,0,0.0,0.0,1.0,1.0,0.0,inward,BZT
1406,0.0,0.0,0.0,0.0,0.0,0,1,0.0,0.0,0,0.0,0.0,0.0,0,0,1,1,0.0,0.0,0.0,1,1.0,0,0.0,0.0,1.0,0,1.0,0.0,0.0,1.0,0.0,0.0,0.0,0.0,0,0.0,1,0.0,1,0.0,1,0.0,0.0,0.0,1,0,1,0.0,1,1,0.0,1.0,0.0,0.0,0.0,1.0,1,0.0,1,0.0,0,0,0.0,0.0,1.0,1.0,0.0,inward,BZT
1407,0.0,0.0,0.0,0.0,0.0,1,1,0.0,0.0,0,0.0,0.0,0.0,0,0,1,1,0.0,0.0,0.0,0,0.0,0,0.0,0.0,1.0,1,1.0,1.0,0.0,1.0,0.0,0.0,0.0,0.0,0,0.0,1,0.0,1,0.0,0,0.0,0.0,0.0,1,0,1,0.0,0,0,0.0,1.0,0.0,0.0,0.0,0.0,1,0.0,1,0.0,0,0,0.0,0.0,1.0,1.0,0.0,inward,BZT
1408,0.0,0.0,0.0,0.0,0.0,0,0,0.0,0.0,0,0.0,0.0,0.0,0,0,0,0,0.0,0.0,0.0,1,0.0,0,0.0,0.0,0.0,1,1.0,1.0,0.0,1.0,0.0,0.0,0.0,0.0,0,0.0,1,0.0,1,0.0,0,0.0,0.0,0.0,1,0,1,0.0,1,0,0.0,1.0,0.0,0.0,0.0,0.0,0,0.0,1,0.0,0,0,0.0,0.0,1.0,1.0,0.0,inward,BZT
1409,0.0,0.0,0.0,0.0,0.0,1,1,0.0,0.0,0,0.0,0.0,0.0,0,0,1,0,0.0,0.0,0.0,0,0.0,0,0.0,0.0,0.0,0,1.0,0.0,0.0,1.0,0.0,0.0,0.0,0.0,0,0.0,0,0.0,1,0.0,0,0.0,0.0,0.0,1,1,1,0.0,0,1,0.0,0.0,0.0,0.0,0.0,0.0,1,0.0,1,0.0,0,0,0.0,0.0,1.0,1.0,0.0,inward,BZT
1410,0.0,0.0,0.0,0.0,0.0,0,0,0.0,0.0,0,0.0,0.0,0.0,0,0,1,1,0.0,0.0,0.0,0,0.0,0,0.0,0.0,0.0,1,1.0,0.0,0.0,1.0,0.0,1.0,0.0,0.0,0,0.0,1,0.0,1,0.0,0,0.0,0.0,0.0,1,1,1,0.0,0,1,0.0,0.0,0.0,0.0,0.0,0.0,0,0.0,0,0.0,0,0,0.0,0.0,1.0,1.0,0.0,inward,BZT
1411,0.0,0.0,0.0,0.0,0.0,1,1,0.0,0.0,0,0.0,0.0,0.0,0,0,1,0,0.0,0.0,0.0,1,0.0,0,0.0,0.0,0.0,1,1.0,1.0,0.0,1.0,0.0,1.0,0.0,0.0,0,0.0,0,0.0,1,0.0,0,0.0,0.0,0.0,1,0,1,0.0,0,0,0.0,0.0,0.0,0.0,0.0,0.0,0,0.0,1,0.0,0,0,0.0,0.0,1.0,0.0,0.0,inward,BZT
1412,0.0,0.0,0.0,0.0,0.0,1,1,0.0,0.0,0,0.0,0.0,0.0,0,0,0,0,0.0,0.0,0.0,0,1.0,0,0.0,0.0,0.0,0,0.0,0.0,0.0,0.0,0.0,0.0,0.0,0.0,0,0.0,0,0.0,1,0.0,0,0.0,0.0,0.0,1,1,1,0.0,0,1,0.0,0.0,0.0,0.0,0.0,0.0,1,0.0,1,0.0,0,0,0.0,0.0,1.0,0.0,0.0,inward,BZT
1413,0.0,0.0,0.0,0.0,0.0,0,0,0.0,0.0,0,0.0,0.0,0.0,0,0,1,0,0.0,0.0,0.0,1,1.0,0,0.0,0.0,0.0,0,1.0,0.0,0.0,1.0,0.0,0.0,0.0,0.0,0,0.0,1,0.0,1,0.0,0,0.0,0.0,0.0,1,1,0,0.0,0,1,0.0,0.0,0.0,0.0,0.0,0.0,1,0.0,1,0.0,0,0,0.0,0.0,1.0,1.0,0.0,inward,BZT
1414,0.0,0.0,0.0,0.0,0.0,1,1,0.0,0.0,0,0.0,0.0,0.0,0,0,0,0,0.0,0.0,0.0,0,0.0,0,0.0,0.0,0.0,1,1.0,0.0,0.0,1.0,0.0,0.0,0.0,0.0,0,0.0,1,0.0,1,0.0,1,0.0,0.0,0.0,1,1,0,0.0,0,1,0.0,0.0,0.0,0.0,0.0,0.0,1,0.0,0,0.0,0,0,0.0,0.0,1.0,1.0,0.0,inward,BZT
1415,0.0,0.0,0.0,0.0,0.0,0,0,0.0,0.0,0,0.0,0.0,0.0,0,0,1,0,0.0,0.0,0.0,1,0.0,0,0.0,0.0,0.0,1,1.0,0.0,0.0,1.0,0.0,1.0,0.0,0.0,0,0.0,1,0.0,0,0.0,0,0.0,0.0,0.0,1,1,1,0.0,0,0,0.0,0.0,0.0,0.0,0.0,0.0,0,0.0,1,0.0,0,0,0.0,0.0,1.0,1.0,0.0,inward,BZT
1416,0.0,0.0,0.0,0.0,0.0,0,0,0.0,0.0,0,0.0,0.0,0.0,0,0,1,0,0.0,0.0,0.0,1,0.0,0,0.0,0.0,0.0,0,0.0,0.0,0.0,1.0,0.0,0.0,0.0,0.0,0,0.0,1,0.0,1,0.0,0,0.0,0.0,0.0,1,1,1,0.0,0,0,0.0,0.0,0.0,0.0,0.0,0.0,1,0.0,1,0.0,0,0,0.0,0.0,1.0,1.0,0.0,inward,BZT
1417,0.0,0.0,0.0,0.0,0.0,0,1,0.0,0.0,0,0.0,0.0,0.0,0,0,1,0,0.0,0.0,0.0,0,0.0,0,0.0,0.0,1.0,1,1.0,0.0,0.0,1.0,0.0,0.0,0.0,0.0,0,0.0,1,0.0,1,0.0,0,0.0,0.0,0.0,1,1,1,0.0,0,0,0.0,0.0,0.0,0.0,0.0,0.0,0,0.0,1,0.0,0,0,0.0,0.0,1.0,1.0,0.0,inward,BZT
1418,0.0,0.0,0.0,0.0,0.0,1,1,0.0,0.0,0,0.0,0.0,0.0,0,0,1,0,0.0,0.0,0.0,1,0.0,0,0.0,0.0,0.0,1,1.0,1.0,0.0,1.0,0.0,0.0,0.0,0.0,0,0.0,1,0.0,0,0.0,0,0.0,0.0,0.0,1,0,1,0.0,1,0,0.0,0.0,0.0,0.0,0.0,0.0,1,0.0,1,0.0,0,0,0.0,0.0,1.0,1.0,0.0,inward,BZT
1419,0.0,0.0,0.0,0.0,0.0,1,1,0.0,0.0,0,0.0,0.0,0.0,0,0,0,0,0.0,0.0,0.0,1,0.0,0,0.0,0.0,0.0,1,1.0,1.0,0.0,1.0,0.0,0.0,0.0,0.0,0,0.0,0,0.0,1,0.0,0,0.0,0.0,0.0,1,0,0,0.0,0,1,0.0,0.0,0.0,0.0,0.0,0.0,1,0.0,1,0.0,0,0,0.0,0.0,1.0,0.0,0.0,inward,BZT
1420,0.0,0.0,0.0,0.0,0.0,0,0,0.0,0.0,0,0.0,0.0,0.0,0,0,1,0,0.0,0.0,0.0,0,0.0,0,0.0,0.0,0.0,0,1.0,1.0,0.0,1.0,0.0,0.0,0.0,0.0,0,0.0,0,0.0,1,0.0,0,0.0,0.0,0.0,1,0,1,0.0,1,0,0.0,1.0,0.0,0.0,0.0,0.0,1,0.0,1,0.0,0,0,0.0,0.0,1.0,1.0,0.0,inward,BZT
1421,0.0,0.0,0.0,0.0,0.0,1,1,0.0,0.0,0,0.0,0.0,0.0,0,0,1,1,0.0,0.0,0.0,0,0.0,0,0.0,0.0,0.0,0,1.0,0.0,0.0,0.0,0.0,0.0,0.0,0.0,0,0.0,1,0.0,1,0.0,1,0.0,0.0,0.0,1,0,1,0.0,1,1,0.0,1.0,0.0,0.0,0.0,0.0,1,0.0,1,0.0,0,0,0.0,0.0,1.0,1.0,0.0,inward,BZT
1422,0.0,0.0,0.0,0.0,0.0,0,1,0.0,0.0,0,0.0,0.0,0.0,1,0,0,1,0.0,0.0,0.0,0,0.0,0,0.0,0.0,0.0,0,1.0,0.0,0.0,1.0,0.0,0.0,0.0,0.0,0,0.0,1,0.0,1,0.0,1,0.0,0.0,0.0,1,1,1,0.0,0,0,0.0,1.0,0.0,0.0,0.0,0.0,1,0.0,1,0.0,0,0,0.0,0.0,1.0,1.0,0.0,inward,BZT
1423,0.0,0.0,0.0,0.0,0.0,1,1,0.0,0.0,0,0.0,0.0,0.0,0,0,1,0,0.0,0.0,0.0,1,0.0,0,0.0,0.0,0.0,0,1.0,1.0,0.0,1.0,0.0,0.0,0.0,0.0,0,0.0,1,0.0,1,0.0,0,0.0,0.0,0.0,1,0,1,0.0,0,0,0.0,1.0,0.0,0.0,0.0,0.0,0,0.0,0,0.0,0,0,0.0,0.0,1.0,1.0,0.0,inward,BZT
1424,0.0,0.0,0.0,0.0,0.0,0,0,0.0,0.0,0,0.0,0.0,0.0,0,0,1,0,0.0,0.0,0.0,0,0.0,0,0.0,0.0,0.0,0,1.0,0.0,0.0,1.0,0.0,0.0,0.0,0.0,0,0.0,0,0.0,1,0.0,1,0.0,0.0,0.0,1,1,1,0.0,0,0,0.0,0.0,0.0,0.0,0.0,0.0,1,0.0,1,0.0,0,0,0.0,0.0,1.0,1.0,0.0,inward,BZT
1425,0.0,0.0,0.0,0.0,0.0,0,0,0.0,0.0,0,0.0,0.0,0.0,0,0,1,0,0.0,0.0,0.0,1,0.0,0,0.0,0.0,0.0,1,1.0,1.0,0.0,0.0,0.0,0.0,0.0,0.0,0,0.0,1,0.0,1,0.0,1,0.0,0.0,0.0,1,0,1,0.0,0,0,0.0,0.0,0.0,0.0,0.0,0.0,1,0.0,1,0.0,0,0,0.0,0.0,1.0,0.0,0.0,inward,BZT
1426,0.0,0.0,0.0,0.0,0.0,0,0,0.0,0.0,0,0.0,0.0,0.0,0,0,1,0,0.0,0.0,0.0,1,0.0,0,0.0,0.0,0.0,0,1.0,0.0,0.0,1.0,0.0,1.0,0.0,0.0,0,0.0,0,0.0,1,0.0,1,0.0,0.0,0.0,1,1,1,0.0,0,1,0.0,0.0,0.0,0.0,0.0,0.0,0,0.0,0,0.0,0,0,0.0,0.0,1.0,1.0,0.0,inward,BZT
1427,0.0,0.0,0.0,0.0,0.0,1,1,0.0,0.0,0,0.0,0.0,0.0,0,0,0,0,0.0,0.0,0.0,1,0.0,0,0.0,0.0,0.0,1,1.0,1.0,0.0,1.0,0.0,1.0,0.0,0.0,0,0.0,0,0.0,1,0.0,0,0.0,0.0,0.0,1,1,1,0.0,0,0,0.0,0.0,0.0,0.0,0.0,0.0,1,0.0,1,0.0,0,0,0.0,0.0,1.0,1.0,0.0,inward,BZT
1428,0.0,0.0,0.0,0.0,0.0,0,1,0.0,0.0,0,0.0,0.0,0.0,0,0,1,1,0.0,0.0,0.0,0,0.0,0,0.0,0.0,1.0,1,1.0,0.0,0.0,1.0,0.0,1.0,0.0,0.0,0,0.0,1,0.0,1,0.0,1,0.0,0.0,0.0,1,0,1,0.0,0,0,0.0,1.0,0.0,0.0,0.0,0.0,0,0.0,1,0.0,0,0,0.0,0.0,1.0,1.0,0.0,inward,BZT
1429,0.0,0.0,0.0,0.0,0.0,0,1,0.0,0.0,0,0.0,0.0,0.0,0,0,1,0,0.0,0.0,0.0,0,1.0,0,0.0,0.0,0.0,0,1.0,0.0,0.0,0.0,0.0,0.0,0.0,0.0,0,0.0,0,0.0,1,0.0,0,0.0,0.0,0.0,1,0,0,0.0,0,0,0.0,0.0,0.0,0.0,0.0,0.0,1,0.0,1,0.0,0,0,0.0,0.0,1.0,0.0,0.0,inward,BZT
1430,0.0,0.0,0.0,0.0,0.0,0,0,0.0,0.0,0,0.0,0.0,0.0,0,0,1,0,0.0,0.0,0.0,1,0.0,0,0.0,0.0,0.0,0,1.0,0.0,0.0,1.0,0.0,1.0,0.0,0.0,0,0.0,0,0.0,1,0.0,0,0.0,0.0,0.0,1,1,1,0.0,0,0,0.0,0.0,0.0,0.0,0.0,0.0,1,0.0,1,0.0,0,0,0.0,0.0,1.0,1.0,0.0,inward,BZT
1431,0.0,0.0,0.0,0.0,0.0,0,0,0.0,0.0,0,0.0,0.0,0.0,0,0,1,1,0.0,0.0,0.0,0,0.0,0,0.0,0.0,0.0,1,0.0,0.0,0.0,0.0,0.0,0.0,0.0,0.0,0,0.0,1,0.0,1,0.0,0,0.0,0.0,0.0,1,0,1,0.0,0,1,0.0,0.0,0.0,0.0,0.0,0.0,1,0.0,1,0.0,0,0,0.0,0.0,1.0,1.0,0.0,inward,BZT
1432,0.0,0.0,0.0,0.0,0.0,0,0,0.0,0.0,0,0.0,0.0,0.0,0,0,1,0,0.0,0.0,0.0,1,0.0,0,0.0,0.0,0.0,1,1.0,1.0,0.0,1.0,0.0,0.0,0.0,0.0,0,0.0,1,0.0,1,0.0,0,0.0,0.0,0.0,1,1,1,0.0,0,0,0.0,1.0,0.0,0.0,0.0,0.0,1,0.0,1,0.0,0,0,0.0,0.0,1.0,1.0,0.0,inward,BZT
1433,0.0,0.0,0.0,0.0,0.0,0,0,0.0,0.0,0,0.0,0.0,0.0,0,0,1,1,0.0,0.0,0.0,1,0.0,0,0.0,0.0,1.0,1,1.0,1.0,0.0,1.0,0.0,0.0,0.0,0.0,0,0.0,1,0.0,1,0.0,1,0.0,0.0,0.0,1,0,1,0.0,1,0,0.0,0.0,0.0,0.0,0.0,0.0,1,0.0,1,0.0,0,0,0.0,0.0,1.0,1.0,0.0,inward,BZT
1434,0.0,0.0,0.0,0.0,0.0,1,1,0.0,0.0,0,0.0,0.0,0.0,0,0,1,1,0.0,0.0,0.0,0,0.0,1,0.0,0.0,1.0,1,1.0,1.0,0.0,1.0,0.0,0.0,0.0,0.0,0,0.0,1,0.0,0,0.0,0,0.0,0.0,0.0,1,0,1,0.0,1,0,0.0,0.0,0.0,0.0,0.0,0.0,1,0.0,1,0.0,0,0,0.0,0.0,1.0,1.0,0.0,inward,BZT
1435,0.0,0.0,0.0,0.0,0.0,0,0,0.0,0.0,0,0.0,0.0,0.0,0,0,1,0,0.0,0.0,0.0,1,1.0,1,0.0,0.0,0.0,0,1.0,0.0,0.0,1.0,0.0,1.0,0.0,0.0,0,0.0,1,0.0,1,0.0,0,0.0,0.0,0.0,1,0,0,0.0,1,1,0.0,0.0,0.0,0.0,0.0,0.0,0,0.0,1,0.0,0,0,0.0,0.0,1.0,1.0,0.0,inward,BZT
1436,0.0,0.0,0.0,0.0,0.0,0,1,0.0,0.0,0,0.0,0.0,0.0,0,0,1,0,0.0,0.0,0.0,1,1.0,0,0.0,0.0,0.0,0,1.0,0.0,0.0,1.0,0.0,0.0,0.0,0.0,0,0.0,1,0.0,1,0.0,1,0.0,0.0,0.0,1,1,1,0.0,0,1,0.0,0.0,0.0,0.0,0.0,0.0,1,0.0,1,0.0,0,0,0.0,0.0,1.0,1.0,0.0,inward,BZT
1437,0.0,0.0,0.0,0.0,0.0,0,1,0.0,0.0,0,0.0,0.0,0.0,0,0,1,1,0.0,0.0,0.0,0,0.0,0,0.0,0.0,0.0,1,1.0,0.0,0.0,1.0,0.0,0.0,0.0,0.0,0,0.0,0,0.0,0,0.0,0,0.0,0.0,0.0,1,1,0,0.0,0,0,0.0,1.0,0.0,0.0,0.0,0.0,1,0.0,1,0.0,0,0,0.0,0.0,1.0,1.0,0.0,inward,BZT
1438,0.0,0.0,0.0,0.0,0.0,1,1,0.0,0.0,0,0.0,0.0,0.0,0,0,1,0,0.0,0.0,0.0,0,0.0,0,0.0,0.0,0.0,1,1.0,0.0,0.0,1.0,0.0,0.0,0.0,0.0,0,0.0,1,0.0,1,0.0,0,0.0,0.0,0.0,1,1,0,0.0,0,0,0.0,1.0,0.0,0.0,0.0,0.0,1,0.0,1,0.0,0,0,0.0,0.0,1.0,1.0,0.0,inward,BZT
1439,0.0,0.0,0.0,0.0,0.0,1,1,0.0,0.0,0,0.0,0.0,0.0,0,0,1,0,0.0,0.0,0.0,1,0.0,0,0.0,0.0,0.0,1,1.0,0.0,0.0,1.0,0.0,0.0,0.0,0.0,0,0.0,1,0.0,1,0.0,1,0.0,0.0,0.0,1,1,1,0.0,1,1,0.0,1.0,0.0,0.0,0.0,0.0,0,0.0,1,0.0,0,0,0.0,0.0,1.0,1.0,0.0,inward,BZT
1440,0.0,0.0,0.0,0.0,0.0,0,0,0.0,0.0,0,0.0,0.0,0.0,0,0,1,1,0.0,0.0,0.0,1,0.0,0,0.0,0.0,0.0,0,1.0,0.0,0.0,0.0,0.0,0.0,0.0,0.0,0,0.0,1,0.0,1,0.0,1,0.0,0.0,0.0,1,0,1,0.0,1,1,0.0,0.0,0.0,0.0,0.0,0.0,0,0.0,1,0.0,0,0,0.0,0.0,1.0,1.0,0.0,inward,BZT
1441,0.0,0.0,0.0,0.0,0.0,1,1,0.0,0.0,0,0.0,0.0,0.0,0,0,0,0,0.0,0.0,0.0,0,1.0,0,0.0,0.0,0.0,0,1.0,0.0,0.0,1.0,0.0,0.0,0.0,0.0,0,0.0,0,0.0,1,0.0,1,0.0,0.0,0.0,1,0,1,0.0,1,0,0.0,1.0,0.0,0.0,0.0,0.0,1,0.0,1,0.0,0,0,0.0,0.0,1.0,1.0,0.0,inward,BZT
1442,0.0,0.0,0.0,0.0,0.0,0,0,0.0,0.0,0,0.0,0.0,0.0,0,0,0,0,0.0,0.0,0.0,1,1.0,0,0.0,0.0,1.0,1,1.0,1.0,0.0,1.0,0.0,0.0,0.0,0.0,0,0.0,1,0.0,1,0.0,0,0.0,0.0,0.0,1,0,1,0.0,1,0,0.0,1.0,0.0,0.0,0.0,0.0,0,0.0,1,0.0,0,0,0.0,0.0,1.0,1.0,0.0,inward,BZT
1443,0.0,0.0,0.0,0.0,0.0,1,1,0.0,0.0,0,0.0,0.0,0.0,0,0,1,0,0.0,0.0,0.0,0,0.0,0,0.0,0.0,1.0,0,1.0,0.0,0.0,1.0,0.0,0.0,0.0,0.0,0,0.0,0,0.0,1,0.0,0,0.0,0.0,0.0,1,0,1,0.0,0,0,0.0,1.0,0.0,0.0,0.0,0.0,0,0.0,1,0.0,0,0,0.0,0.0,1.0,1.0,0.0,inward,BZT
1444,0.0,0.0,0.0,0.0,0.0,0,1,0.0,0.0,0,0.0,0.0,0.0,0,0,1,0,0.0,0.0,0.0,0,0.0,0,0.0,0.0,0.0,1,1.0,1.0,0.0,1.0,0.0,0.0,0.0,0.0,0,0.0,0,0.0,1,0.0,0,0.0,0.0,0.0,1,0,0,0.0,0,1,0.0,0.0,0.0,0.0,0.0,0.0,1,0.0,1,0.0,0,0,0.0,0.0,1.0,1.0,0.0,inward,BZT
1445,0.0,0.0,0.0,0.0,0.0,1,1,0.0,0.0,0,0.0,0.0,0.0,0,0,0,0,0.0,0.0,0.0,0,0.0,0,0.0,0.0,0.0,1,1.0,1.0,0.0,1.0,0.0,0.0,0.0,0.0,0,0.0,0,0.0,1,0.0,0,0.0,0.0,0.0,1,0,1,0.0,0,1,0.0,0.0,0.0,0.0,0.0,0.0,1,0.0,1,0.0,0,0,0.0,0.0,1.0,1.0,0.0,inward,BZT
1446,0.0,0.0,0.0,0.0,0.0,1,1,0.0,0.0,0,0.0,0.0,0.0,0,0,1,1,0.0,0.0,0.0,0,1.0,0,0.0,0.0,1.0,0,1.0,0.0,0.0,1.0,0.0,1.0,0.0,0.0,0,0.0,1,0.0,1,0.0,1,0.0,0.0,0.0,1,0,1,0.0,1,0,0.0,1.0,0.0,0.0,0.0,0.0,0,0.0,0,0.0,0,0,0.0,0.0,1.0,1.0,0.0,inward,BZT
1447,0.0,0.0,0.0,0.0,0.0,1,1,0.0,0.0,0,0.0,0.0,0.0,0,0,1,1,0.0,0.0,0.0,0,0.0,0,0.0,0.0,0.0,1,1.0,0.0,0.0,1.0,0.0,0.0,0.0,0.0,0,0.0,1,0.0,1,0.0,1,0.0,0.0,0.0,1,0,1,0.0,0,0,0.0,1.0,0.0,0.0,0.0,0.0,1,0.0,0,0.0,0,0,0.0,0.0,1.0,1.0,0.0,inward,BZT
1448,0.0,0.0,0.0,0.0,0.0,1,1,0.0,0.0,0,0.0,0.0,0.0,0,0,0,0,0.0,0.0,0.0,0,1.0,0,0.0,0.0,0.0,1,1.0,0.0,0.0,1.0,0.0,0.0,0.0,0.0,0,0.0,1,0.0,1,0.0,1,0.0,0.0,0.0,1,1,0,0.0,1,0,0.0,1.0,0.0,0.0,0.0,0.0,0,0.0,1,0.0,0,0,0.0,0.0,1.0,1.0,0.0,inward,BZT
1449,0.0,0.0,0.0,0.0,0.0,0,1,0.0,0.0,0,0.0,0.0,0.0,0,0,1,0,0.0,0.0,0.0,1,0.0,0,0.0,0.0,0.0,1,1.0,0.0,0.0,1.0,0.0,1.0,0.0,0.0,0,0.0,0,0.0,1,0.0,0,0.0,0.0,0.0,1,1,1,0.0,0,0,0.0,1.0,0.0,0.0,0.0,0.0,0,0.0,1,0.0,0,0,0.0,0.0,1.0,1.0,0.0,inward,BZT
1450,0.0,0.0,0.0,0.0,0.0,1,0,0.0,0.0,0,0.0,0.0,0.0,0,0,1,0,0.0,0.0,0.0,1,0.0,0,0.0,0.0,0.0,1,1.0,0.0,0.0,1.0,0.0,0.0,0.0,0.0,0,0.0,1,0.0,1,0.0,0,0.0,0.0,0.0,1,1,0,0.0,1,0,0.0,0.0,0.0,0.0,0.0,0.0,1,0.0,1,0.0,0,0,0.0,0.0,1.0,1.0,0.0,inward,BZT
1451,0.0,0.0,0.0,0.0,0.0,0,0,0.0,0.0,0,0.0,0.0,0.0,0,0,1,0,0.0,0.0,0.0,1,0.0,0,0.0,0.0,0.0,0,1.0,0.0,0.0,0.0,0.0,0.0,0.0,0.0,0,0.0,0,0.0,1,0.0,0,0.0,0.0,0.0,1,0,1,0.0,0,1,0.0,1.0,0.0,0.0,0.0,0.0,1,0.0,0,0.0,0,0,0.0,0.0,1.0,1.0,0.0,inward,BZT
1452,0.0,0.0,0.0,0.0,0.0,0,0,0.0,0.0,0,0.0,0.0,0.0,0,0,1,0,0.0,0.0,0.0,0,0.0,0,0.0,0.0,0.0,1,1.0,1.0,0.0,1.0,0.0,1.0,0.0,0.0,0,0.0,0,0.0,1,0.0,0,0.0,0.0,0.0,1,1,0,0.0,0,0,0.0,1.0,0.0,0.0,0.0,0.0,1,0.0,1,0.0,0,0,0.0,0.0,1.0,1.0,0.0,inward,BZT
1453,0.0,0.0,0.0,0.0,0.0,1,1,0.0,0.0,0,0.0,0.0,0.0,0,0,0,0,0.0,0.0,0.0,1,1.0,0,0.0,0.0,0.0,1,1.0,0.0,0.0,1.0,0.0,0.0,0.0,0.0,0,0.0,1,0.0,0,0.0,0,0.0,0.0,0.0,1,0,1,0.0,0,0,0.0,1.0,0.0,0.0,0.0,0.0,1,0.0,1,0.0,0,0,0.0,0.0,1.0,1.0,0.0,inward,BZT
1454,0.0,0.0,0.0,0.0,0.0,0,1,0.0,0.0,0,0.0,0.0,0.0,0,0,1,1,0.0,0.0,0.0,1,0.0,0,0.0,0.0,0.0,0,0.0,0.0,0.0,0.0,0.0,0.0,0.0,0.0,0,0.0,1,0.0,1,0.0,0,0.0,0.0,0.0,1,0,1,0.0,0,1,0.0,0.0,0.0,0.0,0.0,0.0,1,0.0,1,0.0,0,0,0.0,0.0,1.0,1.0,0.0,inward,BZT
1455,0.0,0.0,0.0,0.0,0.0,0,1,0.0,0.0,0,0.0,0.0,0.0,1,0,0,1,0.0,0.0,0.0,1,1.0,0,0.0,0.0,0.0,1,1.0,1.0,0.0,1.0,0.0,0.0,0.0,0.0,0,0.0,0,0.0,1,0.0,1,0.0,0.0,0.0,1,1,0,0.0,0,1,0.0,0.0,0.0,0.0,0.0,0.0,0,0.0,1,0.0,0,0,0.0,0.0,1.0,0.0,0.0,inward,BZT
1456,0.0,0.0,0.0,0.0,0.0,0,0,0.0,0.0,0,0.0,0.0,0.0,0,0,1,1,0.0,0.0,0.0,0,0.0,1,0.0,0.0,0.0,1,1.0,0.0,0.0,1.0,0.0,1.0,0.0,0.0,0,0.0,0,0.0,0,0.0,0,0.0,0.0,0.0,1,1,1,0.0,1,0,0.0,0.0,0.0,0.0,0.0,0.0,1,0.0,1,0.0,0,0,0.0,0.0,1.0,1.0,0.0,inward,BZT
1457,0.0,0.0,0.0,0.0,0.0,1,1,0.0,0.0,0,0.0,0.0,0.0,0,0,1,0,0.0,0.0,0.0,1,0.0,0,0.0,0.0,0.0,1,1.0,0.0,0.0,1.0,0.0,0.0,0.0,0.0,0,0.0,1,0.0,0,0.0,0,0.0,0.0,0.0,1,1,1,0.0,0,0,0.0,1.0,0.0,0.0,0.0,0.0,0,0.0,1,0.0,0,0,0.0,0.0,1.0,0.0,0.0,inward,BZT
1458,0.0,0.0,0.0,0.0,0.0,0,0,0.0,0.0,0,0.0,0.0,0.0,0,0,0,0,0.0,0.0,0.0,1,0.0,0,0.0,0.0,0.0,1,1.0,0.0,0.0,1.0,0.0,1.0,0.0,0.0,0,0.0,1,0.0,1,0.0,0,0.0,0.0,0.0,1,0,1,0.0,0,1,0.0,0.0,0.0,0.0,0.0,0.0,1,0.0,0,0.0,0,0,0.0,0.0,1.0,0.0,0.0,inward,BZT
1459,0.0,0.0,0.0,0.0,0.0,0,1,0.0,0.0,0,0.0,0.0,0.0,0,0,1,1,0.0,0.0,0.0,1,1.0,0,0.0,0.0,0.0,1,1.0,0.0,0.0,1.0,0.0,0.0,0.0,0.0,0,0.0,1,0.0,1,0.0,0,0.0,0.0,0.0,1,0,0,0.0,1,0,0.0,0.0,0.0,0.0,0.0,0.0,1,0.0,1,0.0,0,0,0.0,0.0,1.0,1.0,0.0,inward,BZT
1460,0.0,0.0,0.0,0.0,0.0,1,1,0.0,0.0,0,0.0,0.0,0.0,0,0,1,0,0.0,0.0,0.0,1,0.0,0,0.0,0.0,1.0,1,1.0,1.0,0.0,1.0,0.0,0.0,0.0,0.0,0,0.0,1,0.0,1,0.0,0,0.0,0.0,0.0,1,1,1,0.0,0,1,0.0,1.0,0.0,0.0,0.0,0.0,1,0.0,1,0.0,0,0,0.0,0.0,1.0,1.0,0.0,inward,BZT
1461,0.0,0.0,0.0,0.0,0.0,1,1,0.0,0.0,0,0.0,0.0,0.0,0,0,1,0,0.0,0.0,0.0,1,0.0,0,0.0,0.0,0.0,0,1.0,0.0,0.0,0.0,0.0,0.0,0.0,0.0,0,0.0,1,0.0,1,0.0,0,0.0,0.0,0.0,1,0,1,0.0,0,1,0.0,0.0,0.0,0.0,0.0,0.0,1,0.0,1,0.0,0,0,0.0,0.0,1.0,1.0,0.0,inward,BZT
1462,0.0,0.0,0.0,0.0,0.0,0,1,0.0,0.0,0,0.0,0.0,0.0,0,0,0,0,0.0,0.0,0.0,0,1.0,0,0.0,0.0,0.0,1,1.0,0.0,0.0,1.0,0.0,0.0,0.0,0.0,0,0.0,0,0.0,0,0.0,0,0.0,0.0,0.0,1,1,1,0.0,0,1,0.0,1.0,0.0,0.0,0.0,0.0,1,0.0,0,0.0,0,0,0.0,0.0,1.0,0.0,0.0,inward,BZT
1463,0.0,0.0,0.0,0.0,0.0,1,1,0.0,0.0,0,0.0,0.0,0.0,0,0,1,1,0.0,0.0,0.0,0,0.0,0,0.0,0.0,0.0,1,1.0,0.0,0.0,1.0,0.0,0.0,0.0,0.0,0,0.0,1,0.0,1,0.0,0,0.0,0.0,0.0,1,1,1,0.0,1,0,0.0,1.0,0.0,0.0,0.0,0.0,0,0.0,0,0.0,0,0,0.0,0.0,1.0,1.0,0.0,inward,BZT
1464,0.0,0.0,0.0,0.0,0.0,1,1,0.0,0.0,0,0.0,0.0,0.0,0,0,1,1,0.0,0.0,0.0,0,0.0,0,0.0,0.0,0.0,1,1.0,1.0,0.0,1.0,0.0,0.0,0.0,0.0,0,0.0,1,0.0,0,0.0,0,0.0,0.0,0.0,1,1,1,0.0,0,0,0.0,0.0,0.0,0.0,0.0,0.0,1,0.0,1,0.0,0,0,0.0,0.0,1.0,1.0,0.0,inward,BZT
1465,0.0,0.0,0.0,0.0,0.0,0,1,0.0,0.0,0,0.0,0.0,0.0,0,0,1,0,0.0,0.0,0.0,0,0.0,1,0.0,0.0,1.0,1,1.0,0.0,0.0,1.0,0.0,0.0,0.0,0.0,0,0.0,1,0.0,1,0.0,0,0.0,0.0,0.0,1,0,1,0.0,1,0,0.0,1.0,0.0,0.0,0.0,0.0,0,0.0,1,0.0,0,0,0.0,0.0,1.0,0.0,0.0,inward,BZT
1466,0.0,0.0,0.0,0.0,0.0,1,1,0.0,0.0,0,0.0,0.0,0.0,1,0,1,0,0.0,0.0,0.0,0,1.0,0,0.0,0.0,1.0,1,1.0,1.0,0.0,1.0,0.0,0.0,0.0,0.0,0,0.0,1,0.0,1,0.0,0,0.0,0.0,0.0,1,0,0,0.0,1,0,0.0,1.0,0.0,0.0,0.0,0.0,0,0.0,1,0.0,0,0,0.0,0.0,1.0,1.0,0.0,inward,BZT
1467,0.0,0.0,0.0,0.0,0.0,0,0,0.0,0.0,0,0.0,0.0,0.0,0,0,1,1,0.0,0.0,0.0,0,0.0,0,0.0,0.0,0.0,1,1.0,0.0,0.0,1.0,0.0,1.0,0.0,0.0,0,0.0,0,0.0,0,0.0,1,0.0,0.0,0.0,1,1,0,0.0,0,1,0.0,0.0,0.0,0.0,0.0,0.0,0,0.0,1,0.0,0,0,0.0,0.0,1.0,1.0,0.0,inward,BZT
1468,0.0,0.0,0.0,0.0,0.0,0,1,0.0,0.0,0,0.0,0.0,0.0,0,0,1,0,0.0,0.0,0.0,0,0.0,0,0.0,0.0,0.0,1,1.0,1.0,0.0,1.0,0.0,1.0,0.0,0.0,0,0.0,1,0.0,0,0.0,0,0.0,0.0,0.0,1,0,1,0.0,0,1,0.0,1.0,0.0,0.0,0.0,0.0,1,0.0,1,0.0,0,0,0.0,0.0,1.0,0.0,0.0,inward,BZT
1469,0.0,0.0,0.0,0.0,0.0,1,1,0.0,0.0,0,0.0,1.0,0.0,0,0,1,1,0.0,0.0,0.0,1,0.0,0,0.0,0.0,0.0,0,1.0,1.0,0.0,1.0,0.0,0.0,0.0,0.0,0,0.0,1,0.0,0,0.0,0,0.0,0.0,0.0,1,0,1,0.0,0,0,0.0,1.0,0.0,0.0,0.0,0.0,0,0.0,0,0.0,0,0,0.0,0.0,1.0,0.0,0.0,inward,BZT
1470,0.0,0.0,0.0,0.0,0.0,1,1,0.0,0.0,0,0.0,0.0,0.0,1,0,1,1,0.0,0.0,0.0,0,0.0,0,0.0,0.0,1.0,1,1.0,0.0,0.0,1.0,0.0,0.0,0.0,0.0,0,0.0,1,0.0,1,0.0,0,0.0,0.0,0.0,1,1,0,0.0,0,1,0.0,1.0,0.0,0.0,0.0,0.0,1,0.0,1,0.0,0,0,0.0,0.0,1.0,1.0,0.0,inward,BZT
1471,0.0,0.0,0.0,0.0,0.0,0,1,0.0,0.0,0,0.0,0.0,0.0,0,0,1,0,0.0,0.0,0.0,1,0.0,0,0.0,0.0,0.0,1,1.0,1.0,0.0,1.0,0.0,0.0,0.0,0.0,0,0.0,1,0.0,0,0.0,0,0.0,0.0,0.0,1,0,0,0.0,0,1,0.0,0.0,0.0,0.0,0.0,0.0,1,0.0,1,0.0,0,0,0.0,0.0,1.0,0.0,0.0,inward,BZT
1472,0.0,0.0,0.0,0.0,0.0,0,1,0.0,0.0,0,0.0,0.0,0.0,0,0,1,0,0.0,0.0,0.0,0,0.0,0,0.0,0.0,0.0,1,1.0,1.0,0.0,1.0,0.0,0.0,0.0,0.0,0,0.0,1,0.0,1,0.0,0,0.0,0.0,0.0,1,0,0,0.0,0,0,0.0,1.0,0.0,0.0,0.0,0.0,1,0.0,1,0.0,0,0,0.0,0.0,1.0,1.0,0.0,inward,BZT
1473,0.0,0.0,0.0,0.0,0.0,0,0,0.0,0.0,0,0.0,0.0,0.0,0,0,1,0,0.0,0.0,0.0,1,1.0,0,0.0,0.0,1.0,1,1.0,1.0,0.0,1.0,0.0,1.0,0.0,0.0,0,0.0,1,0.0,1,0.0,0,0.0,0.0,0.0,1,0,1,0.0,0,0,0.0,1.0,0.0,0.0,0.0,0.0,1,0.0,1,0.0,0,0,0.0,0.0,1.0,0.0,0.0,inward,BZT
1474,0.0,0.0,0.0,0.0,0.0,1,1,0.0,0.0,0,0.0,0.0,0.0,0,0,1,0,0.0,0.0,0.0,0,0.0,0,0.0,0.0,0.0,0,1.0,0.0,0.0,1.0,0.0,0.0,0.0,0.0,0,0.0,0,0.0,1,0.0,0,1.0,0.0,0.0,1,0,1,0.0,0,0,0.0,1.0,0.0,0.0,0.0,0.0,0,0.0,1,0.0,0,0,0.0,0.0,1.0,1.0,0.0,inward,BZT
1475,0.0,0.0,0.0,0.0,0.0,1,1,0.0,0.0,0,0.0,0.0,0.0,0,0,1,1,0.0,0.0,0.0,1,0.0,0,0.0,0.0,0.0,0,1.0,1.0,0.0,1.0,0.0,0.0,0.0,0.0,0,0.0,1,0.0,0,0.0,0,0.0,0.0,0.0,1,0,1,0.0,0,0,0.0,1.0,0.0,0.0,0.0,0.0,1,0.0,1,0.0,0,0,0.0,0.0,1.0,1.0,0.0,inward,BZT
1476,0.0,0.0,0.0,0.0,0.0,0,1,0.0,0.0,0,0.0,0.0,0.0,0,0,1,0,0.0,0.0,0.0,0,0.0,0,0.0,0.0,1.0,1,1.0,0.0,0.0,1.0,0.0,0.0,0.0,0.0,0,0.0,1,0.0,1,0.0,1,0.0,0.0,0.0,1,0,0,0.0,1,0,0.0,0.0,0.0,0.0,0.0,0.0,1,0.0,1,0.0,0,0,0.0,0.0,1.0,1.0,0.0,inward,BZT
1477,0.0,0.0,0.0,0.0,0.0,1,0,0.0,0.0,0,0.0,0.0,0.0,0,0,0,0,0.0,0.0,0.0,0,0.0,0,0.0,0.0,0.0,1,1.0,1.0,0.0,1.0,0.0,0.0,0.0,0.0,0,0.0,0,0.0,1,0.0,0,0.0,0.0,0.0,1,0,1,0.0,0,1,0.0,1.0,0.0,0.0,0.0,0.0,0,0.0,1,0.0,0,0,0.0,0.0,1.0,1.0,0.0,inward,BZT
1478,0.0,0.0,0.0,0.0,0.0,1,1,0.0,0.0,0,0.0,0.0,0.0,1,0,1,1,0.0,0.0,0.0,1,1.0,0,0.0,0.0,0.0,1,1.0,1.0,0.0,1.0,0.0,0.0,0.0,0.0,0,0.0,1,0.0,0,0.0,0,0.0,0.0,0.0,1,1,1,0.0,0,1,0.0,0.0,0.0,0.0,0.0,0.0,1,0.0,1,0.0,0,0,0.0,0.0,1.0,1.0,0.0,inward,BZT
1479,0.0,0.0,0.0,0.0,0.0,1,1,0.0,0.0,0,0.0,0.0,0.0,0,0,1,1,0.0,0.0,0.0,1,0.0,0,0.0,0.0,0.0,1,1.0,1.0,0.0,1.0,0.0,1.0,0.0,0.0,0,0.0,1,0.0,1,0.0,0,0.0,0.0,0.0,1,1,1,0.0,0,0,0.0,1.0,0.0,0.0,0.0,0.0,0,0.0,1,0.0,0,0,0.0,0.0,1.0,1.0,0.0,inward,BZT
1480,0.0,0.0,0.0,0.0,0.0,1,1,0.0,0.0,0,0.0,0.0,0.0,0,0,1,0,0.0,0.0,0.0,0,0.0,0,0.0,0.0,0.0,0,1.0,0.0,0.0,1.0,0.0,0.0,0.0,0.0,0,0.0,1,0.0,1,0.0,1,0.0,0.0,0.0,1,0,1,0.0,1,0,0.0,1.0,0.0,0.0,0.0,0.0,1,0.0,0,0.0,0,0,0.0,0.0,1.0,0.0,0.0,inward,BZT
1481,0.0,0.0,0.0,0.0,0.0,1,1,0.0,0.0,0,0.0,0.0,0.0,0,0,1,1,0.0,0.0,0.0,0,0.0,0,0.0,0.0,0.0,0,1.0,0.0,0.0,1.0,0.0,0.0,0.0,0.0,0,0.0,0,0.0,1,0.0,0,0.0,0.0,0.0,1,1,1,0.0,1,0,0.0,1.0,0.0,0.0,0.0,0.0,1,0.0,0,0.0,0,0,0.0,0.0,1.0,1.0,0.0,inward,BZT
1482,0.0,0.0,0.0,0.0,0.0,1,1,0.0,0.0,0,0.0,0.0,0.0,0,0,0,0,0.0,0.0,0.0,0,1.0,0,0.0,0.0,0.0,1,1.0,1.0,0.0,1.0,0.0,0.0,0.0,0.0,0,0.0,0,0.0,0,0.0,0,0.0,0.0,0.0,1,1,1,0.0,0,0,0.0,0.0,0.0,0.0,0.0,0.0,1,0.0,0,0.0,0,0,0.0,0.0,1.0,1.0,0.0,inward,BZT
1483,0.0,0.0,0.0,0.0,0.0,0,1,0.0,0.0,0,0.0,0.0,0.0,0,0,0,0,0.0,0.0,0.0,1,0.0,0,0.0,0.0,0.0,1,1.0,0.0,0.0,1.0,0.0,1.0,0.0,0.0,0,0.0,0,0.0,1,0.0,0,0.0,0.0,0.0,1,0,1,0.0,0,1,0.0,1.0,0.0,0.0,0.0,0.0,0,0.0,1,0.0,0,0,0.0,0.0,1.0,1.0,0.0,inward,BZT
1484,0.0,0.0,0.0,0.0,0.0,1,1,0.0,0.0,0,0.0,0.0,0.0,0,0,1,0,0.0,0.0,0.0,1,0.0,0,0.0,0.0,0.0,0,1.0,0.0,0.0,1.0,0.0,0.0,0.0,0.0,0,0.0,0,0.0,0,0.0,0,0.0,0.0,0.0,1,0,1,0.0,0,1,0.0,0.0,0.0,0.0,0.0,0.0,1,0.0,0,0.0,0,0,0.0,0.0,1.0,1.0,0.0,inward,BZT
1485,0.0,0.0,0.0,0.0,0.0,1,1,0.0,0.0,0,0.0,0.0,0.0,0,0,1,1,0.0,0.0,0.0,1,0.0,0,0.0,0.0,0.0,1,1.0,0.0,0.0,1.0,0.0,0.0,0.0,0.0,0,0.0,0,0.0,0,0.0,0,0.0,0.0,0.0,1,0,1,0.0,0,0,0.0,1.0,0.0,0.0,0.0,0.0,0,0.0,1,0.0,0,0,0.0,0.0,1.0,0.0,0.0,inward,BZT
1486,0.0,0.0,0.0,0.0,0.0,1,1,0.0,0.0,0,0.0,0.0,0.0,0,0,1,0,0.0,0.0,0.0,0,0.0,1,0.0,0.0,0.0,1,1.0,0.0,0.0,1.0,0.0,0.0,0.0,0.0,0,0.0,1,0.0,1,0.0,0,0.0,0.0,0.0,1,0,1,0.0,1,0,0.0,1.0,0.0,0.0,0.0,0.0,1,0.0,1,0.0,0,0,0.0,0.0,1.0,0.0,0.0,inward,BZT
1487,0.0,0.0,0.0,0.0,0.0,1,1,0.0,0.0,0,0.0,1.0,0.0,0,0,1,1,0.0,0.0,0.0,1,0.0,0,0.0,0.0,0.0,0,1.0,1.0,0.0,1.0,0.0,0.0,0.0,0.0,0,0.0,0,0.0,0,0.0,0,0.0,0.0,0.0,1,0,1,0.0,0,0,0.0,0.0,0.0,0.0,0.0,0.0,1,0.0,1,0.0,0,0,0.0,0.0,1.0,0.0,0.0,inward,BZT
1488,0.0,0.0,0.0,0.0,0.0,1,1,0.0,0.0,0,0.0,0.0,0.0,0,0,0,0,0.0,0.0,0.0,0,0.0,0,0.0,0.0,0.0,1,1.0,0.0,0.0,0.0,0.0,0.0,0.0,0.0,0,0.0,0,0.0,0,0.0,0,0.0,0.0,0.0,1,1,1,0.0,0,0,0.0,1.0,0.0,0.0,0.0,0.0,1,0.0,1,0.0,0,0,0.0,0.0,1.0,1.0,0.0,inward,BZT
1489,0.0,0.0,0.0,0.0,0.0,0,1,0.0,0.0,0,0.0,0.0,0.0,0,0,1,1,0.0,0.0,0.0,1,1.0,0,0.0,0.0,0.0,0,0.0,0.0,0.0,1.0,0.0,0.0,0.0,0.0,0,0.0,1,0.0,1,0.0,0,0.0,0.0,0.0,1,0,1,0.0,0,0,0.0,1.0,0.0,0.0,0.0,0.0,0,0.0,0,0.0,0,0,0.0,0.0,1.0,1.0,0.0,inward,BZT
1490,0.0,0.0,0.0,0.0,0.0,1,1,0.0,0.0,0,0.0,0.0,0.0,0,0,1,0,0.0,0.0,0.0,1,1.0,0,0.0,0.0,0.0,1,1.0,1.0,0.0,1.0,0.0,0.0,0.0,0.0,0,0.0,0,0.0,1,0.0,0,0.0,0.0,0.0,1,0,1,0.0,1,1,0.0,1.0,0.0,0.0,0.0,0.0,1,0.0,0,0.0,0,0,0.0,0.0,1.0,1.0,0.0,inward,BZT
1491,0.0,0.0,0.0,0.0,0.0,0,1,0.0,0.0,0,0.0,0.0,0.0,0,0,0,0,0.0,0.0,0.0,0,1.0,0,0.0,0.0,0.0,1,1.0,0.0,0.0,1.0,0.0,0.0,0.0,0.0,0,0.0,0,0.0,1,0.0,0,0.0,0.0,0.0,1,0,1,0.0,0,0,0.0,0.0,0.0,0.0,0.0,0.0,0,0.0,1,0.0,0,0,0.0,0.0,1.0,1.0,0.0,inward,BZT
1492,0.0,0.0,0.0,0.0,0.0,0,1,0.0,0.0,0,0.0,0.0,0.0,0,0,1,0,0.0,0.0,0.0,0,1.0,0,0.0,0.0,0.0,1,1.0,0.0,0.0,1.0,0.0,0.0,0.0,0.0,0,0.0,1,0.0,1,0.0,0,0.0,0.0,0.0,1,0,1,0.0,0,0,0.0,0.0,0.0,0.0,0.0,0.0,0,0.0,1,0.0,0,0,0.0,0.0,1.0,1.0,0.0,inward,BZT
1493,0.0,0.0,0.0,0.0,0.0,0,1,0.0,0.0,0,0.0,0.0,0.0,0,0,1,0,0.0,0.0,0.0,1,0.0,0,0.0,0.0,1.0,1,1.0,1.0,0.0,1.0,0.0,0.0,0.0,0.0,0,0.0,1,0.0,1,0.0,0,0.0,0.0,0.0,1,0,1,0.0,0,0,0.0,1.0,0.0,0.0,0.0,0.0,1,0.0,1,0.0,0,0,0.0,0.0,1.0,1.0,0.0,inward,BZT
1494,0.0,0.0,0.0,0.0,0.0,0,0,0.0,0.0,0,0.0,0.0,0.0,0,0,1,1,0.0,0.0,0.0,1,0.0,0,0.0,0.0,0.0,1,1.0,0.0,0.0,0.0,0.0,0.0,0.0,0.0,0,0.0,0,0.0,1,0.0,0,0.0,0.0,0.0,1,0,1,0.0,0,0,0.0,0.0,0.0,0.0,0.0,0.0,1,0.0,1,0.0,0,0,0.0,0.0,1.0,1.0,0.0,inward,BZT
1495,0.0,0.0,0.0,0.0,0.0,1,1,0.0,0.0,0,0.0,0.0,0.0,0,0,1,0,0.0,0.0,0.0,0,1.0,0,0.0,0.0,0.0,1,1.0,1.0,0.0,0.0,0.0,0.0,0.0,0.0,0,0.0,0,0.0,1,0.0,0,0.0,0.0,0.0,1,0,0,0.0,0,0,0.0,0.0,0.0,0.0,0.0,0.0,1,0.0,1,0.0,0,0,0.0,0.0,1.0,1.0,0.0,inward,BZT
1496,0.0,0.0,0.0,0.0,0.0,1,1,0.0,0.0,0,0.0,0.0,0.0,0,0,1,1,0.0,0.0,0.0,1,1.0,0,0.0,0.0,0.0,1,0.0,0.0,0.0,1.0,0.0,0.0,0.0,0.0,0,0.0,0,0.0,1,0.0,0,0.0,0.0,0.0,1,0,1,0.0,0,1,0.0,1.0,0.0,0.0,0.0,0.0,1,0.0,1,0.0,0,0,0.0,0.0,1.0,1.0,0.0,inward,BZT
1497,0.0,0.0,0.0,0.0,0.0,0,1,0.0,0.0,0,0.0,0.0,0.0,0,0,1,0,0.0,0.0,0.0,1,0.0,0,0.0,0.0,0.0,1,1.0,1.0,0.0,1.0,0.0,0.0,0.0,0.0,0,0.0,1,0.0,1,0.0,0,0.0,0.0,0.0,1,1,0,0.0,1,0,0.0,1.0,0.0,0.0,0.0,0.0,0,0.0,1,0.0,0,0,0.0,0.0,1.0,1.0,0.0,inward,BZT
1498,0.0,0.0,0.0,0.0,0.0,0,1,0.0,0.0,0,0.0,0.0,0.0,0,0,1,1,0.0,0.0,0.0,0,0.0,0,0.0,0.0,0.0,1,1.0,0.0,0.0,1.0,0.0,0.0,0.0,0.0,0,0.0,1,0.0,1,0.0,1,0.0,0.0,0.0,1,0,0,0.0,0,1,0.0,1.0,0.0,0.0,0.0,0.0,1,0.0,1,0.0,0,0,0.0,0.0,1.0,1.0,0.0,inward,BZT
1499,0.0,0.0,0.0,0.0,0.0,0,0,0.0,0.0,0,0.0,0.0,0.0,0,0,0,0,0.0,0.0,0.0,1,0.0,0,0.0,0.0,1.0,1,1.0,1.0,0.0,1.0,0.0,0.0,0.0,0.0,0,0.0,0,0.0,0,0.0,0,0.0,0.0,0.0,1,1,1,0.0,0,0,0.0,1.0,0.0,0.0,0.0,0.0,0,0.0,0,0.0,0,0,0.0,0.0,1.0,1.0,0.0,inward,BZT
1500,0.0,0.0,0.0,0.0,0.0,0,1,0.0,0.0,0,0.0,0.0,0.0,0,0,1,0,0.0,0.0,0.0,1,0.0,0,0.0,0.0,0.0,1,1.0,1.0,0.0,1.0,0.0,0.0,0.0,0.0,0,0.0,0,0.0,1,0.0,1,0.0,0.0,0.0,1,0,1,0.0,0,1,0.0,1.0,0.0,0.0,0.0,0.0,1,0.0,1,0.0,0,0,0.0,0.0,1.0,1.0,0.0,inward,BZT
1501,0.0,0.0,0.0,0.0,0.0,0,1,0.0,0.0,0,0.0,0.0,0.0,0,0,1,0,0.0,0.0,0.0,0,0.0,0,0.0,0.0,0.0,0,1.0,0.0,0.0,1.0,0.0,0.0,0.0,0.0,0,0.0,1,0.0,1,0.0,0,0.0,0.0,0.0,1,0,0,0.0,0,1,0.0,0.0,0.0,0.0,0.0,0.0,0,0.0,1,0.0,0,0,0.0,0.0,1.0,1.0,0.0,inward,BZT
1502,0.0,0.0,0.0,0.0,0.0,0,1,0.0,0.0,0,0.0,0.0,0.0,1,0,1,1,0.0,0.0,0.0,1,0.0,0,0.0,0.0,1.0,1,1.0,1.0,0.0,1.0,0.0,0.0,0.0,0.0,0,0.0,1,0.0,0,0.0,0,0.0,0.0,0.0,1,1,1,0.0,0,0,0.0,1.0,0.0,0.0,0.0,0.0,1,0.0,1,0.0,0,0,0.0,0.0,1.0,0.0,0.0,inward,BZT
1503,0.0,0.0,0.0,0.0,0.0,0,1,0.0,0.0,0,0.0,0.0,0.0,0,0,1,0,0.0,0.0,0.0,1,0.0,0,0.0,0.0,0.0,1,1.0,0.0,0.0,1.0,0.0,0.0,0.0,0.0,0,0.0,1,0.0,1,0.0,0,0.0,0.0,0.0,1,0,1,0.0,0,0,0.0,1.0,0.0,0.0,0.0,0.0,0,0.0,1,0.0,0,0,0.0,0.0,1.0,1.0,0.0,inward,BZT
1504,0.0,0.0,0.0,0.0,0.0,1,1,0.0,0.0,0,0.0,0.0,0.0,0,0,0,0,0.0,0.0,0.0,0,0.0,0,0.0,0.0,0.0,0,0.0,0.0,0.0,1.0,0.0,0.0,0.0,0.0,0,0.0,1,0.0,1,0.0,0,0.0,0.0,0.0,1,1,1,0.0,0,0,0.0,1.0,0.0,0.0,0.0,0.0,0,0.0,0,0.0,0,0,0.0,0.0,1.0,1.0,0.0,inward,BZT
1505,0.0,0.0,0.0,0.0,0.0,0,1,0.0,0.0,0,0.0,0.0,0.0,0,0,0,0,0.0,0.0,0.0,0,0.0,0,0.0,0.0,0.0,0,1.0,1.0,0.0,1.0,0.0,0.0,0.0,0.0,0,0.0,1,0.0,1,0.0,1,0.0,0.0,0.0,1,0,1,0.0,0,0,0.0,1.0,0.0,0.0,0.0,0.0,1,0.0,1,0.0,0,0,0.0,0.0,1.0,1.0,0.0,inward,BZT
1506,0.0,0.0,0.0,0.0,0.0,0,1,0.0,0.0,0,0.0,0.0,0.0,0,0,1,1,0.0,0.0,0.0,0,0.0,0,0.0,0.0,0.0,0,1.0,1.0,0.0,1.0,0.0,0.0,0.0,0.0,0,0.0,1,0.0,1,0.0,0,0.0,0.0,0.0,1,0,1,0.0,0,1,0.0,1.0,0.0,0.0,0.0,0.0,1,0.0,1,0.0,0,0,0.0,0.0,1.0,0.0,0.0,inward,BZT
1507,0.0,0.0,0.0,0.0,0.0,1,0,0.0,0.0,0,0.0,0.0,0.0,0,0,0,0,0.0,0.0,0.0,1,1.0,0,0.0,0.0,0.0,1,1.0,0.0,0.0,1.0,0.0,0.0,0.0,0.0,0,0.0,1,0.0,1,0.0,0,0.0,0.0,0.0,1,1,1,0.0,0,1,0.0,1.0,0.0,0.0,0.0,0.0,1,0.0,1,0.0,0,0,0.0,0.0,1.0,1.0,0.0,inward,BZT
1508,0.0,0.0,0.0,0.0,0.0,1,0,0.0,0.0,0,0.0,0.0,0.0,0,0,1,0,0.0,0.0,0.0,1,0.0,0,0.0,0.0,1.0,0,1.0,0.0,0.0,1.0,0.0,1.0,0.0,0.0,0,0.0,1,0.0,1,0.0,0,0.0,0.0,0.0,1,0,1,0.0,0,0,0.0,1.0,0.0,0.0,0.0,0.0,0,0.0,1,0.0,0,0,0.0,0.0,1.0,0.0,0.0,inward,BZT
1509,0.0,0.0,0.0,0.0,0.0,0,1,0.0,0.0,0,0.0,0.0,0.0,0,0,1,0,0.0,0.0,0.0,0,0.0,0,0.0,0.0,0.0,0,1.0,0.0,0.0,1.0,0.0,0.0,0.0,0.0,0,0.0,1,0.0,1,0.0,0,0.0,0.0,0.0,1,1,1,0.0,0,0,0.0,1.0,0.0,0.0,0.0,0.0,1,0.0,1,0.0,0,0,0.0,0.0,1.0,1.0,0.0,inward,BZT
1510,0.0,0.0,0.0,0.0,0.0,0,0,0.0,0.0,0,0.0,0.0,0.0,0,0,1,0,0.0,0.0,0.0,1,0.0,0,0.0,0.0,0.0,1,1.0,1.0,0.0,1.0,0.0,0.0,0.0,0.0,0,0.0,1,0.0,1,0.0,0,0.0,0.0,0.0,1,1,1,0.0,0,1,0.0,1.0,0.0,0.0,0.0,0.0,0,0.0,0,0.0,0,0,0.0,0.0,1.0,1.0,0.0,inward,BZT
1511,0.0,0.0,0.0,0.0,0.0,1,1,0.0,0.0,0,0.0,0.0,0.0,0,0,1,1,0.0,0.0,0.0,0,0.0,0,0.0,0.0,0.0,0,0.0,0.0,0.0,0.0,0.0,0.0,0.0,0.0,0,0.0,1,0.0,1,0.0,0,0.0,0.0,0.0,1,0,1,0.0,0,1,0.0,1.0,0.0,0.0,0.0,0.0,1,0.0,1,0.0,0,0,0.0,0.0,1.0,1.0,0.0,inward,BZT
1512,0.0,0.0,0.0,0.0,0.0,0,0,0.0,0.0,0,0.0,0.0,0.0,0,0,1,0,0.0,0.0,0.0,1,1.0,0,0.0,0.0,0.0,1,0.0,0.0,0.0,1.0,0.0,0.0,0.0,1.0,0,0.0,1,0.0,1,0.0,1,0.0,0.0,0.0,1,0,1,0.0,1,0,0.0,1.0,0.0,0.0,0.0,0.0,1,0.0,1,0.0,0,0,0.0,0.0,1.0,1.0,0.0,inward,BZT
1513,0.0,0.0,0.0,0.0,0.0,0,0,0.0,0.0,0,0.0,0.0,0.0,0,0,1,0,0.0,0.0,0.0,0,1.0,0,0.0,0.0,0.0,0,1.0,1.0,0.0,1.0,0.0,0.0,0.0,0.0,0,0.0,1,0.0,1,0.0,0,0.0,0.0,0.0,1,0,1,0.0,1,1,0.0,1.0,0.0,0.0,0.0,0.0,0,0.0,1,0.0,0,0,0.0,0.0,1.0,1.0,0.0,inward,BZT
1514,0.0,0.0,0.0,0.0,0.0,0,0,0.0,0.0,0,0.0,0.0,0.0,0,0,1,1,0.0,0.0,0.0,1,0.0,0,0.0,0.0,1.0,1,1.0,0.0,0.0,1.0,0.0,0.0,0.0,0.0,0,0.0,0,0.0,1,0.0,0,0.0,0.0,0.0,1,0,0,0.0,1,1,0.0,0.0,0.0,0.0,0.0,0.0,1,0.0,1,0.0,0,0,0.0,0.0,1.0,1.0,0.0,inward,BZT
1515,0.0,0.0,0.0,0.0,0.0,0,0,0.0,0.0,0,0.0,0.0,0.0,0,0,1,1,0.0,0.0,0.0,1,0.0,0,0.0,0.0,0.0,1,1.0,0.0,0.0,1.0,0.0,0.0,0.0,0.0,0,0.0,0,0.0,1,0.0,0,0.0,0.0,0.0,1,1,1,0.0,0,1,0.0,1.0,0.0,0.0,0.0,0.0,0,0.0,1,0.0,0,0,0.0,0.0,1.0,0.0,0.0,inward,BZT
1516,0.0,0.0,0.0,0.0,0.0,0,1,0.0,0.0,0,0.0,0.0,0.0,0,0,1,0,0.0,0.0,0.0,1,1.0,0,0.0,0.0,0.0,1,1.0,0.0,0.0,1.0,0.0,0.0,0.0,0.0,0,0.0,1,0.0,1,0.0,0,0.0,0.0,0.0,1,0,1,0.0,0,0,0.0,1.0,0.0,0.0,0.0,0.0,1,0.0,1,0.0,0,0,0.0,0.0,1.0,1.0,0.0,inward,BZT
1517,0.0,0.0,0.0,0.0,0.0,0,0,0.0,0.0,0,0.0,0.0,0.0,0,0,1,1,0.0,0.0,0.0,0,0.0,0,0.0,0.0,0.0,0,1.0,0.0,0.0,0.0,0.0,0.0,0.0,0.0,0,0.0,1,0.0,0,0.0,0,0.0,0.0,0.0,1,0,1,0.0,0,1,0.0,0.0,0.0,0.0,0.0,0.0,1,0.0,1,0.0,0,0,0.0,0.0,1.0,1.0,0.0,inward,BZT
1518,0.0,0.0,0.0,0.0,0.0,0,1,0.0,0.0,0,0.0,0.0,0.0,0,0,1,0,0.0,0.0,0.0,1,0.0,0,0.0,0.0,0.0,0,1.0,1.0,0.0,1.0,0.0,0.0,0.0,0.0,0,0.0,1,0.0,1,0.0,0,0.0,0.0,0.0,1,1,0,0.0,0,0,0.0,1.0,0.0,0.0,0.0,0.0,0,0.0,0,0.0,0,0,0.0,0.0,1.0,1.0,0.0,inward,BZT
1519,0.0,0.0,0.0,0.0,0.0,0,0,0.0,0.0,0,0.0,0.0,0.0,0,0,1,0,0.0,0.0,0.0,0,0.0,0,0.0,0.0,1.0,1,1.0,1.0,0.0,1.0,0.0,0.0,0.0,0.0,0,0.0,1,0.0,1,0.0,1,0.0,0.0,0.0,1,0,0,0.0,0,1,0.0,0.0,0.0,0.0,0.0,0.0,1,0.0,1,0.0,0,0,0.0,0.0,1.0,1.0,0.0,inward,BZT
1520,0.0,0.0,0.0,0.0,0.0,0,0,0.0,0.0,0,0.0,0.0,0.0,0,0,1,0,0.0,0.0,0.0,1,1.0,0,0.0,0.0,0.0,1,1.0,1.0,0.0,1.0,0.0,0.0,0.0,0.0,0,0.0,1,0.0,1,0.0,0,0.0,0.0,0.0,1,0,1,0.0,0,1,0.0,1.0,0.0,0.0,0.0,0.0,1,0.0,1,0.0,0,0,0.0,0.0,1.0,1.0,0.0,inward,BZT
1521,0.0,0.0,0.0,0.0,0.0,0,0,0.0,0.0,0,0.0,0.0,0.0,0,0,1,0,0.0,0.0,0.0,0,0.0,0,0.0,0.0,0.0,0,1.0,0.0,0.0,1.0,0.0,1.0,0.0,0.0,0,0.0,0,0.0,1,0.0,1,0.0,0.0,0.0,1,0,1,0.0,1,1,0.0,1.0,0.0,0.0,0.0,0.0,0,0.0,1,0.0,0,0,0.0,0.0,1.0,1.0,0.0,inward,BZT
1522,0.0,0.0,0.0,0.0,0.0,0,0,0.0,0.0,0,0.0,0.0,0.0,0,0,1,1,0.0,0.0,0.0,0,0.0,0,0.0,0.0,0.0,0,1.0,1.0,0.0,1.0,0.0,0.0,0.0,0.0,0,0.0,1,0.0,1,0.0,0,0.0,0.0,0.0,1,0,1,0.0,1,0,0.0,1.0,0.0,0.0,0.0,0.0,0,0.0,0,0.0,0,0,0.0,0.0,1.0,1.0,0.0,inward,BZT
1523,0.0,0.0,0.0,0.0,0.0,0,1,0.0,0.0,0,0.0,0.0,0.0,0,0,1,1,0.0,0.0,0.0,1,0.0,0,0.0,0.0,0.0,1,0.0,0.0,0.0,0.0,0.0,0.0,0.0,0.0,0,0.0,1,0.0,1,0.0,1,0.0,0.0,0.0,1,0,1,0.0,0,1,0.0,0.0,0.0,0.0,0.0,0.0,1,0.0,1,0.0,0,0,0.0,0.0,1.0,1.0,0.0,inward,BZT
1524,0.0,0.0,0.0,0.0,0.0,1,1,0.0,0.0,0,0.0,0.0,0.0,0,0,1,0,0.0,0.0,0.0,1,0.0,0,0.0,0.0,0.0,1,1.0,0.0,0.0,1.0,0.0,0.0,0.0,0.0,0,0.0,1,0.0,1,0.0,0,0.0,0.0,0.0,1,0,1,0.0,0,1,0.0,1.0,0.0,0.0,0.0,0.0,0,0.0,1,0.0,0,0,0.0,0.0,1.0,1.0,0.0,inward,BZT
1525,0.0,0.0,0.0,0.0,0.0,0,0,0.0,0.0,0,0.0,0.0,0.0,1,0,1,1,0.0,0.0,0.0,0,1.0,0,0.0,0.0,0.0,1,1.0,1.0,0.0,1.0,0.0,0.0,0.0,0.0,0,0.0,1,0.0,1,0.0,1,0.0,0.0,0.0,1,1,0,0.0,0,0,0.0,1.0,0.0,0.0,0.0,0.0,0,0.0,1,0.0,0,0,0.0,0.0,1.0,1.0,0.0,inward,BZT
1526,0.0,0.0,0.0,0.0,0.0,0,0,0.0,0.0,0,0.0,0.0,0.0,0,0,1,1,0.0,0.0,0.0,1,0.0,0,0.0,0.0,1.0,1,1.0,1.0,0.0,1.0,0.0,1.0,0.0,0.0,0,0.0,0,0.0,1,0.0,0,0.0,0.0,0.0,1,1,0,0.0,0,0,0.0,1.0,0.0,0.0,0.0,0.0,0,0.0,1,0.0,0,0,0.0,0.0,1.0,1.0,0.0,inward,BZT
1527,0.0,0.0,0.0,0.0,0.0,0,1,0.0,0.0,0,0.0,0.0,0.0,0,0,1,1,0.0,0.0,0.0,1,1.0,1,0.0,0.0,0.0,0,1.0,0.0,0.0,0.0,0.0,0.0,0.0,0.0,0,0.0,0,0.0,1,0.0,0,0.0,0.0,0.0,1,0,1,0.0,0,0,0.0,1.0,0.0,0.0,0.0,0.0,1,0.0,1,0.0,0,0,0.0,0.0,1.0,1.0,0.0,inward,BZT
1528,0.0,0.0,0.0,0.0,0.0,0,1,0.0,0.0,0,0.0,0.0,0.0,0,0,1,0,0.0,0.0,0.0,0,0.0,0,0.0,0.0,0.0,0,1.0,0.0,0.0,1.0,0.0,1.0,0.0,0.0,0,0.0,1,0.0,1,0.0,0,0.0,0.0,0.0,1,0,1,0.0,0,0,0.0,1.0,0.0,0.0,0.0,0.0,0,0.0,0,0.0,0,0,0.0,0.0,1.0,1.0,0.0,inward,BZT
1529,0.0,0.0,0.0,0.0,0.0,0,0,0.0,0.0,0,0.0,0.0,0.0,0,0,1,0,0.0,0.0,0.0,0,0.0,0,0.0,0.0,0.0,1,1.0,1.0,0.0,1.0,0.0,1.0,0.0,0.0,0,0.0,0,0.0,0,0.0,0,0.0,0.0,0.0,1,0,1,0.0,0,1,0.0,1.0,0.0,0.0,0.0,0.0,0,0.0,1,0.0,0,0,0.0,0.0,1.0,0.0,0.0,inward,BZT
1530,0.0,0.0,0.0,0.0,0.0,1,1,0.0,0.0,0,0.0,0.0,0.0,0,0,0,0,0.0,0.0,0.0,0,0.0,0,0.0,0.0,1.0,0,1.0,0.0,0.0,1.0,0.0,0.0,0.0,0.0,0,0.0,1,0.0,1,0.0,0,0.0,0.0,0.0,1,0,0,0.0,0,0,0.0,1.0,0.0,0.0,0.0,0.0,0,0.0,0,0.0,0,0,0.0,0.0,1.0,1.0,0.0,inward,BZT
1531,0.0,0.0,0.0,0.0,0.0,0,1,0.0,0.0,0,0.0,0.0,0.0,0,0,1,0,0.0,0.0,0.0,0,0.0,0,0.0,0.0,0.0,0,1.0,0.0,0.0,1.0,0.0,0.0,0.0,0.0,0,0.0,1,0.0,1,0.0,1,0.0,0.0,0.0,1,1,0,0.0,0,0,0.0,0.0,0.0,0.0,0.0,0.0,1,0.0,1,0.0,0,0,0.0,0.0,1.0,1.0,0.0,inward,BZT
1532,0.0,0.0,0.0,0.0,0.0,0,1,0.0,0.0,0,0.0,0.0,0.0,0,0,1,1,0.0,0.0,0.0,0,0.0,0,0.0,0.0,0.0,1,1.0,0.0,0.0,1.0,0.0,0.0,0.0,0.0,0,0.0,0,0.0,1,0.0,0,0.0,0.0,0.0,1,0,1,0.0,0,0,0.0,1.0,0.0,0.0,0.0,0.0,1,0.0,1,0.0,0,0,0.0,0.0,1.0,1.0,0.0,inward,BZT
1533,0.0,0.0,0.0,0.0,0.0,0,1,0.0,0.0,0,0.0,0.0,0.0,0,0,1,1,0.0,0.0,0.0,0,0.0,0,0.0,0.0,0.0,1,1.0,0.0,0.0,1.0,0.0,0.0,0.0,0.0,0,0.0,1,0.0,1,0.0,0,0.0,0.0,0.0,1,0,1,0.0,0,0,0.0,1.0,0.0,0.0,0.0,0.0,1,0.0,1,0.0,0,0,0.0,0.0,1.0,1.0,0.0,inward,BZT
1534,0.0,0.0,0.0,0.0,0.0,0,1,0.0,0.0,0,0.0,0.0,0.0,0,0,1,1,0.0,0.0,0.0,1,0.0,0,0.0,0.0,1.0,0,1.0,1.0,0.0,1.0,0.0,0.0,0.0,0.0,0,0.0,1,0.0,0,0.0,0,0.0,0.0,0.0,1,0,1,0.0,0,1,0.0,1.0,0.0,0.0,0.0,0.0,1,0.0,1,0.0,0,0,0.0,0.0,1.0,1.0,0.0,inward,BZT
1535,0.0,0.0,0.0,0.0,0.0,0,0,0.0,0.0,0,0.0,0.0,0.0,0,0,1,1,0.0,0.0,0.0,0,0.0,0,0.0,0.0,1.0,1,1.0,0.0,0.0,0.0,0.0,0.0,0.0,0.0,0,0.0,1,0.0,1,0.0,0,0.0,0.0,0.0,1,1,1,0.0,0,1,0.0,0.0,0.0,0.0,0.0,0.0,1,0.0,1,0.0,0,0,0.0,0.0,1.0,0.0,0.0,inward,BZT
1536,0.0,0.0,0.0,0.0,0.0,0,0,0.0,0.0,0,0.0,0.0,0.0,0,0,1,0,0.0,0.0,0.0,1,0.0,0,0.0,0.0,0.0,0,0.0,0.0,0.0,0.0,0.0,0.0,0.0,0.0,0,0.0,1,0.0,1,0.0,0,0.0,0.0,0.0,1,1,1,0.0,0,0,0.0,1.0,0.0,0.0,0.0,0.0,1,0.0,1,0.0,0,0,0.0,0.0,1.0,0.0,0.0,inward,BZT
1537,0.0,0.0,0.0,0.0,0.0,0,0,0.0,0.0,0,0.0,0.0,0.0,0,0,1,0,0.0,0.0,0.0,1,0.0,0,0.0,0.0,0.0,1,1.0,0.0,0.0,1.0,0.0,0.0,0.0,0.0,0,0.0,1,0.0,1,0.0,0,0.0,0.0,0.0,1,0,1,0.0,0,0,0.0,1.0,0.0,0.0,0.0,0.0,1,0.0,1,0.0,0,0,0.0,0.0,1.0,1.0,0.0,inward,BZT
1538,0.0,0.0,0.0,0.0,0.0,0,0,0.0,0.0,0,0.0,0.0,0.0,0,0,1,1,0.0,1.0,0.0,1,1.0,0,0.0,0.0,0.0,1,1.0,0.0,0.0,0.0,0.0,0.0,0.0,0.0,0,0.0,1,0.0,1,0.0,0,0.0,0.0,0.0,1,0,0,0.0,0,1,0.0,0.0,0.0,0.0,0.0,0.0,1,0.0,1,0.0,0,0,0.0,0.0,1.0,1.0,0.0,inward,BZT
1539,0.0,0.0,0.0,0.0,0.0,0,0,0.0,0.0,0,0.0,0.0,0.0,0,0,1,1,0.0,0.0,0.0,0,1.0,0,0.0,0.0,1.0,1,1.0,1.0,0.0,1.0,0.0,0.0,0.0,0.0,0,0.0,1,0.0,1,0.0,1,0.0,0.0,0.0,1,0,0,0.0,0,0,0.0,0.0,0.0,0.0,0.0,1.0,1,0.0,1,0.0,0,0,0.0,0.0,1.0,1.0,0.0,inward,BZT
1540,0.0,0.0,0.0,0.0,0.0,0,0,0.0,0.0,0,0.0,0.0,0.0,1,0,1,1,0.0,0.0,0.0,1,0.0,0,0.0,0.0,1.0,0,1.0,0.0,0.0,1.0,0.0,0.0,0.0,0.0,0,0.0,1,0.0,1,0.0,0,0.0,0.0,0.0,1,0,1,0.0,0,1,0.0,1.0,0.0,0.0,0.0,0.0,0,0.0,1,0.0,0,0,0.0,0.0,1.0,0.0,0.0,inward,BZT
1541,0.0,0.0,0.0,0.0,0.0,0,0,0.0,0.0,0,0.0,0.0,0.0,0,0,1,0,0.0,0.0,0.0,1,0.0,0,0.0,0.0,0.0,1,1.0,0.0,0.0,1.0,0.0,0.0,0.0,0.0,0,0.0,1,0.0,1,0.0,0,0.0,0.0,0.0,1,0,0,0.0,0,1,0.0,0.0,0.0,0.0,0.0,0.0,0,0.0,0,0.0,0,0,0.0,0.0,1.0,1.0,0.0,inward,BZT
1542,0.0,0.0,0.0,0.0,0.0,0,0,0.0,0.0,0,0.0,0.0,0.0,0,0,1,0,0.0,0.0,0.0,1,0.0,0,0.0,0.0,0.0,0,1.0,0.0,0.0,0.0,0.0,0.0,0.0,0.0,0,0.0,1,0.0,0,0.0,0,0.0,0.0,0.0,1,0,0,0.0,0,0,0.0,1.0,0.0,0.0,0.0,0.0,0,0.0,0,0.0,0,0,0.0,0.0,1.0,0.0,0.0,inward,BZT
1543,0.0,0.0,0.0,0.0,0.0,0,0,0.0,0.0,0,0.0,0.0,0.0,1,0,1,0,0.0,0.0,0.0,1,0.0,0,0.0,0.0,1.0,1,1.0,0.0,0.0,1.0,0.0,0.0,0.0,0.0,0,0.0,1,0.0,1,0.0,0,0.0,0.0,0.0,1,0,1,0.0,0,1,0.0,0.0,0.0,0.0,0.0,0.0,0,0.0,1,0.0,0,0,0.0,0.0,1.0,0.0,0.0,inward,BZT
1544,0.0,0.0,0.0,0.0,0.0,0,0,0.0,0.0,0,0.0,0.0,0.0,0,0,1,0,0.0,0.0,0.0,1,0.0,0,0.0,0.0,0.0,0,1.0,0.0,0.0,1.0,0.0,1.0,0.0,1.0,0,0.0,1,0.0,1,0.0,0,0.0,0.0,0.0,1,0,0,0.0,0,1,0.0,1.0,0.0,0.0,0.0,0.0,0,0.0,1,0.0,0,0,0.0,0.0,1.0,0.0,0.0,inward,BZT
1545,0.0,0.0,0.0,0.0,0.0,0,1,0.0,0.0,0,0.0,0.0,0.0,0,0,1,1,0.0,0.0,0.0,0,0.0,0,0.0,0.0,0.0,1,1.0,0.0,0.0,0.0,0.0,0.0,0.0,1.0,0,0.0,1,0.0,1,0.0,1,0.0,0.0,0.0,1,0,0,0.0,0,0,0.0,1.0,0.0,0.0,0.0,0.0,0,0.0,0,0.0,0,0,0.0,0.0,1.0,0.0,0.0,inward,BZT
1546,0.0,0.0,0.0,0.0,0.0,0,0,0.0,0.0,0,0.0,0.0,0.0,0,0,1,1,0.0,0.0,0.0,0,1.0,0,0.0,0.0,0.0,1,1.0,0.0,0.0,1.0,0.0,0.0,0.0,0.0,0,0.0,1,0.0,1,0.0,0,0.0,0.0,0.0,1,0,0,0.0,1,1,0.0,1.0,0.0,0.0,0.0,0.0,0,0.0,1,0.0,0,0,0.0,0.0,1.0,1.0,0.0,inward,BZT
1547,0.0,0.0,0.0,0.0,0.0,0,0,0.0,0.0,0,0.0,0.0,0.0,0,0,1,1,0.0,0.0,0.0,0,1.0,0,0.0,0.0,1.0,1,0.0,0.0,0.0,1.0,0.0,1.0,0.0,0.0,0,0.0,1,0.0,1,0.0,0,0.0,0.0,0.0,1,1,1,0.0,0,0,0.0,1.0,0.0,0.0,0.0,0.0,0,0.0,0,0.0,0,0,0.0,0.0,1.0,1.0,0.0,inward,BZT
1548,0.0,0.0,0.0,0.0,0.0,0,0,0.0,0.0,0,0.0,0.0,0.0,0,0,1,1,0.0,0.0,0.0,1,0.0,0,0.0,0.0,0.0,0,1.0,0.0,0.0,1.0,0.0,1.0,0.0,0.0,0,0.0,1,0.0,1,0.0,0,0.0,0.0,0.0,1,0,1,0.0,0,0,0.0,0.0,0.0,0.0,0.0,0.0,0,0.0,1,0.0,0,0,0.0,0.0,1.0,1.0,0.0,inward,BZT
1549,0.0,0.0,0.0,0.0,0.0,0,1,0.0,0.0,0,0.0,0.0,0.0,0,0,1,0,0.0,0.0,0.0,1,0.0,0,0.0,0.0,1.0,1,1.0,1.0,0.0,0.0,0.0,0.0,0.0,0.0,0,0.0,1,0.0,1,0.0,1,1.0,1.0,0.0,1,0,1,0.0,0,0,0.0,0.0,0.0,0.0,0.0,0.0,1,0.0,1,0.0,0,0,0.0,0.0,1.0,1.0,0.0,inward,BZT
1550,0.0,0.0,0.0,0.0,0.0,0,0,0.0,0.0,0,0.0,0.0,0.0,0,0,1,0,0.0,0.0,0.0,1,0.0,0,0.0,0.0,0.0,1,1.0,1.0,0.0,1.0,0.0,0.0,0.0,0.0,0,0.0,1,0.0,1,0.0,1,0.0,0.0,0.0,1,0,1,0.0,0,0,0.0,1.0,0.0,0.0,0.0,0.0,0,0.0,0,0.0,0,0,0.0,0.0,1.0,1.0,0.0,inward,BZT
1551,0.0,0.0,0.0,0.0,0.0,0,0,0.0,0.0,0,0.0,0.0,0.0,0,0,1,0,0.0,0.0,0.0,1,0.0,0,0.0,0.0,1.0,0,1.0,1.0,0.0,1.0,0.0,1.0,0.0,0.0,0,0.0,0,0.0,1,0.0,0,1.0,0.0,0.0,1,0,1,0.0,0,0,0.0,0.0,0.0,0.0,0.0,0.0,0,0.0,0,0.0,0,0,0.0,0.0,1.0,1.0,0.0,inward,BZT
1552,0.0,0.0,0.0,0.0,0.0,0,0,0.0,0.0,0,0.0,0.0,0.0,0,0,1,0,0.0,0.0,0.0,1,0.0,0,0.0,0.0,1.0,1,1.0,0.0,0.0,1.0,0.0,1.0,0.0,0.0,0,0.0,1,0.0,1,0.0,0,0.0,0.0,0.0,1,0,1,0.0,1,0,0.0,1.0,0.0,0.0,0.0,0.0,0,0.0,1,0.0,0,0,0.0,0.0,1.0,1.0,0.0,inward,BZT
1553,0.0,0.0,0.0,0.0,0.0,0,1,0.0,0.0,0,0.0,0.0,0.0,0,0,1,1,0.0,0.0,0.0,0,0.0,0,0.0,0.0,0.0,0,1.0,1.0,0.0,1.0,0.0,0.0,0.0,0.0,0,0.0,0,0.0,1,0.0,1,0.0,0.0,0.0,1,0,1,0.0,0,0,0.0,0.0,0.0,0.0,0.0,0.0,0,0.0,0,0.0,0,0,0.0,0.0,1.0,1.0,0.0,inward,BZT
1554,0.0,0.0,0.0,0.0,0.0,0,0,0.0,0.0,0,0.0,0.0,0.0,0,0,1,1,0.0,0.0,0.0,1,0.0,0,0.0,0.0,0.0,1,1.0,1.0,0.0,1.0,0.0,0.0,0.0,0.0,0,0.0,1,0.0,1,0.0,0,0.0,0.0,0.0,1,1,1,0.0,0,0,0.0,1.0,0.0,0.0,0.0,0.0,0,0.0,0,0.0,0,0,0.0,0.0,1.0,1.0,0.0,inward,BZT
1555,0.0,0.0,0.0,0.0,0.0,0,0,0.0,0.0,0,0.0,0.0,0.0,0,0,1,1,0.0,0.0,0.0,1,1.0,0,0.0,0.0,1.0,1,1.0,0.0,0.0,1.0,0.0,0.0,0.0,0.0,0,0.0,1,0.0,1,0.0,0,1.0,0.0,0.0,1,0,1,0.0,0,0,0.0,1.0,0.0,0.0,0.0,0.0,0,0.0,1,0.0,0,0,0.0,0.0,1.0,1.0,0.0,inward,BZT
1556,0.0,0.0,0.0,0.0,0.0,0,0,0.0,0.0,0,0.0,0.0,0.0,0,0,1,0,0.0,0.0,0.0,1,0.0,0,0.0,0.0,1.0,1,1.0,0.0,0.0,1.0,0.0,1.0,0.0,0.0,0,0.0,1,0.0,1,0.0,0,1.0,0.0,0.0,1,0,0,0.0,0,0,0.0,1.0,0.0,0.0,0.0,0.0,0,0.0,1,0.0,0,0,0.0,0.0,1.0,1.0,0.0,inward,BZT
1557,0.0,0.0,0.0,0.0,0.0,0,0,0.0,1.0,0,0.0,0.0,0.0,0,0,1,0,0.0,0.0,0.0,1,0.0,0,0.0,0.0,1.0,0,0.0,0.0,0.0,1.0,0.0,0.0,0.0,0.0,0,0.0,1,0.0,0,0.0,0,1.0,0.0,0.0,1,0,1,0.0,1,0,0.0,1.0,0.0,0.0,0.0,0.0,0,0.0,0,0.0,0,0,0.0,0.0,1.0,0.0,1.0,inward,BZT
1558,0.0,0.0,0.0,0.0,0.0,0,0,0.0,0.0,0,0.0,0.0,0.0,0,0,1,1,0.0,0.0,0.0,1,0.0,0,0.0,0.0,1.0,0,1.0,0.0,0.0,1.0,0.0,0.0,0.0,0.0,0,0.0,0,0.0,1,0.0,0,1.0,0.0,0.0,1,1,1,0.0,0,0,0.0,1.0,1.0,0.0,0.0,0.0,0,0.0,1,0.0,0,0,0.0,0.0,1.0,1.0,0.0,inward,BZT
1559,0.0,0.0,0.0,0.0,0.0,0,0,0.0,0.0,0,0.0,0.0,0.0,0,0,1,1,0.0,0.0,0.0,1,0.0,0,0.0,0.0,1.0,1,1.0,0.0,0.0,1.0,0.0,0.0,0.0,0.0,0,0.0,1,0.0,0,0.0,0,1.0,0.0,0.0,1,0,0,0.0,0,0,0.0,1.0,0.0,0.0,0.0,0.0,0,0.0,1,0.0,0,0,0.0,0.0,1.0,1.0,0.0,inward,BZT
1560,0.0,0.0,0.0,0.0,0.0,0,1,0.0,1.0,0,0.0,0.0,0.0,0,0,1,1,0.0,0.0,0.0,1,0.0,0,0.0,0.0,1.0,1,1.0,0.0,0.0,1.0,0.0,0.0,0.0,0.0,0,0.0,0,0.0,1,0.0,0,1.0,0.0,0.0,1,1,1,0.0,0,0,0.0,1.0,0.0,0.0,0.0,0.0,0,0.0,0,0.0,0,0,0.0,0.0,1.0,1.0,1.0,inward,BZT
1561,0.0,0.0,0.0,0.0,0.0,0,0,0.0,0.0,0,0.0,0.0,0.0,0,0,1,1,0.0,0.0,0.0,1,0.0,0,0.0,0.0,1.0,0,1.0,0.0,0.0,1.0,0.0,0.0,0.0,0.0,0,0.0,0,0.0,1,0.0,1,1.0,0.0,0.0,1,1,1,0.0,0,0,0.0,1.0,0.0,0.0,0.0,0.0,0,0.0,0,0.0,0,0,0.0,0.0,1.0,0.0,0.0,inward,BZT
1562,0.0,0.0,0.0,0.0,0.0,0,0,0.0,0.0,1,0.0,0.0,0.0,0,0,1,0,0.0,0.0,0.0,0,0.0,0,0.0,0.0,1.0,1,1.0,0.0,0.0,0.0,0.0,0.0,0.0,0.0,0,0.0,1,0.0,1,0.0,0,1.0,0.0,0.0,1,1,0,0.0,1,0,0.0,1.0,0.0,0.0,0.0,0.0,0,0.0,1,0.0,0,0,0.0,0.0,1.0,1.0,1.0,inward,BZT
1563,0.0,0.0,0.0,0.0,0.0,0,1,0.0,0.0,0,0.0,0.0,0.0,0,0,1,0,0.0,0.0,0.0,1,0.0,0,0.0,0.0,1.0,0,1.0,0.0,0.0,0.0,0.0,0.0,0.0,0.0,0,0.0,1,0.0,1,0.0,0,1.0,0.0,0.0,1,0,1,0.0,0,0,0.0,1.0,0.0,0.0,0.0,0.0,0,0.0,0,0.0,0,0,0.0,0.0,1.0,1.0,0.0,inward,BZT
1564,0.0,0.0,0.0,0.0,0.0,0,1,0.0,0.0,0,0.0,0.0,0.0,0,0,1,1,0.0,0.0,0.0,1,0.0,0,0.0,0.0,0.0,0,1.0,0.0,0.0,0.0,0.0,0.0,0.0,0.0,0,0.0,0,0.0,0,0.0,0,1.0,0.0,0.0,1,1,1,0.0,0,0,0.0,1.0,0.0,0.0,0.0,0.0,0,0.0,1,0.0,0,0,0.0,0.0,1.0,1.0,0.0,inward,BZT
1565,0.0,0.0,0.0,0.0,0.0,0,1,0.0,1.0,1,0.0,0.0,0.0,0,0,1,1,0.0,0.0,0.0,1,0.0,0,0.0,0.0,1.0,1,1.0,0.0,0.0,0.0,0.0,0.0,0.0,0.0,0,0.0,0,0.0,1,0.0,0,1.0,0.0,0.0,1,1,1,0.0,1,0,0.0,1.0,1.0,0.0,0.0,0.0,0,0.0,0,0.0,0,0,0.0,0.0,1.0,0.0,0.0,inward,BZT
1566,0.0,0.0,0.0,0.0,0.0,0,0,0.0,1.0,0,0.0,0.0,0.0,0,0,1,1,0.0,0.0,0.0,1,0.0,0,0.0,0.0,0.0,1,1.0,0.0,0.0,0.0,0.0,0.0,0.0,0.0,0,0.0,1,0.0,0,0.0,0,1.0,0.0,1.0,1,1,0,0.0,1,0,0.0,1.0,0.0,0.0,0.0,0.0,0,0.0,1,0.0,0,0,0.0,0.0,1.0,0.0,0.0,inward,BZT
1567,0.0,0.0,0.0,0.0,0.0,0,0,0.0,0.0,0,0.0,0.0,0.0,1,0,1,1,0.0,0.0,0.0,0,0.0,0,0.0,0.0,1.0,0,1.0,0.0,0.0,1.0,0.0,0.0,0.0,0.0,0,0.0,0,0.0,0,0.0,0,1.0,0.0,0.0,1,0,0,0.0,1,0,0.0,1.0,0.0,0.0,0.0,0.0,0,0.0,1,0.0,0,0,0.0,0.0,1.0,1.0,0.0,inward,BZT
1568,0.0,0.0,0.0,0.0,0.0,0,0,0.0,0.0,0,0.0,0.0,0.0,0,0,1,1,0.0,0.0,0.0,0,0.0,0,0.0,0.0,0.0,1,1.0,0.0,0.0,0.0,0.0,0.0,0.0,0.0,0,0.0,0,0.0,0,0.0,0,1.0,1.0,1.0,1,0,0,0.0,0,0,0.0,1.0,0.0,0.0,0.0,0.0,0,0.0,0,0.0,0,0,0.0,0.0,1.0,0.0,1.0,inward,BZT
1569,0.0,0.0,0.0,0.0,0.0,0,0,0.0,0.0,0,0.0,0.0,0.0,0,0,0,0,0.0,0.0,0.0,0,0.0,0,0.0,0.0,0.0,0,1.0,0.0,0.0,0.0,0.0,0.0,0.0,0.0,0,0.0,1,0.0,1,0.0,0,0.0,0.0,0.0,1,1,1,0.0,0,0,0.0,1.0,1.0,0.0,0.0,0.0,0,0.0,0,0.0,0,0,0.0,0.0,1.0,0.0,0.0,inward,BZT
1570,0.0,0.0,0.0,0.0,0.0,0,0,0.0,0.0,0,0.0,0.0,0.0,0,0,1,0,0.0,0.0,0.0,0,0.0,0,0.0,0.0,0.0,0,1.0,0.0,0.0,0.0,0.0,0.0,0.0,0.0,0,0.0,0,0.0,0,0.0,0,0.0,0.0,0.0,1,0,0,0.0,0,0,0.0,1.0,0.0,0.0,0.0,0.0,1,0.0,1,0.0,0,0,0.0,0.0,1.0,1.0,0.0,inward,BZT
1571,0.0,0.0,0.0,0.0,0.0,0,1,0.0,0.0,0,0.0,0.0,0.0,0,0,1,1,0.0,0.0,0.0,1,0.0,0,0.0,0.0,0.0,0,0.0,0.0,0.0,0.0,0.0,0.0,0.0,0.0,0,0.0,1,0.0,0,0.0,0,1.0,0.0,1.0,1,1,1,0.0,0,0,0.0,1.0,0.0,0.0,0.0,0.0,0,0.0,0,0.0,0,0,0.0,0.0,1.0,1.0,0.0,inward,BZT
1572,0.0,0.0,0.0,0.0,0.0,0,0,0.0,1.0,0,0.0,0.0,0.0,0,0,1,1,0.0,0.0,0.0,1,0.0,0,0.0,0.0,0.0,0,1.0,0.0,0.0,0.0,0.0,0.0,0.0,0.0,0,0.0,1,0.0,1,0.0,0,1.0,0.0,1.0,1,0,0,0.0,0,0,0.0,1.0,0.0,0.0,0.0,0.0,0,0.0,1,0.0,0,0,0.0,0.0,1.0,1.0,0.0,inward,BZT
1573,0.0,0.0,0.0,0.0,0.0,0,0,0.0,1.0,0,0.0,0.0,0.0,1,0,1,1,0.0,0.0,0.0,1,0.0,0,0.0,0.0,1.0,0,0.0,0.0,0.0,0.0,0.0,0.0,0.0,0.0,0,0.0,1,0.0,1,0.0,0,1.0,0.0,1.0,1,0,0,0.0,0,0,0.0,1.0,0.0,0.0,0.0,0.0,0,0.0,1,0.0,0,0,0.0,0.0,1.0,1.0,0.0,inward,BZT
1574,0.0,0.0,0.0,0.0,0.0,0,1,0.0,1.0,0,0.0,0.0,0.0,0,0,1,1,0.0,0.0,0.0,1,0.0,0,0.0,0.0,1.0,1,0.0,0.0,0.0,1.0,0.0,0.0,0.0,0.0,0,0.0,1,0.0,0,0.0,0,1.0,1.0,1.0,1,1,1,0.0,0,0,0.0,1.0,0.0,0.0,0.0,0.0,0,0.0,0,0.0,0,0,0.0,0.0,1.0,1.0,0.0,inward,BZT
1575,0.0,0.0,0.0,0.0,0.0,0,1,0.0,0.0,0,0.0,0.0,0.0,0,0,1,1,0.0,0.0,0.0,0,1.0,0,0.0,0.0,0.0,0,1.0,0.0,0.0,0.0,0.0,0.0,0.0,0.0,0,0.0,1,0.0,1,0.0,0,0.0,0.0,0.0,1,0,1,0.0,1,0,0.0,1.0,1.0,0.0,0.0,0.0,1,0.0,1,0.0,0,0,0.0,0.0,1.0,1.0,0.0,inward,BZT
1576,0.0,0.0,0.0,0.0,0.0,0,0,0.0,0.0,0,0.0,0.0,0.0,0,0,1,1,0.0,0.0,0.0,1,0.0,0,0.0,0.0,1.0,0,1.0,0.0,0.0,0.0,0.0,0.0,0.0,0.0,0,0.0,0,0.0,0,0.0,0,1.0,0.0,1.0,1,1,1,0.0,0,0,0.0,1.0,0.0,0.0,0.0,0.0,0,0.0,0,0.0,0,0,0.0,0.0,1.0,1.0,0.0,inward,BZT
1577,0.0,0.0,0.0,0.0,0.0,0,0,0.0,1.0,1,0.0,0.0,0.0,0,0,1,1,0.0,0.0,0.0,0,0.0,0,0.0,0.0,0.0,0,1.0,0.0,0.0,1.0,0.0,0.0,0.0,0.0,0,0.0,1,0.0,1,0.0,0,0.0,0.0,0.0,1,0,1,0.0,0,0,0.0,1.0,0.0,0.0,0.0,0.0,0,0.0,1,0.0,0,0,0.0,0.0,1.0,1.0,0.0,inward,BZT
1578,0.0,0.0,0.0,0.0,0.0,0,0,0.0,1.0,0,0.0,0.0,0.0,0,0,1,0,0.0,0.0,0.0,1,0.0,0,0.0,0.0,0.0,0,1.0,0.0,0.0,0.0,0.0,0.0,0.0,0.0,0,0.0,1,0.0,0,0.0,0,1.0,1.0,0.0,1,1,1,0.0,0,1,0.0,1.0,1.0,0.0,0.0,0.0,0,0.0,1,0.0,0,0,0.0,0.0,1.0,1.0,0.0,inward,BZT
1579,0.0,0.0,0.0,0.0,0.0,0,0,0.0,1.0,0,0.0,0.0,0.0,0,0,1,0,0.0,0.0,0.0,0,0.0,0,0.0,0.0,1.0,1,1.0,0.0,0.0,1.0,0.0,0.0,0.0,0.0,0,0.0,0,0.0,1,0.0,0,1.0,0.0,0.0,1,0,0,0.0,0,0,0.0,1.0,0.0,0.0,0.0,0.0,0,0.0,0,0.0,0,0,0.0,0.0,1.0,1.0,0.0,inward,BZT
1580,0.0,0.0,0.0,0.0,0.0,0,0,0.0,0.0,0,0.0,0.0,0.0,0,0,1,1,0.0,0.0,0.0,0,0.0,0,0.0,0.0,1.0,1,0.0,0.0,0.0,1.0,0.0,0.0,0.0,0.0,0,0.0,1,0.0,1,0.0,0,1.0,0.0,0.0,1,1,0,0.0,0,0,0.0,1.0,0.0,0.0,0.0,0.0,0,0.0,0,0.0,0,0,0.0,0.0,1.0,1.0,0.0,inward,BZT
1581,0.0,0.0,0.0,0.0,0.0,0,0,0.0,0.0,0,0.0,0.0,0.0,1,0,1,1,0.0,0.0,0.0,0,0.0,0,0.0,0.0,1.0,1,1.0,0.0,0.0,1.0,0.0,0.0,0.0,0.0,0,0.0,0,0.0,1,0.0,0,1.0,0.0,0.0,1,1,1,0.0,0,1,0.0,1.0,0.0,0.0,0.0,0.0,0,0.0,1,0.0,0,0,0.0,0.0,1.0,1.0,0.0,inward,BZT
1582,0.0,0.0,0.0,0.0,0.0,0,0,0.0,0.0,0,0.0,0.0,0.0,0,0,1,1,0.0,0.0,0.0,1,0.0,0,0.0,0.0,0.0,1,0.0,0.0,0.0,1.0,0.0,1.0,0.0,0.0,0,0.0,0,0.0,1,0.0,0,0.0,0.0,0.0,1,1,1,0.0,0,0,0.0,1.0,1.0,0.0,0.0,0.0,0,0.0,1,0.0,0,0,0.0,0.0,1.0,0.0,0.0,inward,BZT
1583,0.0,0.0,0.0,0.0,0.0,0,1,0.0,1.0,1,0.0,0.0,0.0,0,0,1,1,0.0,0.0,0.0,1,0.0,0,0.0,0.0,1.0,0,1.0,1.0,0.0,0.0,0.0,0.0,0.0,0.0,0,0.0,0,0.0,0,0.0,0,1.0,1.0,1.0,1,0,1,0.0,0,0,0.0,1.0,0.0,0.0,0.0,0.0,0,0.0,1,0.0,0,0,0.0,0.0,1.0,1.0,0.0,inward,BZT
1584,0.0,0.0,0.0,0.0,0.0,0,1,0.0,1.0,0,0.0,0.0,0.0,1,0,1,1,0.0,0.0,0.0,0,0.0,0,0.0,0.0,1.0,1,1.0,1.0,0.0,1.0,0.0,0.0,0.0,0.0,0,0.0,1,0.0,0,0.0,0,1.0,0.0,0.0,1,0,0,0.0,0,0,0.0,1.0,1.0,0.0,0.0,0.0,0,0.0,1,0.0,0,0,0.0,0.0,1.0,1.0,0.0,inward,BZT
1585,0.0,0.0,0.0,0.0,0.0,0,0,0.0,0.0,0,0.0,0.0,0.0,0,0,1,1,0.0,0.0,0.0,0,0.0,0,0.0,0.0,1.0,1,1.0,1.0,0.0,1.0,0.0,0.0,0.0,0.0,0,0.0,1,0.0,0,0.0,0,1.0,1.0,1.0,1,0,0,0.0,0,0,0.0,1.0,0.0,0.0,0.0,0.0,0,0.0,1,0.0,0,0,0.0,0.0,1.0,1.0,0.0,inward,BZT
1586,0.0,0.0,0.0,0.0,0.0,0,0,0.0,0.0,0,0.0,0.0,0.0,0,0,1,1,0.0,0.0,0.0,0,0.0,0,0.0,0.0,0.0,0,1.0,0.0,0.0,0.0,0.0,0.0,0.0,0.0,0,0.0,0,0.0,1,0.0,0,1.0,0.0,0.0,1,1,1,0.0,0,1,0.0,1.0,1.0,0.0,0.0,0.0,0,0.0,0,0.0,0,0,0.0,0.0,1.0,1.0,0.0,inward,BZT
1587,0.0,0.0,0.0,0.0,0.0,0,0,0.0,0.0,0,0.0,0.0,0.0,0,0,1,0,0.0,0.0,0.0,1,0.0,0,0.0,0.0,1.0,0,1.0,0.0,0.0,1.0,0.0,0.0,0.0,0.0,0,0.0,1,0.0,0,0.0,0,1.0,0.0,1.0,1,0,1,0.0,0,0,0.0,1.0,0.0,0.0,0.0,0.0,0,0.0,0,0.0,0,0,0.0,0.0,1.0,0.0,0.0,inward,BZT
1588,0.0,0.0,0.0,0.0,0.0,0,0,0.0,0.0,0,0.0,0.0,0.0,0,0,1,0,0.0,0.0,0.0,1,0.0,0,0.0,0.0,0.0,0,1.0,0.0,0.0,1.0,0.0,0.0,0.0,0.0,0,0.0,1,0.0,1,0.0,0,1.0,0.0,0.0,1,1,1,0.0,0,0,0.0,1.0,0.0,0.0,0.0,0.0,0,0.0,0,0.0,0,0,0.0,0.0,1.0,0.0,0.0,inward,BZT
1589,0.0,0.0,0.0,0.0,0.0,0,0,0.0,1.0,0,0.0,0.0,0.0,0,0,1,1,0.0,0.0,0.0,1,0.0,0,0.0,0.0,1.0,0,1.0,1.0,0.0,1.0,0.0,0.0,0.0,0.0,0,0.0,1,0.0,0,0.0,0,1.0,0.0,0.0,1,0,1,0.0,0,0,0.0,1.0,0.0,0.0,0.0,0.0,0,0.0,0,0.0,0,0,0.0,0.0,1.0,1.0,0.0,inward,BZT
1590,0.0,0.0,0.0,0.0,0.0,0,0,0.0,0.0,0,0.0,0.0,0.0,0,0,1,1,0.0,0.0,0.0,1,0.0,0,0.0,0.0,1.0,1,1.0,0.0,0.0,1.0,0.0,0.0,0.0,0.0,0,0.0,0,0.0,1,0.0,0,1.0,0.0,0.0,1,1,1,0.0,0,1,0.0,1.0,0.0,0.0,0.0,0.0,0,0.0,0,0.0,0,0,0.0,0.0,1.0,1.0,0.0,inward,BZT
1591,0.0,0.0,0.0,0.0,0.0,0,1,0.0,0.0,0,0.0,0.0,0.0,0,0,1,1,0.0,0.0,0.0,1,0.0,0,0.0,0.0,0.0,0,1.0,0.0,0.0,1.0,0.0,0.0,0.0,0.0,0,0.0,1,0.0,1,0.0,0,1.0,0.0,0.0,1,0,1,0.0,1,0,0.0,1.0,0.0,0.0,0.0,0.0,0,0.0,1,0.0,0,0,0.0,0.0,1.0,1.0,0.0,inward,BZT
1592,0.0,0.0,0.0,0.0,0.0,0,0,0.0,0.0,0,0.0,0.0,0.0,0,0,1,1,0.0,0.0,0.0,0,0.0,0,0.0,0.0,1.0,1,1.0,1.0,0.0,1.0,0.0,0.0,0.0,0.0,0,0.0,1,0.0,1,0.0,0,0.0,0.0,0.0,1,0,1,0.0,1,0,0.0,1.0,0.0,0.0,0.0,0.0,0,0.0,0,0.0,0,0,0.0,0.0,1.0,0.0,0.0,inward,BZT
1593,0.0,0.0,0.0,0.0,0.0,0,0,0.0,0.0,0,0.0,0.0,0.0,0,0,1,1,0.0,0.0,0.0,1,1.0,0,0.0,0.0,0.0,0,1.0,1.0,0.0,1.0,0.0,0.0,0.0,0.0,0,0.0,1,0.0,1,0.0,1,0.0,0.0,0.0,1,1,1,0.0,0,0,0.0,1.0,0.0,0.0,0.0,0.0,0,0.0,1,0.0,0,0,0.0,0.0,1.0,1.0,0.0,inward,BZT
1594,0.0,0.0,0.0,0.0,0.0,0,0,0.0,0.0,0,0.0,0.0,0.0,0,0,1,1,0.0,0.0,0.0,1,0.0,0,0.0,0.0,0.0,1,1.0,0.0,0.0,0.0,0.0,0.0,0.0,0.0,0,0.0,0,0.0,1,0.0,1,0.0,0.0,0.0,1,0,1,0.0,0,0,0.0,1.0,0.0,0.0,0.0,0.0,0,0.0,0,0.0,0,0,0.0,0.0,1.0,0.0,0.0,inward,BZT
1595,0.0,0.0,0.0,0.0,0.0,0,0,0.0,0.0,0,0.0,0.0,0.0,0,0,1,0,0.0,0.0,0.0,0,1.0,0,0.0,0.0,0.0,0,1.0,1.0,0.0,0.0,0.0,0.0,0.0,0.0,0,0.0,1,0.0,1,0.0,0,0.0,0.0,0.0,1,0,1,0.0,0,0,0.0,1.0,0.0,0.0,0.0,0.0,0,0.0,1,0.0,0,0,0.0,0.0,1.0,1.0,0.0,inward,BZT
1596,0.0,0.0,0.0,0.0,0.0,0,0,0.0,0.0,0,0.0,0.0,0.0,0,0,1,0,0.0,0.0,0.0,0,1.0,0,0.0,0.0,0.0,1,1.0,0.0,0.0,0.0,0.0,0.0,0.0,0.0,0,0.0,1,0.0,1,0.0,0,0.0,0.0,0.0,1,0,1,0.0,1,0,0.0,1.0,0.0,0.0,0.0,0.0,0,0.0,1,0.0,0,0,0.0,0.0,1.0,1.0,0.0,inward,BZT
1597,0.0,0.0,0.0,0.0,0.0,0,0,0.0,0.0,0,0.0,0.0,0.0,0,0,1,1,0.0,0.0,0.0,0,0.0,0,0.0,0.0,0.0,0,1.0,1.0,0.0,1.0,0.0,1.0,0.0,0.0,0,0.0,1,0.0,1,0.0,0,0.0,0.0,0.0,1,1,1,0.0,0,0,0.0,1.0,0.0,0.0,0.0,0.0,0,0.0,0,0.0,0,0,0.0,0.0,1.0,1.0,0.0,inward,BZT
1598,0.0,0.0,0.0,0.0,0.0,0,0,0.0,0.0,0,0.0,0.0,0.0,0,0,1,0,0.0,0.0,0.0,1,0.0,0,0.0,0.0,0.0,0,1.0,0.0,0.0,1.0,0.0,0.0,0.0,0.0,0,0.0,0,0.0,1,0.0,0,0.0,0.0,0.0,1,0,1,0.0,0,0,0.0,1.0,0.0,0.0,0.0,0.0,0,0.0,1,0.0,0,0,0.0,0.0,1.0,1.0,0.0,inward,BZT
1599,0.0,0.0,0.0,0.0,0.0,0,0,0.0,0.0,0,0.0,0.0,0.0,0,0,1,1,0.0,0.0,0.0,1,0.0,0,0.0,0.0,1.0,1,1.0,0.0,0.0,1.0,0.0,0.0,0.0,0.0,0,0.0,1,0.0,1,0.0,0,0.0,0.0,0.0,1,0,1,0.0,0,0,0.0,1.0,0.0,0.0,0.0,0.0,0,0.0,0,0.0,0,0,0.0,0.0,1.0,1.0,0.0,inward,BZT
1600,0.0,0.0,0.0,0.0,0.0,0,0,0.0,0.0,0,0.0,0.0,0.0,0,0,1,1,0.0,0.0,0.0,1,0.0,0,0.0,0.0,0.0,0,1.0,0.0,0.0,1.0,0.0,0.0,0.0,0.0,0,0.0,1,0.0,1,0.0,0,0.0,0.0,0.0,1,1,1,0.0,0,0,0.0,1.0,0.0,0.0,0.0,0.0,0,0.0,1,0.0,0,0,0.0,0.0,1.0,1.0,0.0,inward,BZT
1601,0.0,0.0,0.0,0.0,0.0,0,1,0.0,0.0,0,0.0,0.0,0.0,0,0,1,1,0.0,0.0,0.0,1,0.0,0,0.0,0.0,0.0,1,1.0,1.0,0.0,1.0,0.0,0.0,0.0,0.0,0,0.0,1,0.0,1,0.0,0,1.0,0.0,1.0,1,0,1,0.0,0,0,0.0,1.0,0.0,0.0,0.0,0.0,0,0.0,1,0.0,0,0,0.0,0.0,1.0,0.0,0.0,inward,BZT
1602,0.0,0.0,0.0,0.0,0.0,0,0,0.0,0.0,0,0.0,0.0,0.0,0,0,1,0,0.0,0.0,0.0,0,0.0,0,0.0,0.0,0.0,0,1.0,1.0,0.0,1.0,0.0,0.0,0.0,0.0,0,0.0,0,0.0,1,0.0,0,0.0,0.0,0.0,1,0,1,0.0,0,0,0.0,1.0,0.0,0.0,0.0,0.0,0,0.0,1,0.0,0,0,0.0,0.0,1.0,1.0,0.0,inward,BZT
1603,0.0,0.0,0.0,0.0,0.0,0,0,0.0,0.0,0,0.0,0.0,0.0,0,0,1,1,0.0,0.0,0.0,1,0.0,0,0.0,0.0,0.0,0,1.0,0.0,0.0,0.0,0.0,0.0,0.0,0.0,0,0.0,0,0.0,1,0.0,1,0.0,0.0,0.0,1,0,0,0.0,0,1,0.0,1.0,0.0,0.0,0.0,0.0,0,0.0,0,0.0,0,0,0.0,0.0,1.0,1.0,0.0,inward,BZT
1604,0.0,0.0,0.0,0.0,0.0,0,0,0.0,0.0,0,0.0,0.0,0.0,0,0,1,1,0.0,0.0,0.0,1,0.0,0,0.0,0.0,0.0,0,1.0,0.0,0.0,0.0,0.0,0.0,0.0,0.0,0,0.0,0,0.0,1,0.0,0,0.0,0.0,0.0,1,0,1,0.0,1,1,0.0,0.0,0.0,0.0,0.0,0.0,0,0.0,1,0.0,0,0,0.0,0.0,1.0,1.0,0.0,inward,BZT
1605,0.0,0.0,0.0,0.0,0.0,0,0,0.0,0.0,0,0.0,0.0,0.0,0,0,1,0,0.0,0.0,0.0,1,1.0,0,0.0,0.0,0.0,1,1.0,0.0,0.0,1.0,0.0,0.0,0.0,0.0,0,0.0,1,0.0,1,0.0,0,0.0,0.0,0.0,1,0,1,0.0,0,0,0.0,1.0,0.0,0.0,0.0,0.0,0,0.0,0,0.0,0,0,0.0,0.0,1.0,1.0,0.0,inward,BZT
1606,0.0,0.0,0.0,0.0,0.0,0,0,0.0,0.0,0,0.0,0.0,0.0,0,0,1,1,0.0,0.0,0.0,1,0.0,0,0.0,0.0,1.0,0,1.0,0.0,0.0,0.0,0.0,0.0,0.0,0.0,0,0.0,1,0.0,1,0.0,0,0.0,0.0,0.0,1,0,1,0.0,0,0,0.0,1.0,0.0,0.0,0.0,0.0,0,0.0,0,0.0,0,0,0.0,0.0,1.0,1.0,0.0,inward,BZT
1607,0.0,0.0,0.0,0.0,0.0,0,0,0.0,0.0,0,0.0,0.0,0.0,0,0,1,1,0.0,0.0,0.0,1,0.0,0,0.0,0.0,1.0,0,1.0,0.0,0.0,1.0,0.0,0.0,0.0,1.0,0,0.0,1,0.0,1,0.0,0,1.0,0.0,0.0,1,0,0,0.0,0,0,0.0,1.0,0.0,0.0,0.0,0.0,0,0.0,1,0.0,0,0,0.0,0.0,1.0,1.0,0.0,inward,BZT
1608,0.0,0.0,0.0,0.0,0.0,0,0,0.0,0.0,0,0.0,0.0,0.0,0,0,1,1,0.0,0.0,0.0,1,0.0,0,0.0,0.0,0.0,1,1.0,0.0,0.0,1.0,0.0,0.0,0.0,0.0,0,0.0,0,0.0,1,0.0,0,0.0,0.0,0.0,1,0,1,0.0,0,0,0.0,1.0,0.0,0.0,0.0,0.0,0,0.0,0,0.0,0,0,0.0,0.0,1.0,1.0,0.0,inward,BZT
1609,0.0,0.0,0.0,0.0,0.0,0,1,0.0,0.0,0,0.0,0.0,0.0,0,0,1,1,0.0,0.0,0.0,1,1.0,0,0.0,0.0,0.0,1,1.0,1.0,0.0,1.0,0.0,0.0,0.0,0.0,0,0.0,1,0.0,0,0.0,0,0.0,0.0,0.0,1,0,1,0.0,0,1,0.0,1.0,0.0,0.0,0.0,0.0,0,0.0,0,0.0,0,0,0.0,0.0,1.0,0.0,0.0,inward,BZT
1610,0.0,0.0,0.0,0.0,0.0,0,0,0.0,0.0,0,0.0,0.0,0.0,0,0,1,0,0.0,0.0,0.0,0,0.0,0,0.0,0.0,0.0,0,1.0,0.0,0.0,0.0,0.0,0.0,0.0,0.0,0,0.0,0,0.0,1,0.0,0,1.0,0.0,0.0,1,0,1,0.0,0,1,0.0,1.0,0.0,0.0,0.0,0.0,0,0.0,1,0.0,0,0,0.0,0.0,1.0,1.0,0.0,inward,BZT
1611,0.0,0.0,0.0,0.0,0.0,0,1,0.0,0.0,0,0.0,0.0,0.0,0,0,1,0,0.0,0.0,0.0,0,1.0,0,0.0,0.0,0.0,1,1.0,1.0,0.0,1.0,0.0,0.0,0.0,0.0,0,0.0,1,0.0,1,0.0,0,1.0,0.0,0.0,1,0,1,0.0,1,1,0.0,1.0,0.0,0.0,0.0,0.0,0,0.0,0,0.0,0,0,0.0,0.0,1.0,1.0,0.0,inward,BZT
1612,0.0,0.0,0.0,0.0,0.0,0,1,0.0,0.0,0,0.0,0.0,0.0,0,0,1,0,0.0,0.0,0.0,0,0.0,0,0.0,0.0,0.0,1,1.0,0.0,0.0,1.0,0.0,0.0,0.0,0.0,0,0.0,1,0.0,1,0.0,0,1.0,0.0,0.0,1,0,1,0.0,0,1,0.0,1.0,0.0,0.0,0.0,0.0,0,0.0,0,0.0,0,0,0.0,0.0,1.0,0.0,0.0,inward,BZT
1613,0.0,0.0,0.0,0.0,0.0,0,0,0.0,0.0,0,0.0,0.0,0.0,0,0,1,0,0.0,0.0,0.0,1,0.0,0,0.0,0.0,1.0,1,1.0,1.0,0.0,1.0,0.0,1.0,0.0,0.0,0,0.0,0,0.0,0,0.0,0,1.0,0.0,0.0,1,0,0,0.0,1,0,0.0,0.0,0.0,0.0,0.0,0.0,0,0.0,1,0.0,0,0,0.0,0.0,1.0,1.0,0.0,inward,BZT
1614,0.0,0.0,0.0,0.0,0.0,0,0,0.0,0.0,0,0.0,0.0,0.0,0,0,1,0,0.0,0.0,0.0,1,0.0,0,0.0,0.0,1.0,1,1.0,0.0,0.0,0.0,0.0,0.0,0.0,0.0,0,0.0,1,1.0,1,0.0,1,0.0,0.0,0.0,1,0,0,0.0,0,0,0.0,1.0,0.0,0.0,0.0,0.0,0,0.0,1,0.0,0,0,0.0,0.0,1.0,1.0,0.0,inward,BZT
1615,0.0,0.0,0.0,0.0,0.0,0,0,0.0,0.0,0,0.0,0.0,0.0,0,0,1,0,0.0,0.0,0.0,1,0.0,0,0.0,0.0,1.0,1,1.0,0.0,0.0,1.0,0.0,0.0,0.0,0.0,0,0.0,1,0.0,1,0.0,0,1.0,1.0,0.0,1,0,0,0.0,0,0,0.0,1.0,0.0,0.0,0.0,0.0,0,0.0,0,0.0,0,0,0.0,0.0,1.0,1.0,0.0,inward,BZT
1616,0.0,0.0,0.0,0.0,0.0,0,0,0.0,0.0,0,0.0,0.0,0.0,0,0,1,0,0.0,0.0,0.0,0,1.0,0,0.0,0.0,1.0,1,1.0,0.0,0.0,1.0,0.0,0.0,0.0,0.0,0,0.0,0,0.0,1,0.0,0,1.0,0.0,0.0,1,0,0,0.0,0,0,0.0,1.0,0.0,0.0,0.0,0.0,0,0.0,1,0.0,0,0,0.0,0.0,1.0,0.0,0.0,inward,BZT
1617,0.0,0.0,0.0,0.0,0.0,0,0,0.0,0.0,0,0.0,0.0,0.0,0,0,1,0,0.0,0.0,0.0,1,1.0,0,0.0,0.0,1.0,0,1.0,1.0,0.0,1.0,0.0,0.0,0.0,0.0,0,0.0,0,0.0,1,0.0,0,1.0,1.0,0.0,1,1,1,0.0,1,0,0.0,1.0,1.0,0.0,0.0,0.0,0,0.0,1,0.0,0,0,0.0,0.0,1.0,0.0,0.0,inward,BZT
1618,0.0,0.0,0.0,0.0,0.0,0,1,0.0,0.0,0,0.0,0.0,0.0,0,0,1,0,0.0,0.0,0.0,0,1.0,0,0.0,0.0,0.0,0,1.0,0.0,0.0,1.0,0.0,0.0,0.0,0.0,0,0.0,1,0.0,1,0.0,0,0.0,0.0,0.0,1,0,1,0.0,0,0,0.0,1.0,0.0,0.0,0.0,0.0,0,0.0,1,0.0,0,0,0.0,0.0,1.0,1.0,0.0,inward,BZT
1619,0.0,0.0,0.0,0.0,0.0,0,0,0.0,0.0,0,0.0,0.0,0.0,0,0,1,1,0.0,0.0,0.0,1,0.0,0,0.0,0.0,1.0,1,1.0,1.0,0.0,1.0,0.0,0.0,0.0,0.0,0,0.0,1,0.0,1,0.0,0,1.0,0.0,0.0,1,0,1,0.0,1,0,0.0,1.0,0.0,0.0,0.0,0.0,0,0.0,1,0.0,0,0,0.0,0.0,1.0,0.0,0.0,inward,BZT
1620,0.0,0.0,0.0,0.0,0.0,0,0,0.0,0.0,0,0.0,0.0,0.0,0,0,0,0,0.0,0.0,0.0,1,1.0,0,0.0,0.0,0.0,0,1.0,1.0,0.0,1.0,0.0,0.0,0.0,0.0,0,0.0,1,0.0,1,0.0,0,1.0,0.0,0.0,1,1,1,0.0,0,0,0.0,1.0,0.0,0.0,0.0,0.0,0,0.0,0,0.0,0,0,0.0,0.0,1.0,0.0,0.0,inward,BZT
1621,0.0,0.0,0.0,0.0,0.0,0,0,0.0,0.0,0,0.0,0.0,0.0,0,0,1,1,0.0,0.0,0.0,0,0.0,0,0.0,0.0,0.0,0,1.0,0.0,0.0,0.0,0.0,0.0,0.0,0.0,0,0.0,1,0.0,1,0.0,0,1.0,1.0,0.0,1,0,0,0.0,0,0,0.0,1.0,0.0,0.0,0.0,0.0,0,0.0,0,0.0,0,0,0.0,0.0,1.0,0.0,0.0,inward,BZT
1622,0.0,0.0,0.0,0.0,0.0,0,1,0.0,0.0,0,0.0,0.0,0.0,0,0,1,0,0.0,0.0,0.0,1,0.0,0,0.0,0.0,0.0,1,1.0,1.0,0.0,0.0,0.0,0.0,0.0,0.0,0,0.0,0,0.0,1,0.0,0,1.0,1.0,0.0,1,0,1,0.0,0,0,0.0,1.0,0.0,0.0,0.0,0.0,0,0.0,1,0.0,0,0,0.0,0.0,1.0,0.0,0.0,inward,BZT
1623,0.0,0.0,0.0,0.0,0.0,0,0,0.0,0.0,0,0.0,0.0,0.0,0,0,1,1,0.0,0.0,0.0,1,0.0,0,0.0,0.0,1.0,1,1.0,1.0,0.0,1.0,0.0,0.0,0.0,0.0,0,0.0,0,0.0,1,0.0,0,1.0,0.0,0.0,1,0,1,0.0,0,0,0.0,1.0,0.0,0.0,0.0,0.0,0,0.0,0,0.0,0,0,0.0,0.0,1.0,0.0,0.0,inward,BZT
1624,0.0,0.0,0.0,0.0,0.0,0,0,0.0,0.0,0,0.0,0.0,0.0,0,0,1,1,0.0,0.0,0.0,1,0.0,0,0.0,0.0,1.0,1,1.0,0.0,0.0,1.0,0.0,0.0,0.0,0.0,0,0.0,1,0.0,0,0.0,0,1.0,0.0,1.0,1,0,1,0.0,0,0,0.0,0.0,0.0,0.0,0.0,0.0,0,0.0,0,0.0,0,0,0.0,0.0,1.0,0.0,0.0,inward,BZT
1625,0.0,0.0,0.0,0.0,0.0,0,1,0.0,0.0,1,0.0,0.0,0.0,0,0,1,0,0.0,0.0,0.0,0,0.0,0,0.0,0.0,0.0,1,1.0,0.0,0.0,1.0,0.0,0.0,0.0,0.0,0,0.0,0,0.0,1,0.0,0,1.0,0.0,0.0,1,0,1,0.0,1,0,0.0,0.0,0.0,0.0,0.0,0.0,0,0.0,0,0.0,0,0,0.0,0.0,1.0,1.0,0.0,inward,BZT
1626,0.0,0.0,0.0,0.0,0.0,0,0,0.0,0.0,0,0.0,0.0,0.0,0,0,1,0,0.0,0.0,0.0,1,0.0,0,0.0,0.0,1.0,1,1.0,0.0,0.0,1.0,0.0,1.0,0.0,0.0,0,0.0,1,0.0,0,0.0,0,1.0,0.0,0.0,1,0,1,0.0,0,0,0.0,1.0,0.0,0.0,0.0,0.0,0,0.0,0,0.0,0,0,0.0,0.0,1.0,1.0,0.0,inward,BZT
1627,0.0,0.0,0.0,0.0,0.0,0,0,0.0,0.0,0,0.0,0.0,0.0,0,0,1,1,0.0,0.0,0.0,1,0.0,0,0.0,0.0,1.0,0,0.0,0.0,0.0,1.0,0.0,0.0,0.0,0.0,0,0.0,1,0.0,1,0.0,0,0.0,0.0,0.0,1,1,1,0.0,0,0,0.0,1.0,0.0,0.0,0.0,0.0,0,0.0,0,0.0,0,0,0.0,0.0,1.0,1.0,0.0,inward,BZT
1628,0.0,0.0,0.0,0.0,0.0,0,1,0.0,0.0,0,0.0,0.0,0.0,0,0,1,1,0.0,0.0,0.0,1,0.0,0,0.0,0.0,1.0,0,1.0,0.0,0.0,0.0,0.0,0.0,0.0,0.0,0,0.0,1,0.0,1,0.0,0,1.0,0.0,1.0,1,0,1,0.0,1,0,0.0,1.0,0.0,0.0,0.0,0.0,0,0.0,1,0.0,0,0,0.0,0.0,1.0,1.0,0.0,inward,BZT
1629,0.0,0.0,0.0,0.0,0.0,0,1,0.0,0.0,0,0.0,0.0,0.0,0,0,1,1,0.0,0.0,0.0,1,0.0,0,0.0,0.0,1.0,1,1.0,0.0,0.0,1.0,0.0,0.0,0.0,0.0,0,0.0,0,0.0,1,0.0,0,1.0,1.0,0.0,1,0,1,0.0,0,0,0.0,1.0,0.0,0.0,0.0,0.0,0,0.0,1,0.0,0,0,0.0,0.0,1.0,1.0,0.0,inward,BZT
1630,0.0,0.0,0.0,0.0,0.0,0,0,0.0,0.0,0,0.0,0.0,0.0,0,0,1,0,0.0,0.0,0.0,1,0.0,0,0.0,0.0,0.0,0,1.0,0.0,0.0,1.0,0.0,0.0,0.0,0.0,0,0.0,1,0.0,1,0.0,0,0.0,0.0,0.0,1,0,1,0.0,0,1,0.0,1.0,0.0,0.0,0.0,0.0,0,0.0,1,0.0,0,0,0.0,0.0,1.0,0.0,0.0,inward,BZT
1631,0.0,0.0,0.0,0.0,0.0,0,0,0.0,1.0,0,0.0,0.0,0.0,0,0,1,1,0.0,0.0,0.0,1,0.0,0,0.0,0.0,0.0,0,1.0,1.0,0.0,1.0,0.0,1.0,0.0,0.0,0,0.0,1,0.0,1,0.0,0,1.0,0.0,0.0,1,0,1,0.0,0,0,0.0,1.0,0.0,0.0,0.0,0.0,0,0.0,0,0.0,0,0,0.0,0.0,1.0,0.0,0.0,inward,BZT
1632,0.0,0.0,0.0,0.0,0.0,0,0,0.0,1.0,0,0.0,0.0,0.0,0,0,1,1,0.0,0.0,0.0,1,0.0,0,0.0,0.0,1.0,0,1.0,0.0,0.0,1.0,0.0,0.0,0.0,0.0,0,0.0,0,0.0,0,0.0,0,0.0,0.0,0.0,1,0,1,0.0,0,0,0.0,1.0,0.0,0.0,0.0,0.0,0,0.0,0,0.0,0,0,0.0,0.0,1.0,0.0,0.0,inward,BZT
1633,0.0,0.0,0.0,0.0,0.0,0,0,0.0,0.0,0,0.0,0.0,0.0,0,0,1,0,0.0,0.0,0.0,0,0.0,0,0.0,0.0,0.0,0,1.0,0.0,0.0,0.0,0.0,0.0,0.0,0.0,0,0.0,0,0.0,1,0.0,0,1.0,0.0,0.0,1,1,1,0.0,0,1,0.0,1.0,0.0,0.0,0.0,0.0,0,0.0,1,0.0,0,0,0.0,0.0,1.0,0.0,0.0,inward,BZT
1634,0.0,0.0,0.0,0.0,0.0,0,1,0.0,1.0,0,0.0,0.0,0.0,0,0,1,1,0.0,0.0,0.0,0,0.0,0,0.0,0.0,1.0,1,1.0,1.0,0.0,1.0,0.0,0.0,0.0,0.0,0,0.0,0,0.0,1,0.0,0,1.0,0.0,1.0,1,0,1,0.0,0,0,0.0,1.0,0.0,0.0,0.0,0.0,0,0.0,1,0.0,0,0,0.0,0.0,1.0,1.0,0.0,inward,BZT
1635,0.0,0.0,0.0,0.0,0.0,0,1,0.0,1.0,0,0.0,0.0,0.0,1,0,1,1,0.0,0.0,0.0,1,0.0,0,0.0,0.0,1.0,0,1.0,0.0,0.0,0.0,0.0,0.0,0.0,0.0,0,0.0,1,0.0,1,0.0,0,1.0,0.0,0.0,1,0,1,0.0,0,0,0.0,1.0,0.0,0.0,0.0,0.0,0,0.0,1,0.0,0,0,0.0,0.0,1.0,1.0,0.0,inward,BZT
1636,0.0,0.0,0.0,0.0,0.0,0,0,0.0,0.0,0,0.0,0.0,0.0,0,0,1,0,0.0,0.0,0.0,0,0.0,0,0.0,0.0,0.0,1,1.0,0.0,0.0,1.0,0.0,0.0,0.0,0.0,0,0.0,0,0.0,1,0.0,1,0.0,0.0,0.0,1,1,1,0.0,0,0,0.0,1.0,0.0,0.0,0.0,0.0,0,0.0,0,0.0,0,0,0.0,0.0,1.0,1.0,0.0,inward,BZT
1637,0.0,0.0,0.0,0.0,0.0,0,0,0.0,0.0,0,0.0,0.0,0.0,0,0,1,1,0.0,0.0,0.0,0,0.0,0,0.0,0.0,0.0,0,1.0,0.0,0.0,0.0,0.0,0.0,0.0,0.0,0,0.0,0,0.0,1,0.0,0,0.0,0.0,0.0,1,0,0,0.0,0,0,0.0,0.0,0.0,0.0,0.0,0.0,0,0.0,0,0.0,0,0,0.0,0.0,1.0,0.0,0.0,inward,BZT
1638,0.0,0.0,0.0,0.0,0.0,0,0,0.0,0.0,0,0.0,0.0,0.0,0,0,1,1,0.0,0.0,0.0,0,0.0,0,0.0,0.0,0.0,1,1.0,0.0,0.0,0.0,0.0,0.0,0.0,0.0,0,0.0,0,0.0,1,0.0,1,0.0,0.0,0.0,1,0,0,0.0,0,0,0.0,0.0,0.0,0.0,0.0,0.0,0,0.0,1,0.0,0,0,0.0,0.0,1.0,0.0,0.0,inward,BZT
1639,0.0,0.0,0.0,0.0,0.0,0,0,0.0,0.0,0,0.0,0.0,0.0,0,0,1,0,0.0,0.0,0.0,0,1.0,0,0.0,0.0,0.0,1,1.0,0.0,0.0,1.0,0.0,0.0,0.0,0.0,0,0.0,1,0.0,1,0.0,0,1.0,0.0,0.0,1,0,1,0.0,0,1,0.0,1.0,0.0,0.0,0.0,0.0,0,0.0,0,0.0,0,0,0.0,0.0,1.0,1.0,0.0,inward,BZT
1640,0.0,0.0,0.0,0.0,0.0,0,0,0.0,0.0,0,0.0,0.0,0.0,0,0,0,0,0.0,0.0,0.0,0,0.0,0,0.0,0.0,0.0,1,1.0,0.0,0.0,1.0,0.0,0.0,0.0,0.0,0,0.0,0,0.0,1,0.0,0,0.0,0.0,0.0,1,0,1,0.0,1,0,0.0,1.0,0.0,0.0,0.0,0.0,0,0.0,0,0.0,0,0,0.0,0.0,1.0,0.0,0.0,inward,BZT
1641,0.0,0.0,0.0,0.0,0.0,0,0,0.0,0.0,0,0.0,0.0,0.0,0,0,1,1,0.0,0.0,0.0,1,0.0,0,0.0,0.0,0.0,0,1.0,0.0,0.0,1.0,0.0,0.0,0.0,0.0,0,0.0,1,0.0,1,0.0,0,1.0,0.0,0.0,1,0,1,0.0,0,0,0.0,1.0,0.0,0.0,0.0,0.0,0,0.0,0,0.0,0,0,0.0,0.0,1.0,1.0,0.0,inward,BZT
1642,0.0,0.0,0.0,0.0,0.0,0,1,0.0,0.0,0,0.0,0.0,0.0,0,0,1,0,0.0,0.0,0.0,0,0.0,0,0.0,0.0,0.0,1,1.0,0.0,0.0,1.0,0.0,0.0,0.0,0.0,0,0.0,1,0.0,1,0.0,0,1.0,1.0,0.0,1,0,1,0.0,0,0,0.0,1.0,0.0,0.0,0.0,0.0,0,0.0,1,0.0,0,0,0.0,0.0,1.0,0.0,0.0,inward,BZT
1643,0.0,0.0,0.0,0.0,0.0,0,1,0.0,0.0,0,0.0,0.0,0.0,0,0,1,0,0.0,0.0,0.0,1,0.0,0,0.0,0.0,0.0,0,1.0,0.0,0.0,1.0,0.0,0.0,0.0,0.0,0,0.0,0,0.0,1,0.0,0,0.0,0.0,0.0,1,0,1,0.0,0,0,0.0,1.0,0.0,0.0,0.0,0.0,0,0.0,1,0.0,0,0,0.0,0.0,1.0,1.0,0.0,inward,BZT
1644,0.0,0.0,0.0,0.0,0.0,0,0,0.0,0.0,0,0.0,0.0,0.0,0,0,1,1,0.0,0.0,0.0,0,0.0,0,0.0,0.0,0.0,0,1.0,0.0,0.0,1.0,0.0,0.0,0.0,0.0,0,0.0,1,0.0,1,0.0,0,0.0,0.0,0.0,1,0,1,0.0,1,1,0.0,1.0,0.0,0.0,0.0,0.0,0,0.0,1,0.0,0,0,0.0,0.0,1.0,1.0,0.0,inward,BZT
1645,0.0,0.0,0.0,0.0,0.0,0,0,0.0,0.0,0,0.0,0.0,0.0,0,0,1,0,0.0,0.0,0.0,0,0.0,0,0.0,0.0,0.0,0,1.0,1.0,0.0,1.0,0.0,0.0,0.0,0.0,0,0.0,1,0.0,0,0.0,0,0.0,0.0,0.0,1,0,1,0.0,0,0,0.0,1.0,0.0,0.0,0.0,0.0,0,0.0,0,0.0,0,0,0.0,0.0,1.0,1.0,0.0,inward,BZT
1646,0.0,0.0,0.0,0.0,0.0,0,1,0.0,0.0,0,0.0,0.0,0.0,0,0,1,0,0.0,0.0,0.0,0,0.0,0,0.0,0.0,1.0,1,1.0,0.0,0.0,1.0,0.0,0.0,0.0,0.0,0,0.0,1,0.0,1,0.0,0,1.0,0.0,0.0,1,0,1,0.0,0,1,0.0,1.0,0.0,0.0,0.0,0.0,0,0.0,1,0.0,0,0,0.0,0.0,1.0,1.0,0.0,inward,BZT
1647,0.0,0.0,0.0,0.0,0.0,0,0,0.0,0.0,0,0.0,0.0,0.0,0,0,1,1,0.0,0.0,0.0,1,0.0,0,0.0,0.0,0.0,1,1.0,1.0,0.0,1.0,0.0,0.0,0.0,0.0,0,0.0,1,0.0,1,0.0,0,0.0,0.0,0.0,1,0,1,0.0,0,0,0.0,1.0,0.0,0.0,0.0,0.0,0,0.0,1,0.0,0,0,0.0,0.0,1.0,1.0,0.0,inward,BZT
1648,0.0,0.0,0.0,0.0,0.0,0,0,0.0,0.0,0,0.0,0.0,0.0,0,0,1,0,0.0,0.0,0.0,1,0.0,0,0.0,0.0,1.0,0,1.0,0.0,0.0,1.0,0.0,1.0,0.0,0.0,0,0.0,0,0.0,1,0.0,0,1.0,0.0,0.0,1,0,0,0.0,0,0,0.0,1.0,0.0,0.0,0.0,0.0,0,0.0,1,0.0,0,0,0.0,0.0,1.0,1.0,0.0,inward,BZT
1649,0.0,0.0,0.0,0.0,0.0,0,0,0.0,0.0,0,0.0,0.0,0.0,0,0,1,0,0.0,0.0,0.0,1,1.0,0,0.0,0.0,1.0,1,1.0,1.0,0.0,0.0,0.0,0.0,0.0,0.0,0,0.0,1,0.0,1,0.0,0,0.0,0.0,0.0,1,0,1,0.0,0,0,0.0,1.0,0.0,0.0,0.0,0.0,0,0.0,0,0.0,0,0,0.0,0.0,1.0,0.0,0.0,inward,BZT
1650,0.0,0.0,0.0,0.0,0.0,0,0,0.0,0.0,0,0.0,0.0,0.0,0,0,1,0,0.0,0.0,0.0,1,0.0,0,0.0,0.0,1.0,1,1.0,1.0,0.0,1.0,0.0,1.0,0.0,0.0,0,0.0,0,0.0,1,0.0,0,0.0,0.0,0.0,1,0,1,0.0,1,1,0.0,1.0,0.0,0.0,0.0,0.0,0,0.0,1,0.0,0,0,0.0,0.0,1.0,0.0,0.0,inward,BZT
1651,0.0,0.0,0.0,0.0,0.0,0,0,0.0,0.0,0,0.0,0.0,0.0,0,0,1,0,0.0,0.0,0.0,0,0.0,0,0.0,0.0,0.0,0,1.0,0.0,0.0,0.0,0.0,0.0,0.0,0.0,0,0.0,1,0.0,1,0.0,0,0.0,0.0,0.0,1,0,1,0.0,1,0,0.0,0.0,0.0,0.0,0.0,0.0,0,0.0,1,0.0,0,0,0.0,0.0,1.0,1.0,0.0,inward,BZT
1652,0.0,0.0,0.0,0.0,0.0,0,1,0.0,0.0,0,0.0,0.0,0.0,0,0,1,1,0.0,0.0,0.0,0,1.0,0,0.0,0.0,1.0,0,1.0,0.0,0.0,1.0,0.0,0.0,0.0,0.0,0,0.0,1,0.0,1,0.0,0,0.0,0.0,0.0,1,0,1,0.0,0,0,0.0,1.0,0.0,0.0,0.0,0.0,0,0.0,1,0.0,0,0,0.0,0.0,1.0,1.0,0.0,inward,BZT
1653,0.0,0.0,0.0,0.0,0.0,0,0,0.0,0.0,0,0.0,0.0,0.0,0,0,1,0,0.0,0.0,0.0,1,1.0,0,0.0,0.0,0.0,0,1.0,0.0,0.0,1.0,0.0,0.0,0.0,0.0,0,0.0,0,0.0,1,0.0,0,0.0,0.0,0.0,1,0,1,0.0,1,1,0.0,0.0,0.0,0.0,0.0,0.0,0,0.0,0,0.0,0,0,0.0,0.0,1.0,1.0,0.0,inward,BZT
1654,0.0,0.0,0.0,0.0,0.0,0,1,0.0,0.0,0,0.0,0.0,0.0,0,0,1,1,0.0,0.0,0.0,0,0.0,0,0.0,0.0,0.0,1,1.0,0.0,0.0,1.0,0.0,0.0,0.0,0.0,0,0.0,1,0.0,1,0.0,0,1.0,0.0,0.0,1,1,1,0.0,0,0,0.0,1.0,0.0,0.0,0.0,0.0,0,0.0,0,0.0,0,0,0.0,0.0,1.0,1.0,0.0,inward,BZT
1655,0.0,0.0,0.0,0.0,0.0,0,0,0.0,0.0,0,0.0,0.0,0.0,0,0,1,1,0.0,0.0,0.0,1,1.0,0,0.0,0.0,1.0,0,1.0,1.0,0.0,0.0,0.0,0.0,0.0,0.0,0,0.0,0,0.0,1,0.0,0,1.0,0.0,0.0,1,0,0,0.0,0,0,0.0,1.0,0.0,0.0,0.0,0.0,0,0.0,1,0.0,0,0,0.0,0.0,1.0,1.0,0.0,inward,BZT
1656,0.0,0.0,0.0,0.0,0.0,0,1,0.0,0.0,0,0.0,0.0,0.0,0,0,0,0,0.0,0.0,0.0,0,0.0,0,0.0,0.0,1.0,1,1.0,0.0,0.0,1.0,0.0,0.0,0.0,0.0,0,0.0,1,0.0,1,0.0,0,1.0,0.0,0.0,1,0,1,0.0,1,0,0.0,1.0,0.0,0.0,0.0,0.0,0,0.0,1,0.0,0,0,0.0,0.0,1.0,1.0,0.0,inward,BZT
1657,0.0,0.0,0.0,0.0,0.0,0,1,0.0,0.0,0,0.0,0.0,0.0,0,0,1,0,0.0,0.0,0.0,0,0.0,0,0.0,0.0,1.0,1,1.0,0.0,0.0,1.0,0.0,1.0,0.0,0.0,0,0.0,1,0.0,1,0.0,0,1.0,0.0,0.0,1,0,1,0.0,0,0,0.0,1.0,0.0,0.0,0.0,0.0,0,0.0,1,0.0,0,0,0.0,0.0,1.0,0.0,0.0,inward,BZT
1658,0.0,0.0,0.0,0.0,0.0,0,0,0.0,0.0,0,0.0,0.0,0.0,0,0,1,1,0.0,0.0,0.0,1,0.0,0,0.0,0.0,1.0,0,1.0,0.0,0.0,1.0,0.0,0.0,0.0,0.0,0,0.0,1,0.0,1,0.0,0,1.0,1.0,0.0,1,0,0,0.0,0,1,0.0,1.0,0.0,0.0,0.0,0.0,0,0.0,1,0.0,0,0,0.0,0.0,1.0,1.0,0.0,inward,BZT
1659,0.0,0.0,0.0,0.0,0.0,0,0,0.0,0.0,0,0.0,0.0,0.0,0,0,1,0,0.0,0.0,0.0,1,0.0,0,0.0,0.0,0.0,0,1.0,0.0,0.0,1.0,0.0,0.0,0.0,0.0,0,0.0,1,0.0,0,0.0,0,1.0,0.0,0.0,1,0,0,0.0,0,0,0.0,0.0,0.0,0.0,0.0,0.0,0,0.0,1,0.0,0,0,0.0,0.0,1.0,1.0,0.0,inward,BZT
1660,0.0,0.0,0.0,0.0,0.0,0,0,0.0,0.0,0,0.0,0.0,0.0,0,0,1,0,0.0,0.0,0.0,1,0.0,0,0.0,0.0,1.0,1,1.0,0.0,0.0,1.0,0.0,0.0,0.0,1.0,0,0.0,1,0.0,1,0.0,1,1.0,0.0,1.0,1,1,1,0.0,0,0,0.0,1.0,0.0,0.0,0.0,0.0,0,0.0,0,0.0,0,0,0.0,0.0,1.0,0.0,0.0,inward,BZT
1661,0.0,0.0,0.0,0.0,0.0,0,1,0.0,0.0,0,0.0,0.0,0.0,0,0,1,1,0.0,0.0,0.0,0,0.0,0,0.0,0.0,0.0,0,1.0,0.0,0.0,0.0,0.0,0.0,0.0,0.0,0,0.0,1,0.0,1,0.0,0,0.0,0.0,0.0,1,0,1,0.0,0,0,0.0,1.0,1.0,0.0,0.0,0.0,0,0.0,1,0.0,0,0,0.0,0.0,1.0,1.0,0.0,inward,BZT
1662,0.0,0.0,0.0,0.0,0.0,0,1,0.0,1.0,1,0.0,0.0,0.0,0,0,1,1,0.0,0.0,0.0,0,0.0,0,0.0,0.0,1.0,1,0.0,0.0,0.0,1.0,0.0,0.0,0.0,0.0,0,0.0,1,0.0,1,0.0,0,1.0,0.0,0.0,1,0,1,0.0,1,0,0.0,1.0,0.0,0.0,0.0,0.0,0,0.0,0,0.0,0,0,0.0,0.0,1.0,1.0,0.0,inward,BZT
1663,0.0,0.0,0.0,0.0,0.0,0,0,0.0,0.0,0,0.0,0.0,0.0,0,0,1,0,0.0,0.0,0.0,0,0.0,0,0.0,0.0,0.0,0,1.0,0.0,0.0,1.0,0.0,0.0,0.0,0.0,0,0.0,1,0.0,1,0.0,0,1.0,0.0,1.0,1,0,0,0.0,0,0,0.0,1.0,0.0,0.0,0.0,0.0,0,0.0,1,0.0,0,0,0.0,0.0,1.0,1.0,0.0,inward,BZT
1664,0.0,0.0,0.0,0.0,0.0,0,1,0.0,1.0,0,0.0,0.0,0.0,0,0,1,1,0.0,0.0,0.0,0,0.0,0,0.0,0.0,1.0,1,1.0,1.0,0.0,1.0,0.0,0.0,0.0,0.0,0,0.0,1,0.0,1,0.0,0,1.0,0.0,0.0,1,1,1,0.0,0,0,0.0,1.0,0.0,0.0,0.0,0.0,0,0.0,1,0.0,0,0,0.0,0.0,1.0,1.0,0.0,inward,BZT
1665,0.0,0.0,0.0,0.0,0.0,0,1,0.0,1.0,0,0.0,0.0,0.0,0,0,1,1,0.0,0.0,0.0,1,0.0,0,0.0,0.0,1.0,1,1.0,0.0,0.0,1.0,0.0,0.0,0.0,0.0,0,0.0,1,0.0,1,0.0,0,1.0,1.0,0.0,1,1,1,0.0,0,0,0.0,1.0,0.0,0.0,0.0,0.0,0,0.0,0,0.0,0,0,0.0,0.0,1.0,1.0,0.0,inward,BZT
1666,0.0,0.0,0.0,0.0,0.0,0,1,0.0,0.0,0,0.0,0.0,0.0,0,0,1,0,0.0,0.0,0.0,0,0.0,0,0.0,0.0,0.0,1,1.0,0.0,0.0,1.0,0.0,0.0,0.0,0.0,0,0.0,0,0.0,0,0.0,0,1.0,0.0,1.0,1,1,1,0.0,0,0,0.0,1.0,0.0,0.0,0.0,0.0,0,0.0,0,0.0,0,0,0.0,0.0,1.0,1.0,0.0,inward,BZT
1667,0.0,0.0,0.0,0.0,0.0,0,1,0.0,0.0,0,0.0,0.0,0.0,0,0,1,1,0.0,0.0,0.0,1,0.0,0,1.0,0.0,1.0,1,0.0,0.0,0.0,1.0,0.0,0.0,0.0,0.0,0,0.0,0,0.0,0,0.0,0,1.0,0.0,0.0,1,0,1,0.0,0,0,0.0,1.0,0.0,0.0,0.0,0.0,0,0.0,1,0.0,0,0,0.0,0.0,1.0,0.0,1.0,inward,BZT
1668,0.0,0.0,0.0,0.0,0.0,0,1,0.0,1.0,0,0.0,0.0,0.0,0,0,1,0,0.0,0.0,0.0,0,0.0,0,0.0,0.0,1.0,0,1.0,0.0,0.0,0.0,0.0,0.0,0.0,0.0,0,0.0,1,0.0,0,0.0,0,1.0,0.0,0.0,1,0,0,0.0,0,1,0.0,1.0,1.0,0.0,0.0,0.0,0,0.0,0,0.0,0,0,0.0,0.0,1.0,1.0,1.0,inward,BZT
1669,0.0,0.0,0.0,0.0,0.0,0,0,0.0,0.0,0,0.0,0.0,0.0,0,0,1,0,0.0,0.0,0.0,1,0.0,0,0.0,0.0,1.0,1,1.0,0.0,0.0,1.0,0.0,0.0,0.0,0.0,0,0.0,1,0.0,0,0.0,0,1.0,0.0,0.0,1,1,1,0.0,1,0,0.0,1.0,1.0,0.0,0.0,0.0,0,0.0,0,0.0,0,0,0.0,0.0,1.0,1.0,0.0,inward,BZT
1670,0.0,0.0,0.0,0.0,0.0,0,1,0.0,0.0,0,0.0,0.0,0.0,0,0,1,1,0.0,0.0,0.0,0,0.0,0,0.0,0.0,0.0,1,0.0,0.0,0.0,1.0,0.0,0.0,0.0,0.0,0,0.0,0,0.0,0,0.0,0,1.0,0.0,0.0,1,1,1,0.0,0,1,0.0,1.0,0.0,0.0,0.0,0.0,0,0.0,1,0.0,0,0,0.0,0.0,1.0,1.0,0.0,inward,BZT
1671,0.0,0.0,0.0,0.0,0.0,0,1,0.0,0.0,0,0.0,0.0,0.0,0,0,1,0,0.0,0.0,0.0,0,0.0,0,0.0,0.0,1.0,1,0.0,0.0,0.0,0.0,0.0,0.0,0.0,0.0,0,0.0,0,0.0,1,0.0,0,1.0,0.0,0.0,1,0,1,0.0,1,0,0.0,1.0,0.0,0.0,0.0,0.0,0,0.0,1,0.0,0,0,0.0,0.0,1.0,1.0,0.0,inward,BZT
1672,0.0,0.0,0.0,0.0,0.0,0,0,0.0,0.0,0,0.0,0.0,0.0,0,0,1,0,0.0,0.0,0.0,1,0.0,0,0.0,0.0,1.0,1,1.0,0.0,0.0,0.0,0.0,0.0,0.0,0.0,0,0.0,0,0.0,1,0.0,0,1.0,0.0,0.0,1,0,0,0.0,1,0,0.0,1.0,1.0,0.0,0.0,0.0,0,0.0,0,0.0,0,0,0.0,0.0,1.0,1.0,0.0,inward,BZT
1673,0.0,0.0,0.0,0.0,0.0,0,1,0.0,1.0,0,0.0,0.0,0.0,0,0,1,0,0.0,0.0,0.0,1,0.0,0,0.0,0.0,1.0,1,0.0,0.0,0.0,1.0,0.0,0.0,0.0,0.0,0,0.0,1,0.0,0,0.0,0,1.0,1.0,0.0,1,1,1,0.0,0,0,0.0,1.0,0.0,0.0,0.0,0.0,0,0.0,0,0.0,0,0,0.0,0.0,1.0,1.0,0.0,inward,BZT
1674,0.0,0.0,0.0,0.0,0.0,0,1,0.0,0.0,0,0.0,0.0,0.0,0,0,1,1,0.0,0.0,0.0,1,0.0,0,0.0,0.0,1.0,0,0.0,0.0,0.0,0.0,0.0,0.0,0.0,0.0,0,0.0,0,0.0,1,0.0,0,1.0,0.0,1.0,1,0,0,0.0,0,0,0.0,1.0,0.0,0.0,0.0,0.0,0,0.0,0,0.0,0,0,0.0,0.0,1.0,1.0,0.0,inward,BZT
1675,0.0,0.0,0.0,0.0,0.0,0,0,0.0,0.0,0,0.0,0.0,0.0,1,0,1,1,0.0,0.0,0.0,0,0.0,0,0.0,0.0,0.0,0,1.0,0.0,0.0,0.0,0.0,0.0,0.0,0.0,0,0.0,1,0.0,0,0.0,0,1.0,0.0,0.0,1,1,1,0.0,0,0,0.0,1.0,0.0,0.0,0.0,0.0,0,0.0,1,0.0,0,0,0.0,0.0,1.0,1.0,0.0,inward,BZT
1676,0.0,0.0,0.0,0.0,0.0,0,1,0.0,0.0,0,0.0,0.0,0.0,0,0,1,0,0.0,0.0,0.0,1,0.0,0,0.0,0.0,1.0,1,1.0,0.0,0.0,1.0,0.0,0.0,0.0,0.0,0,0.0,1,0.0,1,0.0,0,1.0,0.0,0.0,1,0,1,0.0,0,0,0.0,1.0,0.0,0.0,0.0,0.0,0,0.0,1,0.0,0,0,0.0,0.0,1.0,1.0,0.0,inward,BZT
1677,0.0,0.0,0.0,0.0,0.0,0,1,0.0,0.0,0,0.0,0.0,0.0,0,0,0,0,0.0,0.0,0.0,1,0.0,0,0.0,0.0,1.0,0,0.0,0.0,0.0,1.0,0.0,0.0,0.0,0.0,0,0.0,1,0.0,0,0.0,0,1.0,0.0,0.0,1,0,1,0.0,1,0,0.0,1.0,1.0,0.0,0.0,0.0,0,0.0,0,0.0,0,0,0.0,0.0,1.0,1.0,0.0,inward,BZT
1678,0.0,0.0,0.0,0.0,0.0,0,0,0.0,0.0,0,0.0,0.0,0.0,0,0,1,1,0.0,0.0,0.0,1,0.0,0,0.0,0.0,0.0,1,1.0,0.0,0.0,0.0,0.0,0.0,0.0,0.0,0,0.0,1,0.0,1,0.0,0,1.0,0.0,1.0,1,1,1,0.0,0,0,0.0,1.0,0.0,0.0,0.0,0.0,0,0.0,1,0.0,0,0,0.0,0.0,1.0,1.0,0.0,inward,BZT
1679,0.0,0.0,0.0,0.0,0.0,0,1,0.0,0.0,0,0.0,0.0,0.0,0,0,1,0,0.0,0.0,0.0,1,0.0,0,0.0,0.0,1.0,1,1.0,0.0,0.0,1.0,0.0,0.0,0.0,0.0,0,0.0,0,0.0,0,0.0,0,1.0,1.0,0.0,1,0,1,0.0,1,1,0.0,1.0,0.0,0.0,0.0,0.0,0,0.0,1,0.0,0,0,0.0,0.0,1.0,1.0,0.0,inward,BZT
1680,0.0,0.0,0.0,0.0,0.0,0,0,0.0,0.0,0,0.0,0.0,0.0,0,0,1,0,0.0,0.0,0.0,1,0.0,0,0.0,0.0,1.0,1,1.0,0.0,0.0,1.0,0.0,0.0,0.0,0.0,0,0.0,1,0.0,1,0.0,0,1.0,0.0,0.0,1,0,0,0.0,1,0,0.0,1.0,0.0,0.0,0.0,0.0,0,0.0,0,0.0,0,0,0.0,0.0,1.0,1.0,0.0,inward,BZT
1681,0.0,0.0,0.0,0.0,0.0,0,1,0.0,0.0,0,0.0,0.0,0.0,0,0,1,1,0.0,0.0,0.0,1,0.0,0,0.0,0.0,1.0,1,0.0,0.0,0.0,1.0,0.0,0.0,0.0,0.0,0,0.0,0,0.0,1,0.0,0,1.0,0.0,0.0,1,0,0,0.0,0,0,0.0,1.0,0.0,0.0,0.0,0.0,0,0.0,1,0.0,0,0,0.0,0.0,1.0,0.0,0.0,inward,BZT
1682,0.0,0.0,0.0,0.0,0.0,0,0,0.0,0.0,0,0.0,0.0,0.0,0,0,1,0,0.0,0.0,0.0,1,0.0,0,0.0,0.0,0.0,1,1.0,0.0,0.0,1.0,0.0,0.0,0.0,0.0,0,0.0,0,0.0,1,0.0,0,1.0,0.0,0.0,1,1,1,0.0,0,1,0.0,1.0,0.0,0.0,0.0,0.0,0,0.0,1,0.0,0,0,0.0,0.0,1.0,1.0,0.0,inward,BZT
1683,0.0,0.0,0.0,0.0,0.0,0,1,0.0,0.0,0,0.0,0.0,0.0,0,0,1,0,0.0,0.0,0.0,1,0.0,0,0.0,0.0,0.0,0,1.0,1.0,0.0,0.0,0.0,0.0,0.0,0.0,0,0.0,1,0.0,1,0.0,0,1.0,0.0,0.0,1,0,0,0.0,0,1,0.0,1.0,0.0,0.0,0.0,0.0,0,0.0,1,0.0,0,0,0.0,0.0,1.0,1.0,0.0,inward,BZT
1684,0.0,0.0,0.0,0.0,0.0,0,1,0.0,0.0,0,0.0,0.0,0.0,0,0,1,1,0.0,0.0,0.0,1,0.0,0,0.0,0.0,0.0,0,1.0,0.0,0.0,1.0,0.0,0.0,0.0,0.0,0,0.0,1,0.0,1,0.0,0,0.0,0.0,0.0,1,0,1,0.0,0,0,0.0,1.0,0.0,0.0,0.0,0.0,0,0.0,1,0.0,0,0,0.0,0.0,1.0,0.0,0.0,inward,BZT
1685,0.0,0.0,0.0,0.0,0.0,0,0,0.0,1.0,0,0.0,0.0,0.0,0,0,1,1,0.0,0.0,0.0,0,0.0,0,0.0,0.0,1.0,1,1.0,1.0,0.0,1.0,0.0,0.0,0.0,0.0,0,0.0,0,0.0,0,0.0,0,1.0,0.0,0.0,1,0,1,0.0,1,0,0.0,1.0,0.0,0.0,0.0,0.0,0,0.0,1,0.0,0,0,0.0,0.0,1.0,1.0,0.0,inward,BZT
1686,0.0,0.0,0.0,0.0,0.0,0,0,0.0,1.0,1,0.0,0.0,0.0,0,0,1,0,0.0,0.0,0.0,1,0.0,0,0.0,0.0,1.0,1,0.0,0.0,0.0,1.0,0.0,1.0,0.0,0.0,0,0.0,1,0.0,0,0.0,0,1.0,0.0,1.0,1,1,1,0.0,0,0,0.0,1.0,0.0,0.0,0.0,0.0,0,0.0,0,0.0,0,0,0.0,0.0,1.0,0.0,0.0,inward,BZT
1687,0.0,0.0,0.0,0.0,0.0,0,0,0.0,0.0,0,0.0,0.0,0.0,0,0,1,1,0.0,0.0,0.0,0,0.0,0,0.0,0.0,1.0,1,1.0,1.0,0.0,1.0,0.0,0.0,0.0,0.0,0,0.0,1,0.0,1,0.0,0,1.0,0.0,1.0,1,1,1,0.0,0,0,0.0,1.0,0.0,0.0,0.0,0.0,0,0.0,1,0.0,0,0,0.0,0.0,1.0,1.0,1.0,inward,BZT
1688,0.0,0.0,0.0,0.0,0.0,0,0,0.0,0.0,0,0.0,0.0,0.0,0,0,1,0,0.0,0.0,0.0,1,0.0,0,0.0,0.0,1.0,1,1.0,0.0,0.0,1.0,0.0,0.0,0.0,0.0,0,0.0,1,0.0,0,0.0,0,1.0,0.0,0.0,1,0,1,0.0,0,0,0.0,1.0,0.0,0.0,0.0,0.0,0,0.0,1,0.0,0,0,0.0,0.0,1.0,1.0,0.0,inward,BZT
1689,0.0,0.0,0.0,0.0,0.0,0,0,0.0,0.0,0,0.0,0.0,0.0,0,0,1,0,0.0,0.0,0.0,1,0.0,0,0.0,0.0,1.0,0,1.0,0.0,0.0,1.0,0.0,0.0,0.0,0.0,0,0.0,1,0.0,1,0.0,0,1.0,0.0,0.0,1,0,1,0.0,0,0,0.0,1.0,0.0,0.0,0.0,0.0,0,0.0,1,0.0,0,0,0.0,0.0,1.0,1.0,0.0,inward,BZT
1690,0.0,0.0,0.0,0.0,0.0,0,0,0.0,0.0,0,0.0,0.0,0.0,0,0,1,1,0.0,0.0,0.0,0,0.0,0,0.0,0.0,1.0,1,1.0,0.0,0.0,1.0,0.0,1.0,0.0,0.0,0,0.0,1,0.0,1,0.0,0,1.0,1.0,0.0,1,0,1,0.0,1,0,0.0,1.0,0.0,0.0,0.0,0.0,0,0.0,1,0.0,0,0,0.0,0.0,1.0,0.0,0.0,inward,BZT
1691,0.0,0.0,0.0,0.0,0.0,0,0,0.0,1.0,0,0.0,0.0,0.0,0,0,1,1,0.0,0.0,0.0,1,0.0,0,0.0,0.0,1.0,1,0.0,0.0,0.0,0.0,0.0,0.0,0.0,0.0,0,0.0,1,0.0,1,0.0,0,1.0,0.0,0.0,1,0,1,0.0,0,0,0.0,1.0,0.0,0.0,0.0,0.0,0,0.0,1,0.0,0,0,0.0,0.0,1.0,0.0,0.0,inward,BZT
1692,0.0,0.0,0.0,0.0,0.0,0,0,0.0,1.0,0,0.0,0.0,0.0,0,0,1,0,0.0,0.0,0.0,0,0.0,0,0.0,0.0,1.0,0,0.0,0.0,0.0,0.0,0.0,0.0,0.0,0.0,0,0.0,1,0.0,0,0.0,0,1.0,0.0,0.0,1,0,0,0.0,0,1,0.0,1.0,1.0,0.0,0.0,0.0,0,0.0,1,0.0,0,0,0.0,0.0,1.0,1.0,0.0,inward,BZT
1693,0.0,0.0,0.0,0.0,0.0,0,1,0.0,0.0,0,0.0,0.0,0.0,0,0,1,1,0.0,0.0,0.0,1,0.0,0,0.0,0.0,1.0,0,1.0,0.0,0.0,0.0,0.0,0.0,0.0,0.0,0,0.0,1,0.0,1,0.0,0,1.0,0.0,1.0,1,0,0,0.0,0,0,0.0,1.0,0.0,0.0,0.0,0.0,1,0.0,1,0.0,0,0,0.0,0.0,1.0,0.0,0.0,inward,BZT
1694,0.0,0.0,0.0,0.0,0.0,0,1,0.0,0.0,0,0.0,0.0,0.0,0,0,1,0,0.0,0.0,0.0,0,0.0,0,0.0,0.0,0.0,0,0.0,0.0,0.0,0.0,0.0,0.0,0.0,0.0,0,0.0,1,0.0,1,0.0,0,1.0,0.0,0.0,1,1,0,0.0,0,1,0.0,1.0,0.0,0.0,0.0,0.0,0,0.0,1,0.0,0,0,0.0,0.0,1.0,1.0,0.0,inward,BZT
1695,0.0,0.0,0.0,0.0,0.0,0,0,0.0,0.0,0,0.0,0.0,0.0,0,0,1,0,0.0,0.0,0.0,0,0.0,0,0.0,0.0,0.0,0,1.0,0.0,0.0,1.0,0.0,0.0,0.0,1.0,0,0.0,1,0.0,0,0.0,0,1.0,0.0,0.0,1,1,1,0.0,1,0,0.0,1.0,0.0,0.0,0.0,0.0,0,0.0,0,0.0,0,0,0.0,0.0,1.0,1.0,0.0,inward,BZT
1696,0.0,0.0,0.0,0.0,0.0,0,0,0.0,0.0,0,0.0,0.0,0.0,0,0,1,1,0.0,0.0,0.0,1,0.0,0,0.0,0.0,1.0,1,1.0,0.0,0.0,1.0,0.0,0.0,0.0,0.0,0,0.0,0,0.0,1,0.0,0,1.0,0.0,0.0,1,1,1,0.0,0,0,0.0,1.0,0.0,0.0,0.0,0.0,0,0.0,1,0.0,0,0,0.0,0.0,1.0,0.0,0.0,inward,BZT
1697,0.0,0.0,0.0,0.0,0.0,0,1,0.0,0.0,0,0.0,0.0,0.0,0,0,1,1,0.0,0.0,0.0,0,0.0,0,1.0,0.0,1.0,0,0.0,0.0,0.0,1.0,0.0,0.0,0.0,0.0,0,0.0,0,0.0,1,0.0,0,1.0,0.0,0.0,1,0,1,0.0,0,0,0.0,1.0,0.0,0.0,0.0,0.0,0,0.0,1,0.0,0,0,0.0,0.0,1.0,1.0,0.0,inward,BZT
1698,0.0,0.0,0.0,0.0,0.0,0,1,0.0,1.0,0,0.0,0.0,0.0,0,0,1,1,0.0,0.0,0.0,0,0.0,0,0.0,0.0,1.0,1,1.0,0.0,0.0,0.0,0.0,0.0,0.0,0.0,0,0.0,1,0.0,0,0.0,0,1.0,0.0,1.0,1,0,1,0.0,0,0,0.0,1.0,0.0,0.0,0.0,0.0,0,0.0,1,0.0,0,0,0.0,0.0,1.0,1.0,0.0,inward,BZT
1699,0.0,0.0,0.0,0.0,0.0,0,0,0.0,0.0,0,0.0,0.0,0.0,0,0,1,0,0.0,0.0,0.0,1,0.0,0,0.0,0.0,0.0,0,1.0,0.0,0.0,1.0,0.0,0.0,0.0,0.0,0,0.0,0,0.0,1,0.0,0,1.0,0.0,1.0,1,0,1,0.0,0,0,0.0,1.0,1.0,0.0,0.0,0.0,0,0.0,0,0.0,0,0,0.0,0.0,1.0,1.0,0.0,inward,BZT
1700,0.0,0.0,0.0,0.0,0.0,0,1,0.0,0.0,0,0.0,0.0,0.0,0,0,1,1,0.0,0.0,0.0,0,0.0,0,0.0,0.0,1.0,1,0.0,0.0,0.0,0.0,0.0,0.0,0.0,0.0,0,0.0,1,0.0,0,0.0,0,1.0,1.0,1.0,1,1,0,0.0,0,0,0.0,1.0,1.0,0.0,0.0,0.0,0,0.0,1,0.0,0,0,0.0,0.0,1.0,1.0,0.0,inward,BZT
1701,0.0,0.0,0.0,0.0,0.0,0,0,0.0,0.0,0,0.0,0.0,0.0,0,0,1,0,0.0,0.0,0.0,1,0.0,0,1.0,0.0,0.0,0,1.0,0.0,0.0,0.0,0.0,0.0,0.0,0.0,0,0.0,0,0.0,1,0.0,0,1.0,0.0,0.0,1,0,1,0.0,1,0,0.0,1.0,0.0,0.0,0.0,0.0,0,0.0,0,0.0,0,0,0.0,0.0,1.0,1.0,0.0,inward,BZT
1702,0.0,0.0,0.0,0.0,0.0,0,0,0.0,0.0,0,0.0,0.0,0.0,0,0,1,1,0.0,0.0,0.0,1,0.0,0,0.0,0.0,0.0,1,1.0,0.0,0.0,1.0,0.0,0.0,0.0,0.0,0,0.0,1,0.0,1,0.0,0,1.0,1.0,0.0,1,0,1,0.0,1,0,0.0,1.0,0.0,0.0,0.0,0.0,0,0.0,1,0.0,0,0,0.0,0.0,1.0,1.0,0.0,inward,BZT
1703,0.0,0.0,0.0,0.0,0.0,0,0,0.0,1.0,0,0.0,0.0,0.0,0,0,1,1,0.0,0.0,0.0,1,0.0,0,0.0,0.0,1.0,1,1.0,0.0,0.0,1.0,0.0,0.0,0.0,0.0,0,0.0,1,0.0,1,0.0,0,1.0,0.0,0.0,1,0,1,0.0,0,0,0.0,1.0,0.0,0.0,0.0,0.0,0,0.0,1,0.0,0,0,0.0,0.0,1.0,0.0,0.0,inward,BZT
1704,0.0,0.0,0.0,0.0,0.0,0,0,0.0,0.0,0,0.0,0.0,0.0,0,0,1,1,0.0,0.0,0.0,0,0.0,0,0.0,0.0,0.0,0,1.0,0.0,0.0,1.0,0.0,0.0,0.0,0.0,0,0.0,1,0.0,0,0.0,0,1.0,0.0,0.0,1,1,1,0.0,0,0,0.0,1.0,0.0,0.0,0.0,0.0,0,0.0,1,0.0,0,0,0.0,0.0,1.0,0.0,0.0,inward,BZT
1705,0.0,0.0,0.0,0.0,0.0,0,1,0.0,0.0,0,0.0,0.0,0.0,0,0,1,0,0.0,0.0,0.0,1,0.0,0,0.0,0.0,1.0,0,1.0,0.0,0.0,0.0,0.0,0.0,0.0,0.0,0,0.0,0,0.0,0,0.0,0,1.0,0.0,0.0,1,0,0,0.0,0,0,0.0,1.0,1.0,0.0,0.0,0.0,0,0.0,1,0.0,0,0,0.0,0.0,1.0,1.0,0.0,inward,BZT
1706,0.0,0.0,0.0,0.0,0.0,0,1,0.0,1.0,0,0.0,0.0,0.0,0,0,1,0,0.0,0.0,0.0,1,0.0,0,0.0,0.0,1.0,1,1.0,0.0,0.0,1.0,0.0,0.0,0.0,0.0,0,0.0,0,0.0,1,0.0,0,1.0,1.0,1.0,1,0,1,0.0,0,0,0.0,1.0,0.0,0.0,0.0,0.0,0,0.0,1,0.0,0,0,0.0,0.0,1.0,0.0,0.0,inward,BZT
1707,0.0,0.0,0.0,0.0,0.0,0,1,0.0,0.0,0,0.0,0.0,0.0,0,0,1,0,0.0,0.0,0.0,0,0.0,0,0.0,0.0,0.0,0,0.0,0.0,0.0,0.0,0.0,0.0,0.0,0.0,0,0.0,1,0.0,0,0.0,0,1.0,0.0,0.0,1,1,1,0.0,1,0,0.0,1.0,0.0,0.0,0.0,0.0,0,0.0,1,0.0,0,0,0.0,0.0,1.0,0.0,0.0,inward,BZT
1708,0.0,0.0,0.0,0.0,0.0,0,0,0.0,1.0,1,0.0,0.0,0.0,0,0,1,1,0.0,0.0,0.0,1,0.0,0,0.0,0.0,1.0,0,1.0,1.0,0.0,1.0,0.0,0.0,0.0,0.0,0,0.0,1,0.0,0,0.0,0,1.0,0.0,1.0,1,1,1,0.0,1,0,0.0,1.0,0.0,0.0,0.0,0.0,0,0.0,1,0.0,0,0,0.0,0.0,1.0,1.0,0.0,inward,BZT
1709,0.0,0.0,0.0,0.0,0.0,0,0,0.0,0.0,0,0.0,0.0,0.0,0,0,0,0,0.0,0.0,0.0,1,0.0,0,0.0,0.0,1.0,1,1.0,1.0,0.0,1.0,0.0,0.0,0.0,0.0,0,0.0,1,0.0,1,0.0,0,1.0,0.0,0.0,1,0,1,0.0,0,0,0.0,1.0,0.0,0.0,0.0,0.0,0,0.0,0,0.0,0,0,0.0,0.0,1.0,1.0,0.0,inward,BZT
1710,0.0,0.0,0.0,0.0,0.0,0,0,0.0,1.0,1,0.0,0.0,0.0,0,0,1,1,0.0,0.0,0.0,0,0.0,0,0.0,0.0,0.0,1,1.0,0.0,0.0,0.0,0.0,0.0,0.0,0.0,0,0.0,1,0.0,0,0.0,0,1.0,1.0,1.0,1,0,1,0.0,1,0,0.0,1.0,0.0,0.0,0.0,0.0,0,0.0,1,0.0,0,0,0.0,0.0,1.0,1.0,0.0,inward,BZT
1711,0.0,0.0,0.0,0.0,0.0,0,0,0.0,0.0,0,0.0,0.0,0.0,0,0,1,0,0.0,0.0,0.0,0,0.0,0,0.0,0.0,0.0,0,1.0,0.0,0.0,0.0,0.0,0.0,0.0,0.0,0,0.0,0,0.0,1,0.0,0,1.0,0.0,0.0,1,1,1,0.0,0,1,0.0,1.0,0.0,0.0,0.0,1.0,0,0.0,1,0.0,0,0,0.0,0.0,1.0,1.0,0.0,inward,BZT
1712,0.0,0.0,0.0,0.0,0.0,0,0,0.0,0.0,0,0.0,0.0,0.0,0,0,1,1,0.0,0.0,0.0,0,1.0,0,0.0,0.0,1.0,0,0.0,0.0,0.0,1.0,0.0,0.0,0.0,0.0,0,0.0,1,0.0,1,0.0,0,1.0,0.0,0.0,1,0,1,0.0,0,0,0.0,1.0,0.0,0.0,0.0,0.0,0,0.0,0,0.0,0,0,0.0,0.0,1.0,1.0,0.0,inward,BZT
1713,0.0,0.0,0.0,0.0,0.0,0,0,0.0,1.0,0,0.0,0.0,0.0,0,0,1,1,0.0,0.0,0.0,1,0.0,0,0.0,0.0,1.0,1,1.0,1.0,0.0,1.0,0.0,1.0,0.0,0.0,0,0.0,0,0.0,0,0.0,0,1.0,0.0,1.0,1,1,1,0.0,0,0,0.0,1.0,0.0,0.0,0.0,0.0,0,0.0,1,0.0,0,0,0.0,0.0,1.0,1.0,0.0,inward,BZT
1714,0.0,0.0,0.0,0.0,0.0,0,1,0.0,1.0,0,0.0,0.0,0.0,0,0,1,1,0.0,0.0,0.0,0,0.0,0,0.0,0.0,1.0,0,1.0,0.0,0.0,1.0,0.0,1.0,0.0,0.0,0,0.0,0,0.0,0,0.0,0,1.0,0.0,0.0,1,0,1,0.0,1,0,0.0,1.0,0.0,0.0,0.0,0.0,0,0.0,1,0.0,0,0,0.0,0.0,1.0,1.0,0.0,inward,BZT
1715,0.0,0.0,0.0,0.0,0.0,0,0,0.0,0.0,0,0.0,0.0,0.0,0,0,1,0,0.0,0.0,0.0,1,0.0,0,0.0,0.0,0.0,0,0.0,0.0,0.0,1.0,0.0,0.0,0.0,0.0,0,0.0,0,0.0,0,0.0,0,1.0,0.0,0.0,1,0,1,0.0,0,0,0.0,1.0,0.0,0.0,0.0,0.0,0,0.0,0,0.0,0,0,0.0,0.0,1.0,0.0,0.0,inward,BZT
1716,0.0,0.0,0.0,0.0,0.0,0,0,0.0,0.0,0,0.0,0.0,0.0,0,0,1,1,0.0,0.0,0.0,1,0.0,0,0.0,0.0,0.0,1,0.0,0.0,0.0,0.0,0.0,0.0,0.0,0.0,0,0.0,1,0.0,0,0.0,0,1.0,1.0,1.0,1,0,0,0.0,0,0,0.0,1.0,0.0,0.0,0.0,0.0,0,0.0,1,0.0,0,0,0.0,0.0,1.0,0.0,0.0,inward,BZT
1717,0.0,0.0,0.0,0.0,0.0,0,0,0.0,0.0,0,0.0,0.0,0.0,0,0,1,1,0.0,0.0,0.0,0,0.0,0,0.0,0.0,1.0,1,1.0,0.0,0.0,1.0,0.0,1.0,0.0,0.0,0,0.0,0,0.0,0,0.0,0,1.0,0.0,0.0,1,0,1,0.0,0,0,0.0,1.0,0.0,0.0,0.0,0.0,0,0.0,1,0.0,0,0,0.0,0.0,1.0,1.0,0.0,inward,BZT
1718,0.0,0.0,0.0,0.0,0.0,0,0,0.0,0.0,0,0.0,0.0,0.0,0,0,1,1,0.0,0.0,0.0,1,0.0,0,0.0,0.0,0.0,0,1.0,0.0,0.0,1.0,0.0,0.0,0.0,0.0,0,0.0,1,0.0,1,0.0,0,1.0,0.0,1.0,1,0,1,0.0,0,0,0.0,1.0,0.0,0.0,0.0,0.0,0,0.0,1,0.0,0,0,0.0,0.0,1.0,0.0,0.0,inward,BZT
1719,0.0,0.0,0.0,0.0,0.0,0,1,0.0,1.0,0,0.0,0.0,0.0,0,0,1,0,0.0,0.0,0.0,0,0.0,0,0.0,0.0,1.0,1,1.0,0.0,0.0,0.0,0.0,0.0,0.0,0.0,0,0.0,1,0.0,1,0.0,0,1.0,0.0,0.0,1,1,0,0.0,0,1,0.0,1.0,1.0,0.0,0.0,0.0,0,0.0,0,0.0,0,0,0.0,0.0,1.0,1.0,1.0,inward,BZT
1720,0.0,0.0,0.0,0.0,0.0,0,1,0.0,0.0,0,0.0,0.0,0.0,0,0,1,1,0.0,0.0,0.0,0,0.0,0,0.0,0.0,0.0,0,0.0,0.0,0.0,0.0,0.0,0.0,0.0,0.0,0,0.0,0,0.0,1,0.0,0,1.0,1.0,1.0,1,1,1,0.0,0,0,0.0,1.0,0.0,0.0,0.0,0.0,0,0.0,0,0.0,0,0,0.0,0.0,1.0,0.0,1.0,inward,BZT
1721,0.0,0.0,0.0,0.0,0.0,0,0,0.0,0.0,0,0.0,0.0,0.0,0,0,1,1,0.0,0.0,0.0,0,0.0,0,0.0,0.0,0.0,1,1.0,0.0,0.0,0.0,0.0,0.0,0.0,0.0,0,0.0,1,0.0,1,0.0,0,1.0,1.0,0.0,1,1,0,0.0,0,0,0.0,1.0,0.0,0.0,0.0,0.0,0,0.0,0,0.0,0,0,0.0,0.0,1.0,1.0,0.0,inward,BZT
1722,0.0,0.0,0.0,0.0,0.0,0,1,0.0,0.0,0,0.0,0.0,0.0,0,0,1,0,0.0,0.0,0.0,0,0.0,0,0.0,0.0,1.0,1,1.0,0.0,0.0,0.0,0.0,0.0,0.0,0.0,0,0.0,0,0.0,1,0.0,0,1.0,0.0,0.0,1,0,0,0.0,0,0,0.0,1.0,1.0,0.0,0.0,0.0,0,0.0,1,0.0,0,0,0.0,0.0,1.0,1.0,0.0,inward,BZT
1723,0.0,0.0,0.0,0.0,0.0,0,0,0.0,0.0,0,0.0,0.0,0.0,0,0,1,1,0.0,0.0,0.0,1,0.0,0,0.0,0.0,1.0,1,1.0,0.0,0.0,1.0,0.0,0.0,0.0,0.0,0,0.0,1,0.0,0,0.0,0,1.0,0.0,0.0,1,0,1,0.0,0,0,0.0,1.0,0.0,0.0,0.0,0.0,0,0.0,1,0.0,0,0,0.0,0.0,1.0,1.0,0.0,inward,BZT
1724,0.0,0.0,0.0,0.0,0.0,0,0,0.0,0.0,0,0.0,0.0,0.0,0,0,1,1,0.0,0.0,0.0,0,0.0,0,0.0,0.0,1.0,0,1.0,1.0,0.0,1.0,0.0,0.0,0.0,0.0,0,0.0,0,0.0,1,0.0,0,1.0,0.0,1.0,1,1,1,0.0,0,0,0.0,1.0,1.0,0.0,0.0,0.0,0,0.0,1,0.0,0,0,0.0,0.0,1.0,1.0,0.0,inward,BZT
1725,0.0,0.0,0.0,0.0,0.0,0,0,0.0,0.0,0,0.0,0.0,0.0,0,0,1,0,0.0,0.0,0.0,1,0.0,0,0.0,0.0,1.0,1,1.0,0.0,0.0,0.0,0.0,0.0,0.0,0.0,0,0.0,0,0.0,0,0.0,0,1.0,0.0,0.0,1,0,1,0.0,0,0,0.0,1.0,0.0,0.0,0.0,0.0,0,0.0,0,0.0,0,0,0.0,0.0,1.0,1.0,0.0,inward,BZT
1726,0.0,0.0,0.0,0.0,0.0,0,0,0.0,0.0,0,0.0,0.0,0.0,0,0,1,1,0.0,0.0,0.0,1,0.0,0,0.0,0.0,0.0,0,1.0,0.0,0.0,0.0,0.0,0.0,0.0,0.0,0,0.0,1,0.0,1,0.0,0,1.0,0.0,1.0,1,1,0,0.0,0,0,0.0,1.0,0.0,0.0,0.0,0.0,0,0.0,1,0.0,0,0,0.0,0.0,1.0,0.0,0.0,inward,BZT
1727,0.0,0.0,0.0,0.0,0.0,0,0,0.0,0.0,0,0.0,0.0,0.0,0,0,1,0,0.0,0.0,0.0,1,0.0,0,1.0,0.0,0.0,1,0.0,0.0,0.0,0.0,0.0,0.0,0.0,0.0,0,0.0,1,0.0,0,0.0,0,1.0,1.0,0.0,1,0,1,0.0,0,1,0.0,1.0,0.0,0.0,0.0,0.0,0,0.0,0,0.0,0,0,0.0,0.0,1.0,1.0,0.0,inward,BZT
1728,0.0,0.0,0.0,0.0,0.0,0,0,0.0,0.0,0,0.0,0.0,0.0,0,0,1,0,0.0,0.0,0.0,1,0.0,0,0.0,0.0,1.0,1,1.0,0.0,0.0,1.0,0.0,0.0,0.0,0.0,0,0.0,0,0.0,0,0.0,0,1.0,0.0,1.0,1,0,1,0.0,0,0,0.0,1.0,0.0,0.0,0.0,0.0,0,0.0,1,0.0,0,0,0.0,0.0,1.0,1.0,0.0,inward,BZT
1729,0.0,0.0,0.0,0.0,0.0,0,0,0.0,0.0,0,0.0,0.0,0.0,0,0,1,0,0.0,0.0,0.0,1,1.0,0,0.0,0.0,0.0,1,1.0,0.0,0.0,1.0,0.0,0.0,0.0,1.0,0,0.0,1,0.0,1,0.0,1,1.0,0.0,0.0,1,0,1,0.0,0,0,0.0,0.0,0.0,0.0,0.0,0.0,0,0.0,0,0.0,0,0,0.0,0.0,1.0,1.0,0.0,inward,BZT
1730,0.0,0.0,0.0,0.0,0.0,0,0,0.0,0.0,0,0.0,0.0,0.0,0,0,1,1,0.0,0.0,0.0,1,0.0,0,0.0,0.0,1.0,1,0.0,0.0,0.0,1.0,0.0,0.0,0.0,0.0,0,0.0,1,0.0,1,0.0,0,1.0,0.0,0.0,1,0,1,0.0,1,0,0.0,1.0,0.0,0.0,0.0,0.0,0,0.0,1,0.0,0,0,0.0,0.0,1.0,1.0,0.0,inward,BZT
1731,0.0,0.0,0.0,0.0,0.0,0,0,0.0,0.0,0,0.0,0.0,0.0,1,0,1,1,0.0,0.0,0.0,1,0.0,0,0.0,0.0,1.0,1,1.0,1.0,0.0,1.0,0.0,0.0,0.0,0.0,0,0.0,1,0.0,1,0.0,0,1.0,0.0,0.0,1,0,1,0.0,1,1,0.0,1.0,0.0,0.0,0.0,0.0,1,0.0,1,0.0,0,0,0.0,0.0,1.0,1.0,0.0,inward,BZT
1732,0.0,0.0,0.0,0.0,0.0,0,1,0.0,0.0,0,0.0,0.0,0.0,0,0,1,0,0.0,0.0,0.0,1,0.0,0,0.0,0.0,0.0,1,1.0,1.0,0.0,1.0,0.0,0.0,0.0,0.0,0,0.0,0,0.0,0,0.0,0,1.0,0.0,0.0,1,0,1,0.0,0,1,0.0,1.0,0.0,0.0,0.0,0.0,0,0.0,0,0.0,0,0,0.0,0.0,1.0,1.0,0.0,inward,BZT
1733,0.0,0.0,0.0,0.0,0.0,0,0,0.0,0.0,0,0.0,0.0,0.0,0,0,1,1,0.0,0.0,0.0,1,1.0,0,0.0,0.0,1.0,0,1.0,1.0,0.0,1.0,0.0,1.0,0.0,0.0,0,0.0,1,0.0,1,0.0,0,1.0,1.0,0.0,1,0,0,0.0,0,0,0.0,1.0,1.0,0.0,0.0,0.0,0,0.0,0,0.0,0,0,0.0,0.0,1.0,1.0,0.0,inward,BZT
1734,0.0,0.0,0.0,0.0,0.0,0,0,0.0,0.0,0,0.0,0.0,0.0,0,0,1,0,0.0,0.0,0.0,1,1.0,0,0.0,0.0,0.0,1,1.0,1.0,0.0,1.0,0.0,0.0,0.0,0.0,0,0.0,1,0.0,1,0.0,0,1.0,0.0,0.0,1,0,1,0.0,0,1,0.0,0.0,0.0,0.0,0.0,0.0,0,0.0,1,0.0,0,0,0.0,0.0,1.0,0.0,0.0,inward,BZT
1735,0.0,0.0,0.0,0.0,0.0,0,1,0.0,0.0,0,0.0,0.0,0.0,0,0,1,1,0.0,0.0,0.0,1,0.0,0,0.0,0.0,1.0,1,0.0,0.0,0.0,0.0,0.0,0.0,0.0,0.0,0,0.0,1,0.0,0,0.0,0,1.0,0.0,0.0,1,0,1,0.0,0,0,0.0,1.0,0.0,0.0,0.0,0.0,0,0.0,0,0.0,0,0,0.0,0.0,1.0,1.0,1.0,inward,BZT
1736,0.0,0.0,0.0,0.0,0.0,0,1,0.0,0.0,0,0.0,0.0,0.0,0,0,1,0,0.0,0.0,0.0,1,0.0,0,0.0,0.0,0.0,1,1.0,0.0,0.0,0.0,0.0,0.0,0.0,0.0,0,0.0,1,0.0,1,0.0,0,1.0,0.0,0.0,1,1,1,0.0,0,1,0.0,1.0,0.0,0.0,0.0,0.0,0,0.0,1,0.0,0,0,0.0,0.0,1.0,0.0,0.0,inward,BZT
1737,0.0,0.0,0.0,0.0,0.0,0,1,0.0,1.0,0,0.0,0.0,0.0,0,0,1,1,0.0,0.0,0.0,0,0.0,0,0.0,0.0,0.0,0,0.0,0.0,0.0,1.0,0.0,0.0,0.0,0.0,0,0.0,0,0.0,0,0.0,0,1.0,0.0,1.0,1,0,1,0.0,0,0,0.0,1.0,1.0,0.0,0.0,0.0,0,0.0,1,0.0,0,0,0.0,0.0,1.0,1.0,0.0,inward,BZT
1738,0.0,0.0,0.0,0.0,0.0,0,0,0.0,0.0,0,0.0,0.0,0.0,0,0,0,1,0.0,0.0,0.0,0,1.0,1,0.0,0.0,1.0,1,1.0,1.0,0.0,1.0,0.0,1.0,0.0,0.0,0,0.0,1,0.0,0,0.0,0,1.0,0.0,0.0,1,0,1,0.0,0,1,0.0,1.0,0.0,0.0,0.0,0.0,0,0.0,0,0.0,0,0,0.0,0.0,1.0,1.0,0.0,inward,BZT
1739,0.0,0.0,0.0,0.0,0.0,0,0,0.0,0.0,0,0.0,0.0,0.0,0,0,1,1,0.0,0.0,0.0,1,0.0,0,0.0,0.0,1.0,0,1.0,0.0,0.0,1.0,0.0,0.0,0.0,0.0,0,0.0,1,0.0,1,0.0,1,1.0,0.0,1.0,1,0,1,0.0,1,0,0.0,1.0,0.0,0.0,0.0,0.0,0,0.0,0,0.0,0,0,0.0,0.0,1.0,1.0,0.0,inward,BZT
1740,0.0,0.0,0.0,0.0,0.0,0,0,0.0,0.0,0,0.0,0.0,0.0,0,0,0,0,0.0,0.0,0.0,0,0.0,0,0.0,0.0,1.0,0,1.0,0.0,0.0,1.0,0.0,0.0,0.0,0.0,0,0.0,1,0.0,0,0.0,0,1.0,1.0,0.0,1,0,1,0.0,0,0,0.0,1.0,1.0,0.0,0.0,0.0,0,0.0,1,0.0,0,0,0.0,0.0,1.0,1.0,0.0,inward,BZT
1741,0.0,0.0,0.0,0.0,0.0,0,1,0.0,0.0,0,0.0,0.0,0.0,0,0,1,0,0.0,0.0,0.0,1,0.0,0,0.0,0.0,1.0,1,1.0,0.0,0.0,1.0,0.0,0.0,0.0,0.0,0,0.0,1,0.0,1,0.0,0,1.0,0.0,0.0,1,0,0,0.0,0,0,0.0,1.0,0.0,0.0,0.0,0.0,0,0.0,1,0.0,0,0,0.0,0.0,1.0,1.0,0.0,inward,BZT
1742,0.0,0.0,0.0,0.0,0.0,0,0,0.0,0.0,0,0.0,0.0,0.0,0,0,1,0,0.0,0.0,0.0,1,0.0,0,0.0,0.0,0.0,1,1.0,0.0,0.0,1.0,0.0,0.0,0.0,0.0,0,0.0,0,0.0,0,0.0,0,1.0,0.0,0.0,1,0,1,0.0,0,0,0.0,1.0,0.0,0.0,0.0,0.0,0,0.0,1,0.0,0,0,0.0,0.0,1.0,1.0,0.0,inward,BZT
1743,0.0,0.0,0.0,0.0,0.0,0,0,0.0,0.0,0,0.0,0.0,0.0,0,0,1,0,0.0,0.0,0.0,0,0.0,0,0.0,0.0,1.0,1,1.0,0.0,0.0,1.0,0.0,0.0,0.0,0.0,0,0.0,1,0.0,1,0.0,0,1.0,0.0,0.0,1,1,1,0.0,1,0,0.0,1.0,0.0,0.0,0.0,0.0,0,0.0,1,0.0,0,0,0.0,0.0,1.0,1.0,0.0,inward,BZT
1744,0.0,0.0,0.0,0.0,0.0,0,0,0.0,0.0,0,0.0,0.0,0.0,0,0,1,0,0.0,0.0,0.0,0,0.0,0,0.0,0.0,1.0,1,1.0,1.0,0.0,1.0,0.0,0.0,0.0,0.0,0,0.0,1,0.0,1,0.0,0,1.0,1.0,1.0,1,0,1,0.0,1,1,0.0,0.0,0.0,0.0,0.0,0.0,0,0.0,1,0.0,0,0,0.0,0.0,1.0,1.0,0.0,inward,BZT
1745,0.0,0.0,0.0,0.0,0.0,0,0,0.0,0.0,0,0.0,0.0,0.0,0,0,1,1,0.0,0.0,0.0,1,0.0,0,0.0,0.0,0.0,0,0.0,0.0,0.0,1.0,0.0,0.0,0.0,0.0,0,0.0,0,0.0,0,0.0,0,1.0,0.0,0.0,1,0,1,0.0,0,0,0.0,1.0,0.0,0.0,0.0,0.0,0,0.0,1,0.0,0,0,0.0,0.0,1.0,0.0,0.0,inward,BZT
1746,0.0,0.0,0.0,0.0,0.0,0,0,0.0,0.0,0,0.0,0.0,0.0,0,0,1,0,0.0,0.0,0.0,1,0.0,0,0.0,0.0,1.0,1,1.0,0.0,0.0,1.0,0.0,0.0,0.0,0.0,0,0.0,1,0.0,0,0.0,0,1.0,0.0,0.0,1,0,1,0.0,0,0,0.0,1.0,0.0,0.0,0.0,0.0,0,0.0,0,0.0,0,0,0.0,0.0,1.0,1.0,0.0,inward,BZT
1747,0.0,0.0,0.0,0.0,0.0,0,1,0.0,1.0,0,0.0,0.0,0.0,0,0,1,1,0.0,0.0,0.0,1,0.0,0,0.0,0.0,1.0,1,1.0,1.0,0.0,1.0,0.0,0.0,0.0,0.0,0,0.0,1,0.0,1,0.0,0,1.0,1.0,0.0,1,0,1,0.0,1,0,0.0,1.0,0.0,0.0,0.0,0.0,0,0.0,0,0.0,0,0,0.0,0.0,1.0,1.0,0.0,inward,BZT
1748,0.0,0.0,0.0,0.0,0.0,0,0,0.0,0.0,0,0.0,0.0,0.0,0,0,1,1,0.0,0.0,0.0,1,0.0,0,0.0,0.0,0.0,0,1.0,0.0,0.0,0.0,0.0,0.0,0.0,0.0,0,0.0,0,0.0,1,0.0,0,1.0,0.0,0.0,1,1,1,0.0,1,0,0.0,1.0,0.0,0.0,0.0,0.0,0,0.0,0,0.0,0,0,0.0,0.0,1.0,0.0,0.0,inward,BZT
1749,0.0,0.0,0.0,0.0,0.0,0,0,0.0,0.0,0,0.0,0.0,0.0,0,0,1,1,0.0,0.0,0.0,1,0.0,0,0.0,0.0,1.0,1,1.0,0.0,0.0,1.0,0.0,0.0,0.0,0.0,0,0.0,0,0.0,0,0.0,0,1.0,1.0,0.0,1,0,1,0.0,0,1,0.0,1.0,0.0,0.0,0.0,0.0,0,0.0,1,0.0,0,0,0.0,0.0,1.0,0.0,0.0,inward,BZT
1750,0.0,0.0,0.0,0.0,0.0,0,1,0.0,1.0,0,0.0,0.0,0.0,1,0,1,1,0.0,0.0,0.0,1,0.0,0,0.0,0.0,1.0,1,1.0,1.0,0.0,0.0,0.0,0.0,0.0,0.0,0,0.0,0,0.0,0,0.0,0,1.0,0.0,0.0,1,0,1,0.0,0,0,0.0,1.0,0.0,0.0,0.0,0.0,0,0.0,1,0.0,0,0,0.0,0.0,1.0,0.0,0.0,inward,BZT
1751,0.0,0.0,0.0,0.0,0.0,0,0,0.0,0.0,0,0.0,0.0,0.0,1,0,1,0,0.0,0.0,0.0,1,0.0,0,0.0,0.0,1.0,1,1.0,1.0,0.0,1.0,0.0,0.0,0.0,0.0,0,0.0,1,0.0,0,0.0,0,0.0,0.0,0.0,1,1,1,0.0,0,0,0.0,1.0,0.0,0.0,0.0,0.0,0,0.0,1,0.0,0,0,0.0,0.0,1.0,0.0,0.0,inward,BZT
1752,0.0,0.0,0.0,0.0,0.0,0,0,0.0,1.0,1,0.0,0.0,0.0,1,0,1,1,0.0,0.0,0.0,0,0.0,0,0.0,0.0,0.0,1,1.0,0.0,0.0,1.0,0.0,0.0,0.0,0.0,0,0.0,0,0.0,0,0.0,0,1.0,0.0,1.0,1,1,1,0.0,0,0,0.0,1.0,1.0,0.0,0.0,0.0,0,0.0,1,0.0,0,0,0.0,0.0,1.0,1.0,0.0,inward,BZT
1753,0.0,0.0,0.0,0.0,0.0,0,1,0.0,0.0,0,0.0,0.0,0.0,0,0,1,1,0.0,0.0,0.0,0,0.0,0,0.0,0.0,1.0,1,0.0,0.0,0.0,0.0,0.0,0.0,0.0,0.0,0,0.0,1,0.0,1,0.0,0,1.0,1.0,1.0,1,1,1,0.0,0,0,0.0,1.0,0.0,0.0,0.0,0.0,0,0.0,0,0.0,0,0,0.0,0.0,1.0,1.0,1.0,inward,BZT
1754,0.0,0.0,0.0,0.0,0.0,0,1,0.0,0.0,0,0.0,0.0,0.0,0,0,1,1,0.0,0.0,0.0,1,0.0,0,0.0,0.0,1.0,1,1.0,0.0,0.0,1.0,0.0,0.0,0.0,0.0,0,0.0,0,0.0,0,0.0,0,1.0,0.0,0.0,1,1,1,0.0,1,0,0.0,1.0,0.0,0.0,0.0,0.0,0,0.0,1,0.0,0,0,0.0,0.0,1.0,1.0,0.0,inward,BZT
1755,0.0,0.0,0.0,0.0,0.0,0,1,0.0,0.0,0,0.0,0.0,0.0,0,0,1,1,0.0,0.0,0.0,0,0.0,0,0.0,0.0,1.0,1,1.0,1.0,0.0,1.0,0.0,1.0,0.0,0.0,0,0.0,1,0.0,1,0.0,0,1.0,0.0,1.0,1,0,1,0.0,0,0,0.0,1.0,0.0,0.0,0.0,0.0,0,0.0,0,0.0,0,0,0.0,0.0,1.0,0.0,0.0,inward,BZT
1756,0.0,0.0,0.0,0.0,0.0,0,1,0.0,0.0,0,0.0,0.0,0.0,0,0,1,1,0.0,0.0,0.0,1,0.0,0,0.0,0.0,1.0,1,1.0,1.0,0.0,1.0,0.0,0.0,0.0,0.0,0,0.0,1,0.0,1,0.0,0,1.0,1.0,0.0,1,0,1,0.0,0,0,0.0,1.0,0.0,0.0,0.0,0.0,0,0.0,1,0.0,0,0,0.0,0.0,1.0,1.0,0.0,inward,BZT
1757,0.0,0.0,0.0,0.0,0.0,0,1,0.0,1.0,0,0.0,0.0,0.0,0,0,1,1,0.0,0.0,0.0,1,0.0,0,0.0,0.0,0.0,1,1.0,0.0,0.0,0.0,0.0,0.0,0.0,0.0,0,0.0,1,0.0,1,0.0,0,1.0,0.0,0.0,1,0,1,0.0,1,0,0.0,1.0,0.0,0.0,0.0,0.0,0,0.0,1,0.0,0,0,0.0,0.0,1.0,0.0,0.0,inward,BZT
1758,0.0,0.0,0.0,0.0,0.0,0,1,0.0,0.0,0,0.0,0.0,0.0,0,0,1,0,0.0,0.0,0.0,1,1.0,0,0.0,0.0,0.0,1,1.0,0.0,0.0,1.0,0.0,0.0,0.0,0.0,0,0.0,1,0.0,1,0.0,0,1.0,0.0,0.0,1,1,1,0.0,0,0,0.0,1.0,0.0,0.0,0.0,0.0,0,0.0,1,0.0,0,0,0.0,0.0,1.0,1.0,0.0,inward,BZT
1759,0.0,0.0,0.0,0.0,0.0,0,0,0.0,0.0,0,0.0,0.0,0.0,0,0,1,1,0.0,0.0,0.0,1,0.0,0,0.0,0.0,1.0,1,1.0,0.0,0.0,1.0,0.0,0.0,0.0,0.0,0,0.0,0,0.0,1,0.0,0,1.0,1.0,0.0,1,0,1,0.0,0,0,0.0,1.0,0.0,0.0,0.0,0.0,0,0.0,0,0.0,0,0,0.0,0.0,1.0,1.0,0.0,inward,BZT
1760,0.0,0.0,0.0,0.0,0.0,0,0,0.0,1.0,0,0.0,0.0,0.0,0,0,1,1,0.0,0.0,0.0,1,0.0,0,0.0,0.0,1.0,1,1.0,0.0,0.0,1.0,0.0,0.0,0.0,0.0,0,0.0,1,0.0,1,0.0,0,1.0,0.0,1.0,1,0,1,0.0,0,0,0.0,1.0,0.0,0.0,0.0,0.0,0,0.0,0,0.0,0,0,0.0,0.0,1.0,0.0,0.0,inward,BZT
1761,0.0,0.0,0.0,0.0,0.0,0,0,0.0,0.0,0,0.0,0.0,0.0,0,0,1,1,0.0,0.0,0.0,1,0.0,0,0.0,0.0,0.0,0,1.0,0.0,0.0,1.0,0.0,0.0,0.0,1.0,0,0.0,0,0.0,1,0.0,0,1.0,0.0,0.0,1,0,1,0.0,0,0,0.0,1.0,0.0,0.0,0.0,0.0,0,0.0,0,0.0,0,0,0.0,0.0,1.0,0.0,0.0,inward,BZT
1762,0.0,0.0,0.0,0.0,0.0,0,1,0.0,1.0,0,0.0,0.0,0.0,0,0,1,1,0.0,0.0,0.0,1,0.0,0,0.0,0.0,0.0,1,1.0,0.0,0.0,1.0,0.0,0.0,0.0,0.0,0,0.0,1,0.0,0,0.0,0,1.0,0.0,0.0,1,0,1,0.0,0,1,0.0,1.0,0.0,0.0,0.0,0.0,0,0.0,1,0.0,0,0,0.0,0.0,1.0,0.0,0.0,inward,BZT
1763,0.0,0.0,0.0,0.0,0.0,0,0,0.0,0.0,0,0.0,0.0,0.0,0,0,1,1,0.0,0.0,0.0,0,1.0,0,0.0,0.0,0.0,0,1.0,0.0,0.0,1.0,0.0,0.0,0.0,0.0,0,0.0,1,0.0,1,0.0,0,1.0,0.0,0.0,1,0,1,0.0,0,1,0.0,1.0,0.0,0.0,0.0,0.0,1,0.0,1,0.0,0,0,0.0,0.0,1.0,0.0,0.0,inward,BZT
1764,0.0,0.0,0.0,0.0,0.0,0,0,0.0,0.0,0,0.0,0.0,0.0,0,0,1,0,0.0,0.0,0.0,1,0.0,0,0.0,0.0,1.0,1,1.0,0.0,0.0,1.0,0.0,0.0,0.0,0.0,0,0.0,0,0.0,0,0.0,0,1.0,0.0,0.0,1,0,0,0.0,0,0,0.0,0.0,0.0,0.0,0.0,0.0,0,0.0,1,0.0,0,0,0.0,0.0,1.0,1.0,0.0,inward,BZT
1765,0.0,0.0,0.0,0.0,0.0,0,0,0.0,0.0,0,0.0,0.0,0.0,0,0,1,1,0.0,0.0,0.0,0,1.0,0,0.0,0.0,1.0,1,1.0,1.0,0.0,1.0,0.0,0.0,0.0,0.0,0,0.0,1,0.0,1,0.0,0,1.0,0.0,0.0,1,0,1,0.0,0,0,0.0,1.0,0.0,0.0,0.0,0.0,0,0.0,1,0.0,0,0,0.0,0.0,1.0,0.0,0.0,inward,BZT
1766,0.0,0.0,0.0,0.0,0.0,0,0,0.0,0.0,0,0.0,0.0,0.0,0,0,1,0,0.0,0.0,0.0,1,0.0,0,0.0,0.0,1.0,1,1.0,1.0,0.0,1.0,0.0,1.0,0.0,0.0,0,0.0,1,0.0,0,0.0,0,1.0,0.0,0.0,1,0,1,0.0,0,0,0.0,1.0,0.0,0.0,0.0,0.0,0,0.0,1,0.0,0,0,0.0,0.0,1.0,1.0,0.0,inward,BZT
1767,0.0,0.0,0.0,0.0,0.0,0,1,0.0,1.0,0,0.0,0.0,0.0,0,0,1,1,0.0,0.0,0.0,1,0.0,0,0.0,0.0,0.0,0,1.0,0.0,0.0,1.0,0.0,0.0,0.0,0.0,0,0.0,1,0.0,1,0.0,0,1.0,0.0,1.0,1,0,1,0.0,1,0,0.0,1.0,0.0,0.0,0.0,0.0,0,0.0,0,0.0,0,0,0.0,0.0,1.0,0.0,0.0,inward,BZT
1768,0.0,0.0,0.0,0.0,0.0,0,1,0.0,0.0,1,0.0,0.0,0.0,0,0,1,1,0.0,0.0,0.0,1,0.0,0,0.0,0.0,1.0,1,1.0,0.0,0.0,1.0,0.0,1.0,0.0,0.0,0,0.0,1,0.0,1,0.0,0,1.0,0.0,0.0,1,0,1,0.0,0,0,0.0,1.0,0.0,0.0,0.0,0.0,0,0.0,0,0.0,0,0,0.0,0.0,1.0,1.0,0.0,inward,BZT
1769,0.0,0.0,0.0,0.0,0.0,0,1,0.0,0.0,0,0.0,0.0,0.0,1,0,1,1,0.0,0.0,0.0,0,0.0,0,0.0,0.0,1.0,1,1.0,1.0,0.0,1.0,0.0,0.0,0.0,0.0,0,0.0,1,0.0,1,0.0,0,1.0,0.0,0.0,1,1,1,0.0,0,0,0.0,1.0,0.0,0.0,0.0,0.0,0,0.0,1,0.0,0,0,0.0,0.0,1.0,0.0,0.0,inward,BZT
1770,0.0,0.0,0.0,0.0,0.0,0,0,0.0,1.0,0,0.0,0.0,0.0,0,0,1,1,0.0,0.0,0.0,1,0.0,0,0.0,0.0,1.0,1,1.0,0.0,0.0,1.0,0.0,0.0,0.0,0.0,0,0.0,1,0.0,0,0.0,0,1.0,1.0,0.0,1,0,1,0.0,0,0,0.0,1.0,0.0,0.0,0.0,0.0,0,0.0,1,0.0,0,0,0.0,0.0,1.0,1.0,0.0,inward,BZT
1771,0.0,0.0,0.0,0.0,0.0,0,0,0.0,1.0,0,0.0,0.0,0.0,0,0,1,1,0.0,0.0,0.0,1,0.0,0,0.0,0.0,1.0,0,1.0,0.0,0.0,1.0,0.0,0.0,0.0,0.0,0,0.0,1,0.0,0,0.0,0,1.0,0.0,0.0,1,0,1,0.0,0,0,0.0,1.0,0.0,0.0,0.0,0.0,0,0.0,1,0.0,0,0,0.0,0.0,1.0,0.0,0.0,inward,BZT
1772,0.0,0.0,0.0,0.0,0.0,0,0,0.0,0.0,0,0.0,0.0,0.0,0,0,0,0,0.0,0.0,0.0,0,0.0,0,0.0,0.0,1.0,1,1.0,1.0,0.0,1.0,0.0,0.0,0.0,0.0,0,0.0,1,0.0,0,0.0,0,1.0,0.0,0.0,1,1,1,0.0,0,1,0.0,1.0,0.0,0.0,0.0,0.0,0,0.0,1,0.0,0,0,0.0,0.0,1.0,0.0,0.0,inward,BZT
1773,0.0,0.0,0.0,0.0,0.0,0,0,0.0,0.0,0,0.0,0.0,0.0,0,0,1,1,0.0,0.0,0.0,1,0.0,0,0.0,0.0,1.0,1,1.0,1.0,0.0,1.0,0.0,0.0,0.0,0.0,0,0.0,1,0.0,1,0.0,0,1.0,0.0,1.0,1,0,1,0.0,0,1,0.0,1.0,0.0,0.0,0.0,0.0,0,0.0,0,0.0,0,0,0.0,0.0,1.0,1.0,0.0,inward,BZT
1774,0.0,0.0,0.0,0.0,0.0,0,1,0.0,0.0,0,0.0,0.0,0.0,0,0,1,1,0.0,0.0,0.0,0,0.0,0,0.0,0.0,0.0,0,0.0,0.0,0.0,1.0,0.0,0.0,0.0,0.0,0,0.0,0,0.0,0,0.0,0,1.0,0.0,0.0,1,0,1,0.0,0,0,0.0,1.0,1.0,0.0,0.0,0.0,0,0.0,1,0.0,0,0,0.0,0.0,1.0,0.0,1.0,inward,BZT
1775,0.0,0.0,0.0,0.0,0.0,0,1,0.0,0.0,0,0.0,0.0,0.0,1,0,1,1,0.0,0.0,0.0,1,0.0,0,0.0,0.0,1.0,0,1.0,0.0,0.0,1.0,0.0,0.0,0.0,0.0,0,0.0,0,0.0,1,0.0,0,1.0,0.0,0.0,1,0,1,0.0,0,0,0.0,1.0,0.0,0.0,0.0,0.0,0,0.0,0,0.0,0,0,0.0,0.0,1.0,1.0,0.0,inward,BZT
1776,0.0,0.0,0.0,0.0,0.0,0,0,0.0,0.0,0,0.0,0.0,0.0,0,0,1,1,0.0,0.0,0.0,1,0.0,0,0.0,0.0,1.0,1,1.0,1.0,0.0,1.0,0.0,0.0,0.0,0.0,0,0.0,1,0.0,0,0.0,0,1.0,0.0,0.0,1,0,1,0.0,1,0,0.0,1.0,1.0,0.0,0.0,0.0,0,0.0,0,0.0,0,0,0.0,0.0,1.0,0.0,0.0,inward,BZT
1777,0.0,0.0,0.0,0.0,0.0,0,0,0.0,0.0,1,0.0,0.0,0.0,0,0,1,1,0.0,0.0,0.0,1,0.0,0,0.0,0.0,1.0,0,1.0,0.0,0.0,0.0,0.0,0.0,0.0,0.0,0,0.0,1,0.0,1,0.0,0,1.0,0.0,0.0,1,0,1,0.0,0,0,0.0,1.0,0.0,0.0,0.0,0.0,0,0.0,0,0.0,0,0,0.0,0.0,1.0,0.0,0.0,inward,BZT
1778,0.0,0.0,0.0,0.0,0.0,0,1,0.0,0.0,0,0.0,0.0,0.0,0,0,1,1,0.0,0.0,0.0,1,0.0,0,0.0,0.0,1.0,1,1.0,1.0,0.0,1.0,0.0,0.0,0.0,0.0,0,0.0,1,0.0,1,0.0,0,1.0,0.0,0.0,1,0,1,0.0,0,0,0.0,1.0,0.0,0.0,0.0,0.0,0,0.0,0,0.0,0,0,0.0,0.0,1.0,0.0,0.0,inward,BZT
1779,0.0,0.0,0.0,0.0,0.0,0,0,0.0,0.0,0,0.0,0.0,0.0,0,0,1,1,0.0,0.0,0.0,1,0.0,0,0.0,0.0,1.0,1,1.0,0.0,0.0,0.0,0.0,0.0,0.0,0.0,0,0.0,0,0.0,0,0.0,0,1.0,0.0,1.0,1,1,0,0.0,0,0,0.0,1.0,1.0,0.0,0.0,0.0,0,0.0,1,0.0,0,0,0.0,0.0,1.0,0.0,0.0,inward,BZT
1780,0.0,0.0,0.0,0.0,0.0,0,1,0.0,1.0,0,0.0,0.0,0.0,0,0,1,1,0.0,0.0,0.0,1,0.0,0,0.0,0.0,0.0,0,1.0,0.0,0.0,0.0,0.0,0.0,0.0,0.0,0,0.0,1,0.0,0,0.0,0,1.0,0.0,1.0,1,1,0,0.0,0,0,0.0,1.0,0.0,0.0,0.0,0.0,0,0.0,1,0.0,0,0,0.0,0.0,1.0,0.0,0.0,inward,BZT
1781,0.0,0.0,0.0,0.0,0.0,0,0,0.0,1.0,1,0.0,0.0,0.0,0,0,1,1,0.0,0.0,0.0,0,0.0,0,0.0,0.0,0.0,0,0.0,0.0,0.0,1.0,0.0,1.0,0.0,0.0,0,0.0,1,0.0,1,0.0,0,1.0,0.0,0.0,1,1,1,0.0,0,0,0.0,1.0,0.0,0.0,0.0,0.0,0,0.0,1,0.0,0,0,0.0,0.0,1.0,0.0,0.0,inward,BZT
1782,0.0,0.0,0.0,0.0,0.0,0,1,0.0,0.0,0,0.0,0.0,0.0,1,0,1,1,0.0,0.0,0.0,1,0.0,0,0.0,0.0,1.0,1,1.0,0.0,0.0,1.0,0.0,0.0,0.0,0.0,0,0.0,1,0.0,1,0.0,0,1.0,0.0,0.0,1,0,1,0.0,1,1,0.0,1.0,0.0,0.0,0.0,0.0,0,0.0,0,0.0,0,0,0.0,0.0,1.0,1.0,0.0,inward,BZT
1783,0.0,0.0,0.0,0.0,0.0,0,1,0.0,1.0,0,0.0,0.0,0.0,0,0,1,0,0.0,0.0,0.0,0,0.0,0,0.0,0.0,0.0,1,1.0,0.0,0.0,1.0,0.0,0.0,0.0,0.0,0,0.0,0,0.0,0,0.0,0,1.0,0.0,0.0,1,1,1,0.0,0,0,0.0,1.0,0.0,0.0,0.0,0.0,0,0.0,0,0.0,0,0,0.0,0.0,1.0,0.0,0.0,inward,BZT
1784,0.0,0.0,0.0,0.0,0.0,0,1,0.0,0.0,0,0.0,0.0,0.0,0,0,1,0,0.0,0.0,0.0,1,0.0,0,0.0,0.0,1.0,1,1.0,0.0,0.0,1.0,0.0,0.0,0.0,0.0,0,0.0,0,0.0,0,0.0,0,1.0,0.0,0.0,1,1,1,0.0,0,1,0.0,1.0,0.0,0.0,0.0,0.0,0,0.0,0,0.0,0,0,0.0,0.0,1.0,0.0,0.0,inward,BZT
1785,0.0,0.0,0.0,0.0,0.0,0,1,0.0,1.0,0,0.0,0.0,0.0,0,0,1,0,0.0,0.0,0.0,1,0.0,0,0.0,0.0,1.0,1,0.0,0.0,0.0,1.0,0.0,0.0,0.0,0.0,0,0.0,0,0.0,0,0.0,0,1.0,1.0,1.0,1,0,1,0.0,0,0,0.0,1.0,0.0,0.0,0.0,0.0,0,0.0,0,0.0,0,0,0.0,0.0,1.0,1.0,1.0,inward,BZT
1786,0.0,0.0,0.0,0.0,0.0,0,1,0.0,0.0,1,0.0,0.0,0.0,0,0,1,1,0.0,0.0,0.0,1,0.0,0,0.0,0.0,1.0,1,0.0,0.0,0.0,1.0,0.0,0.0,0.0,0.0,0,0.0,0,0.0,0,0.0,0,0.0,0.0,0.0,1,0,1,0.0,0,0,0.0,1.0,0.0,0.0,0.0,0.0,0,0.0,1,0.0,0,0,0.0,0.0,1.0,0.0,0.0,inward,BZT
1787,0.0,0.0,0.0,0.0,0.0,0,0,0.0,0.0,0,0.0,0.0,0.0,0,0,1,0,0.0,0.0,0.0,1,0.0,0,0.0,0.0,1.0,0,0.0,0.0,0.0,1.0,0.0,0.0,0.0,0.0,0,0.0,0,0.0,1,0.0,0,1.0,0.0,0.0,1,0,1,0.0,0,0,0.0,1.0,0.0,0.0,0.0,0.0,0,0.0,1,0.0,0,0,0.0,0.0,1.0,1.0,0.0,inward,BZT
1788,0.0,0.0,0.0,0.0,0.0,0,0,0.0,1.0,0,0.0,0.0,0.0,0,0,1,0,0.0,0.0,0.0,1,0.0,0,0.0,0.0,1.0,0,1.0,0.0,0.0,1.0,0.0,0.0,0.0,0.0,0,0.0,1,0.0,1,0.0,0,1.0,1.0,0.0,1,0,1,0.0,0,1,0.0,1.0,0.0,0.0,0.0,0.0,0,0.0,1,0.0,0,0,0.0,0.0,1.0,0.0,0.0,inward,BZT
1789,0.0,0.0,0.0,0.0,0.0,0,0,0.0,0.0,0,0.0,0.0,0.0,1,0,1,1,0.0,0.0,0.0,0,0.0,0,0.0,0.0,1.0,1,1.0,1.0,0.0,1.0,0.0,0.0,0.0,0.0,0,0.0,1,0.0,0,0.0,0,1.0,0.0,0.0,1,0,0,0.0,0,0,0.0,1.0,0.0,0.0,0.0,0.0,0,0.0,1,0.0,0,0,0.0,0.0,1.0,1.0,0.0,inward,BZT
1790,0.0,0.0,0.0,0.0,0.0,0,0,0.0,1.0,0,0.0,0.0,0.0,0,0,1,1,0.0,0.0,0.0,1,0.0,0,1.0,0.0,1.0,1,0.0,0.0,0.0,1.0,0.0,0.0,0.0,0.0,0,0.0,0,0.0,0,0.0,0,1.0,0.0,0.0,1,0,1,0.0,0,0,0.0,1.0,0.0,0.0,0.0,0.0,0,0.0,0,0.0,0,0,0.0,0.0,1.0,0.0,0.0,inward,BZT
1791,0.0,0.0,0.0,0.0,0.0,0,1,0.0,0.0,0,0.0,0.0,0.0,1,0,1,1,0.0,0.0,0.0,0,0.0,0,0.0,0.0,0.0,0,1.0,0.0,0.0,1.0,0.0,0.0,0.0,0.0,0,0.0,0,0.0,0,0.0,0,1.0,0.0,0.0,1,1,1,0.0,0,0,0.0,1.0,0.0,0.0,0.0,0.0,0,0.0,1,0.0,0,0,0.0,0.0,1.0,1.0,1.0,inward,BZT
1792,0.0,0.0,0.0,0.0,0.0,0,1,0.0,0.0,0,0.0,0.0,0.0,1,0,1,0,0.0,0.0,0.0,1,0.0,0,0.0,0.0,1.0,1,1.0,1.0,0.0,1.0,0.0,0.0,0.0,0.0,0,0.0,1,0.0,0,0.0,0,1.0,0.0,0.0,1,0,1,0.0,0,0,0.0,1.0,0.0,0.0,0.0,0.0,0,0.0,1,0.0,0,0,0.0,0.0,1.0,1.0,0.0,inward,BZT
1793,0.0,0.0,0.0,0.0,0.0,0,1,0.0,0.0,0,0.0,0.0,0.0,0,0,1,1,0.0,0.0,0.0,1,0.0,0,0.0,0.0,1.0,1,1.0,0.0,0.0,1.0,0.0,1.0,0.0,0.0,0,0.0,1,0.0,0,0.0,0,1.0,0.0,1.0,1,1,0,0.0,0,0,0.0,1.0,0.0,0.0,0.0,0.0,0,0.0,0,0.0,0,0,0.0,0.0,1.0,1.0,0.0,inward,BZT
1794,0.0,0.0,0.0,0.0,0.0,0,0,0.0,0.0,0,0.0,0.0,0.0,0,0,1,1,0.0,0.0,0.0,1,0.0,0,0.0,0.0,0.0,1,0.0,0.0,0.0,0.0,0.0,0.0,0.0,0.0,0,0.0,1,0.0,0,0.0,0,1.0,0.0,0.0,1,0,1,0.0,0,0,0.0,1.0,0.0,0.0,0.0,0.0,0,0.0,0,0.0,0,0,0.0,0.0,1.0,1.0,0.0,inward,BZT
1795,0.0,0.0,0.0,0.0,0.0,0,1,0.0,0.0,0,0.0,0.0,0.0,0,0,1,1,0.0,0.0,0.0,0,0.0,0,0.0,0.0,0.0,0,1.0,0.0,0.0,0.0,0.0,0.0,0.0,0.0,0,0.0,1,0.0,1,0.0,0,1.0,1.0,0.0,1,0,0,0.0,0,0,0.0,1.0,0.0,0.0,0.0,0.0,0,0.0,1,0.0,0,0,0.0,0.0,1.0,0.0,1.0,inward,BZT
1796,0.0,0.0,0.0,0.0,0.0,0,1,0.0,0.0,0,0.0,0.0,0.0,0,0,1,1,0.0,0.0,0.0,1,0.0,0,0.0,0.0,1.0,1,0.0,0.0,0.0,0.0,0.0,0.0,0.0,0.0,0,0.0,1,0.0,0,0.0,0,1.0,0.0,0.0,1,0,1,0.0,0,0,0.0,1.0,0.0,0.0,0.0,0.0,0,0.0,0,0.0,0,0,0.0,0.0,1.0,1.0,0.0,inward,BZT
1797,0.0,0.0,0.0,0.0,0.0,0,1,0.0,0.0,0,0.0,0.0,0.0,0,0,1,1,0.0,0.0,0.0,0,0.0,0,0.0,0.0,1.0,0,1.0,1.0,0.0,0.0,0.0,0.0,0.0,0.0,0,0.0,1,0.0,0,0.0,0,1.0,0.0,0.0,1,1,0,0.0,0,0,0.0,1.0,0.0,0.0,0.0,0.0,0,0.0,1,0.0,0,0,0.0,0.0,1.0,0.0,0.0,inward,BZT
1798,0.0,0.0,0.0,0.0,0.0,0,1,0.0,1.0,0,0.0,0.0,0.0,0,0,1,1,0.0,0.0,0.0,1,0.0,0,0.0,0.0,1.0,0,0.0,0.0,0.0,0.0,0.0,0.0,0.0,0.0,0,0.0,0,0.0,1,0.0,0,1.0,0.0,0.0,1,0,0,0.0,0,0,0.0,1.0,0.0,0.0,0.0,0.0,0,0.0,1,0.0,0,0,0.0,0.0,1.0,0.0,1.0,inward,BZT
1799,0.0,0.0,0.0,0.0,0.0,0,0,0.0,1.0,0,0.0,0.0,0.0,1,0,1,1,0.0,0.0,0.0,0,0.0,0,0.0,0.0,1.0,1,1.0,1.0,0.0,1.0,0.0,1.0,0.0,0.0,0,0.0,1,0.0,0,0.0,0,1.0,0.0,0.0,1,0,1,0.0,0,0,0.0,1.0,1.0,0.0,0.0,0.0,0,0.0,0,0.0,0,0,0.0,0.0,1.0,1.0,0.0,inward,BZT
1800,0.0,0.0,0.0,0.0,0.0,0,0,0.0,0.0,0,0.0,0.0,0.0,0,0,1,1,0.0,0.0,0.0,1,0.0,0,0.0,0.0,1.0,0,1.0,0.0,0.0,1.0,0.0,0.0,0.0,0.0,0,0.0,1,0.0,1,0.0,0,1.0,0.0,0.0,1,0,1,0.0,0,0,0.0,1.0,1.0,0.0,0.0,0.0,0,0.0,0,0.0,0,0,0.0,0.0,1.0,0.0,0.0,inward,BZT
1801,0.0,0.0,0.0,0.0,0.0,0,0,0.0,0.0,0,0.0,0.0,0.0,1,0,1,1,0.0,0.0,0.0,1,0.0,0,1.0,0.0,1.0,0,1.0,1.0,0.0,1.0,0.0,0.0,0.0,0.0,0,0.0,0,0.0,1,0.0,0,1.0,0.0,0.0,1,1,0,0.0,0,0,0.0,1.0,0.0,0.0,0.0,0.0,0,0.0,1,0.0,0,0,0.0,0.0,1.0,0.0,0.0,inward,BZT
1802,0.0,0.0,0.0,0.0,0.0,0,1,0.0,1.0,0,0.0,0.0,0.0,0,0,1,0,0.0,0.0,0.0,1,0.0,0,0.0,0.0,1.0,0,1.0,0.0,0.0,0.0,0.0,0.0,0.0,0.0,0,0.0,1,0.0,1,0.0,0,1.0,1.0,0.0,1,0,0,0.0,1,0,0.0,1.0,1.0,0.0,0.0,0.0,0,0.0,0,0.0,0,0,0.0,0.0,1.0,0.0,1.0,inward,BZT
1803,0.0,0.0,0.0,0.0,0.0,0,0,0.0,0.0,0,0.0,0.0,0.0,0,0,1,1,0.0,0.0,0.0,1,0.0,0,0.0,0.0,1.0,0,1.0,1.0,0.0,1.0,0.0,0.0,0.0,0.0,0,0.0,1,0.0,1,0.0,0,1.0,0.0,1.0,1,0,0,0.0,0,0,0.0,1.0,0.0,0.0,0.0,0.0,0,0.0,0,0.0,0,0,0.0,0.0,1.0,1.0,0.0,inward,BZT
1804,0.0,0.0,0.0,0.0,0.0,0,1,0.0,1.0,1,0.0,0.0,0.0,0,0,1,1,0.0,0.0,0.0,1,0.0,0,0.0,0.0,1.0,1,1.0,0.0,0.0,1.0,0.0,0.0,0.0,0.0,0,0.0,0,0.0,0,0.0,0,1.0,0.0,0.0,1,0,1,0.0,0,0,0.0,1.0,1.0,0.0,0.0,0.0,0,0.0,0,0.0,0,0,0.0,0.0,1.0,0.0,0.0,inward,BZT
1805,0.0,0.0,0.0,0.0,0.0,0,0,0.0,0.0,0,0.0,0.0,0.0,0,0,1,0,0.0,0.0,0.0,1,0.0,0,0.0,0.0,1.0,0,1.0,1.0,0.0,1.0,0.0,0.0,0.0,0.0,0,0.0,1,0.0,1,0.0,0,1.0,0.0,0.0,1,0,1,0.0,0,0,0.0,1.0,0.0,0.0,0.0,0.0,0,0.0,1,0.0,0,0,0.0,0.0,1.0,0.0,0.0,inward,BZT
1806,0.0,0.0,0.0,0.0,0.0,0,1,0.0,1.0,0,0.0,0.0,0.0,1,0,1,1,0.0,0.0,0.0,0,0.0,0,0.0,0.0,1.0,0,1.0,0.0,0.0,1.0,0.0,0.0,0.0,0.0,0,0.0,0,0.0,0,0.0,0,1.0,1.0,0.0,1,1,1,0.0,0,1,0.0,1.0,1.0,0.0,0.0,0.0,0,0.0,0,0.0,0,0,0.0,0.0,1.0,0.0,0.0,inward,BZT
1807,0.0,0.0,0.0,0.0,0.0,0,0,0.0,0.0,0,0.0,0.0,0.0,0,0,1,0,0.0,0.0,0.0,1,0.0,0,0.0,0.0,1.0,1,1.0,0.0,0.0,0.0,0.0,0.0,0.0,0.0,0,0.0,1,0.0,0,0.0,0,1.0,0.0,0.0,1,1,1,0.0,0,0,0.0,1.0,1.0,0.0,0.0,0.0,0,0.0,1,0.0,0,0,0.0,0.0,1.0,1.0,0.0,inward,BZT
1808,0.0,0.0,0.0,0.0,0.0,0,0,0.0,0.0,0,0.0,0.0,0.0,0,0,1,1,0.0,0.0,0.0,1,0.0,0,0.0,0.0,1.0,1,1.0,0.0,0.0,1.0,0.0,0.0,0.0,0.0,0,0.0,1,0.0,1,0.0,0,1.0,0.0,0.0,1,0,0,0.0,1,0,0.0,1.0,1.0,0.0,0.0,0.0,0,0.0,1,0.0,0,0,0.0,0.0,1.0,1.0,0.0,inward,BZT
1809,0.0,0.0,0.0,0.0,0.0,0,1,0.0,1.0,0,0.0,0.0,0.0,0,0,1,1,0.0,0.0,0.0,1,0.0,0,0.0,0.0,1.0,1,1.0,0.0,0.0,1.0,0.0,0.0,0.0,0.0,0,0.0,1,0.0,0,0.0,0,1.0,0.0,1.0,1,0,1,0.0,1,0,0.0,1.0,0.0,0.0,0.0,0.0,0,0.0,0,0.0,0,0,0.0,0.0,1.0,0.0,0.0,inward,BZT
1810,0.0,0.0,0.0,0.0,0.0,0,0,0.0,1.0,0,0.0,0.0,0.0,0,0,1,1,0.0,0.0,0.0,1,0.0,0,0.0,0.0,1.0,0,1.0,0.0,0.0,1.0,0.0,1.0,0.0,0.0,0,0.0,0,0.0,0,0.0,0,1.0,0.0,1.0,1,0,1,0.0,1,0,0.0,1.0,0.0,0.0,0.0,0.0,0,0.0,0,0.0,0,0,0.0,0.0,1.0,1.0,0.0,inward,BZT
1811,0.0,0.0,0.0,0.0,0.0,0,1,0.0,1.0,0,0.0,0.0,0.0,0,0,1,1,0.0,0.0,0.0,1,0.0,0,0.0,0.0,1.0,0,1.0,0.0,0.0,1.0,0.0,0.0,0.0,0.0,0,0.0,0,0.0,1,0.0,0,1.0,0.0,0.0,1,1,1,0.0,0,0,0.0,1.0,0.0,0.0,0.0,0.0,0,0.0,1,0.0,0,0,0.0,0.0,1.0,1.0,0.0,inward,BZT
1812,0.0,0.0,0.0,0.0,0.0,0,0,0.0,0.0,0,0.0,0.0,0.0,0,0,1,1,0.0,0.0,0.0,1,0.0,0,0.0,0.0,0.0,1,1.0,0.0,0.0,1.0,0.0,0.0,0.0,0.0,0,0.0,0,0.0,1,0.0,0,1.0,0.0,1.0,1,0,0,0.0,0,0,0.0,1.0,0.0,0.0,0.0,0.0,0,0.0,1,0.0,0,0,0.0,0.0,1.0,0.0,0.0,inward,BZT
1813,0.0,0.0,0.0,0.0,0.0,0,0,0.0,0.0,0,0.0,0.0,0.0,0,0,0,1,0.0,0.0,0.0,1,1.0,0,0.0,0.0,1.0,0,1.0,1.0,0.0,1.0,0.0,0.0,0.0,0.0,0,0.0,1,0.0,1,0.0,0,1.0,1.0,0.0,1,0,0,0.0,0,0,0.0,1.0,1.0,0.0,0.0,0.0,0,0.0,1,0.0,0,0,0.0,0.0,1.0,0.0,0.0,inward,BZT
1814,0.0,0.0,0.0,0.0,0.0,0,1,0.0,0.0,0,0.0,0.0,0.0,0,0,1,1,0.0,0.0,0.0,0,0.0,0,0.0,0.0,0.0,0,1.0,0.0,0.0,1.0,0.0,0.0,0.0,0.0,0,0.0,1,0.0,1,0.0,1,1.0,0.0,0.0,1,0,0,0.0,0,0,0.0,1.0,0.0,0.0,0.0,0.0,0,0.0,0,0.0,0,0,0.0,0.0,1.0,1.0,0.0,inward,BZT
1815,0.0,0.0,0.0,0.0,0.0,0,0,0.0,0.0,0,0.0,0.0,0.0,0,0,1,1,0.0,0.0,0.0,0,0.0,0,0.0,0.0,1.0,1,1.0,0.0,0.0,1.0,0.0,0.0,0.0,0.0,0,0.0,1,0.0,1,0.0,0,1.0,0.0,0.0,1,0,0,0.0,0,1,0.0,1.0,1.0,0.0,0.0,0.0,0,0.0,1,0.0,0,0,0.0,0.0,1.0,1.0,0.0,inward,BZT
1816,0.0,0.0,0.0,0.0,0.0,0,1,0.0,0.0,0,0.0,0.0,0.0,0,0,1,0,0.0,0.0,0.0,0,0.0,0,0.0,0.0,0.0,0,1.0,0.0,0.0,1.0,0.0,0.0,0.0,0.0,0,0.0,0,0.0,1,0.0,1,1.0,0.0,0.0,1,0,1,0.0,0,0,0.0,0.0,0.0,0.0,0.0,0.0,0,0.0,1,0.0,0,0,0.0,0.0,1.0,1.0,0.0,inward,BZT
1817,0.0,0.0,0.0,0.0,0.0,0,0,0.0,0.0,0,0.0,0.0,0.0,0,0,1,1,0.0,0.0,0.0,0,0.0,0,0.0,0.0,1.0,1,1.0,1.0,0.0,1.0,0.0,1.0,0.0,0.0,0,0.0,1,0.0,1,0.0,0,1.0,0.0,0.0,1,0,0,0.0,0,0,0.0,1.0,0.0,0.0,0.0,0.0,0,0.0,1,0.0,0,0,0.0,0.0,1.0,1.0,0.0,inward,BZT
1818,0.0,0.0,0.0,0.0,0.0,0,0,0.0,0.0,0,0.0,0.0,0.0,0,0,1,1,0.0,0.0,0.0,1,1.0,0,0.0,0.0,0.0,0,1.0,0.0,0.0,1.0,0.0,0.0,0.0,0.0,0,0.0,0,0.0,1,0.0,0,1.0,0.0,0.0,1,0,0,0.0,0,1,0.0,1.0,0.0,0.0,0.0,0.0,0,0.0,0,0.0,0,0,0.0,0.0,1.0,1.0,0.0,inward,BZT
1819,0.0,0.0,0.0,0.0,0.0,0,1,0.0,0.0,0,0.0,0.0,0.0,0,0,1,0,0.0,0.0,0.0,0,0.0,0,0.0,0.0,1.0,1,1.0,1.0,0.0,1.0,0.0,0.0,0.0,0.0,0,0.0,0,0.0,1,0.0,0,1.0,0.0,0.0,1,1,1,0.0,0,0,0.0,1.0,0.0,0.0,0.0,0.0,0,0.0,0,0.0,0,0,0.0,0.0,1.0,0.0,0.0,inward,BZT
1820,0.0,0.0,0.0,0.0,0.0,0,1,0.0,0.0,0,0.0,0.0,0.0,0,0,1,1,0.0,0.0,0.0,0,0.0,0,0.0,0.0,1.0,1,1.0,0.0,0.0,1.0,0.0,1.0,0.0,0.0,0,0.0,1,0.0,0,0.0,0,1.0,0.0,0.0,1,0,1,0.0,0,0,0.0,1.0,0.0,0.0,0.0,0.0,0,0.0,0,0.0,0,0,0.0,0.0,1.0,1.0,0.0,inward,BZT
1821,0.0,0.0,0.0,0.0,0.0,0,1,0.0,0.0,0,0.0,0.0,0.0,0,0,1,0,0.0,0.0,0.0,1,0.0,0,0.0,0.0,1.0,0,1.0,0.0,0.0,1.0,0.0,0.0,0.0,0.0,0,0.0,1,0.0,1,0.0,0,1.0,0.0,1.0,1,0,1,0.0,0,0,0.0,1.0,0.0,0.0,0.0,0.0,0,0.0,1,0.0,0,0,0.0,0.0,1.0,1.0,0.0,inward,BZT
1822,0.0,0.0,0.0,0.0,0.0,0,0,0.0,0.0,0,0.0,0.0,0.0,0,0,1,1,0.0,0.0,0.0,1,0.0,0,0.0,0.0,1.0,1,1.0,0.0,0.0,0.0,0.0,0.0,0.0,0.0,0,0.0,0,0.0,0,0.0,0,1.0,1.0,0.0,1,1,0,0.0,0,0,0.0,1.0,1.0,0.0,0.0,0.0,0,0.0,0,0.0,0,0,0.0,0.0,1.0,0.0,0.0,inward,BZT
1823,0.0,0.0,0.0,0.0,0.0,0,1,0.0,0.0,0,0.0,0.0,0.0,0,0,1,0,0.0,0.0,0.0,1,0.0,0,0.0,0.0,1.0,1,1.0,0.0,0.0,1.0,0.0,0.0,0.0,0.0,0,0.0,1,0.0,1,0.0,0,1.0,0.0,0.0,1,0,1,0.0,0,0,0.0,1.0,0.0,0.0,0.0,0.0,0,0.0,1,0.0,0,0,0.0,0.0,1.0,1.0,0.0,inward,BZT
1824,0.0,0.0,0.0,0.0,0.0,0,1,0.0,0.0,0,0.0,0.0,0.0,0,0,0,0,0.0,0.0,0.0,1,0.0,0,0.0,0.0,1.0,0,1.0,1.0,0.0,1.0,0.0,1.0,0.0,0.0,0,0.0,1,0.0,1,0.0,0,1.0,0.0,1.0,1,0,1,0.0,0,0,0.0,1.0,0.0,0.0,0.0,0.0,0,0.0,1,0.0,0,0,0.0,0.0,1.0,1.0,0.0,inward,BZT
1825,0.0,0.0,0.0,0.0,0.0,0,1,0.0,0.0,0,0.0,0.0,0.0,0,0,1,0,0.0,0.0,0.0,0,0.0,0,0.0,0.0,0.0,0,1.0,1.0,0.0,1.0,0.0,0.0,0.0,0.0,0,0.0,1,0.0,1,0.0,0,1.0,0.0,0.0,1,1,1,0.0,0,0,0.0,1.0,1.0,0.0,0.0,0.0,0,0.0,1,0.0,0,0,0.0,0.0,1.0,1.0,0.0,inward,BZT
1826,0.0,0.0,0.0,0.0,0.0,0,1,0.0,0.0,0,0.0,0.0,0.0,0,0,1,1,0.0,0.0,0.0,1,0.0,0,0.0,0.0,0.0,0,1.0,0.0,0.0,1.0,0.0,0.0,0.0,0.0,0,0.0,0,0.0,1,0.0,0,1.0,1.0,1.0,1,1,1,0.0,1,0,0.0,1.0,0.0,0.0,0.0,0.0,0,0.0,1,0.0,0,0,0.0,0.0,1.0,1.0,0.0,inward,BZT
1827,0.0,0.0,0.0,0.0,0.0,0,1,0.0,1.0,0,0.0,0.0,0.0,0,0,1,1,0.0,0.0,0.0,0,0.0,0,0.0,0.0,1.0,1,1.0,0.0,0.0,0.0,1.0,0.0,0.0,0.0,0,0.0,1,0.0,1,0.0,0,1.0,0.0,0.0,1,1,1,0.0,0,0,0.0,1.0,0.0,0.0,0.0,0.0,0,0.0,1,0.0,0,0,0.0,0.0,1.0,1.0,0.0,inward,BZT
1828,0.0,0.0,0.0,0.0,0.0,0,1,0.0,0.0,0,0.0,0.0,0.0,0,0,1,1,0.0,0.0,0.0,0,0.0,0,0.0,0.0,1.0,1,1.0,0.0,0.0,1.0,0.0,0.0,0.0,0.0,0,0.0,1,0.0,1,0.0,0,1.0,1.0,0.0,1,0,1,0.0,0,0,0.0,1.0,0.0,0.0,0.0,0.0,0,0.0,1,0.0,0,0,0.0,0.0,1.0,1.0,0.0,inward,BZT
1829,0.0,0.0,0.0,0.0,0.0,0,0,0.0,0.0,0,0.0,0.0,0.0,0,0,1,1,0.0,0.0,0.0,1,0.0,0,0.0,0.0,1.0,0,1.0,0.0,0.0,1.0,0.0,0.0,0.0,0.0,0,0.0,1,0.0,1,0.0,1,0.0,0.0,0.0,1,1,1,0.0,0,0,0.0,1.0,1.0,0.0,0.0,0.0,0,0.0,1,0.0,0,0,0.0,0.0,1.0,0.0,0.0,inward,BZT
1830,0.0,0.0,0.0,0.0,0.0,0,1,0.0,0.0,0,0.0,0.0,0.0,0,0,1,1,0.0,0.0,0.0,1,0.0,0,0.0,0.0,1.0,0,1.0,1.0,0.0,1.0,0.0,1.0,0.0,0.0,0,0.0,1,0.0,1,0.0,0,1.0,1.0,0.0,1,0,1,0.0,0,1,0.0,1.0,0.0,0.0,0.0,0.0,0,0.0,0,0.0,0,0,0.0,0.0,1.0,0.0,0.0,inward,BZT
1831,0.0,0.0,0.0,0.0,0.0,0,1,0.0,0.0,0,0.0,0.0,0.0,0,0,1,1,0.0,0.0,0.0,1,0.0,0,0.0,0.0,0.0,0,0.0,0.0,0.0,0.0,0.0,0.0,0.0,0.0,0,0.0,1,0.0,1,0.0,0,1.0,1.0,0.0,1,0,1,0.0,1,1,0.0,1.0,0.0,0.0,0.0,0.0,0,0.0,1,0.0,0,0,0.0,0.0,1.0,1.0,1.0,inward,BZT
1832,0.0,0.0,0.0,0.0,0.0,0,0,0.0,0.0,0,0.0,0.0,0.0,0,0,1,1,0.0,0.0,0.0,0,0.0,0,0.0,0.0,1.0,1,1.0,0.0,0.0,1.0,0.0,0.0,0.0,0.0,0,0.0,1,0.0,1,0.0,0,0.0,0.0,0.0,1,0,1,0.0,0,1,0.0,1.0,0.0,0.0,0.0,0.0,0,0.0,1,0.0,0,0,0.0,0.0,1.0,1.0,0.0,inward,BZT
1833,0.0,0.0,0.0,0.0,0.0,0,0,0.0,0.0,0,0.0,0.0,0.0,0,0,0,1,0.0,0.0,0.0,1,0.0,0,0.0,0.0,1.0,1,1.0,1.0,0.0,1.0,0.0,0.0,0.0,0.0,0,0.0,1,0.0,1,0.0,0,1.0,0.0,0.0,1,0,1,0.0,0,0,0.0,1.0,0.0,0.0,0.0,0.0,0,0.0,1,0.0,0,0,0.0,0.0,1.0,0.0,0.0,inward,BZT
1834,0.0,0.0,0.0,0.0,0.0,0,1,0.0,1.0,0,0.0,0.0,0.0,0,0,1,1,0.0,0.0,0.0,1,0.0,0,0.0,0.0,1.0,1,0.0,0.0,0.0,0.0,0.0,0.0,0.0,0.0,0,0.0,1,0.0,1,0.0,0,1.0,0.0,0.0,1,0,1,0.0,0,0,0.0,1.0,0.0,0.0,0.0,0.0,0,0.0,0,0.0,0,0,0.0,0.0,1.0,1.0,1.0,inward,BZT
1835,0.0,0.0,0.0,0.0,0.0,0,1,0.0,0.0,0,0.0,0.0,0.0,0,0,1,0,0.0,0.0,0.0,0,0.0,0,0.0,0.0,1.0,1,1.0,1.0,0.0,1.0,0.0,0.0,0.0,0.0,0,0.0,1,0.0,1,0.0,0,1.0,0.0,0.0,1,0,1,0.0,0,0,0.0,1.0,0.0,0.0,0.0,0.0,0,0.0,1,0.0,0,0,0.0,0.0,1.0,1.0,0.0,inward,BZT
1836,0.0,0.0,0.0,0.0,0.0,0,1,0.0,0.0,0,0.0,0.0,0.0,0,0,1,1,0.0,0.0,0.0,0,1.0,0,0.0,0.0,0.0,1,0.0,0.0,0.0,1.0,0.0,0.0,0.0,0.0,0,0.0,1,0.0,1,0.0,0,1.0,0.0,0.0,1,0,1,0.0,0,0,0.0,1.0,0.0,0.0,0.0,0.0,0,0.0,1,0.0,0,0,0.0,0.0,1.0,1.0,0.0,inward,BZT
1837,0.0,0.0,0.0,0.0,0.0,0,1,0.0,0.0,0,0.0,0.0,0.0,0,0,1,1,0.0,0.0,0.0,1,1.0,0,0.0,0.0,0.0,1,1.0,0.0,0.0,0.0,0.0,0.0,0.0,0.0,0,0.0,0,0.0,1,0.0,0,1.0,0.0,0.0,1,0,0,0.0,0,1,0.0,1.0,0.0,0.0,0.0,0.0,0,0.0,0,0.0,0,0,0.0,0.0,1.0,1.0,0.0,inward,BZT
1838,0.0,0.0,0.0,0.0,0.0,0,1,0.0,0.0,0,0.0,0.0,0.0,0,0,0,0,0.0,0.0,0.0,1,0.0,0,0.0,0.0,1.0,1,1.0,0.0,0.0,1.0,0.0,0.0,0.0,0.0,0,0.0,1,0.0,1,0.0,0,1.0,0.0,0.0,1,0,0,0.0,0,0,0.0,1.0,0.0,0.0,0.0,0.0,0,0.0,1,0.0,0,0,0.0,0.0,1.0,1.0,0.0,inward,BZT
1839,0.0,0.0,0.0,0.0,0.0,0,1,0.0,0.0,0,0.0,0.0,0.0,0,0,1,1,0.0,0.0,0.0,1,0.0,0,0.0,0.0,0.0,0,1.0,0.0,0.0,1.0,0.0,0.0,0.0,0.0,0,0.0,1,0.0,1,0.0,0,1.0,0.0,1.0,1,0,0,0.0,0,0,0.0,0.0,0.0,0.0,0.0,0.0,0,0.0,0,0.0,0,0,0.0,0.0,1.0,0.0,0.0,inward,BZT
1840,0.0,0.0,0.0,0.0,0.0,0,0,0.0,0.0,0,0.0,0.0,0.0,0,0,1,0,0.0,0.0,0.0,0,0.0,0,0.0,0.0,0.0,1,1.0,1.0,0.0,1.0,0.0,0.0,0.0,0.0,0,0.0,1,0.0,1,0.0,0,1.0,0.0,0.0,1,1,1,0.0,0,0,0.0,1.0,0.0,0.0,0.0,0.0,0,0.0,0,0.0,0,0,0.0,0.0,1.0,1.0,0.0,inward,BZT
1841,0.0,0.0,0.0,0.0,0.0,0,1,0.0,1.0,0,0.0,0.0,0.0,0,0,1,0,0.0,0.0,0.0,0,0.0,0,0.0,0.0,1.0,1,1.0,0.0,0.0,1.0,0.0,0.0,0.0,0.0,0,0.0,1,0.0,0,0.0,0,1.0,0.0,1.0,1,0,1,0.0,0,1,0.0,1.0,0.0,0.0,0.0,0.0,0,0.0,0,0.0,0,0,0.0,0.0,1.0,1.0,0.0,inward,BZT
1842,0.0,0.0,0.0,0.0,0.0,0,0,0.0,1.0,0,0.0,0.0,0.0,0,0,1,0,0.0,0.0,0.0,1,0.0,0,0.0,0.0,1.0,1,1.0,1.0,0.0,1.0,0.0,0.0,0.0,0.0,0,0.0,1,0.0,1,0.0,1,1.0,0.0,0.0,1,0,1,0.0,0,0,0.0,1.0,0.0,0.0,0.0,0.0,0,0.0,0,0.0,0,0,0.0,0.0,1.0,1.0,0.0,inward,BZT
1843,0.0,0.0,0.0,0.0,0.0,0,1,0.0,1.0,1,0.0,0.0,0.0,0,0,1,1,0.0,0.0,0.0,1,0.0,0,0.0,0.0,1.0,0,1.0,1.0,0.0,1.0,0.0,0.0,0.0,0.0,0,0.0,1,0.0,1,0.0,0,1.0,1.0,1.0,1,1,1,0.0,1,0,0.0,1.0,0.0,0.0,0.0,0.0,0,0.0,1,0.0,0,0,0.0,0.0,1.0,0.0,0.0,inward,BZT
1844,0.0,0.0,0.0,0.0,0.0,0,1,0.0,1.0,0,0.0,0.0,0.0,0,0,1,0,0.0,0.0,0.0,0,0.0,0,0.0,0.0,1.0,1,1.0,1.0,0.0,1.0,0.0,0.0,0.0,0.0,0,0.0,1,0.0,1,0.0,0,1.0,1.0,0.0,1,1,0,0.0,0,0,0.0,1.0,1.0,0.0,0.0,0.0,0,0.0,0,0.0,0,0,0.0,0.0,1.0,0.0,0.0,inward,BZT
1845,0.0,0.0,0.0,0.0,0.0,0,1,0.0,0.0,0,0.0,0.0,0.0,0,0,1,1,0.0,0.0,0.0,1,0.0,0,0.0,0.0,0.0,0,1.0,1.0,0.0,1.0,0.0,0.0,0.0,0.0,0,0.0,1,0.0,1,0.0,0,1.0,0.0,1.0,1,0,1,0.0,0,0,0.0,1.0,0.0,0.0,0.0,0.0,0,0.0,0,0.0,0,0,0.0,0.0,1.0,1.0,0.0,inward,BZT
1846,0.0,0.0,0.0,0.0,0.0,0,1,0.0,0.0,0,0.0,0.0,0.0,0,0,1,0,0.0,0.0,0.0,0,0.0,0,0.0,0.0,1.0,0,1.0,1.0,0.0,1.0,0.0,0.0,0.0,0.0,0,0.0,0,0.0,1,0.0,0,1.0,0.0,0.0,1,1,1,0.0,0,0,0.0,1.0,0.0,0.0,0.0,0.0,0,0.0,1,0.0,0,0,0.0,0.0,1.0,1.0,0.0,inward,BZT
1847,0.0,0.0,0.0,0.0,0.0,0,1,0.0,0.0,0,0.0,0.0,0.0,0,0,1,0,0.0,0.0,0.0,0,0.0,0,0.0,0.0,1.0,0,1.0,0.0,0.0,1.0,0.0,0.0,0.0,0.0,0,0.0,0,0.0,1,0.0,0,1.0,0.0,0.0,1,0,1,0.0,0,0,0.0,1.0,0.0,0.0,0.0,0.0,0,0.0,1,0.0,0,0,0.0,0.0,1.0,1.0,0.0,inward,BZT
1848,0.0,0.0,0.0,0.0,0.0,0,1,0.0,0.0,0,0.0,0.0,0.0,0,0,1,0,0.0,0.0,0.0,1,0.0,0,0.0,0.0,1.0,1,1.0,0.0,0.0,1.0,0.0,0.0,0.0,0.0,0,0.0,1,0.0,1,0.0,0,1.0,1.0,0.0,1,0,0,0.0,0,0,0.0,1.0,0.0,0.0,0.0,0.0,0,0.0,1,0.0,0,0,0.0,0.0,1.0,1.0,0.0,inward,BZT
1849,0.0,0.0,0.0,0.0,0.0,0,1,0.0,0.0,0,0.0,0.0,0.0,0,0,1,0,0.0,0.0,0.0,0,1.0,0,0.0,0.0,1.0,1,1.0,1.0,0.0,1.0,0.0,0.0,0.0,0.0,0,0.0,0,0.0,1,0.0,0,1.0,0.0,0.0,1,0,1,0.0,0,0,0.0,0.0,0.0,0.0,0.0,0.0,0,0.0,1,0.0,0,0,0.0,0.0,1.0,0.0,0.0,inward,BZT
1850,0.0,0.0,0.0,0.0,0.0,0,0,0.0,0.0,0,0.0,0.0,0.0,0,0,1,0,0.0,0.0,0.0,1,0.0,0,0.0,0.0,1.0,1,1.0,1.0,0.0,1.0,0.0,0.0,0.0,0.0,0,0.0,0,0.0,1,0.0,0,1.0,0.0,1.0,1,0,1,0.0,0,0,0.0,1.0,0.0,0.0,0.0,0.0,0,0.0,0,0.0,0,0,0.0,0.0,1.0,1.0,0.0,inward,BZT
1851,0.0,0.0,0.0,0.0,0.0,0,1,0.0,0.0,0,0.0,0.0,0.0,0,0,1,1,0.0,0.0,0.0,0,0.0,0,0.0,0.0,0.0,0,1.0,0.0,0.0,1.0,0.0,0.0,0.0,0.0,0,0.0,1,0.0,1,0.0,0,1.0,0.0,0.0,1,0,1,0.0,0,0,0.0,1.0,0.0,0.0,0.0,0.0,0,0.0,1,0.0,0,0,0.0,0.0,1.0,1.0,0.0,inward,BZT
1852,0.0,0.0,0.0,0.0,0.0,0,0,0.0,0.0,0,0.0,0.0,0.0,0,0,1,1,0.0,0.0,0.0,1,0.0,0,0.0,0.0,0.0,1,1.0,0.0,0.0,1.0,0.0,0.0,0.0,0.0,0,0.0,1,0.0,0,0.0,0,1.0,1.0,0.0,1,0,1,0.0,0,0,0.0,1.0,0.0,0.0,0.0,0.0,0,0.0,1,0.0,0,0,0.0,0.0,1.0,1.0,0.0,inward,BZT
1853,0.0,0.0,0.0,0.0,0.0,0,0,0.0,1.0,0,0.0,0.0,0.0,0,0,1,0,0.0,0.0,0.0,1,0.0,0,0.0,0.0,1.0,1,1.0,0.0,0.0,0.0,0.0,0.0,0.0,0.0,0,0.0,1,0.0,1,0.0,0,1.0,0.0,1.0,1,0,1,0.0,0,0,0.0,1.0,0.0,0.0,0.0,0.0,0,0.0,1,0.0,0,0,0.0,0.0,1.0,0.0,0.0,inward,BZT
1854,0.0,0.0,0.0,0.0,0.0,0,0,0.0,0.0,0,0.0,0.0,0.0,0,0,1,1,0.0,0.0,0.0,0,0.0,0,0.0,0.0,1.0,1,1.0,1.0,0.0,0.0,0.0,0.0,0.0,0.0,0,0.0,1,0.0,0,0.0,0,0.0,0.0,0.0,1,0,1,0.0,0,0,0.0,1.0,0.0,0.0,0.0,0.0,0,0.0,1,0.0,0,0,0.0,0.0,1.0,1.0,0.0,inward,BZT
1855,0.0,0.0,0.0,0.0,0.0,0,0,0.0,0.0,0,0.0,0.0,0.0,0,0,1,0,0.0,0.0,0.0,1,0.0,0,0.0,0.0,0.0,0,1.0,0.0,0.0,0.0,0.0,0.0,0.0,0.0,0,0.0,1,0.0,1,0.0,0,1.0,0.0,0.0,1,0,1,0.0,0,0,0.0,0.0,0.0,0.0,0.0,0.0,0,0.0,0,0.0,0,0,0.0,0.0,1.0,1.0,0.0,inward,BZT
1856,0.0,0.0,0.0,0.0,0.0,0,1,0.0,0.0,0,0.0,0.0,0.0,0,0,1,1,0.0,0.0,0.0,0,0.0,0,0.0,0.0,1.0,1,1.0,1.0,0.0,1.0,0.0,0.0,0.0,0.0,0,0.0,0,0.0,1,0.0,0,1.0,0.0,1.0,1,0,0,0.0,0,0,0.0,1.0,0.0,0.0,0.0,0.0,0,0.0,1,0.0,0,0,0.0,0.0,1.0,1.0,0.0,inward,BZT
1857,0.0,0.0,0.0,0.0,0.0,0,1,0.0,0.0,0,0.0,0.0,0.0,0,0,1,0,0.0,0.0,0.0,1,0.0,0,0.0,0.0,1.0,0,1.0,0.0,0.0,1.0,0.0,0.0,0.0,0.0,0,0.0,0,0.0,1,0.0,0,0.0,0.0,0.0,1,0,1,0.0,1,0,0.0,1.0,0.0,0.0,0.0,0.0,0,0.0,0,0.0,0,0,0.0,0.0,1.0,1.0,0.0,inward,BZT
1858,0.0,0.0,0.0,0.0,0.0,0,1,0.0,0.0,0,0.0,0.0,0.0,0,0,1,1,0.0,0.0,0.0,1,0.0,0,0.0,0.0,1.0,1,0.0,0.0,0.0,1.0,0.0,0.0,0.0,0.0,0,0.0,1,0.0,1,0.0,1,1.0,1.0,0.0,1,0,1,0.0,0,0,0.0,1.0,0.0,0.0,0.0,0.0,0,0.0,0,0.0,0,0,0.0,0.0,1.0,0.0,0.0,inward,BZT
1859,0.0,0.0,0.0,0.0,0.0,0,0,0.0,0.0,0,0.0,0.0,0.0,0,0,1,1,0.0,0.0,0.0,1,0.0,0,0.0,0.0,1.0,1,1.0,0.0,0.0,1.0,0.0,0.0,0.0,0.0,0,0.0,0,0.0,1,0.0,1,1.0,0.0,0.0,1,0,1,0.0,0,0,0.0,1.0,0.0,0.0,0.0,0.0,0,0.0,0,0.0,0,0,0.0,0.0,1.0,1.0,0.0,inward,BZT
1860,0.0,0.0,0.0,0.0,0.0,0,1,0.0,0.0,0,0.0,0.0,0.0,0,0,1,0,0.0,0.0,0.0,1,0.0,0,0.0,0.0,1.0,1,1.0,1.0,0.0,1.0,0.0,0.0,0.0,0.0,0,0.0,1,0.0,1,0.0,0,1.0,0.0,0.0,1,0,0,0.0,0,1,0.0,1.0,0.0,0.0,0.0,0.0,0,0.0,1,0.0,0,0,0.0,0.0,1.0,0.0,0.0,inward,BZT
1861,0.0,0.0,0.0,0.0,0.0,0,0,0.0,1.0,0,0.0,0.0,0.0,0,0,1,1,0.0,0.0,0.0,1,0.0,0,0.0,0.0,1.0,1,1.0,1.0,0.0,1.0,0.0,0.0,0.0,0.0,0,0.0,0,0.0,0,0.0,0,1.0,0.0,0.0,1,0,1,0.0,0,0,0.0,1.0,0.0,0.0,0.0,0.0,0,0.0,1,0.0,0,0,0.0,0.0,1.0,1.0,0.0,inward,BZT
1862,0.0,0.0,0.0,0.0,0.0,0,1,0.0,1.0,0,0.0,0.0,0.0,0,0,1,1,0.0,0.0,0.0,1,0.0,0,0.0,0.0,1.0,1,0.0,0.0,0.0,0.0,0.0,0.0,0.0,0.0,0,0.0,1,0.0,0,0.0,0,1.0,1.0,0.0,1,0,0,0.0,0,1,0.0,1.0,1.0,0.0,0.0,0.0,0,0.0,0,0.0,0,0,0.0,0.0,1.0,0.0,0.0,inward,BZT
1863,0.0,0.0,0.0,0.0,0.0,0,0,0.0,0.0,1,0.0,0.0,0.0,0,0,1,1,0.0,0.0,0.0,1,0.0,0,0.0,0.0,1.0,1,1.0,1.0,0.0,1.0,0.0,0.0,0.0,0.0,0,0.0,1,0.0,1,0.0,0,1.0,0.0,1.0,1,0,1,0.0,0,0,0.0,1.0,0.0,0.0,0.0,0.0,0,0.0,0,0.0,0,0,0.0,0.0,1.0,1.0,0.0,inward,BZT
1864,0.0,0.0,0.0,0.0,0.0,0,1,0.0,0.0,0,0.0,0.0,0.0,0,0,1,1,0.0,0.0,0.0,1,0.0,0,0.0,0.0,1.0,0,0.0,0.0,0.0,1.0,0.0,0.0,0.0,0.0,0,0.0,1,0.0,1,0.0,0,1.0,0.0,0.0,1,1,1,0.0,0,0,0.0,1.0,0.0,0.0,0.0,0.0,0,0.0,1,0.0,0,0,0.0,0.0,1.0,0.0,0.0,inward,BZT
1865,0.0,0.0,0.0,0.0,0.0,0,1,0.0,1.0,0,0.0,0.0,0.0,0,0,1,0,0.0,0.0,0.0,1,0.0,0,0.0,0.0,1.0,0,1.0,0.0,0.0,1.0,0.0,0.0,0.0,0.0,0,0.0,0,0.0,1,0.0,0,1.0,0.0,0.0,1,0,1,0.0,0,0,0.0,1.0,1.0,0.0,0.0,0.0,0,0.0,0,0.0,0,0,0.0,0.0,1.0,1.0,0.0,inward,BZT
1866,0.0,0.0,0.0,0.0,0.0,0,0,0.0,0.0,0,0.0,0.0,0.0,0,0,1,1,0.0,0.0,0.0,0,0.0,0,0.0,0.0,1.0,1,1.0,0.0,0.0,1.0,0.0,0.0,0.0,0.0,0,0.0,1,0.0,1,0.0,0,1.0,1.0,0.0,1,0,1,0.0,1,0,0.0,1.0,0.0,0.0,0.0,0.0,0,0.0,0,0.0,0,0,0.0,0.0,1.0,1.0,0.0,inward,BZT
1867,0.0,0.0,0.0,0.0,0.0,0,0,0.0,0.0,0,0.0,0.0,0.0,0,0,1,1,0.0,0.0,0.0,0,0.0,0,0.0,0.0,1.0,1,1.0,1.0,0.0,1.0,0.0,0.0,0.0,0.0,0,0.0,1,0.0,1,0.0,0,1.0,0.0,0.0,1,0,1,0.0,1,0,0.0,1.0,0.0,0.0,0.0,0.0,0,0.0,1,0.0,0,0,0.0,0.0,1.0,0.0,0.0,inward,BZT
1868,0.0,0.0,0.0,0.0,0.0,0,0,0.0,1.0,0,0.0,0.0,0.0,0,0,1,1,0.0,0.0,0.0,0,0.0,0,0.0,0.0,1.0,1,1.0,0.0,0.0,0.0,0.0,0.0,0.0,0.0,0,0.0,0,0.0,0,0.0,0,1.0,0.0,0.0,1,0,0,0.0,0,1,0.0,1.0,0.0,0.0,0.0,0.0,0,0.0,1,0.0,0,0,0.0,0.0,1.0,0.0,0.0,inward,BZT
1869,0.0,0.0,0.0,0.0,0.0,0,0,0.0,0.0,0,0.0,0.0,0.0,0,0,1,0,0.0,0.0,0.0,1,0.0,0,0.0,0.0,1.0,0,0.0,0.0,0.0,0.0,0.0,0.0,0.0,0.0,0,0.0,0,0.0,0,0.0,0,1.0,0.0,0.0,1,0,1,0.0,0,1,0.0,1.0,0.0,0.0,0.0,0.0,0,0.0,0,0.0,0,0,0.0,0.0,1.0,1.0,1.0,inward,BZT
1870,0.0,0.0,0.0,0.0,0.0,0,0,0.0,0.0,0,0.0,0.0,0.0,0,0,1,0,0.0,0.0,0.0,1,0.0,0,1.0,0.0,0.0,1,1.0,0.0,0.0,1.0,0.0,0.0,0.0,0.0,0,0.0,1,0.0,1,0.0,0,1.0,0.0,0.0,1,0,1,0.0,0,0,0.0,1.0,1.0,0.0,0.0,0.0,0,0.0,0,0.0,0,0,0.0,0.0,1.0,1.0,0.0,inward,BZT
1871,0.0,0.0,0.0,0.0,0.0,0,0,0.0,1.0,0,0.0,0.0,0.0,0,0,1,1,0.0,0.0,0.0,0,0.0,0,0.0,0.0,0.0,1,1.0,0.0,0.0,0.0,0.0,0.0,0.0,0.0,0,0.0,0,0.0,0,0.0,0,1.0,0.0,0.0,1,0,1,0.0,0,0,0.0,1.0,1.0,0.0,0.0,0.0,0,0.0,1,0.0,0,0,0.0,0.0,1.0,1.0,0.0,inward,BZT
1872,0.0,0.0,0.0,0.0,0.0,0,0,0.0,1.0,0,0.0,0.0,0.0,0,0,1,0,0.0,0.0,0.0,0,0.0,0,0.0,0.0,0.0,0,1.0,1.0,0.0,1.0,0.0,0.0,0.0,0.0,0,0.0,0,0.0,1,0.0,0,1.0,0.0,1.0,1,0,1,0.0,0,0,0.0,1.0,0.0,0.0,0.0,0.0,0,0.0,0,0.0,0,0,0.0,0.0,1.0,1.0,0.0,inward,BZT
1873,0.0,0.0,0.0,0.0,0.0,0,0,0.0,0.0,0,0.0,0.0,0.0,0,0,1,1,0.0,0.0,0.0,1,0.0,0,0.0,0.0,1.0,1,1.0,0.0,0.0,1.0,0.0,0.0,0.0,0.0,0,0.0,1,0.0,0,0.0,0,0.0,0.0,0.0,1,0,0,0.0,0,0,0.0,1.0,0.0,0.0,0.0,0.0,0,0.0,0,0.0,0,0,0.0,0.0,1.0,0.0,1.0,inward,BZT
1874,0.0,0.0,0.0,0.0,0.0,0,1,0.0,1.0,1,0.0,0.0,0.0,0,0,1,0,0.0,0.0,0.0,1,0.0,0,1.0,0.0,0.0,1,1.0,0.0,0.0,0.0,0.0,0.0,0.0,0.0,0,0.0,1,0.0,1,0.0,0,1.0,0.0,0.0,1,0,1,0.0,0,0,0.0,1.0,0.0,0.0,0.0,0.0,0,0.0,1,0.0,0,0,0.0,0.0,1.0,1.0,0.0,inward,BZT
1875,0.0,0.0,0.0,0.0,0.0,0,0,0.0,0.0,0,0.0,0.0,0.0,0,0,1,1,0.0,0.0,0.0,1,0.0,0,0.0,0.0,0.0,1,1.0,0.0,0.0,0.0,0.0,0.0,0.0,0.0,0,0.0,1,0.0,1,0.0,0,1.0,0.0,0.0,1,1,1,0.0,0,1,0.0,1.0,0.0,0.0,0.0,0.0,0,0.0,0,0.0,0,0,0.0,0.0,1.0,1.0,0.0,inward,BZT
1876,0.0,0.0,0.0,0.0,0.0,0,1,0.0,1.0,0,0.0,0.0,0.0,0,0,1,1,0.0,0.0,0.0,0,0.0,0,0.0,0.0,0.0,1,1.0,1.0,0.0,1.0,0.0,0.0,0.0,0.0,0,0.0,1,0.0,1,0.0,0,1.0,0.0,0.0,1,0,1,0.0,0,1,0.0,1.0,0.0,0.0,0.0,0.0,0,0.0,1,0.0,0,0,0.0,0.0,1.0,1.0,0.0,inward,BZT
1877,0.0,0.0,0.0,0.0,0.0,0,1,0.0,0.0,0,0.0,0.0,0.0,0,0,1,1,0.0,0.0,0.0,1,0.0,0,1.0,0.0,1.0,0,1.0,0.0,0.0,0.0,0.0,0.0,0.0,0.0,0,0.0,1,0.0,0,0.0,0,1.0,0.0,0.0,1,0,1,0.0,0,0,0.0,1.0,1.0,0.0,0.0,0.0,0,0.0,1,0.0,0,0,0.0,0.0,1.0,0.0,1.0,inward,BZT
1878,0.0,0.0,0.0,0.0,0.0,0,1,0.0,0.0,1,0.0,0.0,0.0,0,0,1,1,0.0,0.0,0.0,1,0.0,0,1.0,0.0,0.0,0,1.0,0.0,0.0,1.0,0.0,0.0,0.0,0.0,0,0.0,0,0.0,1,0.0,0,1.0,0.0,0.0,1,1,1,0.0,0,0,0.0,1.0,0.0,0.0,0.0,0.0,0,0.0,1,0.0,0,0,0.0,0.0,1.0,0.0,0.0,inward,BZT
1879,0.0,0.0,0.0,0.0,0.0,0,0,0.0,0.0,0,0.0,0.0,0.0,1,0,1,1,0.0,0.0,0.0,1,0.0,0,0.0,0.0,1.0,0,0.0,0.0,0.0,0.0,0.0,0.0,0.0,0.0,0,0.0,1,0.0,0,0.0,0,1.0,1.0,0.0,1,0,1,0.0,0,0,0.0,1.0,0.0,0.0,0.0,0.0,0,0.0,0,0.0,0,0,0.0,0.0,1.0,0.0,0.0,inward,BZT
1880,0.0,0.0,0.0,0.0,0.0,0,1,0.0,0.0,0,0.0,0.0,0.0,0,0,1,1,0.0,0.0,0.0,0,0.0,0,0.0,0.0,1.0,1,0.0,0.0,0.0,1.0,0.0,0.0,0.0,0.0,0,0.0,1,0.0,0,0.0,0,0.0,0.0,0.0,1,0,1,0.0,0,1,0.0,1.0,0.0,0.0,0.0,0.0,0,0.0,1,0.0,0,0,0.0,0.0,1.0,1.0,0.0,inward,BZT
1881,0.0,0.0,0.0,0.0,0.0,0,1,0.0,1.0,0,0.0,0.0,0.0,0,0,1,1,0.0,0.0,0.0,0,0.0,0,0.0,0.0,0.0,0,1.0,1.0,0.0,0.0,0.0,0.0,0.0,0.0,0,0.0,1,0.0,1,0.0,0,1.0,0.0,0.0,1,1,1,0.0,0,0,0.0,1.0,0.0,0.0,0.0,0.0,0,0.0,1,0.0,0,0,0.0,0.0,1.0,0.0,0.0,inward,BZT
1882,0.0,0.0,0.0,0.0,0.0,0,0,0.0,1.0,1,0.0,0.0,0.0,0,0,1,1,0.0,0.0,0.0,1,0.0,0,0.0,0.0,1.0,1,1.0,0.0,0.0,1.0,0.0,0.0,0.0,0.0,0,0.0,0,0.0,1,0.0,0,1.0,0.0,0.0,1,1,1,0.0,1,0,0.0,1.0,0.0,0.0,0.0,0.0,0,0.0,0,0.0,0,0,0.0,0.0,1.0,1.0,0.0,inward,BZT
1883,0.0,0.0,0.0,0.0,0.0,0,1,0.0,0.0,0,0.0,0.0,0.0,0,0,1,0,0.0,0.0,0.0,1,0.0,0,0.0,0.0,0.0,0,0.0,0.0,0.0,0.0,0.0,0.0,0.0,0.0,0,0.0,1,0.0,0,0.0,0,1.0,0.0,0.0,1,1,1,0.0,0,0,0.0,1.0,1.0,0.0,0.0,0.0,0,0.0,0,0.0,0,0,0.0,0.0,1.0,0.0,0.0,inward,BZT
1884,0.0,0.0,0.0,0.0,0.0,0,0,0.0,1.0,1,0.0,0.0,0.0,0,0,1,1,0.0,0.0,0.0,0,0.0,0,0.0,0.0,1.0,0,1.0,0.0,0.0,1.0,0.0,0.0,0.0,0.0,0,0.0,1,0.0,1,0.0,0,1.0,0.0,0.0,1,0,1,0.0,0,0,0.0,1.0,0.0,0.0,0.0,0.0,0,0.0,1,0.0,0,0,0.0,0.0,1.0,1.0,0.0,inward,BZT
1885,0.0,0.0,0.0,0.0,0.0,0,0,0.0,0.0,0,0.0,0.0,0.0,0,0,1,0,0.0,0.0,0.0,0,0.0,0,0.0,0.0,0.0,1,1.0,0.0,0.0,1.0,0.0,0.0,0.0,0.0,0,0.0,1,0.0,0,0.0,0,0.0,0.0,0.0,1,1,1,0.0,0,0,0.0,1.0,0.0,0.0,0.0,0.0,0,0.0,0,0.0,0,0,0.0,0.0,1.0,1.0,0.0,inward,BZT
1886,0.0,0.0,0.0,0.0,0.0,0,0,0.0,0.0,0,0.0,0.0,0.0,0,0,1,1,0.0,0.0,0.0,0,0.0,0,0.0,0.0,1.0,0,1.0,1.0,0.0,1.0,0.0,0.0,0.0,0.0,0,0.0,0,0.0,0,0.0,0,1.0,0.0,0.0,1,1,1,0.0,0,0,0.0,1.0,0.0,0.0,0.0,0.0,0,0.0,1,0.0,0,0,0.0,0.0,1.0,1.0,0.0,inward,BZT
1887,0.0,0.0,0.0,0.0,0.0,0,0,0.0,0.0,0,0.0,0.0,0.0,0,0,1,1,0.0,0.0,0.0,0,0.0,0,0.0,0.0,0.0,0,1.0,0.0,0.0,1.0,0.0,0.0,0.0,0.0,0,0.0,0,0.0,1,0.0,0,1.0,0.0,1.0,1,0,0,0.0,0,0,0.0,1.0,0.0,0.0,0.0,0.0,0,0.0,1,0.0,0,0,0.0,0.0,1.0,0.0,0.0,inward,BZT
1888,0.0,0.0,0.0,0.0,0.0,0,0,0.0,0.0,0,0.0,0.0,0.0,0,0,1,0,0.0,0.0,0.0,1,0.0,0,0.0,0.0,0.0,1,1.0,0.0,0.0,0.0,0.0,0.0,0.0,0.0,0,0.0,0,0.0,1,0.0,0,1.0,1.0,0.0,1,0,0,0.0,0,1,0.0,1.0,0.0,0.0,0.0,0.0,0,0.0,1,0.0,0,0,0.0,0.0,1.0,1.0,0.0,inward,BZT
1889,0.0,0.0,0.0,0.0,0.0,0,1,0.0,0.0,0,0.0,0.0,0.0,1,0,1,1,0.0,0.0,0.0,1,0.0,0,0.0,0.0,0.0,1,1.0,0.0,0.0,1.0,0.0,0.0,0.0,0.0,0,0.0,1,0.0,1,0.0,0,1.0,0.0,0.0,1,0,0,0.0,0,1,0.0,1.0,1.0,0.0,0.0,0.0,0,0.0,1,0.0,0,0,0.0,0.0,1.0,1.0,0.0,inward,BZT
1890,0.0,0.0,0.0,0.0,0.0,0,1,0.0,0.0,0,0.0,0.0,0.0,0,0,1,0,0.0,0.0,0.0,1,1.0,0,0.0,0.0,0.0,0,1.0,1.0,0.0,1.0,0.0,0.0,0.0,0.0,0,0.0,0,0.0,1,0.0,0,1.0,0.0,0.0,1,1,1,0.0,0,0,0.0,1.0,0.0,0.0,0.0,0.0,0,0.0,0,0.0,0,0,0.0,0.0,1.0,1.0,0.0,inward,BZT
1891,0.0,0.0,0.0,0.0,0.0,0,0,0.0,0.0,0,0.0,0.0,0.0,1,0,1,1,0.0,0.0,0.0,1,1.0,0,0.0,0.0,0.0,0,1.0,1.0,0.0,1.0,0.0,0.0,0.0,0.0,0,0.0,1,0.0,1,0.0,0,1.0,0.0,0.0,1,0,1,0.0,0,0,0.0,1.0,0.0,0.0,0.0,0.0,0,0.0,0,0.0,0,0,0.0,0.0,1.0,0.0,0.0,inward,BZT
1892,0.0,0.0,0.0,0.0,0.0,0,0,0.0,0.0,0,0.0,0.0,0.0,0,0,1,0,0.0,0.0,0.0,1,1.0,0,0.0,0.0,1.0,1,1.0,0.0,0.0,1.0,0.0,0.0,0.0,0.0,0,0.0,0,0.0,1,0.0,1,0.0,0.0,0.0,1,0,1,0.0,0,0,0.0,1.0,0.0,0.0,0.0,0.0,0,0.0,0,0.0,0,0,0.0,0.0,1.0,0.0,0.0,inward,BZT
1893,0.0,0.0,0.0,0.0,0.0,0,0,0.0,0.0,0,0.0,0.0,0.0,0,0,1,1,0.0,0.0,0.0,1,0.0,0,0.0,0.0,0.0,0,1.0,0.0,0.0,0.0,0.0,0.0,0.0,0.0,0,0.0,0,0.0,0,0.0,0,1.0,0.0,0.0,1,1,1,0.0,1,0,0.0,1.0,0.0,0.0,0.0,0.0,0,0.0,0,0.0,0,0,0.0,0.0,1.0,0.0,0.0,inward,BZT
1894,0.0,0.0,0.0,0.0,0.0,0,0,0.0,1.0,1,0.0,0.0,0.0,0,0,1,1,0.0,0.0,0.0,1,0.0,0,0.0,0.0,1.0,1,1.0,0.0,0.0,0.0,0.0,0.0,0.0,0.0,0,0.0,1,0.0,0,0.0,0,1.0,0.0,0.0,1,1,1,0.0,1,1,0.0,1.0,0.0,0.0,0.0,0.0,0,0.0,1,0.0,0,0,0.0,0.0,1.0,1.0,0.0,inward,BZT
1895,0.0,0.0,0.0,0.0,0.0,0,0,0.0,1.0,0,0.0,0.0,0.0,1,0,1,1,0.0,0.0,0.0,1,0.0,0,0.0,0.0,1.0,1,1.0,0.0,0.0,0.0,0.0,0.0,0.0,0.0,0,0.0,1,0.0,0,0.0,0,1.0,0.0,0.0,1,0,1,0.0,1,1,0.0,1.0,0.0,0.0,0.0,0.0,0,0.0,1,0.0,0,0,0.0,0.0,1.0,0.0,0.0,inward,BZT
1896,0.0,0.0,0.0,0.0,0.0,0,0,0.0,0.0,0,0.0,0.0,0.0,0,0,1,1,0.0,0.0,0.0,1,0.0,0,0.0,0.0,1.0,0,1.0,0.0,0.0,1.0,0.0,0.0,0.0,0.0,0,0.0,0,0.0,1,0.0,0,1.0,0.0,0.0,1,0,0,0.0,1,0,0.0,1.0,0.0,0.0,0.0,0.0,0,0.0,1,0.0,0,0,0.0,0.0,1.0,1.0,0.0,inward,BZT
1897,0.0,0.0,0.0,0.0,0.0,0,0,0.0,0.0,0,0.0,0.0,0.0,0,0,1,0,0.0,0.0,0.0,1,0.0,0,0.0,0.0,1.0,1,1.0,0.0,0.0,1.0,0.0,0.0,0.0,0.0,0,0.0,1,0.0,0,0.0,0,0.0,0.0,0.0,1,1,1,0.0,0,0,0.0,1.0,0.0,0.0,0.0,0.0,0,0.0,0,0.0,0,0,0.0,0.0,1.0,1.0,0.0,inward,BZT
1898,0.0,0.0,0.0,0.0,0.0,0,1,0.0,1.0,1,0.0,0.0,0.0,1,0,1,1,0.0,0.0,0.0,1,0.0,0,0.0,0.0,1.0,1,1.0,0.0,0.0,0.0,0.0,0.0,0.0,0.0,0,0.0,0,0.0,1,0.0,0,1.0,0.0,0.0,1,0,1,0.0,0,1,0.0,1.0,0.0,0.0,0.0,0.0,0,0.0,1,0.0,0,0,0.0,0.0,1.0,0.0,0.0,inward,BZT
1899,0.0,0.0,0.0,0.0,0.0,0,1,0.0,0.0,0,0.0,0.0,0.0,0,0,1,1,0.0,0.0,0.0,1,0.0,0,0.0,0.0,1.0,0,1.0,0.0,0.0,1.0,0.0,0.0,0.0,0.0,0,0.0,0,0.0,1,0.0,0,0.0,0.0,0.0,1,0,0,0.0,0,1,0.0,1.0,0.0,0.0,0.0,0.0,0,0.0,1,0.0,0,0,0.0,0.0,1.0,1.0,0.0,inward,BZT
1900,0.0,0.0,0.0,0.0,0.0,0,1,0.0,0.0,0,0.0,0.0,0.0,0,0,1,0,0.0,0.0,0.0,0,0.0,0,0.0,0.0,1.0,1,1.0,0.0,0.0,1.0,0.0,0.0,0.0,0.0,0,0.0,1,0.0,1,0.0,0,1.0,0.0,0.0,1,0,1,0.0,0,0,0.0,1.0,1.0,0.0,0.0,0.0,0,0.0,1,0.0,0,0,0.0,0.0,1.0,1.0,0.0,inward,BZT
1901,0.0,0.0,0.0,0.0,0.0,0,0,0.0,0.0,0,0.0,0.0,0.0,1,0,1,1,0.0,0.0,0.0,1,0.0,0,0.0,0.0,1.0,1,1.0,0.0,0.0,1.0,0.0,0.0,0.0,0.0,0,0.0,1,0.0,0,0.0,0,1.0,0.0,0.0,1,0,0,0.0,1,0,0.0,1.0,0.0,0.0,0.0,0.0,0,0.0,0,0.0,0,0,0.0,0.0,1.0,1.0,0.0,inward,BZT
1902,0.0,0.0,0.0,0.0,0.0,0,0,0.0,0.0,0,0.0,0.0,0.0,0,0,1,1,0.0,0.0,0.0,1,0.0,0,0.0,0.0,1.0,0,0.0,0.0,0.0,0.0,0.0,0.0,0.0,0.0,0,0.0,1,0.0,0,0.0,0,1.0,1.0,1.0,1,0,1,0.0,0,0,0.0,1.0,0.0,0.0,0.0,0.0,0,0.0,0,0.0,0,0,0.0,0.0,1.0,0.0,0.0,inward,BZT
1903,0.0,0.0,0.0,0.0,0.0,1,1,0.0,1.0,1,0.0,0.0,0.0,0,0,1,0,0.0,0.0,0.0,1,0.0,0,0.0,0.0,1.0,1,1.0,0.0,0.0,0.0,0.0,0.0,0.0,0.0,0,0.0,1,0.0,1,0.0,0,1.0,0.0,0.0,1,0,1,0.0,0,0,0.0,1.0,1.0,0.0,0.0,0.0,0,0.0,1,0.0,0,0,0.0,0.0,1.0,1.0,0.0,inward,BZT
1904,0.0,0.0,0.0,0.0,0.0,0,0,0.0,1.0,1,0.0,0.0,0.0,0,0,1,0,0.0,0.0,0.0,1,0.0,0,0.0,0.0,0.0,1,1.0,0.0,0.0,1.0,0.0,0.0,0.0,0.0,0,0.0,0,0.0,1,0.0,0,1.0,0.0,0.0,1,1,1,0.0,0,0,0.0,1.0,1.0,0.0,0.0,0.0,0,0.0,0,0.0,0,0,0.0,0.0,1.0,0.0,0.0,inward,BZT
1905,0.0,0.0,0.0,0.0,0.0,0,0,0.0,0.0,1,0.0,0.0,0.0,0,0,1,1,0.0,0.0,0.0,1,0.0,0,0.0,0.0,0.0,0,1.0,0.0,0.0,1.0,0.0,0.0,0.0,0.0,0,0.0,0,0.0,1,0.0,0,1.0,0.0,0.0,1,1,1,0.0,0,0,0.0,1.0,0.0,0.0,0.0,0.0,0,0.0,1,0.0,0,0,0.0,0.0,1.0,1.0,0.0,inward,BZT
1906,0.0,0.0,0.0,0.0,0.0,0,0,0.0,0.0,0,0.0,0.0,0.0,0,0,1,0,0.0,0.0,0.0,1,0.0,0,1.0,0.0,0.0,0,1.0,0.0,0.0,1.0,0.0,0.0,0.0,0.0,0,0.0,1,0.0,1,0.0,0,0.0,0.0,0.0,1,1,1,0.0,0,1,0.0,1.0,0.0,0.0,0.0,0.0,0,0.0,1,0.0,0,0,0.0,0.0,1.0,1.0,0.0,inward,BZT
1907,0.0,0.0,0.0,0.0,0.0,0,0,0.0,0.0,0,0.0,0.0,0.0,0,0,1,1,0.0,0.0,0.0,1,0.0,0,0.0,0.0,1.0,1,0.0,0.0,0.0,1.0,0.0,0.0,0.0,0.0,0,0.0,0,0.0,0,0.0,0,0.0,0.0,0.0,1,0,0,0.0,0,0,0.0,1.0,0.0,0.0,0.0,0.0,0,0.0,0,0.0,0,0,0.0,0.0,1.0,0.0,0.0,inward,BZT
1908,0.0,0.0,0.0,0.0,0.0,0,1,0.0,1.0,0,0.0,0.0,0.0,0,0,1,0,0.0,0.0,0.0,1,0.0,0,0.0,0.0,1.0,0,1.0,0.0,0.0,0.0,0.0,0.0,0.0,0.0,0,0.0,1,0.0,1,0.0,0,1.0,0.0,0.0,1,0,0,0.0,0,0,0.0,1.0,0.0,0.0,0.0,0.0,0,0.0,1,0.0,0,0,0.0,0.0,1.0,0.0,0.0,inward,BZT
1909,0.0,0.0,0.0,0.0,0.0,0,0,0.0,1.0,0,0.0,0.0,0.0,0,0,1,1,0.0,0.0,0.0,1,0.0,0,0.0,0.0,1.0,1,1.0,1.0,0.0,0.0,0.0,0.0,0.0,0.0,0,0.0,1,0.0,0,0.0,0,1.0,0.0,0.0,1,1,1,0.0,1,1,0.0,1.0,0.0,0.0,0.0,0.0,0,0.0,1,0.0,0,0,0.0,0.0,1.0,1.0,0.0,inward,BZT
1910,0.0,0.0,0.0,0.0,0.0,0,1,0.0,0.0,0,0.0,0.0,0.0,0,0,1,1,0.0,0.0,0.0,0,0.0,0,1.0,0.0,0.0,1,0.0,0.0,0.0,0.0,0.0,0.0,0.0,0.0,0,0.0,1,0.0,1,0.0,0,1.0,0.0,0.0,1,1,1,0.0,0,0,0.0,1.0,0.0,0.0,0.0,0.0,0,0.0,0,0.0,0,0,0.0,0.0,1.0,0.0,1.0,inward,BZT
1911,0.0,0.0,0.0,0.0,0.0,0,0,0.0,0.0,0,0.0,0.0,0.0,0,0,1,1,0.0,0.0,0.0,0,1.0,0,0.0,0.0,0.0,0,1.0,1.0,0.0,0.0,0.0,0.0,0.0,0.0,0,0.0,1,0.0,1,0.0,0,0.0,0.0,0.0,1,1,1,0.0,0,0,0.0,1.0,0.0,0.0,0.0,0.0,0,0.0,1,0.0,0,0,0.0,0.0,1.0,0.0,0.0,inward,BZT
1912,0.0,0.0,0.0,0.0,0.0,0,0,0.0,0.0,0,0.0,0.0,0.0,0,0,1,0,0.0,0.0,0.0,1,0.0,0,1.0,0.0,0.0,1,1.0,0.0,0.0,1.0,0.0,0.0,0.0,0.0,0,0.0,0,0.0,1,0.0,0,0.0,0.0,0.0,1,1,1,0.0,0,1,0.0,1.0,0.0,0.0,0.0,0.0,0,0.0,0,0.0,0,0,0.0,0.0,1.0,0.0,0.0,inward,BZT
1913,0.0,0.0,0.0,0.0,0.0,0,0,0.0,0.0,0,0.0,0.0,0.0,0,0,1,1,0.0,0.0,0.0,0,0.0,0,0.0,0.0,0.0,1,1.0,0.0,0.0,1.0,0.0,0.0,0.0,0.0,0,0.0,1,0.0,0,0.0,0,1.0,0.0,0.0,1,0,1,0.0,1,0,0.0,1.0,0.0,0.0,0.0,0.0,0,0.0,1,0.0,0,0,0.0,0.0,1.0,0.0,0.0,inward,BZT
1914,0.0,0.0,0.0,0.0,0.0,0,1,0.0,0.0,0,0.0,0.0,0.0,0,0,1,0,0.0,0.0,0.0,1,0.0,0,0.0,0.0,0.0,0,0.0,0.0,0.0,0.0,0.0,0.0,0.0,0.0,0,0.0,1,0.0,0,0.0,0,1.0,0.0,0.0,1,0,0,0.0,0,0,0.0,1.0,0.0,0.0,0.0,0.0,0,0.0,0,0.0,0,0,0.0,0.0,1.0,1.0,0.0,inward,BZT
1915,0.0,0.0,0.0,0.0,0.0,0,1,0.0,0.0,0,0.0,0.0,0.0,0,0,1,0,0.0,0.0,0.0,0,0.0,0,0.0,0.0,1.0,1,1.0,0.0,0.0,0.0,0.0,0.0,0.0,0.0,0,0.0,0,0.0,1,0.0,0,1.0,0.0,1.0,1,1,1,0.0,1,0,0.0,1.0,0.0,0.0,0.0,0.0,0,0.0,1,0.0,0,0,0.0,0.0,1.0,1.0,1.0,inward,BZT
1916,0.0,0.0,0.0,0.0,0.0,0,1,0.0,1.0,0,0.0,0.0,0.0,0,0,1,0,0.0,0.0,0.0,1,0.0,0,0.0,0.0,1.0,1,1.0,0.0,0.0,1.0,0.0,0.0,0.0,0.0,0,0.0,1,0.0,1,0.0,0,1.0,0.0,0.0,1,0,1,0.0,0,1,0.0,1.0,0.0,0.0,0.0,0.0,0,0.0,1,0.0,0,0,0.0,0.0,1.0,1.0,0.0,inward,BZT
1917,0.0,0.0,0.0,0.0,0.0,0,0,0.0,0.0,0,0.0,0.0,0.0,0,0,1,1,0.0,0.0,0.0,1,0.0,0,0.0,0.0,0.0,1,1.0,0.0,0.0,0.0,0.0,0.0,0.0,0.0,0,0.0,0,0.0,1,0.0,0,1.0,0.0,1.0,1,0,0,0.0,1,0,0.0,1.0,0.0,0.0,0.0,0.0,0,0.0,1,0.0,0,0,0.0,0.0,1.0,0.0,0.0,inward,BZT
1918,0.0,0.0,0.0,0.0,0.0,0,1,0.0,0.0,0,0.0,0.0,0.0,0,0,1,1,0.0,0.0,0.0,0,0.0,0,0.0,0.0,1.0,1,1.0,0.0,0.0,1.0,0.0,0.0,0.0,0.0,0,0.0,1,0.0,1,0.0,0,1.0,1.0,0.0,1,0,1,0.0,0,0,0.0,1.0,0.0,0.0,0.0,0.0,0,0.0,1,0.0,0,0,0.0,0.0,1.0,0.0,0.0,inward,BZT
1919,0.0,0.0,0.0,0.0,0.0,0,1,0.0,1.0,1,0.0,0.0,0.0,0,0,1,1,0.0,0.0,0.0,0,0.0,0,0.0,0.0,1.0,0,1.0,0.0,0.0,1.0,0.0,0.0,0.0,0.0,0,0.0,0,0.0,1,0.0,0,1.0,0.0,0.0,1,0,1,0.0,0,0,0.0,1.0,1.0,0.0,0.0,0.0,0,0.0,0,0.0,0,0,0.0,0.0,1.0,1.0,0.0,inward,BZT
1920,0.0,0.0,0.0,0.0,0.0,0,0,0.0,0.0,0,0.0,0.0,0.0,0,0,1,1,0.0,0.0,0.0,1,0.0,0,0.0,0.0,1.0,1,1.0,0.0,0.0,1.0,0.0,0.0,0.0,0.0,0,0.0,0,0.0,1,0.0,0,1.0,1.0,0.0,1,0,1,0.0,0,0,0.0,1.0,0.0,0.0,0.0,0.0,0,0.0,1,0.0,0,0,0.0,0.0,1.0,0.0,1.0,inward,BZT
1921,0.0,0.0,0.0,0.0,0.0,0,0,0.0,0.0,0,0.0,0.0,0.0,0,0,1,1,0.0,0.0,0.0,0,0.0,0,0.0,0.0,0.0,1,1.0,0.0,0.0,1.0,0.0,0.0,0.0,0.0,0,0.0,0,0.0,0,0.0,0,1.0,0.0,0.0,1,0,0,0.0,0,1,0.0,1.0,1.0,0.0,0.0,0.0,0,0.0,1,0.0,0,0,0.0,0.0,1.0,1.0,0.0,inward,BZT
1922,0.0,0.0,0.0,0.0,0.0,0,1,0.0,0.0,0,0.0,0.0,0.0,0,0,1,1,0.0,0.0,0.0,0,0.0,0,0.0,0.0,0.0,1,1.0,1.0,0.0,1.0,0.0,0.0,0.0,0.0,0,0.0,1,0.0,1,0.0,0,0.0,0.0,0.0,1,0,1,0.0,0,0,0.0,1.0,0.0,0.0,0.0,0.0,0,0.0,0,0.0,0,0,0.0,0.0,1.0,1.0,0.0,inward,BZT
1923,0.0,0.0,0.0,0.0,0.0,0,0,0.0,0.0,0,0.0,0.0,0.0,0,0,1,0,0.0,0.0,0.0,1,0.0,0,0.0,0.0,1.0,1,1.0,0.0,0.0,1.0,0.0,0.0,0.0,0.0,0,0.0,1,0.0,1,0.0,0,1.0,0.0,0.0,1,0,1,0.0,1,1,0.0,1.0,0.0,0.0,0.0,0.0,0,0.0,1,0.0,0,0,0.0,0.0,1.0,1.0,0.0,inward,BZT
1924,0.0,0.0,0.0,0.0,0.0,0,1,0.0,0.0,0,0.0,0.0,0.0,0,0,1,1,0.0,0.0,0.0,1,0.0,0,0.0,0.0,0.0,1,1.0,0.0,0.0,1.0,0.0,0.0,0.0,0.0,0,0.0,1,0.0,1,0.0,0,1.0,1.0,1.0,1,0,1,0.0,0,0,0.0,1.0,0.0,0.0,0.0,0.0,0,0.0,0,0.0,0,0,0.0,0.0,1.0,1.0,0.0,inward,BZT
1925,0.0,0.0,0.0,0.0,0.0,0,1,0.0,0.0,1,0.0,0.0,0.0,0,0,1,1,0.0,0.0,0.0,1,0.0,0,0.0,0.0,1.0,1,1.0,0.0,0.0,1.0,0.0,0.0,0.0,0.0,0,0.0,0,0.0,0,0.0,0,1.0,0.0,0.0,1,1,1,0.0,1,1,0.0,1.0,0.0,0.0,0.0,0.0,0,0.0,1,0.0,0,0,0.0,0.0,1.0,1.0,0.0,inward,BZT
1926,0.0,0.0,0.0,0.0,0.0,0,1,0.0,0.0,1,0.0,0.0,0.0,1,0,1,1,0.0,0.0,0.0,1,0.0,0,0.0,0.0,0.0,1,1.0,0.0,0.0,0.0,0.0,0.0,0.0,0.0,0,0.0,0,0.0,1,0.0,0,1.0,0.0,0.0,1,0,1,0.0,1,0,0.0,1.0,0.0,0.0,0.0,0.0,0,0.0,1,0.0,0,0,0.0,0.0,1.0,0.0,1.0,inward,BZT
1927,0.0,0.0,0.0,0.0,0.0,0,1,0.0,0.0,0,0.0,0.0,0.0,0,0,1,0,0.0,0.0,0.0,1,0.0,0,0.0,0.0,0.0,1,1.0,0.0,0.0,1.0,0.0,0.0,0.0,0.0,0,0.0,0,0.0,0,0.0,0,1.0,0.0,0.0,1,0,1,0.0,0,1,0.0,1.0,0.0,0.0,0.0,0.0,0,0.0,0,0.0,0,0,0.0,0.0,1.0,1.0,0.0,inward,BZT
1928,0.0,0.0,0.0,0.0,0.0,0,0,0.0,0.0,0,0.0,0.0,0.0,0,0,1,1,0.0,0.0,0.0,0,1.0,0,0.0,0.0,0.0,0,0.0,0.0,0.0,0.0,0.0,0.0,0.0,0.0,0,0.0,0,0.0,1,0.0,0,1.0,0.0,1.0,1,1,0,0.0,0,0,0.0,1.0,0.0,0.0,0.0,0.0,0,0.0,1,0.0,0,0,0.0,0.0,1.0,0.0,1.0,inward,BZT
1929,0.0,0.0,0.0,0.0,0.0,0,1,0.0,1.0,0,0.0,0.0,0.0,1,0,1,1,0.0,0.0,0.0,0,0.0,0,1.0,0.0,0.0,0,1.0,0.0,0.0,1.0,0.0,1.0,0.0,0.0,0,0.0,1,0.0,1,0.0,0,1.0,0.0,0.0,1,1,1,0.0,0,0,0.0,1.0,0.0,0.0,0.0,0.0,0,0.0,1,0.0,0,0,0.0,0.0,1.0,0.0,1.0,inward,BZT
1930,0.0,0.0,0.0,0.0,0.0,0,1,0.0,0.0,0,0.0,0.0,0.0,0,0,1,0,0.0,0.0,0.0,1,0.0,0,0.0,0.0,1.0,1,0.0,0.0,0.0,1.0,0.0,0.0,0.0,0.0,0,0.0,1,0.0,1,0.0,0,1.0,0.0,0.0,1,0,1,0.0,0,0,0.0,1.0,0.0,0.0,0.0,0.0,0,0.0,0,0.0,0,0,0.0,0.0,1.0,1.0,0.0,inward,BZT
1931,0.0,0.0,0.0,0.0,0.0,0,0,0.0,1.0,0,0.0,0.0,0.0,0,0,1,1,0.0,0.0,0.0,1,0.0,0,0.0,0.0,1.0,0,1.0,0.0,0.0,0.0,0.0,0.0,0.0,0.0,0,0.0,0,0.0,1,0.0,0,1.0,0.0,0.0,1,0,0,0.0,0,0,0.0,1.0,0.0,0.0,0.0,0.0,0,0.0,1,0.0,0,0,0.0,0.0,1.0,0.0,1.0,inward,BZT
1932,0.0,0.0,0.0,0.0,0.0,0,0,0.0,0.0,0,0.0,0.0,0.0,0,0,1,0,0.0,0.0,0.0,0,0.0,0,0.0,0.0,1.0,1,1.0,1.0,0.0,1.0,0.0,0.0,0.0,0.0,0,0.0,1,0.0,1,0.0,0,1.0,0.0,0.0,1,1,1,0.0,0,1,0.0,1.0,0.0,0.0,0.0,0.0,0,0.0,1,0.0,0,0,0.0,0.0,1.0,1.0,0.0,inward,BZT
1933,0.0,0.0,0.0,0.0,0.0,0,0,0.0,0.0,0,0.0,0.0,0.0,0,0,1,1,0.0,0.0,0.0,1,0.0,0,0.0,0.0,1.0,0,1.0,0.0,0.0,1.0,0.0,0.0,0.0,0.0,0,0.0,0,0.0,1,0.0,0,1.0,1.0,1.0,1,0,1,0.0,0,0,0.0,1.0,0.0,0.0,0.0,0.0,0,0.0,1,0.0,0,0,0.0,0.0,1.0,1.0,0.0,inward,BZT
1934,0.0,0.0,0.0,0.0,0.0,0,0,0.0,0.0,0,0.0,0.0,0.0,0,0,1,0,0.0,0.0,0.0,0,0.0,0,0.0,0.0,1.0,0,1.0,0.0,0.0,1.0,0.0,0.0,0.0,0.0,0,0.0,1,0.0,0,0.0,0,1.0,0.0,1.0,1,1,0,0.0,0,0,0.0,1.0,1.0,0.0,0.0,0.0,0,0.0,1,0.0,0,0,0.0,0.0,1.0,1.0,0.0,inward,BZT
1935,0.0,0.0,0.0,0.0,0.0,0,1,0.0,1.0,1,0.0,0.0,0.0,1,0,1,1,0.0,0.0,0.0,1,0.0,0,0.0,0.0,1.0,1,1.0,0.0,0.0,0.0,0.0,0.0,0.0,0.0,0,0.0,1,0.0,0,0.0,0,1.0,0.0,0.0,1,1,1,0.0,1,1,0.0,1.0,0.0,0.0,0.0,0.0,0,0.0,0,0.0,0,0,0.0,0.0,1.0,0.0,0.0,inward,BZT
1936,0.0,0.0,0.0,0.0,0.0,0,1,0.0,1.0,1,0.0,0.0,0.0,0,0,1,1,0.0,0.0,0.0,0,0.0,0,0.0,0.0,1.0,1,0.0,0.0,0.0,0.0,0.0,0.0,0.0,0.0,0,0.0,1,0.0,0,0.0,0,1.0,0.0,0.0,1,0,1,0.0,0,0,0.0,1.0,0.0,0.0,0.0,0.0,0,0.0,1,0.0,0,0,0.0,0.0,1.0,0.0,1.0,inward,BZT
1937,0.0,0.0,0.0,0.0,0.0,0,0,0.0,1.0,0,0.0,0.0,0.0,0,0,1,1,0.0,0.0,0.0,1,0.0,0,0.0,0.0,0.0,1,1.0,0.0,0.0,0.0,0.0,0.0,0.0,0.0,0,0.0,1,0.0,1,0.0,0,1.0,1.0,0.0,1,0,0,0.0,0,0,0.0,1.0,0.0,0.0,0.0,0.0,0,0.0,1,0.0,0,0,0.0,0.0,1.0,0.0,0.0,inward,BZT
1938,0.0,0.0,0.0,0.0,0.0,0,1,0.0,0.0,0,0.0,0.0,0.0,0,0,1,0,0.0,0.0,0.0,1,0.0,0,0.0,0.0,1.0,0,1.0,0.0,0.0,1.0,0.0,0.0,0.0,0.0,0,0.0,0,0.0,0,0.0,0,1.0,1.0,0.0,1,0,0,0.0,0,0,0.0,1.0,1.0,0.0,0.0,0.0,0,0.0,0,0.0,0,0,0.0,0.0,1.0,1.0,0.0,inward,BZT
1939,0.0,0.0,0.0,0.0,0.0,0,0,0.0,0.0,0,0.0,0.0,0.0,0,0,1,1,0.0,0.0,0.0,1,0.0,0,0.0,0.0,0.0,0,0.0,0.0,0.0,0.0,0.0,0.0,0.0,0.0,0,0.0,0,0.0,1,0.0,0,1.0,0.0,0.0,1,1,1,0.0,1,0,0.0,1.0,0.0,0.0,0.0,0.0,0,0.0,1,0.0,0,0,0.0,0.0,1.0,0.0,0.0,inward,BZT
1940,0.0,0.0,0.0,0.0,0.0,0,0,0.0,1.0,0,0.0,0.0,0.0,0,0,1,1,0.0,0.0,0.0,0,0.0,0,0.0,0.0,0.0,0,1.0,0.0,0.0,0.0,0.0,0.0,0.0,0.0,0,0.0,1,0.0,0,0.0,0,1.0,0.0,1.0,1,0,0,0.0,0,0,0.0,1.0,0.0,0.0,0.0,0.0,0,0.0,1,0.0,0,0,0.0,0.0,1.0,1.0,0.0,inward,BZT
1941,0.0,0.0,0.0,0.0,0.0,0,0,0.0,0.0,0,0.0,0.0,0.0,0,0,1,0,0.0,0.0,0.0,0,0.0,0,0.0,0.0,1.0,1,0.0,0.0,0.0,1.0,0.0,0.0,0.0,0.0,0,0.0,1,0.0,0,0.0,0,1.0,0.0,1.0,1,0,1,0.0,0,1,0.0,1.0,0.0,0.0,0.0,0.0,0,0.0,1,0.0,0,0,0.0,0.0,1.0,1.0,0.0,inward,BZT
1942,0.0,0.0,0.0,0.0,0.0,0,1,0.0,1.0,0,0.0,0.0,0.0,0,0,1,1,0.0,0.0,0.0,0,0.0,0,0.0,0.0,1.0,0,0.0,0.0,0.0,1.0,0.0,0.0,0.0,0.0,0,0.0,1,0.0,0,0.0,0,1.0,0.0,0.0,1,1,1,0.0,1,1,0.0,1.0,0.0,0.0,0.0,0.0,0,0.0,1,0.0,0,0,0.0,0.0,1.0,0.0,0.0,inward,BZT
1943,0.0,0.0,0.0,0.0,0.0,0,0,0.0,0.0,0,0.0,0.0,0.0,0,0,1,1,0.0,0.0,0.0,1,0.0,0,0.0,0.0,0.0,0,1.0,1.0,0.0,1.0,0.0,0.0,0.0,0.0,0,0.0,1,0.0,1,0.0,1,1.0,0.0,0.0,1,0,0,0.0,0,0,0.0,1.0,0.0,0.0,0.0,0.0,0,0.0,1,0.0,0,0,0.0,0.0,1.0,0.0,0.0,inward,BZT
1944,0.0,0.0,0.0,0.0,0.0,0,0,0.0,0.0,0,0.0,0.0,0.0,1,0,1,1,0.0,0.0,0.0,1,0.0,0,0.0,0.0,1.0,0,0.0,0.0,0.0,1.0,0.0,0.0,0.0,0.0,0,0.0,0,0.0,0,0.0,0,1.0,0.0,1.0,1,1,1,0.0,0,0,0.0,1.0,0.0,0.0,0.0,0.0,0,0.0,1,0.0,0,0,0.0,0.0,1.0,0.0,1.0,inward,BZT
1945,0.0,0.0,0.0,0.0,0.0,0,1,0.0,0.0,0,0.0,0.0,0.0,0,0,1,1,0.0,0.0,0.0,1,0.0,0,0.0,0.0,1.0,1,1.0,0.0,0.0,1.0,0.0,0.0,0.0,0.0,0,0.0,1,0.0,1,0.0,0,1.0,1.0,0.0,1,0,1,0.0,0,1,0.0,1.0,0.0,0.0,0.0,0.0,0,0.0,1,0.0,0,0,0.0,0.0,1.0,0.0,0.0,inward,BZT
1946,0.0,0.0,0.0,0.0,0.0,0,0,0.0,0.0,0,0.0,0.0,0.0,1,0,1,1,0.0,0.0,0.0,1,0.0,0,0.0,0.0,1.0,1,1.0,0.0,0.0,1.0,0.0,0.0,0.0,0.0,0,0.0,1,0.0,0,0.0,0,1.0,0.0,0.0,1,1,1,0.0,1,0,0.0,1.0,0.0,0.0,0.0,0.0,0,0.0,1,0.0,0,0,0.0,0.0,1.0,0.0,0.0,inward,BZT
1947,0.0,0.0,0.0,0.0,0.0,0,0,0.0,0.0,0,0.0,0.0,0.0,0,0,1,1,0.0,0.0,0.0,0,0.0,0,0.0,0.0,1.0,0,1.0,1.0,0.0,1.0,0.0,0.0,0.0,0.0,0,0.0,1,0.0,0,0.0,0,1.0,0.0,1.0,1,0,1,0.0,0,0,0.0,1.0,0.0,0.0,0.0,0.0,0,0.0,1,0.0,0,0,0.0,0.0,1.0,0.0,0.0,inward,BZT
1948,0.0,0.0,0.0,0.0,0.0,0,0,0.0,0.0,0,0.0,0.0,0.0,1,0,1,1,0.0,0.0,0.0,0,0.0,0,0.0,0.0,1.0,1,1.0,0.0,0.0,1.0,0.0,1.0,0.0,0.0,0,0.0,0,0.0,0,0.0,0,1.0,0.0,0.0,1,1,1,0.0,1,0,0.0,1.0,1.0,0.0,0.0,0.0,0,0.0,1,0.0,0,0,0.0,0.0,1.0,1.0,0.0,inward,BZT
1949,0.0,0.0,0.0,0.0,0.0,0,0,0.0,0.0,0,0.0,0.0,0.0,0,0,1,1,0.0,0.0,0.0,0,0.0,0,0.0,0.0,0.0,0,1.0,0.0,0.0,0.0,0.0,0.0,0.0,0.0,0,0.0,0,0.0,0,0.0,0,1.0,0.0,0.0,1,0,1,0.0,0,1,0.0,1.0,0.0,0.0,0.0,0.0,0,0.0,1,0.0,0,0,0.0,0.0,1.0,1.0,0.0,inward,BZT
1950,0.0,0.0,0.0,0.0,0.0,0,0,0.0,0.0,0,0.0,0.0,0.0,0,0,1,1,0.0,0.0,0.0,1,0.0,0,0.0,0.0,1.0,1,1.0,0.0,0.0,1.0,0.0,0.0,0.0,0.0,0,0.0,0,0.0,0,0.0,0,1.0,0.0,1.0,1,0,1,0.0,0,0,0.0,1.0,0.0,0.0,0.0,0.0,0,0.0,1,0.0,0,0,0.0,0.0,1.0,0.0,0.0,inward,BZT
1951,0.0,0.0,0.0,0.0,0.0,0,0,0.0,1.0,1,0.0,0.0,0.0,0,0,1,1,0.0,0.0,0.0,1,0.0,0,0.0,0.0,1.0,1,1.0,1.0,0.0,0.0,0.0,0.0,0.0,0.0,0,0.0,1,0.0,0,0.0,0,1.0,0.0,0.0,1,1,1,0.0,1,0,0.0,1.0,0.0,0.0,0.0,0.0,0,0.0,0,0.0,0,0,0.0,0.0,1.0,0.0,0.0,inward,BZT
1952,0.0,0.0,0.0,0.0,0.0,0,1,0.0,1.0,0,0.0,0.0,0.0,1,0,1,1,0.0,0.0,0.0,1,0.0,0,0.0,0.0,1.0,1,1.0,0.0,0.0,1.0,0.0,0.0,0.0,0.0,0,0.0,1,0.0,0,0.0,0,1.0,0.0,0.0,1,0,0,0.0,1,1,0.0,1.0,0.0,0.0,0.0,0.0,0,0.0,1,0.0,0,0,0.0,0.0,1.0,0.0,0.0,inward,BZT
1953,0.0,0.0,0.0,0.0,0.0,0,0,0.0,0.0,0,0.0,0.0,0.0,0,0,1,0,0.0,0.0,0.0,1,0.0,0,0.0,0.0,1.0,1,1.0,0.0,0.0,0.0,0.0,0.0,0.0,0.0,0,0.0,1,0.0,1,0.0,0,1.0,1.0,0.0,1,0,1,0.0,0,0,0.0,1.0,0.0,0.0,0.0,0.0,0,0.0,0,0.0,0,0,0.0,0.0,1.0,0.0,0.0,inward,BZT
1954,0.0,0.0,0.0,0.0,0.0,0,1,0.0,1.0,0,0.0,0.0,0.0,0,0,1,0,0.0,0.0,0.0,1,0.0,0,0.0,0.0,1.0,1,1.0,1.0,0.0,1.0,0.0,0.0,0.0,0.0,0,0.0,0,0.0,0,0.0,0,1.0,1.0,0.0,1,0,1,0.0,0,0,0.0,1.0,0.0,0.0,0.0,0.0,0,0.0,1,0.0,0,0,0.0,0.0,1.0,1.0,0.0,inward,BZT
1955,0.0,0.0,0.0,0.0,0.0,0,0,0.0,1.0,0,0.0,0.0,0.0,0,0,1,1,0.0,0.0,0.0,1,0.0,0,0.0,0.0,0.0,1,1.0,1.0,0.0,1.0,0.0,0.0,0.0,0.0,0,0.0,1,0.0,1,0.0,0,1.0,0.0,0.0,1,0,1,0.0,0,0,0.0,1.0,0.0,0.0,0.0,0.0,0,0.0,0,0.0,0,0,0.0,0.0,1.0,1.0,0.0,inward,BZT
1956,0.0,0.0,0.0,0.0,0.0,0,0,0.0,0.0,0,0.0,0.0,0.0,0,0,1,0,0.0,0.0,0.0,1,0.0,0,0.0,0.0,1.0,1,1.0,1.0,0.0,1.0,0.0,0.0,0.0,0.0,0,0.0,0,0.0,1,0.0,0,1.0,0.0,0.0,1,0,1,0.0,0,0,0.0,1.0,0.0,0.0,0.0,0.0,0,0.0,1,0.0,0,0,0.0,0.0,1.0,1.0,0.0,inward,BZT
1957,0.0,0.0,0.0,0.0,0.0,0,0,0.0,0.0,0,0.0,0.0,0.0,0,0,1,1,0.0,0.0,0.0,1,0.0,0,0.0,0.0,1.0,1,1.0,0.0,0.0,1.0,0.0,0.0,0.0,0.0,0,0.0,1,0.0,0,0.0,0,1.0,0.0,0.0,1,1,1,0.0,0,0,0.0,1.0,0.0,0.0,0.0,0.0,0,0.0,1,0.0,0,0,0.0,0.0,1.0,0.0,0.0,inward,BZT
1958,0.0,0.0,0.0,0.0,0.0,0,1,0.0,0.0,0,0.0,0.0,0.0,0,0,1,0,0.0,0.0,0.0,1,0.0,0,0.0,0.0,1.0,1,1.0,1.0,0.0,1.0,0.0,1.0,0.0,0.0,0,0.0,1,0.0,1,0.0,0,1.0,0.0,1.0,1,1,1,0.0,0,0,0.0,1.0,0.0,0.0,0.0,0.0,0,0.0,0,0.0,0,0,0.0,0.0,1.0,1.0,0.0,inward,BZT
1959,0.0,0.0,0.0,0.0,0.0,0,0,0.0,0.0,0,0.0,0.0,0.0,1,0,1,1,0.0,0.0,0.0,1,0.0,0,0.0,0.0,1.0,0,1.0,1.0,0.0,1.0,0.0,0.0,0.0,0.0,0,0.0,0,0.0,1,0.0,0,1.0,0.0,1.0,1,1,1,0.0,0,0,0.0,1.0,0.0,0.0,0.0,0.0,0,0.0,0,0.0,0,0,0.0,0.0,1.0,1.0,0.0,inward,BZT
1960,0.0,0.0,0.0,0.0,0.0,0,1,0.0,0.0,0,0.0,0.0,0.0,0,0,1,0,0.0,0.0,0.0,1,0.0,0,0.0,0.0,1.0,1,1.0,1.0,0.0,1.0,0.0,0.0,0.0,0.0,0,0.0,1,0.0,1,0.0,0,1.0,0.0,1.0,1,1,1,0.0,1,0,0.0,1.0,0.0,0.0,0.0,0.0,0,0.0,1,0.0,0,0,0.0,0.0,1.0,1.0,0.0,inward,BZT
1961,0.0,0.0,0.0,0.0,0.0,0,0,0.0,0.0,0,0.0,0.0,0.0,0,0,1,0,0.0,0.0,0.0,1,0.0,0,0.0,0.0,0.0,0,1.0,1.0,0.0,1.0,0.0,0.0,0.0,0.0,0,0.0,0,0.0,1,0.0,0,1.0,0.0,0.0,1,0,1,0.0,0,0,0.0,1.0,0.0,0.0,0.0,0.0,0,0.0,1,0.0,0,0,0.0,0.0,1.0,1.0,0.0,inward,BZT
1962,0.0,0.0,0.0,0.0,0.0,0,1,0.0,0.0,0,0.0,0.0,0.0,1,0,1,1,0.0,0.0,0.0,1,1.0,0,0.0,0.0,0.0,1,1.0,0.0,0.0,0.0,0.0,0.0,0.0,0.0,0,0.0,0,0.0,1,0.0,1,1.0,1.0,0.0,1,1,1,0.0,0,0,0.0,1.0,0.0,0.0,0.0,0.0,1,0.0,1,0.0,0,0,0.0,0.0,1.0,1.0,0.0,inward,BZT
1963,0.0,0.0,0.0,0.0,0.0,0,0,0.0,0.0,0,0.0,0.0,0.0,1,0,1,1,0.0,0.0,0.0,0,1.0,0,0.0,0.0,0.0,0,1.0,0.0,0.0,0.0,0.0,0.0,0.0,0.0,0,0.0,0,0.0,1,0.0,0,1.0,0.0,0.0,1,0,1,0.0,0,1,0.0,0.0,0.0,0.0,0.0,0.0,0,0.0,1,0.0,0,0,0.0,0.0,1.0,1.0,0.0,inward,BZT
1964,0.0,0.0,0.0,0.0,0.0,0,1,0.0,0.0,0,0.0,0.0,0.0,0,0,1,1,0.0,0.0,0.0,1,0.0,0,0.0,0.0,0.0,1,1.0,1.0,0.0,1.0,0.0,0.0,0.0,0.0,0,0.0,1,0.0,0,0.0,0,0.0,0.0,0.0,1,0,1,0.0,0,1,0.0,1.0,0.0,0.0,0.0,0.0,0,0.0,1,0.0,0,0,0.0,0.0,1.0,0.0,0.0,inward,BZT
1965,0.0,0.0,0.0,0.0,0.0,0,1,0.0,0.0,0,0.0,0.0,0.0,0,0,1,1,0.0,0.0,0.0,1,0.0,0,0.0,0.0,1.0,1,0.0,0.0,0.0,1.0,0.0,0.0,0.0,0.0,0,0.0,0,0.0,0,0.0,0,1.0,0.0,0.0,1,0,1,0.0,0,0,0.0,1.0,1.0,0.0,0.0,0.0,0,0.0,1,0.0,0,0,0.0,0.0,1.0,0.0,0.0,inward,BZT
1966,0.0,0.0,0.0,0.0,0.0,0,1,0.0,0.0,0,0.0,0.0,0.0,0,0,1,1,0.0,0.0,0.0,1,0.0,0,1.0,0.0,0.0,1,0.0,0.0,0.0,0.0,0.0,0.0,0.0,0.0,0,0.0,1,0.0,0,0.0,0,1.0,0.0,0.0,1,1,1,0.0,0,1,0.0,1.0,0.0,0.0,0.0,0.0,0,0.0,0,0.0,0,0,0.0,0.0,1.0,0.0,1.0,inward,BZT
1967,0.0,0.0,0.0,0.0,0.0,0,0,0.0,0.0,0,0.0,0.0,0.0,0,0,1,1,0.0,0.0,0.0,0,0.0,0,1.0,0.0,0.0,0,0.0,0.0,0.0,0.0,0.0,0.0,0.0,0.0,0,0.0,1,0.0,1,0.0,1,1.0,0.0,0.0,1,1,0,0.0,0,1,0.0,0.0,0.0,0.0,0.0,0.0,0,0.0,1,0.0,0,0,0.0,0.0,1.0,0.0,1.0,inward,BZT
1968,0.0,0.0,0.0,0.0,0.0,0,1,0.0,0.0,0,0.0,0.0,0.0,0,0,1,1,0.0,0.0,0.0,1,0.0,0,0.0,0.0,0.0,1,0.0,0.0,0.0,0.0,0.0,0.0,0.0,0.0,0,0.0,0,0.0,0,0.0,0,0.0,0.0,0.0,1,0,0,0.0,0,1,0.0,1.0,0.0,0.0,0.0,0.0,0,0.0,1,0.0,0,0,0.0,0.0,1.0,1.0,0.0,inward,BZT
1969,0.0,0.0,0.0,0.0,0.0,0,0,0.0,0.0,0,0.0,0.0,0.0,0,0,1,1,0.0,0.0,0.0,1,0.0,0,0.0,0.0,0.0,0,1.0,0.0,0.0,0.0,0.0,0.0,0.0,0.0,0,0.0,0,0.0,1,0.0,0,1.0,0.0,1.0,1,1,0,0.0,0,0,0.0,0.0,0.0,0.0,0.0,0.0,0,0.0,0,0.0,0,0,0.0,0.0,1.0,1.0,0.0,inward,BZT
1970,0.0,0.0,0.0,0.0,0.0,0,1,0.0,0.0,0,0.0,0.0,0.0,0,0,1,1,0.0,0.0,0.0,1,0.0,0,0.0,0.0,0.0,1,0.0,0.0,0.0,0.0,0.0,0.0,0.0,0.0,0,0.0,0,0.0,1,0.0,0,1.0,0.0,1.0,1,0,1,0.0,0,0,0.0,1.0,0.0,0.0,0.0,0.0,0,0.0,1,0.0,0,0,0.0,0.0,1.0,1.0,0.0,inward,BZT
1971,0.0,0.0,0.0,0.0,0.0,0,0,0.0,0.0,0,0.0,0.0,0.0,0,0,1,0,0.0,0.0,0.0,1,1.0,0,0.0,0.0,0.0,0,0.0,0.0,0.0,0.0,0.0,0.0,0.0,0.0,0,0.0,1,0.0,1,0.0,0,1.0,0.0,0.0,1,1,1,0.0,0,0,0.0,0.0,0.0,0.0,0.0,0.0,0,0.0,1,0.0,0,0,0.0,0.0,1.0,1.0,0.0,inward,BZT
1972,0.0,0.0,0.0,0.0,0.0,0,0,0.0,0.0,0,0.0,0.0,0.0,0,0,1,1,0.0,0.0,0.0,1,1.0,0,0.0,0.0,0.0,1,1.0,0.0,0.0,0.0,0.0,0.0,0.0,0.0,0,0.0,1,0.0,1,0.0,0,1.0,0.0,0.0,1,1,0,0.0,0,0,0.0,0.0,0.0,0.0,0.0,0.0,0,0.0,1,0.0,0,0,0.0,0.0,1.0,1.0,1.0,inward,BZT
1973,0.0,0.0,0.0,0.0,0.0,0,1,0.0,0.0,0,0.0,0.0,0.0,0,0,1,1,0.0,0.0,0.0,1,1.0,0,0.0,0.0,0.0,0,0.0,0.0,0.0,0.0,0.0,0.0,0.0,0.0,0,0.0,1,0.0,1,0.0,0,1.0,0.0,0.0,1,1,0,0.0,0,1,0.0,1.0,0.0,0.0,0.0,0.0,0,0.0,1,0.0,0,0,0.0,0.0,1.0,1.0,0.0,inward,BZT
1974,0.0,0.0,0.0,0.0,0.0,0,0,0.0,0.0,0,0.0,0.0,0.0,0,0,1,1,0.0,0.0,0.0,1,0.0,0,0.0,0.0,0.0,1,1.0,0.0,0.0,0.0,0.0,0.0,0.0,0.0,0,0.0,0,0.0,1,0.0,1,1.0,0.0,1.0,1,0,0,0.0,0,0,0.0,1.0,0.0,0.0,0.0,0.0,0,0.0,0,0.0,0,0,0.0,0.0,1.0,1.0,1.0,inward,BZT
1975,0.0,0.0,0.0,0.0,0.0,0,0,0.0,0.0,0,0.0,0.0,0.0,0,0,1,0,0.0,0.0,0.0,1,1.0,0,0.0,0.0,1.0,1,1.0,0.0,0.0,1.0,0.0,0.0,0.0,0.0,0,0.0,1,0.0,1,0.0,0,1.0,0.0,0.0,1,0,0,0.0,1,0,0.0,1.0,0.0,0.0,0.0,0.0,0,0.0,1,0.0,0,0,0.0,0.0,1.0,0.0,0.0,inward,BZT
1976,0.0,0.0,0.0,0.0,0.0,0,0,0.0,0.0,0,0.0,0.0,0.0,1,0,1,1,0.0,0.0,0.0,0,1.0,0,0.0,0.0,0.0,0,1.0,0.0,0.0,1.0,0.0,0.0,0.0,0.0,0,0.0,0,0.0,1,0.0,0,1.0,0.0,0.0,1,0,1,0.0,0,1,0.0,0.0,0.0,0.0,0.0,0.0,0,0.0,1,0.0,0,0,0.0,0.0,1.0,1.0,1.0,inward,BZT
1977,0.0,0.0,0.0,0.0,0.0,0,0,0.0,0.0,0,0.0,0.0,0.0,0,0,1,0,0.0,0.0,0.0,1,0.0,0,0.0,0.0,0.0,0,1.0,0.0,0.0,1.0,0.0,0.0,0.0,0.0,0,0.0,1,0.0,1,0.0,0,1.0,0.0,1.0,1,0,1,0.0,0,0,0.0,1.0,0.0,0.0,0.0,0.0,0,0.0,0,0.0,0,0,0.0,0.0,1.0,1.0,0.0,inward,BZT
1978,0.0,0.0,0.0,0.0,0.0,0,0,0.0,0.0,0,0.0,0.0,0.0,0,0,1,1,0.0,0.0,0.0,0,0.0,0,0.0,0.0,0.0,1,1.0,0.0,0.0,0.0,0.0,0.0,0.0,0.0,0,0.0,0,0.0,1,0.0,1,1.0,1.0,0.0,1,0,1,0.0,0,0,0.0,1.0,0.0,0.0,0.0,0.0,0,0.0,1,0.0,0,0,0.0,0.0,1.0,1.0,1.0,inward,BZT
1979,0.0,0.0,0.0,0.0,0.0,0,0,0.0,0.0,0,0.0,0.0,0.0,0,0,1,1,0.0,0.0,0.0,0,0.0,0,0.0,0.0,0.0,0,1.0,0.0,0.0,1.0,0.0,0.0,0.0,0.0,0,0.0,1,0.0,0,0.0,0,1.0,0.0,0.0,1,0,0,0.0,0,0,0.0,1.0,0.0,0.0,0.0,0.0,0,0.0,1,0.0,0,0,0.0,0.0,1.0,1.0,0.0,inward,BZT
1980,0.0,0.0,0.0,0.0,0.0,0,0,0.0,0.0,0,0.0,0.0,0.0,0,0,1,1,0.0,0.0,0.0,0,0.0,0,0.0,0.0,0.0,0,1.0,0.0,0.0,0.0,0.0,0.0,0.0,0.0,0,0.0,1,0.0,1,0.0,0,1.0,0.0,1.0,1,0,1,0.0,0,1,0.0,1.0,0.0,0.0,0.0,0.0,0,0.0,1,0.0,0,0,0.0,0.0,1.0,1.0,0.0,inward,BZT
1981,0.0,0.0,0.0,0.0,0.0,0,1,0.0,0.0,0,0.0,0.0,0.0,0,0,1,0,0.0,0.0,0.0,0,0.0,0,0.0,0.0,0.0,1,1.0,0.0,0.0,0.0,0.0,0.0,0.0,0.0,0,0.0,1,0.0,1,0.0,0,1.0,0.0,1.0,1,1,0,0.0,0,1,0.0,1.0,0.0,0.0,0.0,0.0,0,0.0,1,0.0,0,0,0.0,0.0,1.0,1.0,0.0,inward,BZT
1982,0.0,0.0,0.0,0.0,0.0,0,0,0.0,1.0,1,0.0,0.0,0.0,0,0,1,1,0.0,0.0,0.0,0,0.0,0,0.0,0.0,0.0,1,0.0,0.0,0.0,1.0,0.0,1.0,0.0,0.0,0,0.0,0,0.0,0,0.0,0,1.0,0.0,1.0,1,0,0,0.0,0,1,0.0,1.0,1.0,0.0,0.0,0.0,0,0.0,1,0.0,0,0,0.0,0.0,1.0,0.0,0.0,inward,BZT
1983,0.0,0.0,0.0,0.0,0.0,0,0,0.0,0.0,0,0.0,0.0,0.0,1,0,1,1,0.0,0.0,0.0,1,0.0,0,0.0,0.0,1.0,1,1.0,0.0,0.0,0.0,0.0,0.0,0.0,0.0,0,0.0,1,0.0,1,0.0,0,1.0,0.0,0.0,1,0,1,0.0,0,0,0.0,1.0,1.0,0.0,0.0,0.0,0,0.0,1,0.0,0,0,0.0,0.0,1.0,1.0,0.0,inward,BZT
1984,0.0,0.0,0.0,0.0,0.0,0,1,0.0,1.0,0,0.0,0.0,0.0,0,0,1,0,0.0,0.0,0.0,1,0.0,0,0.0,0.0,1.0,1,1.0,0.0,0.0,1.0,0.0,0.0,0.0,0.0,0,0.0,1,0.0,1,0.0,0,1.0,0.0,0.0,1,0,1,0.0,0,0,0.0,1.0,1.0,0.0,0.0,0.0,0,0.0,1,0.0,0,0,0.0,0.0,1.0,0.0,0.0,inward,BZT
1985,0.0,0.0,0.0,0.0,0.0,0,0,0.0,1.0,1,0.0,0.0,0.0,0,0,1,0,0.0,0.0,0.0,1,0.0,0,0.0,0.0,1.0,1,0.0,0.0,0.0,0.0,0.0,0.0,0.0,0.0,0,0.0,1,0.0,0,0.0,0,1.0,0.0,1.0,1,0,1,0.0,1,0,0.0,1.0,0.0,0.0,0.0,0.0,0,0.0,1,0.0,0,0,0.0,0.0,1.0,1.0,0.0,inward,BZT
1986,0.0,0.0,0.0,0.0,0.0,0,1,0.0,1.0,1,0.0,0.0,0.0,0,0,1,1,0.0,0.0,0.0,0,0.0,0,0.0,0.0,1.0,1,0.0,0.0,0.0,1.0,0.0,0.0,0.0,0.0,0,0.0,0,0.0,1,0.0,0,0.0,0.0,0.0,1,1,1,0.0,1,0,0.0,1.0,0.0,0.0,0.0,0.0,0,0.0,0,0.0,0,0,0.0,0.0,1.0,0.0,0.0,inward,BZT
1987,0.0,0.0,0.0,0.0,0.0,0,0,0.0,1.0,0,0.0,0.0,0.0,0,0,1,1,0.0,0.0,0.0,1,0.0,0,0.0,0.0,0.0,1,1.0,0.0,0.0,1.0,0.0,0.0,0.0,0.0,0,0.0,1,0.0,1,0.0,0,1.0,1.0,0.0,1,0,0,0.0,0,0,0.0,1.0,1.0,0.0,0.0,0.0,0,0.0,0,0.0,0,0,0.0,0.0,1.0,0.0,0.0,inward,BZT
1988,0.0,0.0,0.0,0.0,0.0,0,0,0.0,0.0,0,0.0,0.0,0.0,0,0,1,0,0.0,0.0,0.0,1,0.0,0,0.0,0.0,1.0,1,1.0,0.0,0.0,1.0,0.0,0.0,0.0,0.0,0,0.0,1,0.0,1,0.0,0,1.0,1.0,0.0,1,0,1,0.0,1,1,0.0,1.0,0.0,0.0,0.0,0.0,0,0.0,1,0.0,0,0,0.0,0.0,1.0,1.0,0.0,inward,BZT
1989,0.0,0.0,0.0,0.0,0.0,0,0,0.0,1.0,1,0.0,0.0,0.0,0,0,1,1,0.0,0.0,0.0,1,0.0,0,0.0,0.0,0.0,0,1.0,0.0,0.0,1.0,0.0,0.0,0.0,0.0,0,0.0,1,0.0,0,0.0,0,1.0,0.0,0.0,1,0,1,0.0,1,0,0.0,1.0,1.0,0.0,0.0,0.0,0,0.0,0,0.0,0,0,0.0,0.0,1.0,1.0,0.0,inward,BZT
1990,0.0,0.0,0.0,0.0,0.0,0,0,0.0,0.0,0,0.0,0.0,0.0,0,0,1,1,0.0,0.0,0.0,1,0.0,0,0.0,0.0,0.0,0,1.0,0.0,0.0,1.0,0.0,0.0,0.0,0.0,0,0.0,0,0.0,1,0.0,0,1.0,0.0,1.0,1,1,1,0.0,0,0,0.0,1.0,0.0,0.0,0.0,0.0,0,0.0,0,0.0,0,0,0.0,0.0,1.0,1.0,0.0,inward,BZT
1991,0.0,0.0,0.0,0.0,0.0,0,0,0.0,0.0,0,0.0,0.0,0.0,0,0,1,1,0.0,0.0,0.0,1,0.0,0,0.0,0.0,1.0,0,1.0,0.0,0.0,0.0,0.0,0.0,0.0,0.0,0,0.0,0,0.0,1,0.0,0,1.0,0.0,1.0,1,0,1,0.0,0,0,0.0,1.0,0.0,0.0,0.0,0.0,0,0.0,1,0.0,0,0,0.0,0.0,1.0,0.0,0.0,inward,BZT
1992,0.0,0.0,0.0,0.0,0.0,0,0,0.0,0.0,0,0.0,0.0,0.0,0,0,1,1,0.0,0.0,0.0,0,0.0,0,0.0,0.0,1.0,1,1.0,0.0,0.0,1.0,0.0,0.0,0.0,0.0,0,0.0,1,0.0,1,0.0,0,1.0,0.0,1.0,1,0,1,0.0,0,0,0.0,1.0,0.0,0.0,0.0,0.0,0,0.0,0,0.0,0,0,0.0,0.0,1.0,1.0,0.0,inward,BZT
1993,0.0,0.0,0.0,0.0,0.0,0,1,0.0,0.0,0,0.0,0.0,0.0,0,0,1,1,0.0,0.0,0.0,1,0.0,0,0.0,0.0,1.0,0,1.0,0.0,0.0,1.0,0.0,0.0,0.0,0.0,0,0.0,0,0.0,0,0.0,0,1.0,0.0,1.0,1,0,0,0.0,1,0,0.0,1.0,0.0,0.0,0.0,0.0,0,0.0,0,0.0,0,0,0.0,0.0,1.0,1.0,0.0,inward,BZT
1994,0.0,0.0,0.0,0.0,0.0,0,0,0.0,1.0,0,0.0,0.0,0.0,0,0,1,1,0.0,0.0,0.0,0,0.0,0,0.0,0.0,1.0,1,0.0,0.0,0.0,1.0,0.0,0.0,0.0,0.0,0,0.0,0,0.0,0,0.0,0,1.0,0.0,0.0,1,0,1,0.0,0,0,0.0,1.0,0.0,0.0,0.0,0.0,0,0.0,0,0.0,0,0,0.0,0.0,1.0,0.0,0.0,inward,BZT
1995,0.0,0.0,0.0,0.0,0.0,0,0,0.0,0.0,0,0.0,0.0,0.0,0,0,1,0,0.0,0.0,0.0,1,0.0,0,0.0,0.0,1.0,0,1.0,0.0,0.0,0.0,0.0,0.0,0.0,0.0,0,0.0,0,0.0,1,0.0,0,1.0,1.0,1.0,1,1,1,0.0,0,0,0.0,1.0,0.0,0.0,0.0,0.0,0,0.0,1,0.0,0,0,0.0,0.0,1.0,1.0,0.0,inward,BZT
1996,0.0,0.0,0.0,0.0,0.0,0,1,0.0,1.0,1,0.0,0.0,0.0,0,0,1,1,0.0,0.0,0.0,1,0.0,0,0.0,0.0,1.0,1,1.0,0.0,0.0,1.0,0.0,0.0,0.0,0.0,0,0.0,1,0.0,0,0.0,0,1.0,0.0,0.0,1,0,1,0.0,0,1,0.0,1.0,0.0,0.0,0.0,0.0,0,0.0,0,0.0,0,0,0.0,0.0,1.0,0.0,0.0,inward,BZT
1997,0.0,0.0,0.0,0.0,0.0,0,0,0.0,0.0,0,0.0,0.0,0.0,0,0,1,1,0.0,0.0,0.0,1,0.0,0,0.0,0.0,0.0,1,1.0,0.0,0.0,0.0,0.0,0.0,0.0,0.0,0,0.0,1,0.0,1,0.0,0,1.0,0.0,0.0,1,1,1,0.0,0,0,0.0,1.0,1.0,0.0,0.0,0.0,0,0.0,1,0.0,0,0,0.0,0.0,1.0,0.0,0.0,inward,BZT
1998,0.0,0.0,0.0,0.0,0.0,0,0,0.0,1.0,1,0.0,0.0,0.0,0,0,1,0,0.0,0.0,0.0,1,0.0,0,0.0,0.0,0.0,0,0.0,0.0,0.0,0.0,0.0,0.0,0.0,0.0,0,0.0,1,0.0,0,0.0,0,1.0,0.0,0.0,1,0,1,0.0,1,1,0.0,1.0,0.0,0.0,0.0,0.0,0,0.0,1,0.0,0,0,0.0,0.0,1.0,0.0,1.0,inward,BZT
1999,0.0,0.0,0.0,0.0,0.0,0,1,0.0,0.0,0,0.0,0.0,0.0,1,0,1,1,0.0,0.0,0.0,1,0.0,0,1.0,0.0,1.0,1,0.0,0.0,0.0,0.0,0.0,0.0,0.0,0.0,0,0.0,1,0.0,1,0.0,0,1.0,0.0,0.0,1,0,0,0.0,0,1,0.0,1.0,0.0,0.0,0.0,0.0,0,0.0,1,0.0,0,0,0.0,0.0,1.0,0.0,0.0,inward,BZT
2000,0.0,0.0,0.0,0.0,0.0,0,0,0.0,1.0,0,0.0,0.0,0.0,0,0,1,1,0.0,0.0,0.0,1,0.0,0,0.0,0.0,1.0,1,1.0,0.0,0.0,1.0,0.0,0.0,0.0,0.0,0,0.0,0,0.0,1,0.0,0,1.0,0.0,0.0,1,0,1,0.0,1,0,0.0,0.0,0.0,0.0,0.0,0.0,0,0.0,0,0.0,0,0,0.0,0.0,1.0,0.0,0.0,inward,BZT
2001,0.0,0.0,0.0,0.0,0.0,0,0,0.0,0.0,0,0.0,0.0,0.0,0,0,1,0,0.0,0.0,0.0,1,0.0,0,0.0,0.0,0.0,0,0.0,0.0,0.0,1.0,0.0,0.0,0.0,0.0,0,0.0,1,0.0,0,0.0,0,1.0,0.0,0.0,1,0,0,0.0,0,1,0.0,0.0,0.0,0.0,0.0,0.0,0,0.0,0,0.0,0,0,0.0,0.0,1.0,1.0,0.0,inward,BZT
2002,0.0,0.0,0.0,0.0,0.0,0,0,0.0,0.0,0,0.0,0.0,0.0,0,0,1,1,0.0,0.0,0.0,1,0.0,0,0.0,0.0,0.0,0,1.0,0.0,0.0,0.0,0.0,0.0,0.0,0.0,0,0.0,1,0.0,0,0.0,0,1.0,1.0,0.0,1,1,1,0.0,0,0,0.0,1.0,0.0,0.0,0.0,0.0,0,0.0,0,0.0,0,0,0.0,0.0,1.0,0.0,0.0,inward,BZT
2003,0.0,0.0,0.0,0.0,0.0,0,1,0.0,0.0,1,0.0,0.0,0.0,0,0,1,1,0.0,0.0,0.0,1,0.0,0,0.0,0.0,1.0,1,0.0,0.0,0.0,1.0,0.0,0.0,0.0,0.0,0,0.0,1,0.0,1,0.0,0,1.0,0.0,0.0,1,0,1,0.0,0,0,0.0,1.0,0.0,0.0,0.0,0.0,0,0.0,1,0.0,0,0,0.0,0.0,1.0,0.0,0.0,inward,BZT
2004,0.0,0.0,0.0,0.0,0.0,0,0,0.0,0.0,0,0.0,0.0,0.0,0,0,1,1,0.0,0.0,0.0,0,0.0,0,0.0,0.0,1.0,1,1.0,1.0,0.0,1.0,0.0,0.0,0.0,0.0,0,0.0,1,0.0,1,0.0,0,1.0,0.0,0.0,1,0,1,0.0,0,0,0.0,1.0,0.0,0.0,0.0,0.0,0,0.0,1,0.0,0,0,0.0,0.0,1.0,0.0,0.0,inward,BZT
2005,0.0,0.0,0.0,0.0,0.0,0,0,0.0,1.0,0,0.0,0.0,0.0,1,0,1,1,0.0,0.0,0.0,1,0.0,0,0.0,0.0,1.0,0,1.0,1.0,0.0,1.0,0.0,1.0,0.0,0.0,0,0.0,1,0.0,0,0.0,0,1.0,1.0,0.0,1,0,0,0.0,1,0,0.0,1.0,0.0,0.0,0.0,0.0,0,0.0,1,0.0,0,0,0.0,0.0,1.0,0.0,1.0,inward,BZT
2006,0.0,0.0,0.0,0.0,0.0,0,0,0.0,1.0,0,0.0,0.0,0.0,0,0,1,0,0.0,0.0,0.0,1,0.0,0,0.0,0.0,1.0,1,1.0,0.0,0.0,1.0,0.0,0.0,0.0,0.0,0,0.0,0,0.0,1,0.0,0,1.0,0.0,1.0,1,0,1,0.0,0,0,0.0,1.0,0.0,0.0,0.0,0.0,0,0.0,1,0.0,0,0,0.0,0.0,1.0,0.0,0.0,inward,BZT
2007,0.0,0.0,0.0,0.0,0.0,0,0,0.0,0.0,0,0.0,0.0,0.0,0,0,1,0,0.0,0.0,0.0,1,0.0,0,0.0,0.0,1.0,1,1.0,0.0,0.0,1.0,0.0,0.0,0.0,0.0,0,0.0,1,0.0,1,0.0,0,1.0,1.0,1.0,1,1,1,0.0,0,0,0.0,1.0,1.0,0.0,0.0,0.0,0,0.0,1,0.0,0,0,0.0,0.0,1.0,1.0,0.0,inward,BZT
2008,0.0,0.0,0.0,0.0,0.0,0,1,0.0,1.0,0,0.0,0.0,0.0,1,0,1,0,0.0,0.0,0.0,0,0.0,0,0.0,0.0,1.0,1,1.0,1.0,0.0,1.0,0.0,0.0,0.0,0.0,0,0.0,1,0.0,0,0.0,0,1.0,0.0,1.0,1,1,1,0.0,0,0,0.0,1.0,0.0,0.0,0.0,0.0,0,0.0,0,0.0,0,0,0.0,0.0,1.0,1.0,0.0,inward,BZT
2009,0.0,0.0,0.0,0.0,0.0,0,1,0.0,0.0,1,0.0,0.0,0.0,0,0,1,1,0.0,0.0,0.0,0,0.0,0,0.0,0.0,1.0,0,1.0,0.0,0.0,1.0,0.0,0.0,0.0,0.0,0,0.0,0,0.0,1,0.0,0,1.0,0.0,0.0,1,0,0,0.0,0,0,0.0,1.0,0.0,0.0,0.0,0.0,0,0.0,1,0.0,0,0,0.0,0.0,1.0,1.0,0.0,inward,BZT
2010,0.0,0.0,0.0,0.0,0.0,0,1,0.0,0.0,0,0.0,0.0,0.0,0,0,1,0,0.0,0.0,0.0,1,0.0,0,0.0,0.0,1.0,0,0.0,0.0,0.0,1.0,0.0,0.0,0.0,0.0,0,0.0,1,0.0,0,0.0,0,1.0,0.0,0.0,1,1,0,0.0,0,0,0.0,1.0,0.0,0.0,0.0,0.0,0,0.0,0,0.0,0,0,0.0,0.0,1.0,1.0,1.0,inward,BZT
2011,0.0,0.0,0.0,0.0,0.0,0,1,0.0,1.0,0,0.0,0.0,0.0,0,0,1,0,0.0,0.0,0.0,1,0.0,0,0.0,0.0,1.0,1,1.0,0.0,0.0,1.0,0.0,1.0,0.0,0.0,0,0.0,0,0.0,1,0.0,0,1.0,1.0,0.0,1,0,1,0.0,0,0,0.0,1.0,0.0,0.0,0.0,0.0,0,0.0,0,0.0,0,0,0.0,0.0,1.0,1.0,0.0,inward,BZT
2012,0.0,0.0,0.0,0.0,0.0,0,0,0.0,0.0,0,0.0,0.0,0.0,1,0,1,1,0.0,0.0,0.0,0,0.0,0,1.0,0.0,1.0,1,1.0,1.0,0.0,0.0,0.0,0.0,0.0,0.0,0,0.0,1,0.0,1,0.0,0,1.0,0.0,0.0,1,1,0,0.0,0,0,0.0,1.0,0.0,0.0,0.0,0.0,0,0.0,0,0.0,0,0,0.0,0.0,1.0,1.0,0.0,inward,BZT
2013,0.0,0.0,0.0,0.0,0.0,0,0,0.0,0.0,0,0.0,0.0,0.0,0,0,1,0,0.0,0.0,0.0,1,0.0,0,0.0,0.0,1.0,1,1.0,0.0,0.0,1.0,0.0,0.0,0.0,0.0,0,0.0,1,0.0,0,0.0,0,1.0,0.0,0.0,1,1,1,0.0,0,0,0.0,1.0,0.0,0.0,0.0,0.0,0,0.0,0,0.0,0,0,0.0,0.0,1.0,1.0,0.0,inward,BZT
2014,0.0,0.0,0.0,0.0,0.0,0,0,0.0,0.0,0,0.0,0.0,0.0,0,0,1,0,0.0,0.0,0.0,1,0.0,0,0.0,0.0,1.0,1,1.0,0.0,0.0,0.0,0.0,0.0,0.0,0.0,0,0.0,1,0.0,0,0.0,0,1.0,0.0,0.0,1,0,1,0.0,0,0,0.0,1.0,0.0,0.0,0.0,0.0,0,0.0,0,0.0,0,0,0.0,0.0,1.0,1.0,1.0,inward,BZT
2015,0.0,0.0,0.0,0.0,0.0,0,0,0.0,0.0,0,0.0,0.0,0.0,0,0,1,0,0.0,0.0,0.0,1,0.0,0,0.0,0.0,0.0,1,1.0,0.0,0.0,0.0,0.0,0.0,0.0,0.0,0,0.0,0,0.0,0,0.0,0,1.0,0.0,1.0,1,0,1,0.0,0,0,0.0,1.0,0.0,0.0,0.0,0.0,0,0.0,1,0.0,0,0,0.0,0.0,1.0,0.0,0.0,inward,BZT
2016,0.0,0.0,0.0,0.0,0.0,0,0,0.0,0.0,0,0.0,0.0,0.0,1,0,1,0,0.0,0.0,0.0,0,0.0,0,0.0,0.0,1.0,1,1.0,0.0,0.0,0.0,0.0,0.0,0.0,0.0,0,0.0,1,0.0,1,0.0,0,1.0,0.0,1.0,1,1,0,0.0,0,0,0.0,1.0,0.0,0.0,0.0,0.0,0,0.0,1,0.0,0,0,0.0,0.0,1.0,1.0,0.0,inward,BZT
2017,0.0,0.0,0.0,0.0,0.0,0,0,0.0,0.0,0,0.0,0.0,0.0,0,0,1,1,0.0,0.0,0.0,0,0.0,0,0.0,0.0,1.0,1,1.0,0.0,0.0,0.0,0.0,0.0,0.0,0.0,0,0.0,0,0.0,1,0.0,1,1.0,0.0,0.0,1,1,1,0.0,0,0,0.0,1.0,0.0,0.0,0.0,0.0,0,0.0,0,0.0,0,0,0.0,0.0,1.0,1.0,0.0,inward,BZT
2018,0.0,0.0,0.0,0.0,0.0,0,0,0.0,0.0,0,0.0,0.0,0.0,0,0,1,1,0.0,0.0,0.0,1,0.0,0,1.0,0.0,0.0,1,1.0,1.0,0.0,1.0,0.0,0.0,0.0,0.0,0,0.0,1,0.0,0,0.0,0,1.0,1.0,1.0,1,0,1,0.0,0,1,0.0,1.0,0.0,0.0,0.0,0.0,0,0.0,0,0.0,0,0,0.0,0.0,1.0,0.0,0.0,inward,BZT
2019,0.0,0.0,0.0,0.0,0.0,0,0,0.0,0.0,0,0.0,0.0,0.0,1,0,1,1,0.0,0.0,0.0,1,0.0,0,0.0,0.0,1.0,1,0.0,0.0,0.0,0.0,0.0,0.0,0.0,0.0,0,0.0,1,0.0,1,0.0,0,1.0,0.0,0.0,1,0,0,0.0,0,0,0.0,1.0,0.0,0.0,0.0,0.0,0,0.0,1,0.0,0,0,0.0,0.0,1.0,0.0,1.0,inward,BZT
2020,0.0,0.0,0.0,0.0,0.0,0,0,0.0,0.0,0,0.0,0.0,0.0,0,0,1,0,0.0,0.0,0.0,1,0.0,0,0.0,0.0,1.0,1,1.0,0.0,0.0,0.0,0.0,0.0,0.0,0.0,0,0.0,1,0.0,1,0.0,0,1.0,0.0,0.0,1,0,0,0.0,0,1,0.0,1.0,1.0,0.0,0.0,0.0,0,0.0,1,0.0,0,0,0.0,0.0,1.0,1.0,0.0,inward,BZT
2021,0.0,0.0,0.0,0.0,0.0,0,0,0.0,0.0,0,0.0,0.0,0.0,0,0,1,0,0.0,0.0,0.0,0,0.0,0,0.0,0.0,0.0,1,1.0,0.0,0.0,1.0,0.0,0.0,0.0,0.0,0,0.0,0,0.0,1,0.0,0,1.0,1.0,0.0,1,0,1,0.0,0,0,0.0,1.0,1.0,0.0,0.0,0.0,0,0.0,0,0.0,0,0,0.0,0.0,1.0,1.0,0.0,inward,BZT
2022,0.0,0.0,0.0,0.0,0.0,0,0,0.0,0.0,0,0.0,0.0,0.0,0,0,1,0,0.0,0.0,0.0,0,0.0,0,0.0,0.0,1.0,0,1.0,0.0,0.0,0.0,0.0,0.0,0.0,0.0,0,0.0,0,0.0,1,0.0,0,1.0,0.0,0.0,1,0,0,0.0,0,0,0.0,1.0,1.0,0.0,0.0,0.0,0,0.0,1,0.0,0,0,0.0,0.0,1.0,1.0,0.0,inward,BZT
2023,0.0,0.0,0.0,0.0,0.0,0,1,0.0,0.0,0,0.0,0.0,0.0,0,0,1,0,0.0,0.0,0.0,0,0.0,0,0.0,0.0,0.0,0,1.0,0.0,0.0,0.0,0.0,0.0,0.0,0.0,0,0.0,1,0.0,1,0.0,0,1.0,0.0,0.0,1,1,0,0.0,0,0,0.0,1.0,0.0,0.0,0.0,0.0,0,0.0,1,0.0,0,0,0.0,0.0,1.0,1.0,0.0,inward,BZT
2024,0.0,0.0,0.0,0.0,0.0,0,0,0.0,0.0,0,0.0,0.0,0.0,0,0,1,0,0.0,0.0,0.0,1,0.0,0,1.0,0.0,1.0,1,1.0,0.0,0.0,1.0,0.0,0.0,0.0,0.0,0,0.0,0,0.0,1,0.0,0,1.0,0.0,0.0,1,1,1,0.0,0,0,0.0,1.0,0.0,0.0,0.0,0.0,0,0.0,0,0.0,0,0,0.0,0.0,1.0,0.0,0.0,inward,BZT
2025,0.0,0.0,0.0,0.0,0.0,0,1,0.0,0.0,0,0.0,0.0,0.0,0,0,1,1,0.0,0.0,0.0,0,0.0,0,1.0,0.0,1.0,1,1.0,0.0,0.0,0.0,0.0,0.0,0.0,0.0,0,0.0,1,0.0,0,0.0,0,1.0,0.0,0.0,1,0,1,0.0,1,0,0.0,1.0,0.0,0.0,0.0,0.0,0,0.0,0,0.0,0,0,0.0,0.0,1.0,0.0,0.0,inward,BZT
2026,0.0,0.0,0.0,0.0,0.0,0,0,0.0,0.0,0,0.0,0.0,0.0,1,0,1,1,0.0,0.0,0.0,0,0.0,0,0.0,0.0,1.0,1,1.0,0.0,0.0,0.0,0.0,0.0,0.0,0.0,0,0.0,1,0.0,1,0.0,0,1.0,0.0,0.0,1,1,1,0.0,0,0,0.0,1.0,0.0,0.0,0.0,0.0,0,0.0,1,0.0,0,0,0.0,0.0,1.0,1.0,0.0,inward,BZT
2027,0.0,0.0,0.0,0.0,0.0,0,0,0.0,1.0,0,0.0,0.0,0.0,0,0,1,1,0.0,0.0,0.0,0,0.0,0,0.0,0.0,1.0,0,1.0,0.0,0.0,1.0,0.0,0.0,0.0,0.0,0,0.0,1,0.0,1,0.0,0,1.0,0.0,0.0,1,0,1,0.0,0,1,0.0,1.0,0.0,0.0,0.0,0.0,0,0.0,1,0.0,0,0,0.0,0.0,1.0,1.0,0.0,inward,BZT
2028,0.0,0.0,0.0,0.0,0.0,0,0,0.0,0.0,0,0.0,0.0,0.0,0,0,1,1,0.0,0.0,0.0,1,0.0,0,0.0,0.0,1.0,1,1.0,0.0,0.0,1.0,0.0,0.0,0.0,0.0,0,0.0,1,0.0,1,0.0,0,1.0,0.0,1.0,1,1,1,0.0,0,0,0.0,1.0,0.0,0.0,0.0,0.0,0,0.0,0,0.0,0,0,0.0,0.0,1.0,1.0,1.0,inward,BZT
2029,0.0,0.0,0.0,0.0,0.0,0,0,0.0,0.0,0,0.0,0.0,0.0,0,0,1,1,0.0,0.0,0.0,0,0.0,0,0.0,0.0,0.0,0,0.0,0.0,0.0,1.0,0.0,0.0,0.0,0.0,0,0.0,0,0.0,1,0.0,0,1.0,0.0,0.0,1,1,1,0.0,0,0,0.0,1.0,0.0,0.0,0.0,0.0,0,0.0,1,0.0,0,0,0.0,0.0,1.0,1.0,0.0,inward,BZT
2030,0.0,0.0,0.0,0.0,0.0,0,0,0.0,0.0,0,0.0,0.0,0.0,0,0,1,0,0.0,0.0,0.0,1,0.0,0,0.0,0.0,1.0,1,1.0,0.0,0.0,1.0,0.0,0.0,0.0,0.0,0,0.0,1,0.0,1,0.0,1,1.0,0.0,0.0,1,1,0,0.0,0,0,0.0,1.0,1.0,0.0,0.0,0.0,0,0.0,0,0.0,0,0,0.0,0.0,1.0,1.0,0.0,inward,BZT
2031,0.0,0.0,0.0,0.0,0.0,0,0,0.0,0.0,0,0.0,0.0,0.0,0,0,1,0,0.0,0.0,0.0,1,0.0,0,1.0,0.0,1.0,1,0.0,0.0,0.0,0.0,0.0,0.0,0.0,0.0,0,0.0,1,0.0,1,0.0,0,0.0,0.0,0.0,1,0,1,0.0,0,0,0.0,1.0,1.0,0.0,0.0,0.0,0,0.0,0,0.0,0,0,0.0,0.0,1.0,0.0,0.0,inward,BZT
2032,0.0,0.0,0.0,0.0,0.0,0,1,0.0,0.0,0,0.0,0.0,0.0,0,0,1,1,0.0,0.0,0.0,1,0.0,0,0.0,0.0,1.0,0,1.0,0.0,0.0,1.0,0.0,0.0,0.0,0.0,0,0.0,0,0.0,0,0.0,0,1.0,0.0,0.0,1,0,1,0.0,0,1,0.0,1.0,0.0,0.0,0.0,0.0,0,0.0,1,0.0,0,0,0.0,0.0,1.0,0.0,0.0,inward,BZT
2033,0.0,0.0,0.0,0.0,0.0,0,0,0.0,0.0,0,0.0,0.0,0.0,0,0,1,0,0.0,0.0,0.0,1,0.0,0,1.0,0.0,1.0,0,0.0,0.0,0.0,1.0,0.0,0.0,0.0,0.0,0,0.0,1,0.0,0,0.0,0,1.0,1.0,1.0,1,0,1,0.0,0,0,0.0,1.0,0.0,0.0,0.0,0.0,0,0.0,1,0.0,0,0,0.0,0.0,1.0,1.0,0.0,inward,BZT
2034,0.0,0.0,0.0,0.0,0.0,0,1,0.0,1.0,0,0.0,0.0,0.0,0,0,1,1,0.0,0.0,0.0,1,0.0,0,1.0,0.0,1.0,1,1.0,0.0,0.0,1.0,0.0,0.0,0.0,0.0,0,0.0,1,0.0,1,0.0,0,1.0,0.0,0.0,1,0,0,0.0,0,0,0.0,1.0,0.0,0.0,0.0,0.0,0,0.0,0,0.0,0,0,0.0,0.0,1.0,1.0,0.0,inward,BZT
2035,0.0,0.0,0.0,0.0,0.0,0,0,0.0,0.0,0,0.0,0.0,0.0,0,0,1,0,0.0,0.0,0.0,0,0.0,0,0.0,0.0,1.0,1,0.0,0.0,0.0,0.0,0.0,0.0,0.0,0.0,0,0.0,1,0.0,1,0.0,0,1.0,0.0,0.0,1,0,1,0.0,0,0,0.0,1.0,1.0,0.0,0.0,0.0,0,0.0,1,0.0,0,0,0.0,0.0,1.0,0.0,0.0,inward,BZT
2036,0.0,0.0,0.0,0.0,0.0,0,0,0.0,0.0,0,0.0,0.0,0.0,0,0,1,1,0.0,0.0,0.0,1,0.0,0,0.0,0.0,1.0,0,1.0,0.0,0.0,1.0,0.0,0.0,0.0,0.0,0,0.0,1,0.0,0,0.0,0,1.0,0.0,1.0,1,1,1,0.0,0,1,0.0,1.0,1.0,0.0,0.0,0.0,0,0.0,1,0.0,0,0,0.0,0.0,1.0,1.0,0.0,inward,BZT
2037,0.0,0.0,0.0,0.0,0.0,0,0,0.0,0.0,0,0.0,0.0,0.0,0,0,1,1,0.0,0.0,0.0,1,0.0,0,0.0,0.0,1.0,0,1.0,0.0,0.0,1.0,0.0,1.0,0.0,0.0,0,0.0,1,0.0,0,0.0,0,1.0,0.0,1.0,1,0,1,0.0,0,0,0.0,1.0,1.0,0.0,0.0,0.0,0,0.0,0,0.0,0,0,0.0,0.0,1.0,0.0,0.0,inward,BZT
2038,0.0,0.0,0.0,0.0,0.0,0,1,0.0,0.0,0,0.0,0.0,0.0,0,0,1,0,0.0,0.0,0.0,1,0.0,0,0.0,0.0,1.0,1,1.0,0.0,0.0,1.0,0.0,0.0,0.0,0.0,0,0.0,0,0.0,0,0.0,0,1.0,0.0,1.0,1,0,1,0.0,0,1,0.0,1.0,0.0,0.0,0.0,0.0,0,0.0,0,0.0,0,0,0.0,0.0,1.0,1.0,0.0,inward,BZT
2039,0.0,0.0,0.0,0.0,0.0,0,0,0.0,1.0,1,0.0,0.0,0.0,0,0,1,0,0.0,0.0,0.0,1,0.0,0,0.0,0.0,1.0,1,1.0,0.0,0.0,0.0,0.0,0.0,0.0,0.0,0,0.0,1,0.0,1,0.0,0,1.0,0.0,0.0,1,0,0,0.0,1,0,0.0,1.0,1.0,0.0,0.0,0.0,0,0.0,1,0.0,0,0,0.0,0.0,1.0,1.0,0.0,inward,BZT
2040,0.0,0.0,0.0,0.0,0.0,0,0,0.0,0.0,0,0.0,0.0,0.0,0,0,1,0,0.0,0.0,0.0,0,0.0,0,0.0,0.0,1.0,1,1.0,0.0,0.0,1.0,0.0,1.0,0.0,0.0,0,0.0,1,0.0,1,0.0,0,1.0,0.0,0.0,1,0,0,0.0,1,0,0.0,1.0,0.0,0.0,0.0,0.0,0,0.0,1,0.0,0,0,0.0,0.0,1.0,0.0,0.0,inward,BZT
2041,0.0,0.0,0.0,0.0,0.0,0,0,0.0,0.0,0,0.0,0.0,0.0,0,0,1,1,0.0,0.0,0.0,1,0.0,0,0.0,0.0,1.0,1,0.0,0.0,0.0,1.0,0.0,0.0,0.0,0.0,0,0.0,1,0.0,0,0.0,0,1.0,0.0,0.0,1,0,1,0.0,0,0,0.0,1.0,0.0,0.0,0.0,0.0,0,0.0,1,0.0,0,0,0.0,0.0,1.0,0.0,0.0,inward,BZT
2042,0.0,0.0,0.0,0.0,0.0,0,1,0.0,0.0,0,0.0,0.0,0.0,0,0,1,1,0.0,0.0,0.0,1,0.0,0,0.0,0.0,1.0,0,1.0,0.0,0.0,1.0,0.0,0.0,0.0,0.0,0,0.0,1,0.0,1,0.0,0,1.0,0.0,0.0,1,0,0,0.0,0,0,0.0,1.0,0.0,0.0,0.0,0.0,0,0.0,0,0.0,0,0,0.0,0.0,1.0,0.0,0.0,inward,BZT
2043,0.0,0.0,0.0,0.0,0.0,0,0,0.0,1.0,0,0.0,0.0,0.0,0,0,1,0,0.0,0.0,0.0,1,0.0,0,0.0,0.0,1.0,0,1.0,0.0,0.0,0.0,0.0,0.0,0.0,0.0,0,0.0,1,0.0,1,0.0,0,1.0,0.0,1.0,1,0,1,0.0,0,0,0.0,1.0,1.0,0.0,0.0,0.0,0,0.0,1,0.0,0,0,0.0,0.0,1.0,1.0,0.0,inward,BZT
2044,0.0,0.0,0.0,0.0,0.0,0,0,0.0,0.0,0,0.0,0.0,0.0,1,0,1,1,0.0,0.0,0.0,0,0.0,0,0.0,0.0,1.0,0,1.0,0.0,0.0,1.0,0.0,0.0,0.0,0.0,0,0.0,0,0.0,1,0.0,0,1.0,0.0,1.0,1,1,1,0.0,0,0,0.0,1.0,0.0,0.0,0.0,0.0,0,0.0,1,0.0,0,0,0.0,0.0,1.0,1.0,1.0,inward,BZT
2045,0.0,0.0,0.0,0.0,0.0,0,0,0.0,1.0,0,0.0,0.0,0.0,0,0,1,1,0.0,0.0,0.0,0,0.0,0,0.0,0.0,1.0,1,0.0,0.0,0.0,1.0,0.0,0.0,0.0,0.0,0,0.0,1,0.0,0,0.0,0,1.0,0.0,0.0,1,0,0,0.0,0,0,0.0,1.0,0.0,0.0,0.0,0.0,0,0.0,0,0.0,0,0,0.0,0.0,1.0,0.0,0.0,inward,BZT
2046,0.0,0.0,0.0,0.0,0.0,0,0,0.0,1.0,0,0.0,0.0,0.0,0,0,1,1,0.0,0.0,0.0,1,0.0,0,0.0,0.0,1.0,1,1.0,0.0,0.0,0.0,0.0,0.0,0.0,0.0,0,0.0,0,0.0,1,0.0,0,1.0,1.0,0.0,1,0,1,0.0,0,0,0.0,1.0,0.0,0.0,0.0,0.0,0,0.0,0,0.0,0,0,0.0,0.0,1.0,1.0,0.0,inward,BZT
2047,0.0,0.0,0.0,0.0,0.0,0,1,0.0,1.0,0,0.0,0.0,0.0,0,0,1,0,0.0,0.0,0.0,0,0.0,0,0.0,0.0,1.0,1,1.0,0.0,0.0,0.0,0.0,0.0,0.0,0.0,0,0.0,1,0.0,0,0.0,0,1.0,0.0,1.0,1,0,1,0.0,0,0,0.0,1.0,0.0,0.0,0.0,0.0,0,0.0,1,0.0,0,0,0.0,0.0,1.0,0.0,0.0,inward,BZT
2048,0.0,0.0,0.0,0.0,0.0,0,0,0.0,0.0,1,0.0,0.0,0.0,0,0,1,0,0.0,0.0,0.0,1,0.0,0,1.0,0.0,1.0,1,1.0,0.0,0.0,1.0,0.0,0.0,0.0,0.0,0,0.0,0,0.0,0,0.0,0,1.0,0.0,0.0,1,0,1,0.0,0,0,0.0,1.0,0.0,0.0,0.0,0.0,0,0.0,1,0.0,0,0,0.0,0.0,1.0,1.0,1.0,inward,BZT
2049,0.0,0.0,0.0,0.0,0.0,0,1,0.0,1.0,1,0.0,0.0,0.0,0,0,1,1,0.0,0.0,0.0,1,0.0,0,0.0,0.0,1.0,1,1.0,0.0,0.0,0.0,0.0,0.0,0.0,0.0,0,0.0,1,0.0,1,0.0,0,1.0,0.0,0.0,1,1,0,0.0,0,0,0.0,1.0,0.0,0.0,0.0,0.0,0,0.0,1,0.0,0,0,0.0,0.0,1.0,1.0,0.0,inward,BZT
2050,0.0,0.0,0.0,0.0,0.0,0,1,0.0,1.0,0,0.0,0.0,0.0,0,0,1,1,0.0,0.0,0.0,1,0.0,0,0.0,0.0,1.0,0,1.0,0.0,0.0,1.0,0.0,0.0,0.0,0.0,0,0.0,1,0.0,1,0.0,0,1.0,0.0,0.0,1,0,1,0.0,1,0,0.0,1.0,0.0,0.0,0.0,0.0,0,0.0,1,0.0,0,0,0.0,0.0,1.0,1.0,0.0,inward,BZT
2051,0.0,0.0,0.0,0.0,0.0,0,1,0.0,0.0,0,0.0,0.0,0.0,0,0,1,1,0.0,0.0,0.0,1,0.0,0,0.0,0.0,1.0,0,0.0,0.0,0.0,1.0,0.0,0.0,0.0,0.0,0,0.0,1,0.0,1,0.0,0,1.0,1.0,0.0,1,0,0,0.0,1,0,0.0,1.0,0.0,0.0,0.0,0.0,0,0.0,1,0.0,0,0,0.0,0.0,1.0,1.0,0.0,inward,BZT
2052,0.0,0.0,0.0,0.0,0.0,0,0,0.0,1.0,0,0.0,0.0,0.0,0,0,1,1,0.0,0.0,0.0,1,0.0,0,0.0,0.0,0.0,1,1.0,0.0,0.0,0.0,0.0,0.0,0.0,0.0,0,0.0,0,0.0,0,0.0,0,1.0,0.0,0.0,1,0,1,0.0,1,0,0.0,1.0,0.0,0.0,0.0,0.0,0,0.0,0,0.0,0,0,0.0,0.0,1.0,0.0,1.0,inward,BZT
2053,0.0,0.0,0.0,0.0,0.0,0,0,0.0,0.0,0,0.0,0.0,0.0,1,0,1,1,0.0,0.0,0.0,1,0.0,0,0.0,0.0,1.0,1,1.0,0.0,0.0,1.0,0.0,0.0,0.0,0.0,0,0.0,1,0.0,1,0.0,1,1.0,0.0,1.0,1,0,0,0.0,1,0,0.0,1.0,0.0,0.0,0.0,0.0,0,0.0,1,0.0,0,0,0.0,0.0,1.0,1.0,0.0,inward,BZT
2054,0.0,0.0,0.0,0.0,0.0,0,1,0.0,0.0,0,0.0,0.0,0.0,0,0,1,1,0.0,0.0,0.0,0,0.0,0,0.0,0.0,0.0,0,1.0,0.0,0.0,0.0,0.0,0.0,0.0,0.0,0,0.0,0,0.0,1,0.0,0,1.0,0.0,0.0,1,0,0,0.0,0,0,0.0,1.0,1.0,0.0,0.0,0.0,0,0.0,1,0.0,0,0,0.0,0.0,1.0,1.0,0.0,inward,BZT
2055,0.0,0.0,0.0,0.0,0.0,0,0,0.0,0.0,0,0.0,0.0,0.0,0,0,1,0,0.0,0.0,0.0,0,0.0,0,0.0,0.0,0.0,0,1.0,0.0,0.0,0.0,0.0,0.0,0.0,0.0,0,0.0,0,0.0,0,0.0,0,1.0,0.0,0.0,1,1,1,0.0,0,1,0.0,1.0,0.0,0.0,0.0,0.0,0,0.0,1,0.0,0,0,0.0,0.0,1.0,1.0,0.0,inward,BZT
2056,0.0,0.0,0.0,0.0,0.0,0,0,0.0,0.0,0,0.0,0.0,0.0,0,0,1,1,0.0,0.0,0.0,0,1.0,0,0.0,0.0,0.0,0,1.0,0.0,0.0,1.0,0.0,0.0,0.0,0.0,0,0.0,1,0.0,1,0.0,0,1.0,0.0,0.0,1,0,1,0.0,0,0,0.0,0.0,0.0,0.0,0.0,0.0,1,0.0,1,0.0,0,0,0.0,0.0,1.0,1.0,0.0,inward,BZT
2057,0.0,0.0,0.0,0.0,0.0,0,0,0.0,0.0,0,0.0,0.0,0.0,0,0,1,0,0.0,0.0,0.0,1,0.0,0,0.0,0.0,1.0,1,1.0,0.0,0.0,1.0,0.0,1.0,0.0,0.0,0,0.0,1,0.0,1,0.0,0,1.0,0.0,0.0,1,0,1,0.0,1,0,0.0,1.0,0.0,0.0,0.0,0.0,0,0.0,0,0.0,0,0,0.0,0.0,1.0,1.0,0.0,inward,BZT
2058,0.0,0.0,0.0,0.0,0.0,0,0,0.0,0.0,0,0.0,0.0,0.0,0,0,1,1,0.0,0.0,0.0,1,0.0,0,0.0,0.0,1.0,1,0.0,0.0,0.0,1.0,0.0,0.0,0.0,0.0,0,0.0,1,0.0,0,0.0,0,1.0,1.0,0.0,1,0,0,0.0,0,0,0.0,1.0,0.0,0.0,0.0,0.0,0,0.0,1,0.0,0,0,0.0,0.0,1.0,1.0,0.0,inward,BZT
2059,0.0,0.0,0.0,0.0,0.0,0,0,0.0,0.0,0,0.0,0.0,0.0,0,0,1,1,0.0,0.0,0.0,0,0.0,0,1.0,0.0,1.0,1,0.0,0.0,0.0,0.0,0.0,0.0,0.0,0.0,0,0.0,1,0.0,0,0.0,0,1.0,1.0,0.0,1,0,1,0.0,1,0,0.0,1.0,0.0,0.0,0.0,0.0,0,0.0,1,0.0,0,0,0.0,0.0,1.0,1.0,0.0,inward,BZT
2060,0.0,0.0,0.0,0.0,0.0,0,1,0.0,0.0,0,0.0,0.0,0.0,0,0,1,0,0.0,0.0,0.0,1,0.0,0,0.0,0.0,0.0,1,1.0,0.0,0.0,0.0,0.0,0.0,0.0,0.0,0,0.0,1,0.0,1,0.0,0,1.0,0.0,0.0,1,0,1,0.0,0,0,0.0,1.0,0.0,0.0,0.0,0.0,0,0.0,1,0.0,0,0,0.0,0.0,1.0,1.0,0.0,inward,BZT
2061,0.0,0.0,0.0,0.0,0.0,0,0,0.0,0.0,0,0.0,0.0,0.0,0,0,1,1,0.0,0.0,0.0,1,0.0,0,0.0,0.0,1.0,1,0.0,0.0,0.0,1.0,0.0,0.0,0.0,0.0,0,0.0,0,0.0,1,0.0,1,1.0,0.0,0.0,1,1,0,0.0,1,0,0.0,1.0,0.0,0.0,0.0,0.0,0,0.0,1,0.0,0,0,0.0,0.0,1.0,1.0,0.0,inward,BZT
2062,0.0,0.0,0.0,0.0,0.0,0,1,0.0,1.0,0,0.0,0.0,0.0,0,0,1,1,0.0,0.0,0.0,1,0.0,0,1.0,0.0,1.0,1,1.0,0.0,0.0,1.0,0.0,0.0,0.0,0.0,0,0.0,1,0.0,1,0.0,0,1.0,0.0,0.0,1,0,0,0.0,0,0,0.0,1.0,0.0,0.0,0.0,0.0,0,0.0,1,0.0,0,0,0.0,0.0,1.0,1.0,0.0,inward,BZT
2063,0.0,0.0,0.0,0.0,0.0,0,0,0.0,0.0,0,0.0,0.0,0.0,0,0,1,1,0.0,0.0,0.0,0,0.0,0,0.0,0.0,1.0,0,0.0,0.0,0.0,0.0,0.0,0.0,0.0,0.0,0,0.0,0,0.0,1,0.0,0,1.0,1.0,0.0,1,0,1,0.0,0,0,0.0,1.0,0.0,0.0,0.0,0.0,0,0.0,0,0.0,0,0,0.0,0.0,1.0,0.0,1.0,inward,BZT
2064,0.0,0.0,0.0,0.0,0.0,0,0,0.0,0.0,1,0.0,0.0,0.0,0,0,1,1,0.0,0.0,0.0,1,0.0,0,0.0,0.0,1.0,1,0.0,0.0,0.0,1.0,0.0,0.0,0.0,0.0,0,0.0,0,0.0,0,0.0,0,1.0,0.0,0.0,1,0,1,0.0,0,0,0.0,1.0,0.0,0.0,0.0,0.0,0,0.0,0,0.0,0,0,0.0,0.0,1.0,0.0,0.0,inward,BZT
2065,0.0,0.0,0.0,0.0,0.0,0,1,0.0,0.0,0,0.0,0.0,0.0,0,0,1,1,0.0,0.0,0.0,0,0.0,0,0.0,0.0,1.0,0,1.0,0.0,0.0,0.0,0.0,0.0,0.0,0.0,0,0.0,1,0.0,1,0.0,1,1.0,1.0,0.0,1,0,1,0.0,1,0,0.0,1.0,0.0,0.0,0.0,0.0,0,0.0,1,0.0,0,0,0.0,0.0,1.0,1.0,0.0,inward,BZT
2066,0.0,0.0,0.0,0.0,0.0,0,0,0.0,0.0,0,0.0,0.0,0.0,0,0,1,1,0.0,0.0,0.0,0,0.0,0,1.0,0.0,0.0,0,0.0,0.0,0.0,0.0,0.0,0.0,0.0,0.0,0,0.0,0,0.0,0,0.0,0,1.0,0.0,0.0,1,1,1,0.0,0,0,0.0,1.0,0.0,0.0,0.0,0.0,0,0.0,1,0.0,0,0,0.0,0.0,1.0,0.0,1.0,inward,BZT
2067,0.0,0.0,0.0,0.0,0.0,0,1,0.0,0.0,0,0.0,0.0,0.0,0,0,1,1,0.0,0.0,0.0,1,0.0,0,0.0,0.0,1.0,1,0.0,0.0,0.0,1.0,0.0,0.0,0.0,0.0,0,0.0,1,0.0,1,0.0,0,1.0,0.0,0.0,1,1,0,0.0,0,0,0.0,1.0,0.0,0.0,0.0,0.0,0,0.0,0,0.0,0,0,0.0,0.0,1.0,1.0,0.0,inward,BZT
2068,0.0,0.0,0.0,0.0,0.0,0,0,0.0,0.0,0,0.0,0.0,0.0,0,0,1,1,0.0,0.0,0.0,1,0.0,0,0.0,0.0,1.0,0,1.0,0.0,0.0,0.0,0.0,0.0,0.0,0.0,0,0.0,1,0.0,0,0.0,0,1.0,0.0,1.0,1,1,0,0.0,0,0,0.0,1.0,0.0,0.0,0.0,0.0,0,0.0,1,0.0,0,0,0.0,0.0,1.0,0.0,1.0,inward,BZT
2069,0.0,0.0,0.0,0.0,0.0,0,1,0.0,0.0,0,0.0,0.0,0.0,0,0,1,1,0.0,0.0,0.0,1,0.0,0,0.0,0.0,1.0,1,0.0,0.0,0.0,0.0,0.0,0.0,0.0,0.0,0,0.0,1,0.0,1,0.0,0,1.0,0.0,0.0,1,1,1,0.0,1,0,0.0,1.0,0.0,0.0,0.0,0.0,0,0.0,0,0.0,0,0,0.0,0.0,1.0,0.0,0.0,inward,BZT
2070,0.0,0.0,0.0,0.0,0.0,0,0,0.0,1.0,0,0.0,0.0,0.0,0,0,1,0,0.0,0.0,0.0,1,0.0,0,0.0,0.0,1.0,1,1.0,0.0,0.0,1.0,0.0,0.0,0.0,0.0,0,0.0,0,0.0,0,0.0,0,1.0,0.0,0.0,1,1,1,0.0,0,0,0.0,1.0,0.0,0.0,0.0,0.0,0,0.0,1,0.0,0,0,0.0,0.0,1.0,1.0,0.0,inward,BZT
2071,0.0,0.0,0.0,0.0,0.0,0,0,0.0,0.0,0,0.0,0.0,0.0,0,0,1,0,0.0,0.0,0.0,1,0.0,0,0.0,0.0,1.0,1,1.0,0.0,0.0,1.0,0.0,0.0,0.0,0.0,0,0.0,1,0.0,0,0.0,0,1.0,0.0,0.0,1,1,0,0.0,0,0,0.0,1.0,0.0,0.0,0.0,0.0,0,0.0,1,0.0,0,0,0.0,0.0,1.0,1.0,0.0,inward,BZT
2072,0.0,0.0,0.0,0.0,0.0,0,0,0.0,0.0,0,0.0,0.0,0.0,0,0,1,0,0.0,0.0,0.0,0,0.0,0,0.0,0.0,1.0,1,1.0,0.0,0.0,0.0,0.0,0.0,0.0,0.0,0,0.0,1,0.0,0,0.0,0,1.0,0.0,0.0,1,0,1,0.0,0,0,0.0,1.0,0.0,0.0,0.0,0.0,0,0.0,1,0.0,0,0,0.0,0.0,1.0,0.0,1.0,inward,BZT
2073,0.0,0.0,0.0,0.0,0.0,0,1,0.0,0.0,0,0.0,0.0,0.0,0,0,1,1,0.0,0.0,0.0,1,0.0,0,0.0,0.0,1.0,1,1.0,1.0,0.0,1.0,0.0,0.0,0.0,0.0,0,0.0,0,0.0,1,0.0,0,1.0,0.0,0.0,1,1,0,0.0,1,0,0.0,1.0,0.0,0.0,0.0,0.0,0,0.0,1,0.0,0,0,0.0,0.0,1.0,1.0,0.0,inward,BZT
2074,0.0,0.0,0.0,0.0,0.0,0,1,0.0,0.0,0,0.0,0.0,0.0,0,0,1,1,0.0,0.0,0.0,0,0.0,0,1.0,0.0,1.0,0,0.0,0.0,0.0,0.0,0.0,0.0,0.0,0.0,0,0.0,1,0.0,1,0.0,0,1.0,0.0,0.0,1,0,1,0.0,0,0,0.0,1.0,1.0,0.0,0.0,0.0,0,0.0,0,0.0,0,0,0.0,0.0,1.0,1.0,0.0,inward,BZT
2075,0.0,0.0,0.0,0.0,0.0,0,0,0.0,0.0,0,0.0,0.0,0.0,1,0,1,1,0.0,0.0,0.0,1,0.0,0,0.0,0.0,1.0,1,1.0,0.0,0.0,1.0,1.0,0.0,0.0,0.0,0,0.0,1,0.0,1,0.0,0,1.0,0.0,0.0,1,0,1,0.0,0,0,0.0,1.0,1.0,0.0,0.0,0.0,0,0.0,1,0.0,0,0,0.0,0.0,1.0,1.0,0.0,inward,BZT
2076,0.0,0.0,0.0,0.0,0.0,0,0,0.0,0.0,0,0.0,0.0,0.0,0,0,1,1,0.0,0.0,0.0,1,0.0,0,1.0,0.0,1.0,1,1.0,1.0,0.0,1.0,0.0,0.0,0.0,0.0,0,0.0,0,0.0,1,0.0,0,1.0,0.0,0.0,1,1,1,0.0,0,0,0.0,1.0,0.0,0.0,0.0,0.0,0,0.0,1,0.0,0,0,0.0,0.0,1.0,0.0,0.0,inward,BZT
2077,0.0,0.0,0.0,0.0,0.0,0,1,0.0,0.0,0,0.0,0.0,0.0,0,0,1,1,0.0,0.0,0.0,0,0.0,0,0.0,0.0,1.0,1,1.0,0.0,0.0,0.0,0.0,0.0,0.0,0.0,0,0.0,1,0.0,1,0.0,0,1.0,0.0,0.0,1,1,1,0.0,0,1,0.0,1.0,0.0,0.0,0.0,0.0,0,0.0,0,0.0,0,0,0.0,0.0,1.0,0.0,1.0,inward,BZT
2078,0.0,0.0,0.0,0.0,0.0,0,1,0.0,0.0,0,0.0,0.0,0.0,0,0,1,1,0.0,0.0,0.0,1,0.0,0,0.0,0.0,0.0,0,0.0,0.0,0.0,0.0,0.0,0.0,0.0,0.0,0,0.0,0,0.0,1,0.0,0,1.0,0.0,0.0,1,1,1,0.0,0,1,0.0,1.0,0.0,0.0,0.0,0.0,0,0.0,1,0.0,0,0,0.0,0.0,1.0,0.0,0.0,inward,BZT
2079,0.0,0.0,0.0,0.0,0.0,0,1,0.0,0.0,0,0.0,0.0,0.0,0,0,1,1,0.0,0.0,0.0,1,0.0,0,0.0,0.0,1.0,0,0.0,0.0,0.0,1.0,0.0,0.0,0.0,0.0,0,0.0,0,0.0,1,0.0,0,1.0,0.0,0.0,1,1,1,0.0,0,1,0.0,1.0,0.0,0.0,0.0,0.0,0,0.0,1,0.0,0,0,0.0,0.0,1.0,0.0,0.0,inward,BZT
2080,0.0,0.0,0.0,0.0,0.0,0,0,0.0,0.0,0,0.0,0.0,0.0,0,0,1,1,0.0,0.0,0.0,0,0.0,0,0.0,0.0,0.0,0,1.0,0.0,0.0,1.0,0.0,0.0,0.0,0.0,0,0.0,0,0.0,1,0.0,0,1.0,0.0,0.0,1,1,1,0.0,0,0,0.0,1.0,0.0,0.0,0.0,0.0,0,0.0,1,0.0,0,0,0.0,0.0,1.0,1.0,0.0,inward,BZT
2081,0.0,0.0,0.0,0.0,0.0,0,0,0.0,0.0,0,0.0,0.0,0.0,0,0,1,1,0.0,0.0,0.0,1,0.0,0,0.0,0.0,0.0,0,1.0,1.0,0.0,1.0,0.0,0.0,0.0,0.0,0,0.0,1,0.0,1,0.0,0,0.0,0.0,0.0,1,0,1,0.0,1,0,0.0,0.0,0.0,0.0,0.0,0.0,0,0.0,0,0.0,0,0,0.0,0.0,1.0,0.0,0.0,inward,BZT
2082,0.0,0.0,0.0,0.0,0.0,0,1,0.0,0.0,0,0.0,0.0,0.0,0,0,1,0,0.0,0.0,0.0,1,0.0,0,1.0,0.0,0.0,1,1.0,1.0,0.0,1.0,0.0,0.0,0.0,0.0,0,0.0,1,0.0,1,0.0,0,1.0,0.0,0.0,1,0,1,0.0,0,0,0.0,1.0,0.0,0.0,0.0,0.0,0,0.0,1,0.0,0,0,0.0,0.0,1.0,0.0,0.0,inward,BZT
2083,0.0,0.0,0.0,0.0,0.0,0,0,0.0,0.0,0,0.0,0.0,0.0,0,0,1,0,0.0,0.0,0.0,0,0.0,0,0.0,0.0,0.0,0,1.0,0.0,0.0,1.0,0.0,0.0,0.0,0.0,0,0.0,0,0.0,1,0.0,0,1.0,0.0,0.0,1,0,1,0.0,0,0,0.0,1.0,0.0,0.0,0.0,0.0,0,0.0,0,0.0,0,0,0.0,0.0,1.0,1.0,0.0,inward,BZT
2084,0.0,0.0,0.0,0.0,0.0,0,1,0.0,0.0,0,0.0,0.0,0.0,1,0,1,1,0.0,0.0,0.0,1,1.0,0,0.0,0.0,0.0,1,0.0,0.0,0.0,0.0,0.0,0.0,0.0,0.0,0,0.0,1,0.0,1,0.0,0,1.0,0.0,0.0,1,0,1,0.0,0,1,0.0,0.0,0.0,0.0,0.0,0.0,0,0.0,0,0.0,0,0,0.0,0.0,1.0,1.0,0.0,inward,BZT
2085,0.0,0.0,0.0,0.0,0.0,0,1,0.0,0.0,0,0.0,0.0,0.0,1,0,1,1,0.0,0.0,0.0,0,0.0,0,0.0,0.0,1.0,1,1.0,0.0,0.0,0.0,0.0,0.0,0.0,0.0,0,0.0,0,0.0,0,0.0,0,1.0,1.0,1.0,1,0,1,0.0,0,0,0.0,1.0,0.0,0.0,0.0,0.0,0,0.0,1,0.0,0,0,0.0,0.0,1.0,1.0,1.0,inward,BZT
2086,0.0,0.0,0.0,0.0,0.0,0,1,0.0,0.0,0,0.0,0.0,0.0,0,0,1,0,0.0,0.0,0.0,0,0.0,0,0.0,0.0,0.0,1,1.0,0.0,0.0,1.0,0.0,0.0,0.0,0.0,0,0.0,1,0.0,0,0.0,0,1.0,0.0,0.0,1,0,0,0.0,0,0,0.0,1.0,0.0,0.0,0.0,0.0,0,0.0,0,0.0,0,0,0.0,0.0,1.0,1.0,0.0,inward,BZT
2087,0.0,0.0,0.0,0.0,0.0,0,1,0.0,1.0,1,0.0,0.0,0.0,1,0,1,1,0.0,0.0,0.0,1,0.0,0,0.0,0.0,1.0,1,1.0,0.0,0.0,1.0,0.0,0.0,0.0,0.0,0,0.0,1,0.0,0,0.0,0,1.0,0.0,1.0,1,1,1,0.0,0,0,0.0,1.0,0.0,0.0,0.0,0.0,0,0.0,0,0.0,0,0,0.0,0.0,1.0,1.0,0.0,inward,BZT
2088,0.0,0.0,0.0,0.0,0.0,0,0,0.0,0.0,0,0.0,0.0,0.0,1,0,1,1,0.0,0.0,0.0,1,0.0,0,0.0,0.0,1.0,1,1.0,0.0,0.0,1.0,0.0,0.0,0.0,0.0,0,0.0,1,0.0,1,0.0,0,1.0,0.0,0.0,1,0,1,0.0,0,0,0.0,1.0,0.0,0.0,0.0,0.0,0,0.0,0,0.0,0,0,0.0,0.0,1.0,1.0,0.0,inward,BZT
2089,0.0,0.0,0.0,0.0,0.0,0,0,0.0,0.0,0,0.0,0.0,0.0,0,0,1,1,0.0,0.0,0.0,1,0.0,0,0.0,0.0,1.0,1,1.0,0.0,0.0,1.0,0.0,0.0,0.0,0.0,0,0.0,0,0.0,1,0.0,0,1.0,0.0,1.0,1,0,1,0.0,1,1,0.0,1.0,0.0,0.0,0.0,0.0,0,0.0,0,0.0,0,0,0.0,0.0,1.0,1.0,0.0,inward,BZT
2090,0.0,0.0,0.0,0.0,0.0,0,0,0.0,0.0,0,0.0,0.0,0.0,1,0,1,1,0.0,0.0,0.0,1,0.0,0,0.0,0.0,1.0,1,1.0,0.0,0.0,0.0,0.0,0.0,0.0,0.0,0,0.0,1,0.0,0,0.0,0,1.0,0.0,1.0,1,0,1,0.0,0,0,0.0,1.0,0.0,0.0,0.0,0.0,0,0.0,1,0.0,0,0,0.0,0.0,1.0,1.0,0.0,inward,BZT
2091,0.0,0.0,0.0,0.0,0.0,0,0,0.0,1.0,0,0.0,0.0,0.0,0,0,1,0,0.0,0.0,0.0,1,0.0,0,0.0,0.0,1.0,0,1.0,0.0,0.0,1.0,0.0,0.0,0.0,0.0,0,0.0,1,0.0,1,0.0,0,1.0,0.0,1.0,1,0,0,0.0,0,0,0.0,1.0,0.0,0.0,0.0,0.0,0,0.0,1,0.0,0,0,0.0,0.0,1.0,0.0,1.0,inward,BZT
2092,0.0,0.0,0.0,0.0,0.0,0,0,0.0,0.0,0,0.0,0.0,0.0,1,0,1,0,0.0,0.0,0.0,0,0.0,0,0.0,0.0,1.0,1,0.0,0.0,0.0,0.0,0.0,0.0,0.0,0.0,0,0.0,0,0.0,0,0.0,0,1.0,0.0,0.0,1,1,0,0.0,0,0,0.0,1.0,0.0,0.0,0.0,0.0,0,0.0,1,0.0,0,0,0.0,0.0,1.0,0.0,0.0,inward,BZT
2093,0.0,0.0,0.0,0.0,0.0,0,0,0.0,0.0,0,0.0,0.0,0.0,0,0,1,1,0.0,0.0,0.0,0,0.0,0,0.0,0.0,0.0,0,0.0,0.0,0.0,0.0,0.0,0.0,0.0,0.0,0,0.0,0,0.0,0,0.0,0,1.0,0.0,0.0,1,1,1,0.0,0,0,0.0,1.0,0.0,0.0,0.0,0.0,0,0.0,1,0.0,0,0,0.0,0.0,1.0,1.0,0.0,inward,BZT
2094,0.0,0.0,0.0,0.0,0.0,0,1,0.0,0.0,0,0.0,0.0,0.0,0,0,1,1,0.0,0.0,0.0,1,0.0,0,0.0,0.0,0.0,1,1.0,0.0,0.0,0.0,0.0,0.0,0.0,0.0,0,0.0,1,0.0,1,0.0,0,1.0,0.0,0.0,1,1,0,0.0,0,0,0.0,1.0,0.0,0.0,0.0,0.0,0,0.0,1,0.0,0,0,0.0,0.0,1.0,1.0,0.0,inward,BZT
2095,0.0,0.0,0.0,0.0,0.0,0,1,0.0,0.0,0,0.0,0.0,0.0,0,0,1,0,0.0,0.0,0.0,1,0.0,0,0.0,0.0,0.0,1,0.0,0.0,0.0,0.0,0.0,0.0,0.0,0.0,0,0.0,0,0.0,1,0.0,0,1.0,0.0,1.0,1,0,1,0.0,0,0,0.0,1.0,0.0,0.0,0.0,0.0,0,0.0,1,0.0,0,0,0.0,0.0,1.0,1.0,0.0,inward,BZT
2096,0.0,0.0,0.0,0.0,0.0,0,0,0.0,0.0,0,0.0,0.0,0.0,1,0,1,1,0.0,0.0,0.0,1,0.0,0,0.0,0.0,1.0,0,0.0,0.0,0.0,0.0,0.0,0.0,0.0,0.0,0,0.0,0,0.0,0,0.0,0,1.0,0.0,1.0,1,1,0,0.0,0,0,0.0,1.0,1.0,0.0,0.0,0.0,0,0.0,1,0.0,0,0,0.0,0.0,1.0,1.0,1.0,inward,BZT
2097,0.0,0.0,0.0,0.0,0.0,0,1,0.0,1.0,0,0.0,0.0,0.0,0,0,1,1,0.0,0.0,0.0,1,0.0,0,0.0,0.0,0.0,0,1.0,0.0,0.0,0.0,0.0,0.0,0.0,0.0,0,0.0,0,0.0,1,0.0,0,1.0,0.0,0.0,1,1,1,0.0,1,0,0.0,1.0,0.0,0.0,0.0,0.0,0,0.0,1,0.0,0,0,0.0,0.0,1.0,0.0,0.0,inward,BZT
2098,0.0,0.0,0.0,0.0,0.0,0,0,0.0,1.0,0,0.0,0.0,0.0,0,0,1,1,0.0,0.0,0.0,1,0.0,0,0.0,0.0,0.0,1,1.0,0.0,0.0,1.0,0.0,0.0,0.0,0.0,0,0.0,1,0.0,0,0.0,0,1.0,0.0,0.0,1,0,1,0.0,1,0,0.0,1.0,0.0,0.0,0.0,0.0,0,0.0,1,0.0,0,0,0.0,0.0,1.0,0.0,0.0,inward,BZT
2099,0.0,0.0,0.0,0.0,0.0,0,0,0.0,0.0,0,0.0,0.0,0.0,0,0,1,1,0.0,0.0,0.0,1,0.0,0,0.0,0.0,0.0,0,1.0,0.0,0.0,0.0,0.0,0.0,0.0,0.0,0,0.0,1,0.0,0,0.0,0,1.0,0.0,1.0,1,0,1,0.0,0,0,0.0,1.0,1.0,0.0,0.0,0.0,0,0.0,0,0.0,0,0,0.0,0.0,1.0,1.0,0.0,inward,BZT
2100,0.0,0.0,0.0,0.0,0.0,0,1,0.0,1.0,0,0.0,0.0,0.0,0,0,1,0,0.0,0.0,0.0,1,0.0,0,0.0,0.0,0.0,0,1.0,0.0,0.0,1.0,0.0,0.0,0.0,0.0,0,0.0,1,0.0,1,0.0,0,1.0,0.0,0.0,1,0,1,0.0,0,0,0.0,1.0,0.0,0.0,0.0,0.0,0,0.0,1,0.0,0,0,0.0,0.0,1.0,1.0,1.0,inward,BZT
2101,0.0,0.0,0.0,0.0,0.0,0,1,0.0,0.0,0,0.0,0.0,0.0,1,0,1,1,0.0,0.0,0.0,1,0.0,0,0.0,0.0,0.0,0,1.0,0.0,0.0,1.0,0.0,0.0,0.0,0.0,0,0.0,0,0.0,1,0.0,0,1.0,0.0,1.0,1,0,1,0.0,0,1,0.0,1.0,0.0,0.0,0.0,0.0,0,0.0,1,0.0,0,0,0.0,0.0,1.0,1.0,0.0,inward,BZT
2102,0.0,0.0,0.0,0.0,0.0,0,0,0.0,0.0,0,0.0,0.0,0.0,0,0,1,1,0.0,0.0,0.0,1,0.0,0,0.0,0.0,0.0,0,1.0,0.0,0.0,1.0,0.0,0.0,0.0,0.0,0,0.0,0,0.0,1,0.0,0,1.0,0.0,1.0,1,0,1,0.0,0,0,0.0,1.0,0.0,0.0,0.0,0.0,0,0.0,1,0.0,0,0,0.0,0.0,1.0,1.0,0.0,inward,BZT
2103,0.0,0.0,0.0,0.0,0.0,0,0,0.0,0.0,0,0.0,0.0,0.0,0,0,1,1,0.0,0.0,0.0,1,0.0,0,0.0,0.0,0.0,0,1.0,0.0,0.0,0.0,0.0,0.0,0.0,0.0,0,0.0,1,0.0,1,0.0,0,1.0,0.0,1.0,1,1,0,0.0,0,0,0.0,1.0,0.0,0.0,0.0,0.0,0,0.0,1,0.0,0,0,0.0,0.0,1.0,1.0,0.0,inward,BZT
2104,0.0,0.0,0.0,0.0,0.0,0,0,0.0,0.0,0,0.0,0.0,0.0,1,0,1,1,0.0,0.0,0.0,1,0.0,0,0.0,0.0,1.0,1,1.0,0.0,0.0,0.0,0.0,0.0,0.0,0.0,0,0.0,0,0.0,1,0.0,0,1.0,0.0,1.0,1,0,0,0.0,0,0,0.0,1.0,0.0,0.0,0.0,0.0,0,0.0,1,0.0,0,0,0.0,0.0,1.0,1.0,0.0,inward,BZT
2105,0.0,0.0,0.0,0.0,0.0,0,0,0.0,1.0,0,0.0,0.0,0.0,0,0,1,1,0.0,0.0,0.0,0,0.0,0,0.0,0.0,0.0,1,1.0,0.0,0.0,0.0,0.0,0.0,0.0,0.0,0,0.0,1,0.0,0,0.0,0,1.0,0.0,0.0,1,0,0,0.0,0,0,0.0,1.0,0.0,0.0,0.0,0.0,0,0.0,1,0.0,0,0,0.0,0.0,1.0,1.0,0.0,inward,BZT
2106,0.0,0.0,0.0,0.0,0.0,0,0,0.0,0.0,0,0.0,0.0,0.0,0,0,1,1,0.0,0.0,0.0,1,0.0,0,1.0,0.0,1.0,1,1.0,0.0,0.0,0.0,0.0,0.0,0.0,0.0,0,0.0,1,0.0,1,0.0,0,1.0,0.0,0.0,1,1,0,0.0,0,0,0.0,1.0,1.0,0.0,0.0,0.0,0,0.0,1,0.0,0,0,0.0,0.0,1.0,1.0,0.0,inward,BZT
2107,0.0,0.0,0.0,0.0,0.0,0,1,0.0,0.0,0,0.0,0.0,0.0,0,0,1,1,0.0,0.0,0.0,1,0.0,0,0.0,0.0,0.0,0,0.0,0.0,0.0,0.0,0.0,0.0,0.0,0.0,0,0.0,1,0.0,1,0.0,0,1.0,0.0,0.0,1,1,1,0.0,0,0,0.0,1.0,0.0,0.0,0.0,0.0,0,0.0,1,0.0,0,0,0.0,0.0,1.0,0.0,0.0,inward,BZT
2108,0.0,0.0,0.0,0.0,0.0,0,1,0.0,1.0,0,0.0,0.0,0.0,0,0,1,1,0.0,0.0,0.0,1,0.0,0,0.0,0.0,1.0,1,1.0,0.0,0.0,0.0,0.0,0.0,0.0,0.0,0,0.0,1,0.0,0,0.0,0,1.0,0.0,0.0,1,0,0,0.0,0,0,0.0,1.0,0.0,0.0,0.0,0.0,0,0.0,0,0.0,0,0,0.0,0.0,1.0,0.0,0.0,inward,BZT
2109,0.0,0.0,0.0,0.0,0.0,0,1,0.0,1.0,0,0.0,0.0,0.0,0,0,1,1,0.0,0.0,0.0,0,0.0,0,0.0,0.0,1.0,1,0.0,0.0,0.0,0.0,0.0,0.0,0.0,0.0,0,0.0,1,0.0,1,0.0,0,1.0,0.0,0.0,1,0,1,0.0,0,0,0.0,1.0,0.0,0.0,0.0,0.0,0,0.0,0,0.0,0,0,0.0,0.0,1.0,1.0,1.0,inward,BZT
2110,0.0,0.0,0.0,0.0,0.0,0,0,0.0,0.0,0,0.0,0.0,0.0,0,0,1,1,0.0,0.0,0.0,1,0.0,0,1.0,0.0,1.0,1,0.0,0.0,0.0,0.0,0.0,0.0,0.0,0.0,0,0.0,1,0.0,1,0.0,0,1.0,0.0,0.0,1,1,1,0.0,0,1,0.0,1.0,0.0,0.0,0.0,0.0,0,0.0,0,0.0,0,0,0.0,0.0,1.0,1.0,0.0,inward,BZT
2111,0.0,0.0,0.0,0.0,0.0,0,0,0.0,0.0,0,0.0,0.0,0.0,0,0,1,1,0.0,0.0,0.0,1,0.0,0,1.0,0.0,1.0,1,1.0,0.0,0.0,1.0,0.0,0.0,0.0,0.0,0,0.0,0,0.0,0,0.0,0,1.0,0.0,0.0,1,0,1,0.0,0,0,0.0,1.0,1.0,0.0,0.0,0.0,0,0.0,1,0.0,0,0,0.0,0.0,1.0,0.0,0.0,inward,BZT
2112,0.0,0.0,0.0,0.0,0.0,0,0,0.0,0.0,0,0.0,0.0,0.0,0,0,1,1,0.0,0.0,0.0,1,0.0,0,1.0,0.0,1.0,1,1.0,0.0,0.0,0.0,0.0,0.0,0.0,0.0,0,0.0,1,0.0,1,0.0,0,1.0,0.0,1.0,1,1,1,0.0,1,0,0.0,1.0,0.0,0.0,0.0,0.0,0,0.0,1,0.0,0,0,0.0,0.0,1.0,1.0,0.0,inward,BZT
2113,0.0,0.0,0.0,0.0,0.0,0,0,0.0,1.0,0,0.0,0.0,0.0,1,0,1,0,0.0,0.0,0.0,1,0.0,0,1.0,0.0,0.0,0,1.0,0.0,0.0,0.0,0.0,0.0,0.0,0.0,0,0.0,1,0.0,0,0.0,0,1.0,0.0,0.0,1,0,1,0.0,0,1,0.0,1.0,0.0,0.0,0.0,0.0,0,0.0,1,0.0,0,0,0.0,0.0,1.0,0.0,0.0,inward,BZT
2114,0.0,0.0,0.0,0.0,0.0,0,1,0.0,0.0,0,0.0,0.0,0.0,0,0,1,1,0.0,0.0,0.0,1,0.0,0,1.0,0.0,1.0,0,0.0,0.0,0.0,0.0,0.0,0.0,0.0,0.0,0,0.0,1,0.0,1,0.0,0,1.0,0.0,1.0,1,1,1,0.0,0,0,0.0,1.0,1.0,0.0,0.0,0.0,0,0.0,1,0.0,0,0,0.0,0.0,1.0,0.0,1.0,inward,BZT
2115,0.0,0.0,0.0,0.0,0.0,0,0,0.0,0.0,0,0.0,0.0,0.0,0,0,1,0,0.0,0.0,0.0,1,0.0,0,1.0,0.0,0.0,1,1.0,0.0,0.0,0.0,0.0,0.0,0.0,0.0,0,0.0,1,0.0,1,0.0,0,1.0,0.0,0.0,1,0,1,0.0,0,0,0.0,1.0,0.0,0.0,0.0,0.0,0,0.0,1,0.0,0,0,0.0,0.0,1.0,0.0,0.0,inward,BZT
2116,0.0,0.0,0.0,0.0,0.0,0,0,0.0,0.0,0,0.0,0.0,0.0,0,0,1,1,0.0,0.0,0.0,1,0.0,0,0.0,0.0,0.0,0,0.0,0.0,0.0,0.0,0.0,0.0,0.0,0.0,0,0.0,0,0.0,1,0.0,0,1.0,0.0,0.0,1,0,0,0.0,0,0,0.0,1.0,0.0,0.0,0.0,0.0,0,0.0,1,0.0,0,0,0.0,0.0,1.0,0.0,0.0,inward,BZT
2117,0.0,0.0,0.0,0.0,0.0,0,1,0.0,1.0,0,0.0,0.0,0.0,0,0,1,1,0.0,0.0,0.0,1,0.0,0,0.0,0.0,1.0,0,1.0,0.0,0.0,1.0,0.0,0.0,0.0,0.0,0,0.0,1,0.0,1,0.0,0,1.0,0.0,1.0,1,0,1,0.0,0,0,0.0,1.0,0.0,0.0,0.0,0.0,0,0.0,0,0.0,0,0,0.0,0.0,1.0,1.0,0.0,inward,BZT
2118,0.0,0.0,0.0,0.0,0.0,0,1,0.0,1.0,1,0.0,0.0,0.0,1,0,1,1,0.0,0.0,0.0,1,0.0,0,1.0,0.0,1.0,1,1.0,0.0,0.0,0.0,0.0,0.0,0.0,0.0,0,0.0,1,0.0,1,0.0,0,1.0,0.0,1.0,1,1,1,0.0,0,0,0.0,1.0,0.0,0.0,0.0,0.0,0,0.0,1,0.0,0,0,0.0,0.0,1.0,0.0,1.0,inward,BZT
2119,0.0,0.0,0.0,0.0,0.0,0,0,0.0,0.0,0,0.0,0.0,0.0,0,0,1,1,0.0,0.0,0.0,1,0.0,0,0.0,0.0,1.0,1,1.0,0.0,0.0,0.0,0.0,0.0,0.0,0.0,0,0.0,1,0.0,0,0.0,0,1.0,0.0,0.0,1,1,1,0.0,0,1,0.0,1.0,1.0,0.0,0.0,0.0,0,0.0,1,0.0,0,0,0.0,0.0,1.0,0.0,0.0,inward,BZT
2120,0.0,0.0,0.0,0.0,0.0,0,0,0.0,1.0,0,0.0,0.0,0.0,1,0,1,1,0.0,0.0,0.0,0,0.0,0,0.0,0.0,1.0,0,1.0,0.0,0.0,1.0,0.0,1.0,0.0,0.0,0,0.0,0,0.0,0,0.0,0,1.0,1.0,0.0,1,0,1,0.0,0,0,0.0,1.0,0.0,0.0,0.0,0.0,0,0.0,1,0.0,0,0,0.0,0.0,1.0,0.0,1.0,inward,BZT
2121,0.0,0.0,0.0,0.0,0.0,0,1,0.0,0.0,0,0.0,0.0,0.0,0,0,1,1,0.0,0.0,0.0,1,0.0,0,0.0,0.0,0.0,0,1.0,0.0,0.0,0.0,0.0,0.0,0.0,0.0,0,0.0,0,0.0,1,0.0,0,1.0,0.0,0.0,1,1,0,0.0,0,0,0.0,1.0,0.0,0.0,0.0,0.0,0,0.0,1,0.0,0,0,0.0,0.0,1.0,0.0,0.0,inward,BZT
2122,0.0,0.0,0.0,0.0,0.0,0,1,0.0,0.0,0,0.0,0.0,0.0,0,0,1,0,0.0,0.0,0.0,1,0.0,0,0.0,0.0,1.0,0,0.0,0.0,0.0,0.0,0.0,0.0,0.0,0.0,0,0.0,1,0.0,0,0.0,0,1.0,0.0,0.0,1,0,0,0.0,1,0,0.0,1.0,0.0,0.0,0.0,0.0,0,0.0,0,0.0,0,0,0.0,0.0,1.0,1.0,1.0,inward,BZT
2123,0.0,0.0,0.0,0.0,0.0,0,0,0.0,1.0,0,0.0,0.0,0.0,1,0,1,1,0.0,0.0,0.0,1,0.0,0,1.0,0.0,1.0,1,0.0,0.0,0.0,0.0,0.0,0.0,0.0,0.0,0,0.0,1,0.0,0,0.0,0,1.0,0.0,1.0,1,1,0,0.0,0,0,0.0,1.0,0.0,0.0,0.0,0.0,0,0.0,1,0.0,0,0,0.0,0.0,1.0,0.0,0.0,inward,BZT
2124,0.0,0.0,0.0,0.0,0.0,0,1,0.0,0.0,0,0.0,0.0,0.0,0,0,1,0,0.0,0.0,0.0,1,0.0,0,0.0,0.0,1.0,1,0.0,0.0,0.0,1.0,0.0,0.0,0.0,0.0,0,0.0,0,0.0,1,0.0,0,1.0,1.0,1.0,1,0,1,0.0,0,0,0.0,1.0,0.0,0.0,0.0,0.0,0,0.0,0,0.0,0,0,0.0,0.0,1.0,1.0,0.0,inward,BZT
2125,0.0,0.0,0.0,0.0,0.0,0,0,0.0,1.0,0,0.0,0.0,0.0,0,0,1,1,0.0,0.0,0.0,0,0.0,0,0.0,0.0,1.0,1,0.0,0.0,0.0,1.0,0.0,0.0,0.0,0.0,0,0.0,0,0.0,0,0.0,0,1.0,0.0,0.0,1,1,1,0.0,0,0,0.0,1.0,0.0,0.0,0.0,0.0,0,0.0,0,0.0,0,0,0.0,0.0,1.0,1.0,0.0,inward,BZT
2126,0.0,0.0,0.0,0.0,0.0,0,1,0.0,1.0,1,0.0,0.0,0.0,1,0,1,1,0.0,0.0,0.0,1,0.0,0,0.0,0.0,1.0,1,1.0,0.0,0.0,0.0,0.0,0.0,0.0,0.0,0,0.0,1,0.0,1,0.0,0,1.0,1.0,0.0,1,0,1,0.0,0,0,0.0,1.0,0.0,0.0,0.0,0.0,0,0.0,0,0.0,0,0,0.0,0.0,1.0,0.0,1.0,inward,BZT
2127,0.0,0.0,0.0,0.0,0.0,0,0,0.0,0.0,0,0.0,0.0,0.0,0,0,1,0,0.0,0.0,0.0,0,0.0,0,0.0,0.0,1.0,1,1.0,1.0,0.0,0.0,0.0,0.0,0.0,0.0,0,0.0,1,0.0,1,0.0,0,1.0,0.0,1.0,1,0,0,0.0,0,0,0.0,1.0,0.0,0.0,0.0,0.0,0,0.0,0,0.0,0,0,0.0,0.0,1.0,0.0,0.0,inward,BZT
2128,0.0,0.0,0.0,0.0,0.0,0,1,0.0,0.0,0,0.0,0.0,0.0,1,0,1,1,0.0,0.0,0.0,1,0.0,0,1.0,0.0,1.0,1,0.0,0.0,0.0,0.0,0.0,0.0,0.0,0.0,0,0.0,0,0.0,0,0.0,0,1.0,0.0,1.0,1,0,1,0.0,0,1,0.0,1.0,0.0,0.0,0.0,0.0,0,0.0,0,0.0,0,0,0.0,0.0,1.0,0.0,0.0,inward,BZT
2129,0.0,0.0,0.0,0.0,0.0,0,1,0.0,0.0,1,0.0,0.0,0.0,0,0,1,0,0.0,0.0,0.0,0,0.0,0,0.0,0.0,1.0,1,0.0,0.0,0.0,1.0,0.0,0.0,0.0,0.0,0,0.0,1,0.0,1,0.0,0,1.0,0.0,1.0,1,1,1,0.0,0,0,0.0,1.0,0.0,0.0,0.0,0.0,0,0.0,0,0.0,0,0,0.0,0.0,1.0,1.0,0.0,inward,BZT
2130,0.0,0.0,0.0,0.0,0.0,0,0,0.0,0.0,0,0.0,0.0,0.0,1,0,1,1,0.0,0.0,0.0,1,0.0,0,0.0,0.0,1.0,0,1.0,0.0,0.0,1.0,0.0,0.0,0.0,0.0,0,0.0,0,0.0,1,0.0,0,1.0,0.0,0.0,1,0,1,0.0,0,0,0.0,1.0,0.0,0.0,0.0,0.0,0,0.0,1,0.0,0,0,0.0,0.0,1.0,0.0,0.0,inward,BZT
2131,0.0,0.0,0.0,0.0,0.0,0,0,0.0,0.0,0,0.0,0.0,0.0,0,0,1,0,0.0,0.0,0.0,1,0.0,0,1.0,0.0,1.0,1,1.0,0.0,0.0,0.0,0.0,0.0,0.0,0.0,0,0.0,0,0.0,0,0.0,0,1.0,0.0,0.0,1,1,1,0.0,0,1,0.0,1.0,0.0,0.0,0.0,0.0,0,0.0,0,0.0,0,0,0.0,0.0,1.0,1.0,0.0,inward,BZT
2132,0.0,0.0,0.0,0.0,0.0,0,0,0.0,0.0,0,0.0,0.0,0.0,0,0,1,0,0.0,0.0,0.0,0,0.0,0,1.0,0.0,1.0,1,0.0,0.0,0.0,0.0,0.0,0.0,0.0,0.0,0,0.0,0,0.0,0,0.0,0,1.0,1.0,1.0,1,0,1,0.0,0,1,0.0,1.0,0.0,0.0,0.0,0.0,0,0.0,0,0.0,0,0,0.0,0.0,1.0,1.0,0.0,inward,BZT
2133,0.0,0.0,0.0,0.0,0.0,0,0,0.0,0.0,0,0.0,0.0,0.0,0,0,1,1,0.0,0.0,0.0,1,0.0,0,0.0,0.0,1.0,1,1.0,0.0,0.0,0.0,0.0,0.0,0.0,0.0,0,0.0,1,0.0,1,0.0,0,0.0,0.0,0.0,1,0,1,0.0,1,0,0.0,1.0,0.0,0.0,0.0,0.0,0,0.0,1,0.0,0,0,0.0,0.0,1.0,1.0,0.0,inward,BZT
2134,0.0,0.0,0.0,0.0,0.0,0,1,0.0,0.0,0,0.0,0.0,0.0,0,0,1,0,0.0,0.0,0.0,1,0.0,0,0.0,0.0,1.0,1,1.0,0.0,0.0,1.0,0.0,0.0,0.0,0.0,0,0.0,0,0.0,1,0.0,0,1.0,1.0,1.0,1,0,0,0.0,0,0,0.0,1.0,0.0,0.0,0.0,0.0,0,0.0,1,0.0,0,0,0.0,0.0,1.0,1.0,0.0,inward,BZT
2135,0.0,0.0,0.0,0.0,0.0,0,1,0.0,0.0,0,0.0,0.0,0.0,0,0,1,1,0.0,0.0,0.0,1,0.0,0,1.0,0.0,0.0,0,0.0,0.0,0.0,0.0,0.0,0.0,0.0,0.0,0,0.0,1,0.0,0,0.0,0,1.0,0.0,0.0,1,0,1,0.0,0,0,0.0,1.0,1.0,0.0,0.0,0.0,0,0.0,0,0.0,0,0,0.0,0.0,1.0,1.0,0.0,inward,BZT
2136,0.0,0.0,0.0,0.0,0.0,0,1,0.0,1.0,0,0.0,0.0,0.0,0,0,1,1,0.0,0.0,0.0,1,0.0,0,0.0,0.0,1.0,0,1.0,0.0,0.0,0.0,0.0,0.0,0.0,0.0,0,0.0,1,0.0,1,0.0,0,1.0,0.0,0.0,1,1,0,0.0,0,1,0.0,1.0,0.0,0.0,0.0,0.0,0,0.0,1,0.0,0,0,0.0,0.0,1.0,1.0,0.0,inward,BZT
2137,0.0,0.0,0.0,0.0,0.0,0,1,0.0,0.0,0,0.0,0.0,0.0,0,0,1,0,0.0,0.0,0.0,0,0.0,0,1.0,0.0,0.0,0,1.0,0.0,0.0,0.0,0.0,0.0,0.0,0.0,0,0.0,0,0.0,1,0.0,0,1.0,1.0,1.0,1,0,1,0.0,0,0,0.0,1.0,0.0,0.0,0.0,0.0,0,0.0,1,0.0,0,0,0.0,0.0,1.0,1.0,0.0,inward,BZT
2138,0.0,0.0,0.0,0.0,0.0,0,0,0.0,0.0,0,0.0,0.0,0.0,0,0,1,1,0.0,0.0,0.0,0,0.0,0,0.0,0.0,1.0,1,1.0,0.0,0.0,0.0,0.0,0.0,0.0,0.0,0,0.0,0,0.0,1,0.0,0,1.0,0.0,1.0,1,0,0,0.0,0,1,0.0,1.0,0.0,0.0,0.0,0.0,0,0.0,0,0.0,0,0,0.0,0.0,1.0,1.0,0.0,inward,BZT
2139,0.0,0.0,0.0,0.0,0.0,0,1,0.0,0.0,0,0.0,0.0,0.0,0,0,1,1,0.0,0.0,0.0,1,0.0,0,1.0,0.0,0.0,0,1.0,0.0,0.0,0.0,0.0,0.0,0.0,0.0,0,0.0,1,0.0,0,0.0,0,1.0,0.0,0.0,1,0,1,0.0,0,0,0.0,1.0,0.0,0.0,0.0,0.0,0,0.0,1,0.0,0,0,0.0,0.0,1.0,0.0,1.0,inward,BZT
2140,0.0,0.0,0.0,0.0,0.0,0,0,0.0,0.0,0,0.0,0.0,0.0,1,0,1,1,0.0,0.0,0.0,1,0.0,0,0.0,0.0,1.0,0,1.0,0.0,0.0,0.0,0.0,0.0,0.0,0.0,0,0.0,1,0.0,1,0.0,0,1.0,1.0,1.0,1,0,1,0.0,0,0,0.0,1.0,0.0,0.0,0.0,0.0,0,0.0,0,0.0,0,0,0.0,0.0,1.0,0.0,0.0,inward,BZT
2141,0.0,0.0,0.0,0.0,0.0,0,1,0.0,0.0,0,0.0,0.0,0.0,0,0,1,0,0.0,0.0,0.0,1,0.0,0,0.0,0.0,0.0,0,0.0,0.0,0.0,0.0,0.0,0.0,0.0,0.0,0,0.0,1,0.0,1,0.0,1,1.0,0.0,1.0,1,0,1,0.0,0,0,0.0,1.0,0.0,0.0,0.0,0.0,0,0.0,1,0.0,0,0,0.0,0.0,1.0,1.0,0.0,inward,BZT
2142,0.0,0.0,0.0,0.0,0.0,0,0,0.0,0.0,1,0.0,0.0,0.0,0,0,1,0,0.0,0.0,0.0,1,0.0,0,0.0,0.0,1.0,0,1.0,0.0,0.0,0.0,0.0,0.0,0.0,0.0,0,0.0,1,0.0,1,0.0,0,1.0,0.0,1.0,1,1,1,0.0,0,0,0.0,1.0,0.0,0.0,0.0,0.0,0,0.0,0,0.0,0,0,0.0,0.0,1.0,1.0,1.0,inward,BZT
2143,0.0,0.0,0.0,0.0,0.0,0,1,0.0,1.0,0,0.0,0.0,0.0,1,0,1,0,0.0,0.0,0.0,1,0.0,0,1.0,0.0,1.0,1,1.0,0.0,0.0,1.0,0.0,0.0,0.0,0.0,0,0.0,1,0.0,1,0.0,0,1.0,0.0,0.0,1,0,0,0.0,0,1,0.0,1.0,1.0,0.0,0.0,0.0,0,0.0,1,0.0,0,0,0.0,0.0,1.0,1.0,0.0,inward,BZT
2144,0.0,0.0,0.0,0.0,0.0,0,0,0.0,1.0,0,0.0,0.0,0.0,0,0,1,0,0.0,0.0,0.0,1,0.0,0,0.0,0.0,1.0,1,1.0,0.0,0.0,1.0,0.0,0.0,0.0,0.0,0,0.0,0,0.0,0,0.0,0,1.0,0.0,0.0,1,0,0,0.0,1,0,0.0,1.0,0.0,0.0,0.0,0.0,0,0.0,1,0.0,0,0,0.0,0.0,1.0,1.0,0.0,inward,BZT
2145,0.0,0.0,0.0,0.0,0.0,0,0,0.0,0.0,0,0.0,0.0,0.0,0,0,1,1,0.0,0.0,0.0,1,0.0,0,0.0,0.0,1.0,1,1.0,0.0,0.0,0.0,0.0,0.0,0.0,0.0,0,0.0,1,0.0,1,0.0,0,1.0,0.0,0.0,1,0,0,0.0,0,0,0.0,1.0,1.0,0.0,0.0,0.0,0,0.0,1,0.0,0,0,0.0,0.0,1.0,1.0,0.0,inward,BZT
2146,0.0,0.0,0.0,0.0,0.0,0,0,0.0,0.0,0,0.0,0.0,0.0,0,0,1,0,0.0,0.0,0.0,1,0.0,0,0.0,0.0,0.0,1,1.0,0.0,0.0,1.0,0.0,0.0,0.0,0.0,0,0.0,1,0.0,1,0.0,0,1.0,0.0,0.0,1,1,1,0.0,0,0,0.0,1.0,1.0,0.0,0.0,0.0,0,0.0,1,0.0,0,0,0.0,0.0,1.0,1.0,0.0,inward,BZT
2147,0.0,0.0,0.0,0.0,0.0,0,0,0.0,0.0,0,0.0,0.0,0.0,0,0,1,0,0.0,0.0,0.0,0,0.0,0,0.0,0.0,0.0,1,1.0,0.0,0.0,1.0,0.0,0.0,0.0,0.0,0,0.0,0,0.0,1,0.0,0,1.0,0.0,0.0,1,0,1,0.0,0,0,0.0,1.0,0.0,0.0,0.0,0.0,0,0.0,1,0.0,0,0,0.0,0.0,1.0,1.0,1.0,inward,BZT
2148,0.0,0.0,0.0,0.0,0.0,0,0,0.0,1.0,0,0.0,0.0,0.0,0,0,1,1,0.0,0.0,0.0,1,0.0,0,1.0,0.0,1.0,1,0.0,0.0,0.0,0.0,0.0,0.0,0.0,0.0,0,0.0,0,0.0,0,0.0,0,1.0,1.0,0.0,1,1,1,0.0,0,0,0.0,1.0,0.0,0.0,0.0,0.0,0,0.0,0,0.0,0,0,0.0,0.0,1.0,1.0,1.0,inward,BZT
2149,0.0,0.0,0.0,0.0,0.0,0,1,0.0,1.0,0,0.0,0.0,0.0,0,0,1,0,0.0,0.0,0.0,0,0.0,0,0.0,0.0,1.0,1,0.0,0.0,0.0,0.0,0.0,0.0,0.0,0.0,0,0.0,1,0.0,0,0.0,0,1.0,0.0,0.0,1,0,1,0.0,1,0,0.0,1.0,0.0,0.0,0.0,0.0,0,0.0,1,0.0,0,0,0.0,0.0,1.0,0.0,1.0,inward,BZT
2150,0.0,0.0,0.0,0.0,0.0,0,1,0.0,0.0,0,0.0,0.0,0.0,0,0,1,1,0.0,0.0,0.0,1,0.0,0,0.0,0.0,0.0,0,0.0,0.0,0.0,1.0,0.0,0.0,0.0,0.0,0,0.0,1,0.0,1,0.0,0,1.0,0.0,0.0,1,0,0,0.0,1,1,0.0,1.0,0.0,0.0,0.0,0.0,0,0.0,1,0.0,0,0,0.0,0.0,1.0,0.0,0.0,inward,BZT
2151,0.0,0.0,0.0,0.0,0.0,0,1,0.0,0.0,0,0.0,0.0,0.0,0,0,1,1,0.0,0.0,0.0,1,0.0,0,0.0,0.0,1.0,0,0.0,0.0,0.0,1.0,0.0,1.0,0.0,0.0,0,0.0,1,0.0,1,0.0,0,1.0,0.0,1.0,1,1,1,0.0,0,0,0.0,1.0,1.0,0.0,0.0,0.0,0,0.0,0,0.0,0,0,0.0,0.0,1.0,0.0,1.0,inward,BZT
2152,0.0,0.0,0.0,0.0,0.0,0,1,0.0,0.0,1,0.0,0.0,0.0,0,0,1,0,0.0,0.0,0.0,1,0.0,0,0.0,0.0,0.0,1,0.0,0.0,0.0,1.0,0.0,0.0,0.0,0.0,0,0.0,1,0.0,1,0.0,1,1.0,0.0,0.0,1,1,1,0.0,1,0,0.0,1.0,0.0,0.0,0.0,0.0,0,0.0,0,0.0,0,0,0.0,0.0,1.0,1.0,0.0,inward,BZT
2153,0.0,0.0,0.0,0.0,0.0,0,0,0.0,1.0,0,0.0,0.0,0.0,1,0,1,1,0.0,0.0,0.0,0,0.0,0,1.0,0.0,0.0,0,1.0,0.0,0.0,1.0,0.0,0.0,0.0,0.0,0,0.0,0,0.0,1,0.0,0,1.0,0.0,0.0,1,0,1,0.0,0,1,0.0,1.0,0.0,0.0,0.0,0.0,0,0.0,1,0.0,0,0,0.0,0.0,1.0,1.0,0.0,inward,BZT
2154,0.0,0.0,0.0,0.0,0.0,0,1,0.0,0.0,0,0.0,0.0,0.0,0,0,1,1,0.0,0.0,0.0,1,0.0,0,0.0,0.0,1.0,1,1.0,0.0,0.0,1.0,0.0,0.0,0.0,0.0,0,0.0,1,0.0,0,0.0,0,1.0,0.0,0.0,1,1,0,0.0,0,1,0.0,1.0,0.0,0.0,0.0,0.0,0,0.0,1,0.0,0,0,0.0,0.0,1.0,0.0,0.0,inward,BZT
2155,0.0,0.0,0.0,0.0,0.0,0,1,0.0,1.0,0,0.0,0.0,0.0,1,0,1,1,0.0,0.0,0.0,0,0.0,0,0.0,0.0,1.0,1,1.0,0.0,0.0,0.0,0.0,0.0,0.0,0.0,0,0.0,0,0.0,0,0.0,0,1.0,1.0,0.0,1,1,1,0.0,1,0,0.0,1.0,0.0,0.0,0.0,0.0,0,0.0,1,0.0,0,0,0.0,0.0,1.0,1.0,0.0,inward,BZT
2156,0.0,0.0,0.0,0.0,0.0,0,0,0.0,0.0,1,0.0,0.0,0.0,0,0,1,0,0.0,0.0,0.0,1,0.0,0,0.0,0.0,0.0,1,1.0,0.0,0.0,0.0,0.0,0.0,0.0,0.0,0,0.0,0,0.0,1,0.0,0,1.0,0.0,1.0,1,1,1,0.0,0,0,0.0,1.0,0.0,0.0,0.0,0.0,0,0.0,1,0.0,0,0,0.0,0.0,1.0,1.0,0.0,inward,BZT
2157,0.0,0.0,0.0,0.0,0.0,0,1,0.0,1.0,0,0.0,0.0,0.0,0,0,1,1,0.0,0.0,0.0,1,0.0,0,0.0,0.0,0.0,0,0.0,0.0,0.0,0.0,0.0,0.0,0.0,0.0,0,0.0,1,0.0,0,0.0,0,1.0,1.0,1.0,1,1,0,0.0,1,0,0.0,1.0,0.0,0.0,0.0,0.0,0,0.0,1,0.0,0,0,0.0,0.0,1.0,0.0,0.0,inward,BZT
2158,0.0,0.0,0.0,0.0,0.0,0,1,0.0,0.0,0,0.0,0.0,0.0,1,0,1,1,0.0,0.0,0.0,0,0.0,0,0.0,0.0,1.0,0,0.0,0.0,0.0,0.0,0.0,0.0,0.0,0.0,0,0.0,1,0.0,1,0.0,0,1.0,0.0,0.0,1,0,0,0.0,1,0,0.0,1.0,0.0,0.0,0.0,0.0,0,0.0,1,0.0,0,0,0.0,0.0,1.0,1.0,0.0,inward,BZT
2159,0.0,0.0,0.0,0.0,0.0,0,0,0.0,0.0,0,0.0,0.0,0.0,1,0,1,1,0.0,0.0,0.0,1,0.0,0,0.0,0.0,0.0,1,1.0,0.0,0.0,0.0,0.0,0.0,0.0,0.0,0,0.0,1,0.0,1,0.0,0,1.0,0.0,0.0,1,1,1,0.0,0,0,0.0,1.0,0.0,0.0,0.0,0.0,0,0.0,1,0.0,0,0,0.0,0.0,1.0,1.0,1.0,inward,BZT
2160,0.0,0.0,0.0,0.0,0.0,0,1,0.0,0.0,0,0.0,0.0,0.0,0,0,1,0,0.0,0.0,0.0,1,0.0,0,0.0,0.0,1.0,1,1.0,1.0,0.0,1.0,0.0,0.0,0.0,0.0,0,0.0,1,0.0,0,0.0,0,1.0,0.0,1.0,1,0,1,0.0,1,0,0.0,1.0,0.0,0.0,0.0,0.0,0,0.0,0,0.0,0,0,0.0,0.0,1.0,0.0,0.0,inward,BZT
2161,0.0,0.0,0.0,0.0,0.0,0,0,0.0,0.0,0,0.0,0.0,0.0,0,0,1,0,0.0,0.0,0.0,0,0.0,0,0.0,0.0,1.0,1,1.0,1.0,0.0,1.0,0.0,0.0,0.0,0.0,0,0.0,1,0.0,1,0.0,0,1.0,0.0,1.0,1,1,1,0.0,0,0,0.0,1.0,1.0,0.0,0.0,0.0,0,0.0,0,0.0,0,0,0.0,0.0,1.0,1.0,0.0,inward,BZT
2162,0.0,0.0,0.0,0.0,0.0,0,0,0.0,0.0,0,0.0,0.0,0.0,0,0,1,1,0.0,0.0,0.0,0,0.0,0,0.0,0.0,1.0,1,0.0,0.0,0.0,1.0,0.0,0.0,0.0,0.0,0,0.0,1,0.0,0,0.0,0,1.0,0.0,0.0,1,0,1,0.0,0,0,0.0,1.0,0.0,0.0,0.0,0.0,0,0.0,1,0.0,0,0,0.0,0.0,1.0,1.0,0.0,inward,BZT
2163,0.0,0.0,0.0,0.0,0.0,0,1,0.0,1.0,1,0.0,0.0,0.0,1,0,1,0,0.0,0.0,0.0,0,0.0,0,0.0,0.0,0.0,0,1.0,0.0,0.0,1.0,0.0,0.0,0.0,0.0,0,0.0,1,0.0,1,0.0,0,1.0,0.0,1.0,1,0,1,0.0,0,0,0.0,1.0,0.0,0.0,0.0,0.0,0,0.0,0,0.0,0,0,0.0,0.0,1.0,1.0,0.0,inward,BZT
2164,0.0,0.0,0.0,0.0,0.0,0,1,0.0,1.0,0,0.0,0.0,0.0,0,0,1,1,0.0,0.0,0.0,1,0.0,0,0.0,0.0,0.0,1,0.0,0.0,0.0,0.0,0.0,0.0,0.0,0.0,0,0.0,0,0.0,1,0.0,0,0.0,0.0,0.0,1,1,0,0.0,1,1,0.0,1.0,0.0,0.0,0.0,0.0,0,0.0,1,0.0,0,0,0.0,0.0,1.0,0.0,0.0,inward,BZT
2165,0.0,0.0,0.0,0.0,0.0,0,0,0.0,0.0,0,0.0,0.0,0.0,0,0,1,0,0.0,0.0,0.0,0,0.0,0,0.0,0.0,0.0,0,0.0,0.0,0.0,0.0,0.0,0.0,0.0,0.0,0,0.0,0,0.0,1,0.0,0,1.0,1.0,0.0,1,0,1,0.0,0,0,0.0,1.0,1.0,0.0,0.0,0.0,0,0.0,1,0.0,0,0,0.0,0.0,1.0,0.0,1.0,inward,BZT
2166,0.0,0.0,0.0,0.0,0.0,0,0,0.0,0.0,0,0.0,0.0,0.0,0,0,1,0,0.0,0.0,0.0,1,0.0,0,1.0,0.0,1.0,0,1.0,0.0,0.0,0.0,0.0,0.0,0.0,0.0,0,0.0,1,0.0,0,0.0,0,1.0,0.0,1.0,1,0,1,0.0,1,0,0.0,1.0,0.0,0.0,0.0,0.0,0,0.0,0,0.0,0,0,0.0,0.0,1.0,0.0,0.0,inward,BZT
2167,0.0,0.0,0.0,0.0,0.0,0,0,0.0,1.0,0,0.0,0.0,0.0,0,0,1,1,0.0,0.0,0.0,0,0.0,0,0.0,0.0,0.0,1,1.0,1.0,0.0,1.0,0.0,0.0,0.0,0.0,0,0.0,1,0.0,1,0.0,0,1.0,1.0,1.0,1,0,1,0.0,0,0,0.0,1.0,0.0,0.0,0.0,0.0,0,0.0,1,0.0,0,0,0.0,0.0,1.0,1.0,0.0,inward,BZT
2168,0.0,0.0,0.0,0.0,0.0,0,1,0.0,1.0,0,0.0,0.0,0.0,0,0,1,0,0.0,0.0,0.0,1,0.0,0,0.0,0.0,1.0,1,0.0,0.0,0.0,1.0,0.0,0.0,0.0,0.0,0,0.0,1,0.0,0,0.0,0,1.0,0.0,0.0,1,1,0,0.0,0,1,0.0,1.0,1.0,0.0,0.0,0.0,0,0.0,1,0.0,0,0,0.0,0.0,1.0,1.0,0.0,inward,BZT
2169,0.0,0.0,0.0,0.0,0.0,0,1,0.0,0.0,0,0.0,0.0,0.0,0,0,1,1,0.0,0.0,0.0,1,0.0,0,0.0,0.0,1.0,0,0.0,0.0,0.0,1.0,0.0,0.0,0.0,0.0,0,0.0,0,0.0,1,0.0,0,1.0,0.0,0.0,1,0,0,0.0,0,1,0.0,1.0,0.0,0.0,0.0,0.0,0,0.0,1,0.0,0,0,0.0,0.0,1.0,1.0,0.0,inward,BZT
2170,0.0,0.0,0.0,0.0,0.0,0,1,0.0,0.0,0,0.0,0.0,0.0,0,0,1,0,0.0,0.0,0.0,1,0.0,0,0.0,0.0,1.0,0,1.0,0.0,0.0,1.0,0.0,0.0,0.0,0.0,0,0.0,1,0.0,1,0.0,0,1.0,0.0,0.0,1,0,0,0.0,0,0,0.0,1.0,0.0,0.0,0.0,0.0,0,0.0,1,0.0,0,0,0.0,0.0,1.0,1.0,0.0,inward,BZT
2171,0.0,0.0,0.0,0.0,0.0,0,0,0.0,1.0,0,0.0,0.0,0.0,0,0,1,0,0.0,0.0,0.0,0,0.0,0,1.0,0.0,1.0,0,0.0,0.0,0.0,1.0,0.0,0.0,0.0,0.0,0,0.0,1,0.0,0,0.0,0,1.0,0.0,1.0,1,0,1,0.0,0,0,0.0,1.0,0.0,0.0,0.0,0.0,0,0.0,0,0.0,0,0,0.0,0.0,1.0,0.0,0.0,inward,BZT
2172,0.0,0.0,0.0,0.0,0.0,0,1,0.0,0.0,0,0.0,0.0,0.0,0,0,1,0,0.0,0.0,0.0,0,0.0,0,0.0,0.0,0.0,0,0.0,0.0,0.0,0.0,0.0,0.0,0.0,0.0,0,0.0,0,0.0,1,0.0,0,1.0,0.0,0.0,1,1,1,0.0,0,0,0.0,1.0,0.0,0.0,0.0,0.0,0,0.0,1,0.0,0,0,0.0,0.0,1.0,0.0,0.0,inward,BZT
2173,0.0,0.0,0.0,0.0,0.0,0,0,0.0,0.0,1,0.0,0.0,0.0,0,0,1,0,0.0,0.0,0.0,1,0.0,0,0.0,0.0,1.0,1,0.0,0.0,0.0,1.0,0.0,0.0,0.0,0.0,0,0.0,0,0.0,1,0.0,0,1.0,1.0,0.0,1,1,1,0.0,0,0,0.0,1.0,0.0,0.0,0.0,0.0,0,0.0,1,0.0,0,0,0.0,0.0,1.0,1.0,0.0,inward,BZT
2174,0.0,0.0,0.0,0.0,0.0,0,0,0.0,0.0,0,0.0,0.0,0.0,0,0,1,1,0.0,0.0,0.0,1,0.0,0,0.0,0.0,0.0,0,0.0,0.0,0.0,0.0,0.0,0.0,0.0,0.0,0,0.0,1,0.0,1,0.0,0,1.0,0.0,0.0,1,1,1,0.0,0,0,0.0,1.0,0.0,0.0,0.0,0.0,0,0.0,0,0.0,0,0,0.0,0.0,1.0,0.0,0.0,inward,BZT
2175,0.0,0.0,0.0,0.0,0.0,0,1,0.0,1.0,0,0.0,0.0,0.0,0,0,1,0,0.0,0.0,0.0,1,0.0,0,0.0,0.0,1.0,1,1.0,0.0,0.0,0.0,0.0,0.0,0.0,0.0,0,0.0,1,0.0,1,0.0,0,1.0,0.0,0.0,1,1,0,0.0,0,0,0.0,1.0,0.0,0.0,0.0,0.0,0,0.0,0,0.0,0,0,0.0,0.0,1.0,1.0,0.0,inward,BZT
2176,0.0,0.0,0.0,0.0,0.0,0,0,0.0,0.0,0,0.0,0.0,0.0,0,0,1,0,0.0,0.0,0.0,1,0.0,0,0.0,0.0,1.0,0,1.0,0.0,0.0,1.0,0.0,0.0,0.0,0.0,0,0.0,0,0.0,1,0.0,0,1.0,0.0,0.0,1,0,1,0.0,0,0,0.0,1.0,0.0,0.0,0.0,0.0,0,0.0,1,0.0,0,0,0.0,0.0,1.0,1.0,0.0,inward,BZT
2177,0.0,0.0,0.0,0.0,0.0,0,0,0.0,1.0,1,0.0,0.0,0.0,0,0,1,0,0.0,0.0,0.0,0,0.0,0,1.0,0.0,0.0,1,0.0,0.0,0.0,1.0,0.0,0.0,0.0,0.0,0,0.0,1,0.0,0,0.0,0,1.0,0.0,0.0,1,1,1,0.0,0,0,0.0,1.0,0.0,0.0,0.0,0.0,0,0.0,0,0.0,0,0,0.0,0.0,1.0,1.0,0.0,inward,BZT
2178,0.0,0.0,0.0,0.0,0.0,0,0,0.0,0.0,0,0.0,0.0,0.0,0,0,1,0,0.0,0.0,0.0,1,0.0,0,0.0,0.0,1.0,1,0.0,0.0,0.0,1.0,0.0,0.0,0.0,0.0,0,0.0,0,0.0,0,0.0,0,1.0,1.0,0.0,1,1,1,0.0,0,0,0.0,1.0,1.0,0.0,0.0,0.0,0,0.0,0,0.0,0,0,0.0,0.0,1.0,1.0,0.0,inward,BZT
2179,0.0,0.0,0.0,0.0,0.0,0,0,0.0,1.0,0,0.0,0.0,0.0,0,0,1,1,0.0,0.0,0.0,0,0.0,0,0.0,0.0,1.0,0,0.0,0.0,0.0,1.0,0.0,0.0,0.0,0.0,0,0.0,0,0.0,0,0.0,0,1.0,1.0,0.0,1,0,1,0.0,1,0,0.0,1.0,0.0,0.0,0.0,0.0,0,0.0,1,0.0,0,0,0.0,0.0,1.0,0.0,1.0,inward,BZT
2180,0.0,0.0,0.0,0.0,0.0,0,0,0.0,0.0,0,0.0,0.0,0.0,0,0,1,0,0.0,0.0,0.0,1,0.0,0,0.0,0.0,1.0,0,0.0,0.0,0.0,1.0,0.0,0.0,0.0,0.0,0,0.0,1,0.0,0,0.0,0,1.0,0.0,0.0,1,0,1,0.0,0,1,0.0,1.0,1.0,0.0,0.0,0.0,0,0.0,1,0.0,0,0,0.0,0.0,1.0,0.0,0.0,inward,BZT
2181,0.0,0.0,0.0,0.0,0.0,0,0,0.0,0.0,0,0.0,0.0,0.0,0,0,1,0,0.0,0.0,0.0,1,0.0,0,0.0,0.0,0.0,1,1.0,0.0,0.0,0.0,0.0,0.0,0.0,0.0,0,0.0,1,0.0,1,0.0,0,1.0,0.0,0.0,1,0,1,0.0,0,0,0.0,1.0,0.0,0.0,0.0,0.0,0,0.0,0,0.0,0,0,0.0,0.0,1.0,0.0,0.0,inward,BZT
2182,0.0,0.0,0.0,0.0,0.0,0,0,0.0,0.0,0,0.0,0.0,0.0,0,0,1,1,0.0,0.0,0.0,1,0.0,0,0.0,0.0,0.0,1,0.0,0.0,0.0,0.0,0.0,0.0,0.0,0.0,0,0.0,0,0.0,1,0.0,0,1.0,0.0,0.0,1,1,1,0.0,1,1,0.0,1.0,0.0,0.0,0.0,0.0,0,0.0,1,0.0,0,0,0.0,0.0,1.0,1.0,0.0,inward,BZT
2183,0.0,0.0,0.0,0.0,0.0,0,0,0.0,0.0,0,0.0,0.0,0.0,0,0,1,0,0.0,0.0,0.0,1,0.0,0,1.0,0.0,1.0,1,1.0,0.0,0.0,1.0,0.0,1.0,0.0,0.0,0,0.0,0,0.0,0,0.0,0,1.0,0.0,0.0,1,0,0,0.0,1,0,0.0,1.0,0.0,0.0,0.0,0.0,0,0.0,0,0.0,0,0,0.0,0.0,1.0,0.0,0.0,inward,BZT
2184,0.0,0.0,0.0,0.0,0.0,0,1,0.0,0.0,0,0.0,0.0,0.0,0,0,1,1,0.0,0.0,0.0,1,0.0,0,0.0,0.0,1.0,1,0.0,0.0,0.0,0.0,0.0,0.0,0.0,0.0,0,0.0,0,0.0,1,0.0,0,1.0,0.0,0.0,1,1,1,0.0,0,0,0.0,1.0,1.0,0.0,0.0,0.0,0,0.0,0,0.0,0,0,0.0,0.0,1.0,0.0,0.0,inward,BZT
2185,0.0,0.0,0.0,0.0,0.0,0,0,0.0,0.0,0,0.0,0.0,0.0,0,0,1,1,0.0,0.0,0.0,1,0.0,0,0.0,0.0,0.0,0,1.0,0.0,0.0,0.0,0.0,0.0,0.0,0.0,0,0.0,0,0.0,1,0.0,0,1.0,0.0,0.0,1,1,1,0.0,0,0,0.0,1.0,1.0,0.0,0.0,0.0,0,0.0,0,0.0,0,0,0.0,0.0,1.0,1.0,0.0,inward,BZT
2186,0.0,0.0,0.0,0.0,0.0,0,1,0.0,0.0,0,0.0,0.0,0.0,0,0,1,1,0.0,0.0,0.0,0,0.0,0,0.0,0.0,1.0,1,1.0,0.0,0.0,1.0,0.0,0.0,0.0,0.0,0,0.0,1,0.0,1,0.0,0,1.0,0.0,1.0,1,0,1,0.0,1,0,0.0,1.0,0.0,0.0,0.0,0.0,0,0.0,0,0.0,0,0,0.0,0.0,1.0,0.0,0.0,inward,BZT
2187,0.0,0.0,0.0,0.0,0.0,0,1,0.0,1.0,0,0.0,0.0,0.0,1,0,1,1,0.0,0.0,0.0,0,0.0,0,0.0,0.0,1.0,1,1.0,0.0,0.0,1.0,0.0,0.0,0.0,0.0,0,0.0,1,0.0,0,0.0,0,1.0,0.0,0.0,1,0,1,0.0,0,0,0.0,1.0,0.0,0.0,0.0,0.0,0,0.0,0,0.0,0,0,0.0,0.0,1.0,1.0,0.0,inward,BZT
2188,0.0,0.0,0.0,0.0,0.0,0,1,0.0,0.0,0,0.0,0.0,0.0,0,0,1,1,0.0,0.0,0.0,0,0.0,0,1.0,0.0,1.0,0,1.0,0.0,0.0,1.0,0.0,1.0,0.0,0.0,0,0.0,0,0.0,0,0.0,0,1.0,0.0,0.0,1,0,1,0.0,0,0,0.0,1.0,0.0,0.0,0.0,0.0,0,0.0,1,0.0,0,0,0.0,0.0,1.0,1.0,0.0,inward,BZT
2189,0.0,0.0,0.0,0.0,0.0,0,1,0.0,0.0,0,0.0,0.0,0.0,0,0,1,1,0.0,0.0,0.0,1,0.0,0,0.0,0.0,1.0,0,1.0,0.0,0.0,0.0,0.0,0.0,0.0,0.0,0,0.0,1,0.0,1,0.0,0,1.0,0.0,0.0,1,0,0,0.0,1,1,0.0,1.0,0.0,0.0,0.0,0.0,0,0.0,0,0.0,0,0,0.0,0.0,1.0,1.0,0.0,inward,BZT
2190,0.0,0.0,0.0,0.0,0.0,0,0,0.0,0.0,0,0.0,0.0,0.0,0,0,1,1,0.0,0.0,0.0,0,0.0,0,0.0,0.0,0.0,1,1.0,0.0,0.0,0.0,0.0,0.0,0.0,0.0,0,0.0,1,0.0,0,0.0,0,1.0,0.0,0.0,1,1,1,0.0,0,0,0.0,1.0,0.0,0.0,0.0,0.0,0,0.0,1,0.0,0,0,0.0,0.0,1.0,1.0,0.0,inward,BZT
2191,0.0,0.0,0.0,0.0,0.0,0,1,0.0,1.0,1,0.0,0.0,0.0,0,0,1,1,0.0,0.0,0.0,1,0.0,0,1.0,0.0,1.0,1,0.0,0.0,0.0,0.0,0.0,0.0,0.0,0.0,0,0.0,1,0.0,0,0.0,0,1.0,0.0,0.0,1,0,1,0.0,0,1,0.0,1.0,0.0,0.0,0.0,0.0,0,0.0,0,0.0,0,0,0.0,0.0,1.0,1.0,0.0,inward,BZT
2192,0.0,0.0,0.0,0.0,0.0,0,0,0.0,0.0,0,0.0,0.0,0.0,0,0,1,1,0.0,0.0,0.0,1,0.0,0,0.0,0.0,0.0,1,1.0,0.0,0.0,1.0,0.0,0.0,0.0,0.0,0,0.0,1,0.0,1,0.0,0,1.0,0.0,0.0,1,0,1,0.0,0,0,0.0,1.0,0.0,0.0,0.0,0.0,0,0.0,1,0.0,0,0,0.0,0.0,1.0,1.0,0.0,inward,BZT
2193,0.0,0.0,0.0,0.0,0.0,0,0,0.0,0.0,0,0.0,0.0,0.0,0,0,1,1,0.0,0.0,0.0,1,0.0,0,1.0,0.0,1.0,1,0.0,0.0,0.0,0.0,0.0,0.0,0.0,0.0,0,0.0,1,0.0,0,0.0,0,1.0,0.0,0.0,1,1,1,0.0,0,0,0.0,1.0,0.0,0.0,0.0,0.0,0,0.0,1,0.0,0,0,0.0,0.0,1.0,1.0,0.0,inward,BZT
2194,0.0,0.0,0.0,0.0,0.0,0,0,0.0,0.0,0,0.0,0.0,0.0,0,0,1,1,0.0,0.0,0.0,1,0.0,0,0.0,0.0,0.0,1,1.0,0.0,0.0,1.0,0.0,0.0,0.0,0.0,0,0.0,0,0.0,1,0.0,1,1.0,0.0,0.0,1,0,1,0.0,0,0,0.0,1.0,0.0,0.0,0.0,0.0,0,0.0,0,0.0,0,0,0.0,0.0,1.0,1.0,0.0,inward,BZT
2195,0.0,0.0,0.0,0.0,0.0,0,1,0.0,0.0,0,0.0,0.0,0.0,0,0,1,1,0.0,0.0,0.0,1,0.0,0,0.0,0.0,0.0,1,0.0,0.0,0.0,0.0,0.0,0.0,0.0,0.0,0,0.0,0,0.0,1,0.0,0,1.0,0.0,0.0,1,0,0,0.0,0,0,0.0,1.0,1.0,0.0,0.0,0.0,0,0.0,1,0.0,0,0,0.0,0.0,1.0,1.0,0.0,inward,BZT
2196,0.0,0.0,0.0,0.0,0.0,0,0,0.0,0.0,0,0.0,0.0,0.0,0,0,1,0,0.0,0.0,0.0,0,0.0,0,0.0,0.0,1.0,1,1.0,1.0,0.0,0.0,0.0,0.0,0.0,0.0,0,0.0,1,0.0,1,0.0,1,0.0,0.0,0.0,1,0,1,0.0,0,0,0.0,1.0,0.0,0.0,0.0,0.0,0,0.0,0,0.0,0,0,0.0,0.0,1.0,1.0,0.0,inward,BZT
2197,0.0,0.0,0.0,0.0,0.0,0,0,0.0,0.0,0,0.0,0.0,0.0,0,0,1,0,0.0,0.0,0.0,0,0.0,0,0.0,0.0,0.0,1,0.0,0.0,0.0,1.0,0.0,0.0,0.0,0.0,0,0.0,1,0.0,0,0.0,0,0.0,0.0,0.0,1,1,1,0.0,1,0,0.0,1.0,0.0,0.0,0.0,0.0,0,0.0,1,0.0,0,0,0.0,0.0,1.0,0.0,0.0,inward,BZT
2198,0.0,0.0,0.0,0.0,0.0,0,1,0.0,0.0,0,0.0,0.0,0.0,0,0,1,0,0.0,0.0,0.0,1,0.0,0,0.0,0.0,1.0,1,0.0,0.0,0.0,1.0,0.0,0.0,0.0,0.0,0,0.0,1,0.0,1,0.0,0,1.0,0.0,0.0,1,0,1,0.0,0,0,0.0,1.0,1.0,0.0,0.0,0.0,0,0.0,1,0.0,0,0,0.0,0.0,1.0,1.0,0.0,inward,BZT
2199,0.0,0.0,0.0,0.0,0.0,0,0,0.0,0.0,0,0.0,0.0,0.0,0,0,1,1,0.0,0.0,0.0,1,0.0,0,0.0,0.0,0.0,1,0.0,0.0,0.0,1.0,0.0,0.0,0.0,0.0,0,0.0,1,0.0,1,0.0,0,1.0,0.0,1.0,1,0,1,0.0,1,0,0.0,1.0,0.0,0.0,0.0,0.0,0,0.0,1,0.0,0,0,0.0,0.0,1.0,1.0,0.0,inward,BZT
2200,0.0,0.0,0.0,0.0,0.0,0,1,0.0,0.0,0,0.0,0.0,0.0,0,0,1,0,0.0,0.0,0.0,1,0.0,0,0.0,0.0,0.0,0,1.0,0.0,0.0,0.0,0.0,0.0,0.0,0.0,0,0.0,1,0.0,1,0.0,0,1.0,0.0,0.0,1,0,1,0.0,0,0,0.0,1.0,0.0,0.0,0.0,0.0,0,0.0,0,0.0,0,0,0.0,0.0,1.0,1.0,0.0,inward,BZT
2201,0.0,0.0,0.0,0.0,0.0,0,0,0.0,0.0,0,0.0,0.0,0.0,0,0,1,1,0.0,0.0,0.0,1,0.0,0,0.0,0.0,0.0,0,0.0,0.0,0.0,1.0,0.0,0.0,0.0,0.0,0,0.0,1,0.0,0,0.0,0,1.0,0.0,0.0,1,0,1,0.0,0,0,0.0,1.0,0.0,0.0,0.0,0.0,0,0.0,0,0.0,0,0,0.0,0.0,1.0,0.0,0.0,inward,BZT
2202,0.0,0.0,0.0,0.0,0.0,0,0,0.0,0.0,0,0.0,0.0,0.0,0,0,1,0,0.0,0.0,0.0,1,0.0,0,0.0,0.0,1.0,0,1.0,0.0,0.0,1.0,0.0,0.0,0.0,0.0,0,0.0,1,0.0,1,0.0,0,1.0,0.0,1.0,1,0,1,0.0,0,0,0.0,1.0,0.0,0.0,0.0,0.0,0,0.0,1,0.0,0,0,0.0,0.0,1.0,0.0,0.0,inward,BZT
2203,0.0,0.0,0.0,0.0,0.0,0,0,0.0,0.0,0,0.0,0.0,0.0,0,0,1,1,0.0,0.0,0.0,1,0.0,0,0.0,0.0,0.0,0,1.0,1.0,0.0,0.0,0.0,0.0,0.0,0.0,0,0.0,1,0.0,1,0.0,0,1.0,0.0,1.0,1,1,0,0.0,1,0,0.0,1.0,0.0,0.0,0.0,0.0,0,0.0,1,0.0,0,0,0.0,0.0,1.0,1.0,0.0,inward,BZT
2204,0.0,0.0,0.0,0.0,0.0,0,1,0.0,1.0,1,0.0,0.0,0.0,0,0,1,1,0.0,0.0,0.0,0,0.0,0,0.0,0.0,0.0,0,1.0,0.0,0.0,1.0,0.0,0.0,0.0,0.0,0,0.0,1,0.0,0,0.0,0,1.0,0.0,0.0,1,1,0,0.0,1,0,0.0,1.0,0.0,0.0,0.0,0.0,0,0.0,1,0.0,0,0,0.0,0.0,1.0,0.0,0.0,inward,BZT
2205,0.0,0.0,0.0,0.0,0.0,0,0,0.0,0.0,0,0.0,0.0,0.0,0,0,1,0,0.0,0.0,0.0,0,0.0,0,0.0,0.0,0.0,0,1.0,0.0,0.0,0.0,0.0,0.0,0.0,1.0,0,0.0,1,0.0,1,0.0,0,0.0,0.0,0.0,1,0,1,0.0,0,0,0.0,1.0,0.0,0.0,0.0,0.0,1,0.0,0,0.0,0,0,0.0,0.0,1.0,1.0,0.0,inward,BZT
2206,0.0,0.0,0.0,0.0,0.0,0,1,0.0,0.0,0,0.0,0.0,0.0,0,0,1,0,0.0,0.0,0.0,0,0.0,0,0.0,0.0,1.0,0,1.0,0.0,0.0,1.0,0.0,0.0,0.0,0.0,0,0.0,1,0.0,1,0.0,0,1.0,0.0,1.0,1,0,1,0.0,0,0,0.0,1.0,0.0,0.0,0.0,0.0,0,0.0,0,0.0,0,0,0.0,0.0,1.0,1.0,0.0,inward,BZT
2207,0.0,0.0,0.0,0.0,0.0,0,1,0.0,0.0,0,0.0,0.0,0.0,0,0,1,1,0.0,0.0,0.0,1,0.0,0,0.0,0.0,0.0,0,1.0,0.0,0.0,1.0,0.0,0.0,0.0,0.0,0,0.0,1,0.0,1,0.0,1,1.0,0.0,1.0,1,0,1,0.0,0,0,0.0,1.0,0.0,0.0,0.0,0.0,0,0.0,1,0.0,0,0,0.0,0.0,1.0,0.0,0.0,inward,BZT
2208,0.0,0.0,0.0,0.0,0.0,0,0,0.0,0.0,0,0.0,0.0,0.0,0,0,1,0,0.0,0.0,0.0,0,0.0,0,0.0,0.0,1.0,1,0.0,0.0,0.0,1.0,0.0,0.0,0.0,0.0,0,0.0,1,0.0,0,0.0,0,1.0,0.0,0.0,1,1,1,0.0,1,0,0.0,1.0,0.0,0.0,0.0,0.0,0,0.0,1,0.0,0,0,0.0,0.0,1.0,1.0,0.0,inward,BZT
2209,0.0,0.0,0.0,0.0,0.0,0,1,0.0,1.0,0,0.0,0.0,0.0,0,0,1,0,0.0,0.0,0.0,1,0.0,0,0.0,0.0,1.0,0,0.0,0.0,0.0,1.0,0.0,0.0,0.0,1.0,0,0.0,1,0.0,0,0.0,0,1.0,0.0,1.0,1,1,1,0.0,0,0,0.0,1.0,0.0,0.0,0.0,0.0,0,0.0,0,0.0,0,0,0.0,0.0,1.0,1.0,0.0,inward,BZT
2210,0.0,0.0,0.0,0.0,0.0,0,0,0.0,0.0,0,0.0,0.0,0.0,0,0,1,0,0.0,0.0,0.0,1,0.0,0,0.0,0.0,0.0,0,1.0,0.0,0.0,0.0,0.0,0.0,0.0,0.0,0,0.0,1,0.0,1,0.0,0,0.0,0.0,0.0,1,0,1,0.0,0,0,0.0,1.0,0.0,0.0,0.0,0.0,0,0.0,1,0.0,0,0,0.0,0.0,1.0,1.0,0.0,inward,BZT
2211,0.0,0.0,0.0,0.0,0.0,0,1,0.0,0.0,0,0.0,0.0,0.0,0,0,1,1,0.0,0.0,0.0,0,0.0,0,0.0,0.0,0.0,0,1.0,0.0,0.0,1.0,0.0,0.0,0.0,0.0,0,0.0,1,0.0,1,0.0,0,1.0,0.0,0.0,1,0,1,0.0,0,0,0.0,1.0,0.0,0.0,0.0,0.0,0,0.0,1,0.0,0,0,0.0,0.0,1.0,0.0,0.0,inward,BZT
2212,0.0,0.0,0.0,0.0,0.0,0,1,0.0,0.0,0,0.0,0.0,0.0,0,0,0,0,0.0,0.0,0.0,0,0.0,0,0.0,0.0,1.0,1,1.0,0.0,0.0,1.0,0.0,0.0,0.0,0.0,0,0.0,1,0.0,1,0.0,0,1.0,1.0,1.0,1,0,0,0.0,1,0,0.0,1.0,0.0,0.0,0.0,0.0,0,0.0,1,0.0,0,0,0.0,0.0,1.0,0.0,0.0,inward,BZT
2213,0.0,0.0,0.0,0.0,0.0,0,0,0.0,0.0,0,0.0,0.0,0.0,0,0,1,1,0.0,0.0,0.0,1,0.0,0,0.0,0.0,0.0,0,1.0,1.0,0.0,1.0,0.0,0.0,0.0,0.0,0,0.0,1,0.0,0,0.0,0,1.0,0.0,0.0,1,0,1,0.0,0,0,0.0,1.0,0.0,0.0,0.0,0.0,0,0.0,1,0.0,0,0,0.0,0.0,1.0,0.0,0.0,inward,BZT
2214,0.0,0.0,0.0,0.0,0.0,0,0,0.0,1.0,0,0.0,0.0,0.0,0,0,1,1,0.0,0.0,0.0,0,0.0,0,0.0,0.0,1.0,0,1.0,0.0,0.0,1.0,0.0,0.0,0.0,0.0,0,0.0,1,0.0,1,0.0,0,1.0,0.0,0.0,1,0,1,0.0,1,0,0.0,1.0,1.0,0.0,0.0,0.0,0,0.0,1,0.0,0,0,0.0,0.0,1.0,1.0,0.0,inward,BZT
2215,0.0,0.0,0.0,0.0,0.0,0,1,0.0,0.0,0,0.0,0.0,0.0,0,0,1,1,0.0,0.0,0.0,1,0.0,0,0.0,0.0,1.0,1,1.0,0.0,0.0,1.0,0.0,0.0,0.0,0.0,0,0.0,1,0.0,1,0.0,0,1.0,0.0,1.0,1,1,1,0.0,0,0,0.0,1.0,0.0,0.0,0.0,0.0,0,0.0,0,0.0,0,0,0.0,0.0,1.0,1.0,0.0,inward,BZT
2216,0.0,0.0,0.0,0.0,0.0,0,1,0.0,1.0,1,0.0,0.0,0.0,0,0,1,1,0.0,0.0,0.0,1,0.0,0,0.0,0.0,1.0,1,0.0,0.0,0.0,1.0,0.0,1.0,0.0,0.0,0,0.0,0,0.0,0,0.0,0,1.0,0.0,0.0,1,1,1,0.0,0,0,0.0,1.0,0.0,0.0,0.0,0.0,0,0.0,0,0.0,0,0,0.0,0.0,1.0,1.0,0.0,inward,BZT
2217,0.0,0.0,0.0,0.0,0.0,0,0,0.0,0.0,0,0.0,0.0,0.0,0,0,1,0,0.0,0.0,0.0,0,0.0,0,0.0,0.0,1.0,0,1.0,0.0,0.0,1.0,0.0,0.0,0.0,1.0,0,0.0,1,0.0,1,0.0,0,1.0,1.0,0.0,1,0,0,0.0,0,0,0.0,1.0,0.0,0.0,0.0,0.0,0,0.0,1,0.0,0,0,0.0,0.0,1.0,0.0,0.0,inward,BZT
2218,0.0,0.0,0.0,0.0,0.0,0,1,0.0,1.0,0,0.0,0.0,0.0,0,0,1,0,0.0,0.0,0.0,1,0.0,0,0.0,0.0,1.0,1,1.0,0.0,0.0,1.0,0.0,0.0,0.0,0.0,0,0.0,1,0.0,1,0.0,0,1.0,0.0,0.0,1,1,1,0.0,0,0,0.0,1.0,0.0,0.0,0.0,0.0,0,0.0,1,0.0,0,0,0.0,0.0,1.0,0.0,0.0,inward,BZT
2219,0.0,0.0,0.0,0.0,0.0,0,1,0.0,1.0,1,0.0,0.0,0.0,0,0,1,1,0.0,0.0,0.0,0,0.0,0,0.0,0.0,1.0,1,1.0,0.0,0.0,1.0,0.0,0.0,0.0,0.0,0,0.0,1,0.0,1,0.0,0,1.0,0.0,1.0,1,1,1,0.0,0,0,0.0,1.0,0.0,0.0,0.0,0.0,0,0.0,0,0.0,0,0,0.0,0.0,1.0,1.0,0.0,inward,BZT
2220,0.0,0.0,0.0,0.0,0.0,0,1,0.0,0.0,0,0.0,0.0,0.0,0,0,0,0,0.0,0.0,0.0,1,0.0,0,0.0,0.0,1.0,1,1.0,0.0,0.0,1.0,0.0,0.0,0.0,0.0,0,0.0,0,0.0,0,0.0,0,1.0,0.0,0.0,1,0,1,0.0,0,1,0.0,1.0,0.0,0.0,0.0,0.0,0,0.0,1,0.0,0,0,0.0,0.0,1.0,0.0,0.0,inward,BZT
2221,0.0,0.0,0.0,0.0,0.0,0,1,0.0,0.0,0,0.0,0.0,0.0,1,0,1,1,0.0,0.0,0.0,1,0.0,0,0.0,0.0,1.0,1,1.0,0.0,0.0,1.0,0.0,0.0,0.0,0.0,0,0.0,1,0.0,0,0.0,0,1.0,0.0,0.0,1,0,1,0.0,0,0,0.0,1.0,0.0,0.0,0.0,0.0,0,0.0,1,0.0,0,0,0.0,0.0,1.0,0.0,0.0,inward,BZT
2222,0.0,0.0,0.0,0.0,0.0,0,0,0.0,0.0,0,0.0,0.0,0.0,0,0,1,1,0.0,0.0,0.0,1,0.0,0,0.0,0.0,1.0,1,1.0,1.0,0.0,1.0,0.0,0.0,0.0,0.0,0,0.0,0,0.0,1,0.0,0,1.0,0.0,0.0,1,0,0,0.0,0,0,0.0,1.0,0.0,0.0,0.0,0.0,0,0.0,0,0.0,0,0,0.0,0.0,1.0,1.0,0.0,inward,BZT
2223,0.0,0.0,0.0,0.0,0.0,0,0,0.0,0.0,0,0.0,0.0,0.0,0,0,1,0,0.0,0.0,0.0,0,0.0,0,0.0,0.0,0.0,1,0.0,0.0,0.0,1.0,0.0,0.0,0.0,1.0,0,0.0,1,0.0,0,0.0,0,1.0,0.0,0.0,1,0,1,0.0,0,0,0.0,1.0,0.0,0.0,0.0,0.0,0,0.0,1,0.0,0,0,0.0,0.0,1.0,0.0,0.0,inward,BZT
2224,0.0,0.0,0.0,0.0,0.0,0,0,0.0,0.0,0,0.0,0.0,0.0,0,0,0,0,0.0,0.0,0.0,1,0.0,0,0.0,0.0,0.0,0,1.0,1.0,0.0,1.0,0.0,0.0,0.0,0.0,0,0.0,1,0.0,1,0.0,0,1.0,0.0,0.0,1,1,1,0.0,0,0,0.0,1.0,0.0,0.0,0.0,0.0,0,0.0,1,0.0,0,0,0.0,0.0,1.0,1.0,0.0,inward,BZT
2225,0.0,0.0,0.0,0.0,0.0,0,0,0.0,0.0,0,0.0,0.0,0.0,0,0,1,0,0.0,0.0,0.0,0,1.0,0,0.0,0.0,0.0,0,1.0,0.0,0.0,1.0,0.0,0.0,0.0,0.0,0,0.0,1,0.0,1,0.0,0,1.0,0.0,0.0,1,1,0,0.0,0,0,0.0,0.0,0.0,0.0,0.0,0.0,0,0.0,1,0.0,0,0,0.0,0.0,1.0,1.0,0.0,inward,BZT
2226,0.0,0.0,0.0,0.0,0.0,0,0,0.0,0.0,0,0.0,0.0,0.0,0,0,1,0,0.0,0.0,0.0,0,0.0,0,0.0,0.0,0.0,1,1.0,0.0,0.0,1.0,0.0,0.0,0.0,0.0,0,0.0,1,0.0,0,0.0,0,1.0,0.0,0.0,1,1,0,0.0,0,0,0.0,1.0,0.0,0.0,0.0,0.0,0,0.0,1,0.0,0,0,0.0,0.0,1.0,0.0,0.0,inward,BZT
2227,0.0,0.0,0.0,0.0,0.0,0,0,0.0,0.0,0,0.0,0.0,0.0,0,0,1,0,0.0,0.0,0.0,1,0.0,0,0.0,0.0,1.0,1,1.0,0.0,0.0,1.0,0.0,0.0,0.0,0.0,0,0.0,1,0.0,1,0.0,0,1.0,0.0,0.0,1,0,1,0.0,0,0,0.0,1.0,0.0,0.0,0.0,0.0,0,0.0,1,0.0,0,0,0.0,0.0,1.0,1.0,0.0,inward,BZT
2228,0.0,0.0,0.0,0.0,0.0,0,1,0.0,0.0,0,0.0,0.0,0.0,0,0,0,0,0.0,0.0,0.0,1,0.0,0,0.0,0.0,1.0,1,1.0,0.0,0.0,1.0,0.0,0.0,0.0,0.0,0,0.0,1,0.0,1,0.0,0,1.0,0.0,1.0,1,1,1,0.0,1,0,0.0,1.0,0.0,0.0,0.0,0.0,0,0.0,1,0.0,0,0,0.0,0.0,1.0,0.0,0.0,inward,BZT
2229,0.0,0.0,0.0,0.0,0.0,0,0,0.0,0.0,0,0.0,0.0,0.0,0,0,1,1,0.0,0.0,0.0,1,0.0,0,0.0,0.0,0.0,1,1.0,1.0,0.0,1.0,0.0,1.0,0.0,0.0,0,0.0,0,0.0,0,0.0,0,1.0,0.0,0.0,1,1,0,0.0,0,0,0.0,1.0,0.0,0.0,0.0,0.0,0,0.0,1,0.0,0,0,0.0,0.0,1.0,0.0,0.0,inward,BZT
2230,0.0,0.0,0.0,0.0,0.0,0,0,0.0,0.0,0,0.0,0.0,0.0,0,0,1,0,0.0,0.0,0.0,1,0.0,0,0.0,0.0,1.0,1,1.0,0.0,0.0,1.0,0.0,0.0,0.0,0.0,0,0.0,1,0.0,0,0.0,0,1.0,0.0,0.0,1,1,1,0.0,0,0,0.0,1.0,1.0,0.0,0.0,0.0,0,0.0,0,0.0,0,0,0.0,0.0,1.0,1.0,0.0,inward,BZT
2231,0.0,0.0,0.0,0.0,0.0,0,0,0.0,0.0,0,0.0,0.0,0.0,0,0,1,0,0.0,0.0,0.0,1,0.0,0,1.0,0.0,1.0,0,0.0,0.0,0.0,1.0,0.0,0.0,0.0,0.0,0,0.0,1,0.0,0,0.0,0,1.0,0.0,0.0,1,1,1,0.0,0,0,0.0,1.0,0.0,0.0,0.0,0.0,0,0.0,1,0.0,0,0,0.0,0.0,1.0,0.0,0.0,inward,BZT
2232,0.0,0.0,0.0,0.0,0.0,0,0,0.0,0.0,0,0.0,0.0,0.0,0,0,1,1,0.0,0.0,0.0,0,0.0,0,0.0,0.0,1.0,1,1.0,0.0,0.0,1.0,0.0,0.0,0.0,0.0,0,0.0,1,0.0,1,0.0,0,1.0,0.0,1.0,1,0,1,0.0,0,0,0.0,0.0,0.0,0.0,0.0,0.0,0,0.0,1,0.0,0,0,0.0,0.0,1.0,1.0,0.0,inward,BZT
2233,0.0,0.0,0.0,0.0,0.0,0,0,0.0,1.0,0,0.0,0.0,0.0,0,0,1,1,0.0,0.0,0.0,1,0.0,0,0.0,0.0,1.0,1,1.0,0.0,0.0,1.0,0.0,1.0,0.0,0.0,0,0.0,1,0.0,1,0.0,0,1.0,0.0,1.0,1,1,1,0.0,1,0,0.0,1.0,1.0,0.0,0.0,0.0,0,0.0,1,0.0,0,0,0.0,0.0,1.0,1.0,0.0,inward,BZT
2234,0.0,0.0,0.0,0.0,0.0,0,1,0.0,0.0,0,0.0,0.0,0.0,0,0,1,0,0.0,0.0,0.0,0,0.0,0,0.0,0.0,1.0,1,1.0,0.0,0.0,1.0,0.0,0.0,0.0,0.0,0,0.0,1,0.0,0,0.0,0,1.0,0.0,0.0,1,0,1,0.0,1,0,0.0,1.0,0.0,0.0,0.0,0.0,0,0.0,1,0.0,0,0,0.0,0.0,1.0,1.0,0.0,inward,BZT
2235,0.0,0.0,0.0,0.0,0.0,0,0,0.0,0.0,0,0.0,0.0,0.0,0,0,1,1,0.0,0.0,0.0,1,0.0,0,0.0,0.0,0.0,1,1.0,0.0,0.0,1.0,0.0,0.0,0.0,0.0,0,0.0,1,0.0,1,0.0,0,1.0,0.0,0.0,1,0,0,0.0,0,0,0.0,1.0,0.0,0.0,0.0,0.0,0,0.0,1,0.0,0,0,0.0,0.0,1.0,0.0,0.0,inward,BZT
2236,0.0,0.0,0.0,0.0,0.0,0,0,0.0,0.0,0,0.0,0.0,0.0,0,0,1,1,0.0,0.0,0.0,0,0.0,0,0.0,0.0,1.0,1,1.0,0.0,0.0,1.0,0.0,1.0,0.0,0.0,0,0.0,0,0.0,1,0.0,0,1.0,0.0,1.0,1,0,1,0.0,1,0,0.0,1.0,0.0,0.0,0.0,0.0,0,0.0,1,0.0,0,0,0.0,0.0,1.0,0.0,0.0,inward,BZT
2237,0.0,0.0,0.0,0.0,0.0,0,1,0.0,0.0,0,0.0,0.0,0.0,0,0,1,0,0.0,0.0,0.0,1,0.0,0,0.0,0.0,1.0,1,1.0,0.0,0.0,1.0,0.0,1.0,0.0,0.0,0,0.0,1,0.0,1,0.0,0,1.0,0.0,0.0,1,1,1,0.0,0,0,0.0,1.0,0.0,0.0,0.0,0.0,0,0.0,1,0.0,0,0,0.0,0.0,1.0,0.0,0.0,inward,BZT
2238,0.0,0.0,0.0,0.0,0.0,0,0,0.0,0.0,0,0.0,0.0,0.0,0,0,1,1,0.0,0.0,0.0,1,0.0,0,0.0,0.0,1.0,1,1.0,0.0,0.0,1.0,0.0,0.0,0.0,0.0,0,0.0,1,0.0,1,0.0,0,1.0,0.0,0.0,1,0,1,0.0,0,0,0.0,1.0,0.0,0.0,0.0,0.0,0,0.0,1,0.0,0,0,0.0,0.0,1.0,1.0,0.0,inward,BZT
2239,0.0,0.0,0.0,0.0,0.0,0,0,0.0,0.0,0,0.0,0.0,0.0,0,0,1,1,0.0,0.0,0.0,0,0.0,0,0.0,0.0,0.0,1,1.0,0.0,0.0,1.0,0.0,0.0,0.0,0.0,0,0.0,0,0.0,0,0.0,0,1.0,0.0,0.0,1,0,1,0.0,0,0,0.0,1.0,0.0,0.0,0.0,0.0,0,0.0,1,0.0,0,0,0.0,0.0,1.0,0.0,0.0,inward,BZT
2240,0.0,0.0,0.0,0.0,0.0,0,0,0.0,0.0,0,0.0,0.0,0.0,0,0,1,1,0.0,0.0,0.0,0,0.0,0,0.0,0.0,1.0,0,1.0,0.0,0.0,1.0,0.0,0.0,0.0,0.0,0,0.0,0,0.0,1,0.0,0,1.0,0.0,0.0,1,1,1,0.0,0,0,0.0,1.0,0.0,0.0,0.0,0.0,0,0.0,1,0.0,0,0,0.0,0.0,1.0,1.0,0.0,inward,BZT
2241,0.0,0.0,0.0,0.0,0.0,0,0,0.0,0.0,0,0.0,0.0,0.0,0,0,1,0,0.0,0.0,0.0,1,0.0,0,0.0,0.0,0.0,0,0.0,0.0,0.0,0.0,0.0,0.0,0.0,0.0,0,0.0,0,0.0,1,0.0,0,1.0,0.0,0.0,1,0,1,0.0,0,0,0.0,1.0,0.0,0.0,0.0,0.0,0,0.0,1,0.0,0,0,0.0,0.0,1.0,1.0,1.0,inward,BZT
2242,0.0,0.0,0.0,0.0,0.0,0,0,0.0,0.0,0,0.0,0.0,0.0,0,0,1,1,0.0,0.0,0.0,1,0.0,0,0.0,0.0,0.0,0,1.0,0.0,0.0,1.0,0.0,0.0,0.0,0.0,0,0.0,1,0.0,1,0.0,0,1.0,0.0,0.0,1,0,0,0.0,0,1,0.0,1.0,0.0,0.0,0.0,0.0,0,0.0,0,0.0,0,0,0.0,0.0,1.0,1.0,0.0,inward,BZT
2243,0.0,0.0,0.0,0.0,0.0,0,0,0.0,1.0,0,0.0,0.0,0.0,0,0,1,1,0.0,0.0,0.0,0,0.0,0,1.0,0.0,1.0,0,1.0,0.0,0.0,1.0,0.0,0.0,0.0,0.0,0,0.0,1,0.0,0,0.0,0,1.0,0.0,0.0,1,1,1,0.0,1,0,0.0,1.0,0.0,0.0,0.0,0.0,0,0.0,1,0.0,0,0,0.0,0.0,1.0,0.0,0.0,inward,BZT
2244,0.0,0.0,0.0,0.0,0.0,0,0,0.0,0.0,0,0.0,0.0,0.0,1,0,1,0,0.0,0.0,0.0,1,0.0,0,0.0,0.0,0.0,1,1.0,0.0,0.0,0.0,0.0,0.0,0.0,0.0,0,0.0,0,0.0,1,0.0,0,1.0,0.0,0.0,1,0,0,0.0,1,1,0.0,1.0,0.0,0.0,0.0,0.0,0,0.0,0,0.0,0,0,0.0,0.0,1.0,0.0,0.0,inward,BZT
2245,0.0,0.0,0.0,0.0,0.0,0,0,0.0,1.0,0,0.0,0.0,0.0,1,0,1,1,0.0,0.0,0.0,0,0.0,0,0.0,0.0,1.0,1,1.0,1.0,0.0,1.0,0.0,0.0,0.0,0.0,0,0.0,1,0.0,1,0.0,0,1.0,0.0,0.0,1,1,1,0.0,0,0,0.0,1.0,0.0,0.0,0.0,0.0,0,0.0,1,0.0,0,0,0.0,0.0,1.0,0.0,0.0,inward,BZT
2246,0.0,0.0,0.0,0.0,0.0,0,1,0.0,0.0,0,0.0,0.0,0.0,0,0,1,0,0.0,0.0,0.0,0,0.0,0,0.0,0.0,0.0,0,1.0,0.0,0.0,1.0,0.0,0.0,0.0,0.0,0,0.0,1,0.0,1,0.0,0,1.0,0.0,1.0,1,1,1,0.0,0,0,0.0,1.0,1.0,0.0,0.0,0.0,0,0.0,1,0.0,0,0,0.0,0.0,1.0,1.0,1.0,inward,BZT
2247,0.0,0.0,0.0,0.0,0.0,0,1,0.0,1.0,0,0.0,0.0,0.0,0,0,1,1,0.0,0.0,0.0,1,0.0,0,0.0,0.0,1.0,0,0.0,0.0,0.0,1.0,0.0,0.0,0.0,0.0,0,0.0,0,0.0,0,0.0,0,1.0,0.0,0.0,1,0,1,0.0,0,0,0.0,1.0,0.0,0.0,0.0,0.0,0,0.0,1,0.0,0,0,0.0,0.0,1.0,0.0,0.0,inward,BZT
2248,0.0,0.0,0.0,0.0,0.0,0,1,0.0,1.0,0,0.0,0.0,0.0,1,0,1,1,0.0,0.0,0.0,1,0.0,0,0.0,0.0,1.0,1,1.0,0.0,0.0,1.0,0.0,0.0,0.0,0.0,0,0.0,1,0.0,1,0.0,0,1.0,0.0,0.0,1,1,1,0.0,0,0,0.0,1.0,1.0,0.0,0.0,0.0,0,0.0,0,0.0,0,0,0.0,0.0,1.0,0.0,0.0,inward,BZT
2249,0.0,0.0,0.0,0.0,0.0,0,0,0.0,1.0,1,0.0,0.0,0.0,1,0,1,1,0.0,0.0,0.0,1,0.0,0,0.0,0.0,0.0,0,1.0,0.0,0.0,1.0,0.0,0.0,0.0,0.0,0,0.0,1,0.0,1,0.0,0,1.0,1.0,0.0,1,0,1,0.0,1,1,0.0,1.0,1.0,0.0,0.0,0.0,0,0.0,0,0.0,0,0,0.0,0.0,1.0,0.0,0.0,inward,BZT
2250,0.0,0.0,0.0,0.0,0.0,0,0,0.0,0.0,0,0.0,0.0,0.0,0,0,1,1,0.0,0.0,0.0,1,0.0,0,0.0,0.0,1.0,1,1.0,0.0,0.0,1.0,0.0,1.0,0.0,0.0,0,0.0,1,0.0,1,0.0,0,1.0,0.0,0.0,1,1,1,0.0,0,0,0.0,1.0,0.0,0.0,0.0,0.0,0,0.0,1,0.0,0,0,0.0,0.0,1.0,0.0,0.0,inward,BZT
2251,0.0,0.0,0.0,0.0,0.0,0,0,0.0,0.0,0,0.0,0.0,0.0,0,0,1,1,0.0,0.0,0.0,1,0.0,0,0.0,0.0,0.0,1,1.0,1.0,0.0,1.0,0.0,0.0,0.0,0.0,0,0.0,1,0.0,1,0.0,1,1.0,0.0,1.0,1,0,1,0.0,0,0,0.0,1.0,0.0,0.0,0.0,0.0,0,0.0,1,0.0,0,0,0.0,0.0,1.0,1.0,0.0,inward,BZT
2252,0.0,0.0,0.0,0.0,0.0,0,0,0.0,0.0,0,0.0,0.0,0.0,0,0,1,1,0.0,0.0,0.0,1,0.0,0,0.0,0.0,1.0,1,1.0,0.0,0.0,1.0,0.0,0.0,0.0,0.0,0,0.0,1,0.0,1,0.0,0,1.0,1.0,0.0,1,0,0,0.0,0,0,0.0,1.0,0.0,0.0,0.0,0.0,0,0.0,1,0.0,0,0,0.0,0.0,1.0,0.0,0.0,inward,BZT
2253,0.0,0.0,0.0,0.0,0.0,0,0,0.0,0.0,0,0.0,0.0,0.0,0,0,1,0,0.0,0.0,0.0,1,0.0,0,0.0,0.0,1.0,1,1.0,0.0,0.0,1.0,0.0,0.0,0.0,0.0,0,0.0,0,0.0,1,0.0,0,1.0,0.0,0.0,1,0,1,0.0,0,0,0.0,1.0,0.0,0.0,0.0,0.0,0,0.0,1,0.0,0,0,0.0,0.0,1.0,1.0,0.0,inward,BZT
2254,0.0,0.0,0.0,0.0,0.0,0,0,0.0,0.0,0,0.0,0.0,0.0,0,0,1,1,0.0,0.0,0.0,1,0.0,0,0.0,0.0,0.0,1,1.0,0.0,0.0,0.0,0.0,0.0,0.0,0.0,0,0.0,0,0.0,1,0.0,1,1.0,0.0,0.0,1,1,1,0.0,0,0,0.0,1.0,0.0,0.0,0.0,0.0,0,0.0,1,0.0,0,0,0.0,0.0,1.0,1.0,0.0,inward,BZT
2255,0.0,0.0,0.0,0.0,0.0,0,0,0.0,0.0,0,0.0,0.0,0.0,0,0,1,0,0.0,0.0,0.0,1,0.0,0,0.0,0.0,0.0,1,1.0,0.0,0.0,0.0,0.0,0.0,0.0,0.0,0,0.0,1,0.0,1,0.0,0,0.0,0.0,0.0,1,0,0,0.0,0,0,0.0,1.0,0.0,0.0,0.0,0.0,0,0.0,0,0.0,0,0,0.0,0.0,1.0,1.0,0.0,inward,BZT
2256,0.0,0.0,0.0,0.0,0.0,0,0,0.0,0.0,0,0.0,0.0,0.0,0,0,1,0,0.0,0.0,0.0,0,0.0,0,0.0,0.0,1.0,1,1.0,0.0,0.0,1.0,0.0,1.0,0.0,0.0,0,0.0,1,0.0,1,0.0,0,1.0,1.0,0.0,1,0,1,0.0,0,0,0.0,1.0,0.0,0.0,0.0,0.0,0,0.0,0,0.0,0,0,0.0,0.0,1.0,1.0,0.0,inward,BZT
2257,0.0,0.0,0.0,0.0,0.0,0,1,0.0,0.0,0,0.0,0.0,0.0,0,0,1,1,0.0,0.0,0.0,0,0.0,0,0.0,0.0,0.0,0,1.0,0.0,0.0,1.0,0.0,0.0,0.0,0.0,0,0.0,0,0.0,0,0.0,0,1.0,0.0,0.0,1,1,1,0.0,1,0,0.0,1.0,0.0,0.0,0.0,0.0,0,0.0,1,0.0,0,0,0.0,0.0,1.0,1.0,0.0,inward,BZT
2258,0.0,0.0,0.0,0.0,0.0,0,1,0.0,0.0,0,0.0,0.0,0.0,0,0,1,0,0.0,0.0,0.0,1,0.0,0,0.0,0.0,1.0,1,1.0,0.0,0.0,1.0,0.0,0.0,0.0,0.0,0,0.0,0,0.0,1,0.0,0,1.0,0.0,1.0,1,1,0,0.0,0,0,0.0,1.0,0.0,0.0,0.0,0.0,0,0.0,0,0.0,0,0,0.0,0.0,1.0,0.0,1.0,inward,BZT
2259,0.0,0.0,0.0,0.0,0.0,0,0,0.0,1.0,1,0.0,0.0,0.0,0,0,1,0,0.0,0.0,0.0,1,0.0,0,0.0,0.0,0.0,1,1.0,0.0,0.0,1.0,0.0,0.0,0.0,0.0,0,0.0,1,0.0,1,0.0,0,1.0,1.0,0.0,1,0,0,0.0,1,0,0.0,1.0,1.0,0.0,0.0,0.0,0,0.0,1,0.0,0,0,0.0,0.0,1.0,0.0,1.0,inward,BZT
2260,0.0,0.0,0.0,0.0,0.0,0,0,0.0,0.0,0,0.0,0.0,0.0,0,0,0,0,0.0,0.0,0.0,1,0.0,0,0.0,0.0,0.0,1,1.0,0.0,0.0,1.0,0.0,0.0,0.0,0.0,0,0.0,1,0.0,0,0.0,0,1.0,0.0,0.0,1,0,1,0.0,1,0,0.0,1.0,0.0,0.0,0.0,0.0,0,0.0,0,0.0,0,0,0.0,0.0,1.0,1.0,0.0,inward,BZT
2261,0.0,0.0,0.0,0.0,0.0,0,0,0.0,0.0,0,0.0,0.0,0.0,0,0,1,0,0.0,0.0,0.0,1,0.0,0,0.0,0.0,1.0,1,1.0,0.0,0.0,1.0,0.0,0.0,0.0,0.0,0,0.0,1,0.0,1,0.0,0,1.0,0.0,0.0,1,1,1,0.0,0,0,0.0,1.0,1.0,0.0,0.0,0.0,0,0.0,1,0.0,0,0,0.0,0.0,1.0,0.0,0.0,inward,BZT
2262,0.0,0.0,0.0,0.0,0.0,0,0,0.0,0.0,0,0.0,0.0,0.0,0,0,1,1,0.0,0.0,0.0,0,0.0,0,0.0,0.0,1.0,1,0.0,0.0,0.0,1.0,0.0,0.0,0.0,0.0,0,0.0,1,0.0,1,0.0,0,1.0,0.0,1.0,1,0,1,0.0,1,0,0.0,1.0,0.0,0.0,0.0,0.0,0,0.0,1,0.0,0,0,0.0,0.0,1.0,0.0,0.0,inward,BZT
2263,0.0,0.0,0.0,0.0,0.0,0,0,0.0,0.0,0,0.0,0.0,0.0,0,0,1,0,0.0,0.0,0.0,0,0.0,0,0.0,0.0,1.0,1,1.0,0.0,0.0,1.0,0.0,0.0,0.0,0.0,0,0.0,0,0.0,1,0.0,0,1.0,0.0,0.0,1,0,1,0.0,0,0,0.0,1.0,0.0,0.0,0.0,0.0,0,0.0,1,0.0,0,0,0.0,0.0,1.0,1.0,0.0,inward,BZT
2264,0.0,0.0,0.0,0.0,0.0,0,1,0.0,1.0,0,0.0,0.0,0.0,0,0,1,1,0.0,0.0,0.0,1,0.0,0,0.0,0.0,1.0,1,1.0,1.0,0.0,1.0,0.0,0.0,0.0,0.0,0,0.0,1,0.0,1,0.0,0,1.0,1.0,1.0,1,0,1,0.0,0,0,0.0,1.0,0.0,0.0,0.0,0.0,0,0.0,0,0.0,0,0,0.0,0.0,1.0,1.0,0.0,inward,BZT
2265,0.0,0.0,0.0,0.0,0.0,0,0,0.0,0.0,0,0.0,0.0,0.0,0,0,1,1,0.0,0.0,0.0,0,0.0,0,0.0,0.0,1.0,0,0.0,0.0,0.0,1.0,0.0,0.0,0.0,0.0,0,0.0,1,0.0,1,0.0,0,1.0,0.0,0.0,1,0,1,0.0,0,0,0.0,1.0,0.0,0.0,0.0,0.0,0,0.0,0,0.0,0,0,0.0,0.0,1.0,1.0,0.0,inward,BZT
2266,0.0,0.0,0.0,0.0,0.0,0,1,0.0,0.0,0,0.0,0.0,0.0,0,0,1,1,0.0,0.0,0.0,1,0.0,0,0.0,0.0,0.0,0,1.0,0.0,0.0,1.0,0.0,0.0,0.0,0.0,0,0.0,1,0.0,1,0.0,0,1.0,0.0,1.0,1,0,1,0.0,0,0,0.0,1.0,1.0,0.0,0.0,0.0,0,0.0,1,0.0,0,0,0.0,0.0,1.0,0.0,0.0,inward,BZT
2267,0.0,0.0,0.0,0.0,0.0,0,0,0.0,0.0,0,0.0,0.0,0.0,0,0,1,1,0.0,0.0,0.0,1,0.0,0,0.0,0.0,1.0,1,1.0,1.0,0.0,1.0,0.0,0.0,0.0,0.0,0,0.0,0,0.0,1,0.0,0,1.0,0.0,0.0,1,0,0,0.0,0,0,0.0,1.0,0.0,0.0,0.0,0.0,0,0.0,0,0.0,0,0,0.0,0.0,1.0,0.0,0.0,inward,BZT
2268,0.0,0.0,0.0,0.0,0.0,0,0,0.0,0.0,0,0.0,0.0,0.0,0,0,1,0,0.0,0.0,0.0,1,0.0,0,0.0,0.0,0.0,0,1.0,0.0,0.0,1.0,1.0,0.0,0.0,0.0,0,0.0,1,0.0,1,0.0,0,1.0,0.0,0.0,1,0,1,0.0,0,0,0.0,1.0,0.0,0.0,0.0,0.0,0,0.0,1,0.0,0,0,0.0,0.0,1.0,1.0,0.0,inward,BZT
2269,0.0,0.0,0.0,0.0,0.0,0,0,0.0,0.0,0,0.0,0.0,0.0,0,0,1,1,0.0,0.0,0.0,1,0.0,0,0.0,0.0,1.0,1,1.0,1.0,0.0,1.0,0.0,1.0,0.0,0.0,0,0.0,1,0.0,1,0.0,0,1.0,0.0,1.0,1,0,1,0.0,1,0,0.0,1.0,0.0,0.0,0.0,0.0,0,0.0,0,0.0,0,0,0.0,0.0,1.0,0.0,0.0,inward,BZT
2270,0.0,0.0,0.0,0.0,0.0,0,0,0.0,0.0,0,0.0,0.0,0.0,0,0,1,0,0.0,0.0,0.0,1,0.0,0,0.0,0.0,1.0,1,1.0,0.0,0.0,1.0,0.0,0.0,0.0,0.0,0,0.0,1,0.0,1,0.0,1,1.0,0.0,1.0,1,0,1,0.0,0,0,0.0,1.0,0.0,0.0,0.0,0.0,0,0.0,0,0.0,0,0,0.0,0.0,1.0,1.0,0.0,inward,BZT
2271,0.0,0.0,0.0,0.0,0.0,0,0,0.0,0.0,0,0.0,0.0,0.0,0,0,1,1,0.0,0.0,0.0,1,0.0,0,0.0,0.0,1.0,1,1.0,0.0,0.0,1.0,0.0,0.0,0.0,0.0,0,0.0,1,0.0,0,0.0,0,1.0,0.0,0.0,1,0,1,0.0,0,0,0.0,1.0,0.0,0.0,0.0,0.0,0,0.0,1,0.0,0,0,0.0,0.0,1.0,0.0,0.0,inward,BZT
2272,0.0,0.0,0.0,0.0,0.0,0,0,0.0,0.0,0,0.0,0.0,0.0,0,0,1,1,0.0,0.0,0.0,1,0.0,0,0.0,0.0,0.0,0,1.0,1.0,0.0,0.0,0.0,0.0,0.0,0.0,0,0.0,1,0.0,1,0.0,0,0.0,0.0,0.0,1,0,1,0.0,1,0,0.0,0.0,0.0,0.0,0.0,0.0,0,0.0,0,0.0,0,0,0.0,0.0,1.0,0.0,0.0,inward,BZT
2273,0.0,0.0,0.0,0.0,0.0,0,0,0.0,0.0,0,0.0,0.0,0.0,0,0,1,1,0.0,0.0,0.0,1,0.0,0,0.0,0.0,1.0,0,1.0,0.0,0.0,1.0,0.0,0.0,0.0,0.0,0,0.0,0,0.0,0,0.0,0,1.0,0.0,0.0,1,1,1,0.0,1,1,0.0,1.0,0.0,0.0,0.0,0.0,0,0.0,1,0.0,0,0,0.0,0.0,1.0,1.0,0.0,inward,BZT
2274,0.0,0.0,0.0,0.0,0.0,0,1,0.0,0.0,0,0.0,0.0,0.0,0,0,1,0,0.0,0.0,0.0,1,0.0,0,0.0,0.0,0.0,1,1.0,0.0,0.0,1.0,0.0,0.0,0.0,0.0,0,0.0,1,0.0,0,0.0,0,1.0,1.0,0.0,1,0,0,0.0,0,1,0.0,1.0,0.0,0.0,0.0,0.0,0,0.0,1,0.0,0,0,0.0,0.0,1.0,0.0,0.0,inward,BZT
2275,0.0,0.0,0.0,0.0,0.0,0,1,0.0,0.0,0,0.0,0.0,0.0,0,0,1,1,0.0,0.0,0.0,1,0.0,0,0.0,0.0,1.0,0,0.0,0.0,0.0,0.0,0.0,0.0,0.0,0.0,0,0.0,0,0.0,1,0.0,1,1.0,0.0,0.0,1,1,1,0.0,0,1,0.0,1.0,0.0,0.0,0.0,0.0,0,0.0,1,0.0,0,0,0.0,0.0,1.0,0.0,0.0,inward,BZT
2276,0.0,0.0,0.0,0.0,0.0,0,0,0.0,0.0,0,0.0,0.0,0.0,1,0,1,1,0.0,0.0,0.0,1,0.0,0,0.0,0.0,1.0,0,0.0,0.0,0.0,1.0,0.0,0.0,0.0,0.0,0,0.0,1,0.0,1,0.0,0,1.0,0.0,0.0,1,0,1,0.0,1,0,0.0,1.0,0.0,0.0,0.0,0.0,0,0.0,1,0.0,0,0,0.0,0.0,1.0,0.0,0.0,inward,BZT
2277,0.0,0.0,0.0,0.0,0.0,0,1,0.0,0.0,0,0.0,0.0,0.0,1,0,1,1,0.0,0.0,0.0,0,0.0,0,0.0,0.0,1.0,1,0.0,0.0,0.0,0.0,0.0,0.0,0.0,0.0,0,0.0,0,0.0,1,0.0,1,1.0,0.0,0.0,1,1,1,0.0,0,1,0.0,1.0,0.0,0.0,0.0,0.0,0,0.0,1,0.0,0,0,0.0,0.0,1.0,1.0,0.0,inward,BZT
2278,0.0,0.0,0.0,0.0,0.0,0,1,0.0,0.0,0,0.0,0.0,0.0,0,0,1,0,0.0,0.0,0.0,1,0.0,0,0.0,0.0,1.0,1,1.0,1.0,0.0,1.0,0.0,0.0,0.0,0.0,0,0.0,1,0.0,1,0.0,0,1.0,0.0,1.0,1,1,1,0.0,0,0,0.0,1.0,0.0,0.0,0.0,0.0,0,0.0,1,0.0,0,0,0.0,0.0,1.0,1.0,0.0,inward,BZT
2279,0.0,0.0,0.0,0.0,0.0,0,1,0.0,0.0,0,0.0,0.0,0.0,0,0,1,0,0.0,0.0,0.0,1,0.0,0,0.0,0.0,1.0,1,0.0,0.0,0.0,1.0,0.0,1.0,0.0,0.0,0,0.0,1,0.0,1,0.0,0,1.0,0.0,0.0,1,1,1,0.0,0,0,0.0,1.0,0.0,0.0,0.0,0.0,0,0.0,1,0.0,0,0,0.0,0.0,1.0,1.0,0.0,inward,BZT
2280,0.0,0.0,0.0,0.0,0.0,0,0,0.0,0.0,0,0.0,0.0,0.0,0,0,1,0,0.0,0.0,0.0,0,0.0,0,0.0,0.0,1.0,1,1.0,0.0,0.0,1.0,0.0,0.0,0.0,0.0,0,0.0,1,0.0,0,0.0,0,1.0,0.0,0.0,1,0,1,0.0,0,0,0.0,1.0,0.0,0.0,0.0,0.0,0,0.0,0,0.0,0,0,0.0,0.0,1.0,1.0,0.0,inward,BZT
2281,0.0,0.0,0.0,0.0,0.0,0,1,0.0,0.0,0,0.0,0.0,0.0,0,0,1,1,0.0,0.0,0.0,1,0.0,0,0.0,0.0,1.0,1,1.0,1.0,0.0,1.0,0.0,0.0,0.0,0.0,0,0.0,1,0.0,1,0.0,1,1.0,0.0,1.0,1,0,1,0.0,0,0,0.0,1.0,1.0,0.0,0.0,0.0,0,0.0,1,0.0,0,0,0.0,0.0,1.0,1.0,0.0,inward,BZT
2282,0.0,0.0,0.0,0.0,0.0,0,0,0.0,0.0,0,0.0,0.0,0.0,0,0,1,0,0.0,0.0,0.0,0,0.0,0,0.0,0.0,0.0,0,0.0,0.0,0.0,1.0,0.0,0.0,0.0,0.0,0,0.0,1,0.0,0,0.0,0,0.0,0.0,0.0,1,0,0,0.0,0,1,0.0,1.0,0.0,0.0,0.0,0.0,0,0.0,0,0.0,0,0,0.0,0.0,1.0,1.0,0.0,inward,BZT
2283,0.0,0.0,0.0,0.0,0.0,0,1,0.0,0.0,0,0.0,0.0,0.0,0,0,1,0,0.0,0.0,0.0,1,0.0,0,0.0,0.0,1.0,1,1.0,1.0,0.0,1.0,0.0,0.0,0.0,0.0,0,0.0,0,0.0,1,0.0,0,1.0,0.0,0.0,1,0,1,0.0,0,0,0.0,1.0,0.0,0.0,0.0,0.0,0,0.0,0,0.0,0,0,0.0,0.0,1.0,1.0,0.0,inward,BZT
2284,0.0,0.0,0.0,0.0,0.0,0,0,0.0,0.0,0,0.0,0.0,0.0,0,0,0,0,0.0,0.0,0.0,1,0.0,0,0.0,0.0,1.0,0,1.0,0.0,0.0,1.0,0.0,0.0,0.0,0.0,0,0.0,1,0.0,1,0.0,0,1.0,0.0,0.0,1,1,1,0.0,0,1,0.0,1.0,0.0,0.0,0.0,0.0,0,0.0,0,0.0,0,0,0.0,0.0,1.0,0.0,0.0,inward,BZT
2285,0.0,0.0,0.0,0.0,0.0,0,0,0.0,0.0,0,0.0,0.0,0.0,0,0,1,0,0.0,0.0,0.0,0,0.0,0,0.0,0.0,1.0,1,1.0,0.0,0.0,1.0,0.0,0.0,0.0,0.0,0,0.0,1,0.0,1,0.0,0,1.0,0.0,0.0,1,0,1,0.0,0,0,0.0,1.0,0.0,0.0,0.0,0.0,0,0.0,0,0.0,0,0,0.0,0.0,1.0,0.0,0.0,inward,BZT
2286,0.0,0.0,0.0,0.0,0.0,0,1,0.0,0.0,0,0.0,0.0,0.0,0,0,1,0,0.0,0.0,0.0,1,0.0,0,0.0,0.0,1.0,1,1.0,0.0,0.0,1.0,0.0,1.0,0.0,0.0,0,0.0,0,0.0,1,0.0,0,1.0,0.0,0.0,1,1,1,0.0,0,0,0.0,1.0,0.0,0.0,0.0,0.0,0,0.0,1,0.0,0,0,0.0,0.0,1.0,1.0,0.0,inward,BZT
2287,0.0,0.0,0.0,0.0,0.0,0,0,0.0,0.0,0,0.0,0.0,0.0,0,0,1,1,0.0,0.0,0.0,1,0.0,0,0.0,0.0,0.0,0,1.0,1.0,0.0,1.0,0.0,0.0,0.0,0.0,0,0.0,1,0.0,1,0.0,1,0.0,0.0,0.0,1,0,1,0.0,0,0,0.0,0.0,0.0,0.0,0.0,0.0,0,0.0,0,0.0,0,0,0.0,0.0,1.0,1.0,0.0,inward,BZT
2288,0.0,0.0,0.0,0.0,0.0,0,1,0.0,0.0,0,0.0,0.0,0.0,0,0,1,0,0.0,0.0,0.0,0,1.0,1,0.0,0.0,0.0,0,1.0,0.0,0.0,0.0,0.0,0.0,0.0,0.0,0,0.0,0,0.0,1,0.0,0,0.0,0.0,0.0,1,0,1,0.0,0,0,0.0,0.0,0.0,0.0,0.0,0.0,0,0.0,1,0.0,0,0,0.0,0.0,1.0,1.0,0.0,inward,BZT
2289,0.0,0.0,0.0,0.0,0.0,0,1,0.0,0.0,0,0.0,0.0,0.0,0,0,1,0,0.0,0.0,0.0,0,0.0,0,0.0,0.0,1.0,0,1.0,1.0,0.0,1.0,0.0,0.0,0.0,0.0,0,0.0,0,0.0,0,0.0,0,1.0,0.0,0.0,1,0,1,0.0,1,0,0.0,1.0,0.0,0.0,0.0,0.0,0,0.0,1,0.0,0,0,0.0,0.0,1.0,1.0,0.0,inward,BZT
2290,0.0,0.0,0.0,0.0,0.0,0,0,0.0,0.0,0,0.0,0.0,0.0,0,0,0,1,0.0,0.0,0.0,1,0.0,0,0.0,0.0,1.0,1,1.0,0.0,0.0,1.0,0.0,1.0,0.0,0.0,0,0.0,1,0.0,1,0.0,0,1.0,0.0,1.0,1,1,1,0.0,0,0,0.0,1.0,0.0,0.0,0.0,0.0,0,0.0,0,0.0,0,0,0.0,0.0,1.0,0.0,0.0,inward,BZT
2291,0.0,0.0,0.0,0.0,0.0,0,1,0.0,1.0,0,0.0,0.0,0.0,0,0,1,0,0.0,0.0,0.0,0,0.0,0,0.0,0.0,1.0,1,1.0,0.0,0.0,1.0,0.0,1.0,0.0,0.0,0,0.0,0,0.0,0,0.0,0,1.0,0.0,1.0,1,0,0,0.0,1,0,0.0,1.0,0.0,0.0,0.0,0.0,0,0.0,0,0.0,0,0,0.0,0.0,1.0,0.0,0.0,inward,BZT
2292,0.0,0.0,0.0,0.0,0.0,0,0,0.0,0.0,0,0.0,0.0,0.0,0,0,1,0,0.0,0.0,0.0,0,0.0,0,0.0,0.0,1.0,1,1.0,1.0,0.0,1.0,0.0,0.0,0.0,0.0,0,0.0,1,0.0,0,0.0,0,0.0,0.0,0.0,1,1,1,0.0,0,0,0.0,1.0,0.0,0.0,0.0,0.0,0,0.0,1,0.0,0,0,0.0,0.0,1.0,1.0,0.0,inward,BZT
2293,0.0,0.0,0.0,0.0,0.0,0,0,0.0,0.0,0,0.0,0.0,0.0,0,0,1,0,0.0,0.0,0.0,1,0.0,0,0.0,0.0,1.0,1,1.0,1.0,0.0,1.0,0.0,1.0,0.0,0.0,0,0.0,1,0.0,1,0.0,0,1.0,0.0,1.0,1,0,1,0.0,1,0,0.0,1.0,0.0,0.0,0.0,0.0,0,0.0,0,0.0,0,0,0.0,0.0,1.0,1.0,0.0,inward,BZT
2294,0.0,0.0,0.0,0.0,0.0,0,1,0.0,0.0,0,0.0,0.0,0.0,0,0,1,0,0.0,0.0,0.0,0,0.0,0,0.0,0.0,0.0,0,1.0,0.0,0.0,1.0,0.0,0.0,0.0,0.0,0,0.0,1,0.0,1,0.0,0,1.0,0.0,0.0,1,0,0,0.0,0,0,0.0,1.0,0.0,0.0,0.0,0.0,0,0.0,1,0.0,0,0,0.0,0.0,1.0,1.0,0.0,inward,BZT
2295,0.0,0.0,0.0,0.0,0.0,0,1,0.0,0.0,0,0.0,0.0,0.0,0,0,1,0,0.0,0.0,0.0,0,0.0,0,0.0,0.0,0.0,1,1.0,0.0,0.0,1.0,0.0,0.0,0.0,0.0,0,0.0,1,0.0,1,0.0,0,1.0,0.0,1.0,1,1,1,0.0,0,0,0.0,1.0,0.0,0.0,0.0,0.0,0,0.0,1,0.0,0,0,0.0,0.0,1.0,0.0,0.0,inward,BZT
2296,0.0,0.0,0.0,0.0,0.0,0,0,0.0,0.0,0,0.0,0.0,0.0,0,0,0,0,0.0,0.0,0.0,0,0.0,0,0.0,0.0,1.0,1,1.0,0.0,0.0,1.0,0.0,0.0,0.0,0.0,0,0.0,0,0.0,1,0.0,1,1.0,1.0,0.0,1,0,1,0.0,0,0,0.0,1.0,0.0,0.0,0.0,0.0,0,0.0,1,0.0,0,0,0.0,0.0,1.0,1.0,0.0,inward,BZT
2297,0.0,0.0,0.0,0.0,0.0,0,0,0.0,0.0,0,0.0,0.0,0.0,0,0,1,0,0.0,0.0,0.0,0,0.0,0,0.0,0.0,0.0,1,1.0,0.0,0.0,1.0,0.0,0.0,0.0,0.0,0,0.0,1,0.0,1,0.0,0,1.0,0.0,0.0,1,0,1,0.0,0,0,0.0,0.0,0.0,0.0,0.0,0.0,0,0.0,1,0.0,0,0,0.0,0.0,1.0,1.0,0.0,inward,BZT
2298,0.0,0.0,0.0,0.0,0.0,0,0,0.0,0.0,0,0.0,0.0,0.0,0,0,0,0,0.0,0.0,0.0,1,0.0,0,0.0,0.0,1.0,1,1.0,1.0,0.0,1.0,0.0,0.0,0.0,0.0,0,0.0,1,0.0,1,0.0,0,1.0,0.0,0.0,1,1,1,0.0,0,0,0.0,1.0,0.0,0.0,0.0,0.0,0,0.0,0,0.0,0,0,0.0,0.0,1.0,1.0,0.0,inward,BZT
2299,0.0,0.0,0.0,0.0,0.0,0,1,0.0,0.0,0,0.0,0.0,0.0,0,0,1,0,0.0,0.0,0.0,1,0.0,0,0.0,0.0,0.0,0,1.0,0.0,0.0,1.0,0.0,0.0,0.0,0.0,0,0.0,1,0.0,0,0.0,0,1.0,0.0,0.0,1,0,1,0.0,0,0,0.0,1.0,0.0,0.0,0.0,0.0,0,0.0,1,0.0,0,0,0.0,0.0,1.0,1.0,0.0,inward,BZT
2300,0.0,0.0,0.0,0.0,0.0,0,0,0.0,0.0,0,0.0,0.0,0.0,0,0,0,1,0.0,0.0,0.0,1,1.0,0,0.0,0.0,0.0,1,1.0,0.0,0.0,1.0,0.0,0.0,0.0,0.0,0,0.0,1,0.0,1,0.0,0,0.0,0.0,0.0,1,0,0,0.0,0,0,0.0,0.0,0.0,0.0,0.0,0.0,0,0.0,0,0.0,0,0,0.0,0.0,1.0,0.0,0.0,inward,BZT
2301,0.0,0.0,0.0,0.0,0.0,0,1,0.0,0.0,0,0.0,0.0,0.0,0,0,1,0,0.0,0.0,0.0,1,0.0,0,0.0,0.0,0.0,1,0.0,0.0,0.0,1.0,0.0,0.0,0.0,0.0,0,0.0,1,0.0,1,0.0,1,0.0,0.0,0.0,1,1,1,0.0,0,0,0.0,1.0,0.0,0.0,0.0,0.0,0,0.0,1,0.0,0,0,0.0,0.0,1.0,0.0,0.0,inward,BZT
2302,0.0,0.0,0.0,0.0,0.0,0,1,0.0,0.0,0,0.0,0.0,0.0,0,0,1,0,0.0,0.0,0.0,1,0.0,0,0.0,0.0,0.0,1,1.0,0.0,0.0,0.0,0.0,0.0,0.0,0.0,0,0.0,1,0.0,1,0.0,0,1.0,0.0,0.0,1,1,1,0.0,0,0,0.0,0.0,0.0,0.0,0.0,0.0,0,0.0,0,0.0,0,0,0.0,0.0,1.0,1.0,0.0,inward,BZT
2303,0.0,0.0,0.0,0.0,0.0,0,0,0.0,0.0,0,0.0,0.0,0.0,0,0,0,0,0.0,0.0,0.0,0,0.0,0,0.0,0.0,0.0,0,1.0,0.0,0.0,1.0,0.0,0.0,0.0,0.0,0,0.0,1,0.0,1,0.0,0,1.0,0.0,0.0,1,1,1,0.0,0,0,0.0,0.0,0.0,0.0,0.0,0.0,0,0.0,1,0.0,0,0,0.0,0.0,1.0,1.0,0.0,inward,BZT
2304,0.0,0.0,0.0,0.0,0.0,0,1,0.0,0.0,0,0.0,0.0,0.0,0,0,1,1,0.0,0.0,0.0,1,1.0,0,0.0,0.0,0.0,0,1.0,0.0,0.0,1.0,0.0,0.0,0.0,0.0,0,0.0,1,0.0,0,0.0,0,1.0,0.0,0.0,1,0,1,0.0,0,0,0.0,1.0,0.0,0.0,0.0,0.0,0,0.0,1,0.0,0,0,0.0,0.0,1.0,0.0,0.0,inward,BZT
2305,0.0,0.0,0.0,0.0,0.0,0,1,0.0,0.0,0,0.0,0.0,0.0,0,0,0,0,0.0,0.0,0.0,0,0.0,0,0.0,0.0,1.0,1,1.0,0.0,0.0,1.0,0.0,0.0,0.0,0.0,0,0.0,1,0.0,1,0.0,0,0.0,0.0,0.0,1,1,1,0.0,0,0,0.0,1.0,0.0,0.0,0.0,0.0,0,0.0,1,0.0,0,0,0.0,0.0,1.0,1.0,0.0,inward,BZT
2306,0.0,0.0,0.0,0.0,0.0,0,1,0.0,0.0,0,0.0,0.0,0.0,0,0,0,0,0.0,0.0,0.0,1,0.0,0,0.0,0.0,1.0,1,1.0,1.0,0.0,1.0,0.0,1.0,0.0,0.0,0,0.0,1,0.0,1,0.0,0,1.0,0.0,0.0,1,1,1,0.0,1,0,0.0,1.0,1.0,0.0,0.0,0.0,0,0.0,1,0.0,0,0,0.0,0.0,1.0,1.0,0.0,inward,BZT
2307,0.0,0.0,0.0,0.0,0.0,0,0,0.0,0.0,0,0.0,0.0,0.0,0,0,1,1,0.0,0.0,0.0,0,0.0,0,0.0,0.0,0.0,1,1.0,0.0,0.0,1.0,0.0,0.0,0.0,0.0,0,0.0,1,0.0,1,0.0,1,1.0,0.0,1.0,1,0,1,0.0,0,0,0.0,0.0,0.0,0.0,0.0,0.0,0,0.0,1,0.0,0,0,0.0,0.0,1.0,1.0,0.0,inward,BZT
2308,0.0,0.0,0.0,0.0,0.0,0,1,0.0,0.0,0,0.0,0.0,0.0,0,0,1,0,0.0,0.0,0.0,1,0.0,0,0.0,0.0,1.0,0,1.0,1.0,0.0,1.0,0.0,0.0,0.0,0.0,0,0.0,1,0.0,1,0.0,0,1.0,0.0,1.0,1,0,1,0.0,0,0,0.0,1.0,0.0,0.0,0.0,0.0,0,0.0,0,0.0,0,0,0.0,0.0,1.0,0.0,0.0,inward,BZT
2309,0.0,0.0,0.0,0.0,0.0,0,1,0.0,0.0,0,0.0,0.0,0.0,0,0,1,0,0.0,0.0,0.0,0,0.0,0,0.0,0.0,1.0,1,1.0,0.0,0.0,0.0,0.0,0.0,0.0,0.0,0,0.0,1,0.0,1,0.0,0,0.0,0.0,0.0,1,1,1,0.0,0,0,0.0,1.0,0.0,0.0,0.0,0.0,0,0.0,1,0.0,0,0,0.0,0.0,1.0,0.0,0.0,inward,BZT
2310,0.0,0.0,0.0,0.0,0.0,0,0,0.0,0.0,0,0.0,0.0,0.0,0,0,1,0,0.0,0.0,0.0,0,0.0,0,0.0,0.0,0.0,1,1.0,1.0,0.0,1.0,0.0,0.0,0.0,0.0,0,0.0,1,0.0,1,0.0,0,0.0,0.0,0.0,1,0,0,0.0,0,0,0.0,0.0,0.0,0.0,0.0,0.0,0,0.0,1,0.0,0,0,0.0,0.0,1.0,1.0,0.0,inward,BZT
2311,0.0,0.0,0.0,0.0,0.0,0,0,0.0,0.0,0,0.0,0.0,0.0,0,0,0,0,1.0,0.0,0.0,0,0.0,0,0.0,0.0,0.0,1,1.0,1.0,0.0,0.0,0.0,0.0,0.0,1.0,0,0.0,1,0.0,1,0.0,0,0.0,0.0,0.0,1,0,1,0.0,0,0,0.0,0.0,0.0,0.0,0.0,0.0,0,0.0,1,0.0,0,0,0.0,0.0,1.0,1.0,0.0,inward,BZT
2312,0.0,0.0,0.0,0.0,0.0,0,0,0.0,0.0,0,0.0,0.0,0.0,0,0,1,0,0.0,0.0,0.0,1,0.0,0,0.0,0.0,0.0,0,1.0,0.0,0.0,1.0,0.0,0.0,0.0,0.0,0,0.0,0,0.0,1,0.0,1,0.0,0.0,0.0,1,1,0,0.0,0,0,0.0,0.0,0.0,0.0,0.0,0.0,0,0.0,1,0.0,0,0,0.0,0.0,1.0,0.0,0.0,inward,BZT
2313,0.0,0.0,0.0,0.0,0.0,0,0,0.0,0.0,0,0.0,0.0,0.0,0,0,0,1,0.0,1.0,0.0,0,1.0,0,0.0,0.0,0.0,0,1.0,0.0,0.0,0.0,0.0,0.0,0.0,0.0,0,0.0,1,0.0,0,0.0,0,0.0,0.0,0.0,1,0,1,0.0,0,0,0.0,0.0,0.0,0.0,0.0,0.0,1,0.0,0,0.0,0,0,0.0,0.0,1.0,1.0,0.0,inward,BZT
2314,0.0,0.0,0.0,0.0,0.0,0,1,0.0,0.0,0,0.0,0.0,0.0,0,0,1,0,1.0,0.0,0.0,0,0.0,0,0.0,0.0,0.0,0,1.0,0.0,0.0,0.0,0.0,0.0,0.0,0.0,0,0.0,1,0.0,1,0.0,0,0.0,0.0,0.0,1,1,1,0.0,0,0,0.0,0.0,0.0,0.0,0.0,0.0,1,0.0,1,0.0,0,0,0.0,0.0,1.0,1.0,0.0,inward,BZT
2315,0.0,0.0,0.0,0.0,0.0,0,1,0.0,0.0,0,0.0,0.0,0.0,0,0,0,0,0.0,0.0,0.0,0,0.0,0,0.0,0.0,0.0,0,0.0,0.0,0.0,0.0,0.0,0.0,0.0,0.0,0,0.0,1,0.0,1,0.0,0,0.0,0.0,0.0,1,1,1,0.0,0,0,0.0,1.0,0.0,0.0,0.0,0.0,0,0.0,0,0.0,0,0,0.0,0.0,1.0,1.0,0.0,inward,BZT
2316,0.0,0.0,0.0,0.0,0.0,0,0,0.0,0.0,0,0.0,0.0,0.0,0,0,1,0,0.0,0.0,0.0,0,0.0,0,0.0,0.0,0.0,1,1.0,0.0,0.0,0.0,0.0,0.0,0.0,0.0,0,0.0,1,0.0,1,0.0,0,0.0,0.0,0.0,1,1,1,0.0,0,0,0.0,1.0,0.0,0.0,0.0,0.0,0,0.0,1,0.0,0,0,0.0,0.0,1.0,0.0,0.0,inward,BZT
2317,0.0,0.0,0.0,0.0,0.0,0,0,0.0,0.0,0,0.0,0.0,0.0,0,0,1,0,0.0,0.0,0.0,0,1.0,0,0.0,0.0,0.0,1,0.0,0.0,0.0,0.0,0.0,0.0,0.0,1.0,0,0.0,1,0.0,1,0.0,0,0.0,0.0,0.0,1,0,1,0.0,0,1,0.0,1.0,0.0,0.0,0.0,0.0,0,0.0,0,0.0,0,0,0.0,0.0,1.0,1.0,0.0,inward,BZT
2318,0.0,0.0,0.0,0.0,0.0,0,1,0.0,0.0,0,0.0,0.0,0.0,0,0,0,0,0.0,0.0,0.0,0,0.0,0,0.0,0.0,0.0,1,1.0,1.0,0.0,1.0,0.0,0.0,0.0,0.0,0,0.0,1,0.0,0,0.0,0,0.0,0.0,0.0,1,1,1,0.0,1,0,0.0,1.0,0.0,0.0,0.0,0.0,0,0.0,1,0.0,0,0,0.0,0.0,1.0,1.0,0.0,inward,BZT
2319,0.0,0.0,0.0,0.0,0.0,0,0,0.0,0.0,0,0.0,0.0,0.0,0,0,0,0,0.0,0.0,0.0,0,0.0,0,0.0,0.0,0.0,0,1.0,1.0,0.0,1.0,0.0,0.0,0.0,0.0,0,0.0,1,0.0,1,0.0,0,1.0,0.0,0.0,1,1,0,0.0,0,0,0.0,1.0,0.0,0.0,0.0,0.0,0,0.0,1,0.0,0,0,0.0,0.0,1.0,0.0,0.0,inward,BZT
2320,0.0,0.0,0.0,0.0,0.0,0,0,0.0,0.0,0,0.0,0.0,0.0,0,0,0,0,0.0,0.0,0.0,0,0.0,0,0.0,0.0,1.0,1,1.0,0.0,0.0,1.0,0.0,1.0,0.0,0.0,0,0.0,0,0.0,0,0.0,0,1.0,0.0,0.0,1,0,1,0.0,0,0,0.0,1.0,0.0,0.0,0.0,0.0,0,0.0,0,0.0,0,0,0.0,0.0,1.0,1.0,0.0,inward,BZT
2321,0.0,0.0,0.0,0.0,0.0,0,1,0.0,0.0,0,0.0,0.0,0.0,0,0,1,0,0.0,0.0,0.0,0,0.0,0,0.0,0.0,1.0,0,1.0,0.0,0.0,1.0,0.0,0.0,0.0,0.0,0,0.0,1,0.0,1,0.0,0,1.0,0.0,0.0,1,0,1,0.0,0,0,0.0,1.0,0.0,0.0,0.0,0.0,0,0.0,1,0.0,0,0,0.0,0.0,1.0,0.0,0.0,inward,BZT
2322,0.0,0.0,0.0,0.0,0.0,0,0,0.0,0.0,0,0.0,0.0,0.0,0,0,1,0,0.0,0.0,0.0,0,0.0,0,0.0,0.0,0.0,1,1.0,0.0,0.0,1.0,0.0,1.0,0.0,0.0,0,0.0,0,0.0,1,0.0,0,0.0,0.0,0.0,1,0,1,0.0,0,0,0.0,1.0,0.0,0.0,0.0,0.0,0,0.0,1,0.0,0,0,0.0,0.0,1.0,1.0,0.0,inward,BZT
2323,0.0,0.0,0.0,0.0,0.0,0,0,0.0,0.0,0,0.0,0.0,0.0,0,0,0,0,0.0,0.0,0.0,1,0.0,0,0.0,0.0,0.0,1,1.0,0.0,0.0,1.0,0.0,0.0,0.0,0.0,0,0.0,1,0.0,1,0.0,0,0.0,0.0,0.0,1,1,1,0.0,0,0,0.0,0.0,0.0,0.0,0.0,0.0,0,0.0,1,0.0,0,0,0.0,0.0,1.0,1.0,0.0,inward,BZT
2324,0.0,0.0,0.0,0.0,0.0,0,0,0.0,0.0,0,0.0,0.0,0.0,0,0,1,0,0.0,0.0,0.0,0,0.0,0,0.0,0.0,0.0,1,1.0,0.0,0.0,1.0,0.0,0.0,0.0,0.0,0,0.0,1,0.0,1,0.0,0,1.0,0.0,0.0,1,0,0,0.0,0,0,0.0,0.0,0.0,0.0,0.0,0.0,0,0.0,0,0.0,0,0,0.0,0.0,1.0,1.0,0.0,inward,BZT
2325,0.0,0.0,0.0,0.0,0.0,0,1,0.0,0.0,0,0.0,0.0,0.0,0,0,1,0,0.0,0.0,0.0,0,0.0,0,0.0,0.0,1.0,1,0.0,0.0,0.0,1.0,0.0,0.0,0.0,0.0,0,0.0,1,0.0,0,0.0,0,1.0,0.0,0.0,1,0,1,0.0,1,0,0.0,1.0,0.0,0.0,0.0,0.0,0,0.0,0,0.0,0,0,0.0,0.0,1.0,1.0,0.0,inward,BZT
2326,0.0,0.0,0.0,0.0,0.0,0,0,0.0,0.0,0,0.0,0.0,0.0,0,0,0,0,0.0,0.0,0.0,1,1.0,0,0.0,0.0,0.0,0,1.0,0.0,0.0,1.0,0.0,0.0,0.0,0.0,0,0.0,1,0.0,1,0.0,0,0.0,0.0,0.0,1,0,1,0.0,0,0,0.0,0.0,0.0,0.0,0.0,0.0,0,0.0,0,0.0,0,0,0.0,0.0,1.0,1.0,0.0,inward,BZT
2327,0.0,0.0,0.0,0.0,0.0,0,0,0.0,0.0,0,0.0,0.0,0.0,0,0,1,0,0.0,0.0,0.0,0,0.0,0,0.0,0.0,0.0,1,1.0,0.0,0.0,1.0,0.0,0.0,0.0,1.0,0,0.0,1,0.0,1,0.0,0,0.0,0.0,0.0,1,0,0,0.0,0,0,0.0,0.0,0.0,0.0,0.0,0.0,0,0.0,1,0.0,0,0,0.0,0.0,1.0,1.0,0.0,inward,BZT
2328,0.0,0.0,0.0,0.0,0.0,0,0,0.0,0.0,0,0.0,0.0,0.0,0,0,1,1,0.0,0.0,0.0,1,1.0,0,0.0,0.0,0.0,0,1.0,0.0,0.0,0.0,0.0,0.0,0.0,0.0,0,0.0,1,0.0,1,0.0,0,1.0,0.0,0.0,1,0,1,0.0,0,0,0.0,0.0,0.0,0.0,0.0,0.0,0,0.0,0,0.0,0,0,0.0,0.0,1.0,1.0,0.0,inward,BZT
2329,0.0,0.0,0.0,0.0,0.0,0,0,0.0,0.0,0,0.0,0.0,0.0,1,0,1,0,0.0,0.0,0.0,0,0.0,0,0.0,0.0,1.0,1,1.0,0.0,0.0,1.0,0.0,0.0,0.0,0.0,0,0.0,1,0.0,1,0.0,1,0.0,0.0,0.0,1,0,1,0.0,0,0,0.0,1.0,0.0,0.0,0.0,0.0,0,0.0,0,0.0,0,0,0.0,0.0,1.0,0.0,0.0,inward,BZT
2330,0.0,0.0,0.0,0.0,0.0,0,0,0.0,0.0,0,0.0,0.0,0.0,0,0,1,0,0.0,0.0,0.0,0,0.0,1,0.0,0.0,0.0,0,1.0,0.0,0.0,0.0,0.0,0.0,0.0,0.0,0,0.0,0,0.0,1,0.0,1,0.0,0.0,0.0,1,0,0,0.0,0,0,0.0,0.0,0.0,0.0,0.0,0.0,1,0.0,1,0.0,0,0,0.0,0.0,1.0,1.0,0.0,inward,BZT
2331,0.0,0.0,0.0,0.0,0.0,0,0,0.0,0.0,0,0.0,0.0,0.0,0,0,0,0,0.0,0.0,0.0,0,1.0,0,0.0,0.0,0.0,1,1.0,1.0,0.0,1.0,0.0,1.0,0.0,0.0,0,0.0,1,0.0,0,0.0,0,1.0,0.0,0.0,1,0,1,0.0,0,0,0.0,0.0,0.0,0.0,0.0,0.0,0,0.0,0,0.0,0,0,0.0,0.0,1.0,1.0,0.0,inward,BZT
2332,0.0,0.0,0.0,0.0,0.0,0,1,0.0,0.0,0,0.0,0.0,0.0,0,0,0,0,0.0,0.0,0.0,0,0.0,0,0.0,0.0,0.0,1,1.0,0.0,0.0,1.0,0.0,1.0,0.0,0.0,0,0.0,1,0.0,1,0.0,0,0.0,0.0,0.0,1,0,0,0.0,0,0,0.0,0.0,0.0,0.0,0.0,0.0,0,0.0,1,0.0,0,0,0.0,0.0,1.0,1.0,0.0,inward,BZT
2333,0.0,0.0,0.0,0.0,0.0,0,0,0.0,0.0,0,0.0,0.0,0.0,0,0,1,0,0.0,0.0,0.0,1,1.0,0,0.0,0.0,1.0,0,1.0,0.0,0.0,1.0,0.0,0.0,0.0,0.0,0,0.0,1,0.0,1,0.0,0,0.0,0.0,0.0,1,0,1,0.0,1,0,0.0,1.0,0.0,0.0,0.0,0.0,0,0.0,0,0.0,0,0,0.0,0.0,1.0,1.0,0.0,inward,BZT
2334,0.0,0.0,0.0,0.0,0.0,0,0,0.0,0.0,0,0.0,0.0,0.0,0,0,1,1,0.0,0.0,0.0,0,0.0,0,0.0,0.0,0.0,0,1.0,0.0,0.0,1.0,0.0,1.0,0.0,0.0,0,0.0,1,0.0,0,0.0,0,0.0,0.0,0.0,1,0,1,0.0,0,0,0.0,0.0,0.0,0.0,0.0,0.0,0,0.0,1,0.0,0,0,0.0,0.0,1.0,0.0,0.0,inward,BZT
2335,0.0,0.0,0.0,0.0,0.0,0,0,0.0,0.0,0,0.0,0.0,0.0,0,0,0,0,0.0,0.0,0.0,0,0.0,0,0.0,0.0,0.0,0,1.0,1.0,0.0,1.0,0.0,0.0,0.0,1.0,0,0.0,1,0.0,1,0.0,0,0.0,0.0,0.0,1,1,1,0.0,0,1,0.0,0.0,0.0,0.0,0.0,0.0,1,0.0,0,0.0,0,0,0.0,0.0,1.0,1.0,0.0,inward,BZT
2336,0.0,0.0,0.0,0.0,0.0,0,0,0.0,0.0,0,0.0,0.0,0.0,0,0,1,0,0.0,0.0,0.0,0,0.0,0,0.0,0.0,0.0,1,1.0,0.0,0.0,1.0,0.0,0.0,0.0,0.0,0,0.0,1,0.0,1,0.0,0,1.0,0.0,0.0,1,1,1,0.0,0,0,0.0,1.0,0.0,0.0,0.0,1.0,0,0.0,1,0.0,0,0,0.0,0.0,1.0,1.0,0.0,inward,BZT
2337,0.0,0.0,0.0,0.0,0.0,0,1,0.0,0.0,0,0.0,0.0,0.0,0,0,1,0,0.0,0.0,0.0,1,0.0,0,0.0,0.0,0.0,1,1.0,0.0,0.0,1.0,0.0,1.0,0.0,0.0,0,0.0,1,0.0,1,0.0,0,0.0,0.0,0.0,1,0,0,0.0,0,0,0.0,1.0,0.0,0.0,0.0,0.0,0,0.0,0,0.0,0,0,0.0,0.0,1.0,0.0,0.0,inward,BZT
2338,0.0,0.0,0.0,0.0,0.0,0,0,0.0,0.0,0,0.0,0.0,0.0,0,0,1,0,0.0,0.0,0.0,0,0.0,0,0.0,0.0,0.0,1,0.0,0.0,0.0,1.0,0.0,0.0,0.0,0.0,0,0.0,0,0.0,1,0.0,0,1.0,0.0,0.0,1,0,1,0.0,0,0,0.0,0.0,0.0,0.0,0.0,0.0,0,0.0,1,0.0,0,0,0.0,0.0,1.0,1.0,0.0,inward,BZT
2339,0.0,0.0,0.0,0.0,0.0,0,1,0.0,0.0,0,0.0,0.0,0.0,0,0,1,0,0.0,0.0,0.0,1,0.0,0,0.0,0.0,0.0,0,1.0,1.0,0.0,1.0,0.0,1.0,0.0,1.0,0,0.0,1,0.0,1,0.0,0,0.0,0.0,0.0,1,1,1,0.0,0,0,0.0,0.0,0.0,0.0,0.0,0.0,0,0.0,1,0.0,0,0,0.0,0.0,1.0,1.0,0.0,inward,BZT
2340,0.0,0.0,0.0,0.0,0.0,0,0,0.0,0.0,0,0.0,0.0,0.0,0,0,1,0,0.0,0.0,0.0,1,0.0,1,0.0,0.0,1.0,1,1.0,0.0,0.0,1.0,0.0,1.0,0.0,0.0,0,0.0,1,0.0,0,0.0,0,1.0,0.0,0.0,1,1,1,0.0,1,0,0.0,1.0,0.0,0.0,0.0,0.0,0,0.0,1,0.0,0,0,0.0,0.0,1.0,1.0,0.0,inward,BZT
2341,0.0,0.0,0.0,0.0,0.0,0,0,0.0,0.0,0,0.0,0.0,0.0,0,0,0,0,0.0,0.0,0.0,0,0.0,1,0.0,0.0,1.0,0,1.0,1.0,0.0,1.0,0.0,1.0,0.0,0.0,0,0.0,1,0.0,1,0.0,0,0.0,0.0,0.0,1,1,0,0.0,1,0,0.0,1.0,0.0,0.0,0.0,0.0,0,0.0,1,0.0,0,0,0.0,0.0,1.0,0.0,0.0,inward,BZT
2342,0.0,0.0,0.0,0.0,0.0,0,0,0.0,0.0,0,0.0,0.0,0.0,0,0,0,0,0.0,0.0,0.0,0,1.0,0,0.0,0.0,0.0,1,1.0,1.0,0.0,0.0,0.0,0.0,0.0,0.0,0,0.0,1,0.0,0,0.0,0,0.0,0.0,0.0,1,0,0,0.0,0,1,0.0,1.0,0.0,0.0,0.0,0.0,0,0.0,1,0.0,0,0,0.0,0.0,1.0,1.0,0.0,inward,BZT
2343,0.0,0.0,0.0,0.0,0.0,0,0,0.0,0.0,0,0.0,0.0,0.0,0,0,0,0,0.0,0.0,0.0,0,0.0,0,0.0,0.0,0.0,1,0.0,0.0,0.0,0.0,0.0,0.0,0.0,0.0,0,0.0,1,0.0,0,0.0,0,0.0,0.0,0.0,1,1,0,0.0,0,0,0.0,1.0,0.0,0.0,0.0,0.0,0,0.0,0,0.0,0,0,0.0,0.0,1.0,1.0,0.0,inward,BZT
2344,0.0,0.0,0.0,0.0,0.0,0,1,0.0,0.0,0,0.0,0.0,0.0,0,0,1,1,0.0,0.0,0.0,1,0.0,0,0.0,0.0,0.0,1,1.0,0.0,0.0,1.0,0.0,0.0,0.0,0.0,0,0.0,1,0.0,1,0.0,0,0.0,0.0,0.0,1,1,1,0.0,0,0,0.0,0.0,0.0,0.0,0.0,0.0,0,0.0,1,0.0,0,0,0.0,0.0,1.0,0.0,0.0,inward,BZT
2345,0.0,0.0,0.0,0.0,0.0,0,1,0.0,0.0,0,0.0,0.0,0.0,0,0,0,0,0.0,0.0,0.0,0,0.0,0,0.0,0.0,0.0,1,1.0,0.0,0.0,1.0,0.0,0.0,0.0,0.0,0,0.0,1,0.0,1,0.0,1,0.0,0.0,0.0,1,1,1,0.0,0,0,0.0,1.0,0.0,0.0,0.0,0.0,0,0.0,1,0.0,0,0,0.0,0.0,1.0,0.0,0.0,inward,BZT
2346,0.0,0.0,0.0,0.0,0.0,0,0,0.0,0.0,0,0.0,0.0,0.0,0,0,0,0,0.0,0.0,0.0,0,0.0,0,0.0,0.0,0.0,1,1.0,0.0,0.0,1.0,0.0,1.0,0.0,0.0,0,0.0,1,0.0,1,0.0,0,0.0,0.0,0.0,1,0,0,0.0,0,0,0.0,0.0,0.0,0.0,0.0,0.0,0,0.0,0,0.0,0,0,0.0,0.0,1.0,1.0,0.0,inward,BZT
2347,0.0,0.0,0.0,0.0,0.0,0,0,0.0,0.0,0,0.0,0.0,0.0,0,0,0,0,0.0,0.0,0.0,0,0.0,0,0.0,0.0,0.0,0,1.0,1.0,0.0,1.0,0.0,0.0,0.0,0.0,0,0.0,1,0.0,1,0.0,0,0.0,0.0,0.0,1,1,0,0.0,0,0,0.0,0.0,0.0,0.0,0.0,0.0,0,0.0,1,0.0,0,0,0.0,0.0,1.0,1.0,0.0,inward,BZT
2348,0.0,0.0,0.0,0.0,0.0,0,0,0.0,0.0,0,0.0,0.0,0.0,0,0,1,0,0.0,0.0,0.0,0,0.0,0,0.0,0.0,0.0,1,1.0,0.0,0.0,0.0,0.0,0.0,0.0,0.0,0,0.0,0,0.0,0,0.0,0,0.0,0.0,0.0,1,1,0,0.0,0,0,0.0,0.0,0.0,0.0,0.0,0.0,0,0.0,1,0.0,0,0,0.0,0.0,1.0,0.0,0.0,inward,BZT
2349,0.0,0.0,0.0,0.0,0.0,0,0,0.0,0.0,0,0.0,0.0,0.0,0,0,0,0,0.0,0.0,0.0,0,0.0,1,0.0,0.0,0.0,0,1.0,1.0,0.0,1.0,0.0,0.0,0.0,0.0,0,0.0,1,0.0,1,0.0,0,0.0,0.0,0.0,1,1,1,0.0,0,0,0.0,0.0,0.0,0.0,0.0,0.0,0,0.0,0,0.0,0,0,0.0,0.0,1.0,1.0,0.0,inward,BZT
2350,0.0,0.0,0.0,0.0,0.0,0,0,0.0,0.0,0,0.0,0.0,0.0,0,0,0,0,0.0,0.0,0.0,1,1.0,0,0.0,0.0,0.0,0,1.0,0.0,0.0,0.0,0.0,0.0,0.0,0.0,0,0.0,0,0.0,1,0.0,0,0.0,0.0,0.0,1,1,0,0.0,0,0,0.0,0.0,0.0,0.0,0.0,0.0,0,0.0,0,0.0,0,0,0.0,0.0,1.0,1.0,0.0,inward,BZT
2351,0.0,0.0,0.0,0.0,0.0,0,0,0.0,0.0,0,0.0,0.0,0.0,0,0,0,0,0.0,0.0,0.0,1,0.0,0,0.0,0.0,0.0,0,1.0,0.0,0.0,1.0,0.0,1.0,0.0,0.0,0,0.0,0,0.0,1,0.0,0,0.0,0.0,0.0,1,0,1,0.0,0,0,0.0,0.0,0.0,0.0,0.0,0.0,0,0.0,1,0.0,0,0,0.0,0.0,1.0,1.0,0.0,inward,BZT
2352,0.0,0.0,0.0,0.0,0.0,0,0,0.0,0.0,0,0.0,0.0,0.0,0,0,1,0,0.0,0.0,0.0,0,0.0,0,0.0,0.0,1.0,1,1.0,0.0,0.0,1.0,0.0,0.0,0.0,0.0,0,0.0,1,0.0,1,0.0,1,1.0,0.0,0.0,1,0,1,0.0,0,0,0.0,0.0,0.0,0.0,0.0,0.0,0,0.0,0,0.0,0,0,0.0,0.0,1.0,1.0,0.0,inward,BZT
2353,0.0,0.0,0.0,0.0,0.0,0,0,0.0,0.0,0,0.0,0.0,0.0,0,0,1,0,0.0,0.0,0.0,1,0.0,0,0.0,0.0,1.0,1,1.0,1.0,0.0,0.0,0.0,0.0,0.0,0.0,0,0.0,1,0.0,1,0.0,0,1.0,0.0,0.0,1,0,0,0.0,0,0,0.0,0.0,0.0,0.0,0.0,0.0,1,0.0,1,0.0,0,0,0.0,0.0,1.0,1.0,0.0,inward,BZT
2354,0.0,0.0,0.0,0.0,0.0,0,0,0.0,0.0,0,0.0,0.0,0.0,0,0,0,0,0.0,0.0,0.0,0,0.0,0,0.0,0.0,0.0,1,1.0,1.0,0.0,1.0,0.0,0.0,0.0,0.0,0,0.0,1,0.0,1,0.0,0,0.0,0.0,0.0,1,0,1,0.0,1,0,0.0,0.0,0.0,0.0,0.0,0.0,1,0.0,1,0.0,0,0,0.0,0.0,1.0,0.0,0.0,inward,BZT
2355,0.0,0.0,0.0,0.0,0.0,0,0,0.0,0.0,0,0.0,0.0,0.0,0,0,0,0,0.0,0.0,0.0,0,0.0,0,0.0,0.0,1.0,0,1.0,0.0,0.0,1.0,0.0,0.0,0.0,0.0,0,0.0,0,0.0,1,0.0,0,0.0,0.0,0.0,1,1,1,0.0,0,0,0.0,1.0,0.0,0.0,0.0,0.0,0,0.0,0,0.0,0,0,0.0,0.0,1.0,0.0,0.0,inward,BZT
2356,0.0,0.0,0.0,0.0,0.0,0,1,0.0,0.0,0,0.0,0.0,0.0,0,0,1,1,0.0,0.0,0.0,0,1.0,0,0.0,0.0,1.0,0,1.0,0.0,0.0,1.0,0.0,1.0,0.0,0.0,0,0.0,1,0.0,0,0.0,0,0.0,0.0,0.0,1,1,1,0.0,0,0,0.0,1.0,0.0,0.0,0.0,0.0,0,0.0,1,0.0,0,0,0.0,0.0,1.0,0.0,0.0,inward,BZT
2357,0.0,0.0,0.0,0.0,0.0,0,0,0.0,0.0,0,0.0,0.0,0.0,0,0,1,0,0.0,0.0,0.0,0,0.0,0,0.0,0.0,0.0,0,1.0,0.0,0.0,0.0,0.0,0.0,0.0,0.0,0,0.0,1,0.0,1,0.0,0,0.0,0.0,0.0,1,1,1,0.0,0,0,0.0,0.0,0.0,0.0,0.0,0.0,0,0.0,0,0.0,0,0,0.0,0.0,1.0,0.0,0.0,inward,BZT
2358,0.0,0.0,0.0,0.0,0.0,0,0,0.0,0.0,0,0.0,0.0,0.0,0,0,0,0,0.0,0.0,0.0,0,0.0,0,0.0,0.0,0.0,0,1.0,0.0,0.0,1.0,0.0,1.0,0.0,0.0,0,0.0,0,0.0,0,0.0,0,0.0,0.0,0.0,1,1,0,0.0,0,1,0.0,0.0,0.0,0.0,0.0,0.0,0,0.0,0,0.0,0,0,0.0,0.0,1.0,1.0,0.0,inward,BZT
2359,0.0,0.0,0.0,0.0,0.0,0,0,0.0,0.0,0,0.0,0.0,0.0,0,0,0,0,0.0,0.0,0.0,0,0.0,0,0.0,0.0,0.0,0,1.0,1.0,0.0,1.0,0.0,0.0,0.0,0.0,0,0.0,1,0.0,0,0.0,0,0.0,0.0,0.0,1,1,1,0.0,0,0,0.0,0.0,0.0,0.0,0.0,0.0,0,0.0,0,0.0,0,0,0.0,0.0,1.0,1.0,0.0,inward,BZT
2360,0.0,0.0,0.0,0.0,0.0,0,1,0.0,0.0,0,0.0,0.0,0.0,0,0,1,0,0.0,0.0,0.0,0,0.0,0,0.0,0.0,0.0,1,1.0,0.0,0.0,0.0,0.0,0.0,0.0,0.0,0,0.0,1,0.0,1,0.0,0,0.0,0.0,0.0,1,0,1,0.0,0,0,0.0,1.0,0.0,0.0,0.0,0.0,0,0.0,1,0.0,0,0,0.0,0.0,1.0,1.0,0.0,inward,BZT
2361,0.0,0.0,0.0,0.0,0.0,0,1,0.0,0.0,0,0.0,0.0,0.0,0,0,1,0,0.0,0.0,0.0,1,0.0,0,0.0,0.0,0.0,0,0.0,0.0,0.0,1.0,0.0,0.0,0.0,0.0,0,0.0,1,0.0,1,0.0,0,0.0,0.0,0.0,1,0,1,0.0,0,0,0.0,1.0,0.0,0.0,0.0,0.0,0,0.0,1,0.0,0,0,0.0,0.0,1.0,1.0,0.0,inward,BZT
2362,0.0,0.0,0.0,0.0,0.0,0,0,0.0,0.0,0,0.0,0.0,0.0,0,0,0,0,0.0,0.0,0.0,1,1.0,0,0.0,0.0,0.0,1,1.0,0.0,0.0,1.0,0.0,0.0,0.0,0.0,0,0.0,1,0.0,1,0.0,0,0.0,0.0,0.0,1,1,1,0.0,0,1,0.0,1.0,0.0,0.0,0.0,0.0,0,0.0,1,0.0,0,0,0.0,0.0,1.0,0.0,0.0,inward,BZT
2363,0.0,0.0,0.0,0.0,0.0,0,0,0.0,0.0,0,0.0,0.0,0.0,0,0,0,0,0.0,0.0,0.0,0,0.0,1,0.0,0.0,1.0,1,1.0,0.0,0.0,1.0,0.0,1.0,0.0,0.0,0,0.0,0,0.0,1,0.0,1,1.0,0.0,0.0,1,0,1,0.0,0,0,0.0,0.0,0.0,0.0,0.0,0.0,0,0.0,1,0.0,0,0,0.0,0.0,1.0,1.0,0.0,inward,BZT
2364,0.0,0.0,0.0,0.0,0.0,0,0,0.0,0.0,0,0.0,0.0,0.0,0,0,1,0,0.0,0.0,0.0,0,0.0,0,0.0,0.0,0.0,0,0.0,0.0,0.0,0.0,0.0,0.0,0.0,0.0,0,0.0,1,0.0,1,0.0,0,0.0,0.0,0.0,1,0,1,0.0,0,0,0.0,1.0,0.0,0.0,0.0,0.0,0,0.0,0,0.0,0,0,0.0,0.0,1.0,0.0,0.0,inward,BZT
2365,0.0,0.0,0.0,0.0,0.0,0,0,0.0,0.0,0,0.0,0.0,0.0,0,0,0,0,0.0,0.0,0.0,0,1.0,0,0.0,0.0,0.0,1,1.0,0.0,0.0,1.0,0.0,0.0,0.0,0.0,0,0.0,1,0.0,1,0.0,0,0.0,0.0,0.0,1,1,0,0.0,0,1,0.0,0.0,0.0,0.0,0.0,0.0,0,0.0,1,0.0,0,0,0.0,0.0,1.0,1.0,0.0,inward,BZT
2366,0.0,0.0,0.0,0.0,0.0,0,0,0.0,0.0,0,0.0,0.0,0.0,0,0,0,0,0.0,0.0,0.0,1,1.0,0,0.0,0.0,0.0,0,1.0,0.0,0.0,0.0,0.0,0.0,0.0,0.0,0,0.0,1,0.0,1,0.0,0,0.0,0.0,0.0,1,0,0,0.0,0,0,0.0,0.0,0.0,0.0,0.0,0.0,0,0.0,0,0.0,0,0,0.0,0.0,1.0,0.0,0.0,inward,BZT
2367,0.0,0.0,0.0,0.0,0.0,0,1,0.0,0.0,0,0.0,0.0,0.0,0,0,1,0,0.0,0.0,0.0,0,1.0,1,0.0,0.0,1.0,1,0.0,0.0,0.0,1.0,0.0,0.0,0.0,0.0,0,0.0,1,0.0,1,0.0,0,1.0,0.0,1.0,1,1,1,0.0,0,0,0.0,0.0,0.0,0.0,0.0,0.0,0,0.0,1,0.0,0,0,0.0,0.0,1.0,1.0,0.0,inward,BZT
2368,0.0,0.0,0.0,0.0,0.0,0,0,0.0,0.0,0,0.0,0.0,0.0,0,0,1,1,0.0,0.0,0.0,0,0.0,0,0.0,0.0,1.0,0,1.0,0.0,0.0,1.0,0.0,0.0,0.0,0.0,0,0.0,1,0.0,1,0.0,0,1.0,0.0,0.0,1,0,0,0.0,0,0,0.0,0.0,0.0,0.0,0.0,0.0,0,0.0,0,0.0,0,0,0.0,0.0,1.0,1.0,0.0,inward,BZT
2369,0.0,0.0,0.0,0.0,0.0,0,0,0.0,0.0,0,0.0,0.0,0.0,0,0,1,0,0.0,0.0,0.0,1,1.0,0,0.0,0.0,0.0,0,0.0,0.0,0.0,0.0,0.0,0.0,0.0,0.0,0,0.0,1,0.0,1,0.0,0,0.0,0.0,0.0,1,0,1,0.0,0,0,0.0,0.0,0.0,0.0,0.0,0.0,0,0.0,1,0.0,0,0,0.0,0.0,1.0,1.0,0.0,inward,BZT
2370,0.0,0.0,0.0,0.0,0.0,0,0,0.0,0.0,0,0.0,0.0,0.0,0,0,0,0,0.0,0.0,0.0,1,0.0,0,0.0,0.0,0.0,0,1.0,1.0,0.0,1.0,0.0,0.0,0.0,0.0,0,0.0,1,0.0,0,0.0,0,1.0,0.0,0.0,1,1,1,0.0,0,0,0.0,1.0,0.0,0.0,0.0,0.0,0,0.0,0,0.0,0,0,0.0,0.0,1.0,1.0,0.0,inward,BZT
2371,0.0,0.0,0.0,0.0,0.0,0,0,0.0,0.0,0,0.0,0.0,0.0,0,0,1,1,0.0,0.0,0.0,0,0.0,0,0.0,0.0,0.0,0,0.0,0.0,0.0,0.0,0.0,0.0,0.0,0.0,0,0.0,1,0.0,1,0.0,1,0.0,0.0,0.0,1,1,1,0.0,0,0,0.0,0.0,0.0,0.0,0.0,0.0,1,0.0,0,0.0,0,0,0.0,0.0,1.0,0.0,0.0,inward,BZT
2372,0.0,0.0,0.0,0.0,0.0,0,0,0.0,0.0,0,0.0,0.0,0.0,0,0,1,0,0.0,0.0,0.0,0,1.0,0,0.0,0.0,0.0,1,1.0,0.0,0.0,1.0,0.0,0.0,0.0,0.0,0,0.0,1,0.0,1,0.0,0,0.0,0.0,0.0,1,1,0,0.0,0,0,0.0,1.0,0.0,0.0,0.0,0.0,0,0.0,1,0.0,0,0,0.0,0.0,1.0,0.0,0.0,inward,BZT
2373,0.0,0.0,0.0,0.0,0.0,0,1,0.0,0.0,0,0.0,0.0,0.0,0,0,1,0,0.0,0.0,0.0,0,0.0,0,0.0,0.0,0.0,0,1.0,0.0,0.0,0.0,0.0,0.0,0.0,0.0,0,0.0,0,0.0,1,0.0,1,0.0,0.0,0.0,1,1,0,0.0,0,0,0.0,0.0,0.0,0.0,0.0,0.0,0,0.0,0,0.0,0,0,0.0,0.0,1.0,1.0,0.0,inward,BZT
2374,0.0,0.0,0.0,0.0,0.0,0,0,0.0,0.0,0,0.0,0.0,0.0,0,0,0,0,0.0,0.0,0.0,0,1.0,0,0.0,0.0,0.0,0,1.0,0.0,0.0,0.0,0.0,0.0,0.0,0.0,0,0.0,1,0.0,1,0.0,0,0.0,0.0,0.0,1,1,0,0.0,0,0,0.0,0.0,0.0,0.0,0.0,0.0,0,0.0,0,0.0,0,0,0.0,0.0,1.0,1.0,0.0,inward,BZT
2375,0.0,0.0,0.0,0.0,0.0,0,0,0.0,0.0,0,0.0,0.0,0.0,0,0,1,1,0.0,0.0,0.0,0,0.0,1,0.0,0.0,1.0,1,0.0,0.0,0.0,1.0,0.0,0.0,0.0,0.0,0,0.0,1,0.0,0,0.0,0,1.0,0.0,0.0,1,0,1,0.0,0,0,0.0,1.0,0.0,0.0,0.0,0.0,0,0.0,1,0.0,0,0,0.0,0.0,1.0,1.0,0.0,inward,BZT
2376,0.0,0.0,0.0,0.0,0.0,0,0,0.0,0.0,0,0.0,0.0,0.0,0,0,1,0,0.0,0.0,0.0,0,0.0,0,0.0,0.0,0.0,0,1.0,1.0,0.0,0.0,0.0,0.0,0.0,0.0,0,0.0,0,0.0,1,0.0,0,0.0,0.0,0.0,1,1,0,0.0,0,0,0.0,0.0,0.0,0.0,0.0,0.0,0,0.0,1,0.0,0,0,0.0,0.0,1.0,0.0,0.0,inward,BZT
2377,0.0,0.0,0.0,0.0,0.0,0,0,0.0,0.0,0,0.0,0.0,0.0,0,0,1,0,0.0,0.0,0.0,0,0.0,0,0.0,0.0,0.0,1,1.0,0.0,0.0,1.0,0.0,0.0,0.0,0.0,0,0.0,1,0.0,1,0.0,0,1.0,0.0,0.0,1,1,1,0.0,0,0,0.0,1.0,0.0,0.0,0.0,0.0,0,0.0,1,0.0,0,0,0.0,0.0,1.0,1.0,0.0,inward,BZT
2378,0.0,0.0,0.0,0.0,0.0,0,0,0.0,0.0,0,0.0,0.0,0.0,0,0,1,0,0.0,0.0,0.0,0,0.0,0,0.0,0.0,0.0,1,1.0,0.0,0.0,0.0,0.0,0.0,0.0,0.0,0,0.0,0,0.0,1,0.0,0,0.0,0.0,0.0,1,0,1,0.0,0,0,0.0,0.0,0.0,0.0,0.0,0.0,0,0.0,1,0.0,0,0,0.0,0.0,1.0,1.0,0.0,inward,BZT
2379,0.0,0.0,0.0,0.0,0.0,0,0,0.0,0.0,0,0.0,0.0,0.0,0,0,0,0,0.0,0.0,0.0,0,0.0,0,0.0,0.0,0.0,1,1.0,0.0,0.0,1.0,0.0,0.0,0.0,0.0,0,0.0,1,0.0,0,0.0,0,1.0,0.0,0.0,1,0,0,0.0,0,0,0.0,1.0,0.0,0.0,0.0,0.0,0,0.0,0,0.0,0,0,0.0,0.0,1.0,1.0,0.0,inward,BZT
2380,0.0,0.0,0.0,0.0,0.0,0,0,0.0,0.0,0,0.0,0.0,0.0,0,0,0,0,0.0,0.0,0.0,0,0.0,0,0.0,0.0,0.0,0,1.0,0.0,0.0,1.0,0.0,0.0,0.0,0.0,0,0.0,0,0.0,1,0.0,0,0.0,0.0,0.0,1,1,1,0.0,0,0,0.0,1.0,0.0,0.0,0.0,0.0,0,0.0,1,0.0,0,0,0.0,0.0,1.0,0.0,0.0,inward,BZT
2381,0.0,0.0,0.0,0.0,0.0,0,1,0.0,0.0,0,0.0,0.0,0.0,0,0,1,0,0.0,0.0,0.0,1,0.0,0,0.0,0.0,1.0,0,1.0,0.0,0.0,1.0,0.0,0.0,0.0,0.0,0,0.0,1,0.0,1,0.0,0,1.0,0.0,0.0,1,0,0,0.0,0,0,0.0,1.0,0.0,0.0,0.0,0.0,0,0.0,1,0.0,0,0,0.0,0.0,1.0,0.0,0.0,inward,BZT
2382,0.0,0.0,0.0,0.0,0.0,0,0,0.0,0.0,0,0.0,0.0,0.0,0,0,0,0,0.0,0.0,0.0,1,0.0,0,0.0,0.0,1.0,0,1.0,0.0,0.0,1.0,0.0,0.0,0.0,0.0,0,0.0,1,0.0,0,0.0,0,1.0,0.0,0.0,1,1,1,0.0,1,0,0.0,1.0,0.0,0.0,0.0,0.0,0,0.0,1,0.0,0,0,0.0,0.0,1.0,1.0,0.0,inward,BZT
2383,0.0,0.0,0.0,0.0,0.0,0,1,0.0,0.0,0,0.0,0.0,0.0,0,0,1,0,0.0,0.0,0.0,0,0.0,0,0.0,0.0,0.0,0,0.0,0.0,0.0,0.0,0.0,0.0,0.0,0.0,0,0.0,1,0.0,1,0.0,0,0.0,0.0,0.0,1,1,0,0.0,0,0,0.0,1.0,0.0,0.0,0.0,0.0,0,0.0,1,0.0,0,0,0.0,0.0,1.0,1.0,0.0,inward,BZT
2384,0.0,0.0,0.0,0.0,0.0,0,1,0.0,0.0,0,0.0,0.0,0.0,0,0,1,1,0.0,0.0,0.0,0,0.0,0,0.0,0.0,1.0,1,0.0,0.0,0.0,1.0,0.0,0.0,0.0,0.0,0,0.0,0,0.0,0,0.0,0,0.0,0.0,0.0,1,1,1,0.0,0,0,0.0,1.0,0.0,0.0,0.0,0.0,0,0.0,1,0.0,0,0,0.0,0.0,1.0,0.0,0.0,inward,BZT
2385,0.0,0.0,0.0,0.0,0.0,0,0,0.0,0.0,0,0.0,0.0,0.0,0,0,0,0,0.0,0.0,0.0,0,0.0,0,0.0,0.0,1.0,0,1.0,1.0,0.0,1.0,0.0,0.0,0.0,0.0,0,0.0,1,0.0,1,0.0,0,0.0,0.0,0.0,1,1,0,0.0,0,0,0.0,1.0,0.0,0.0,0.0,0.0,0,0.0,1,0.0,0,0,0.0,0.0,1.0,1.0,0.0,inward,BZT
2386,0.0,0.0,0.0,0.0,0.0,0,1,0.0,0.0,0,0.0,0.0,0.0,0,0,1,0,0.0,0.0,0.0,0,1.0,1,0.0,0.0,1.0,0,0.0,0.0,0.0,1.0,0.0,0.0,0.0,0.0,0,0.0,1,0.0,0,0.0,0,0.0,0.0,0.0,1,0,1,0.0,0,1,0.0,1.0,1.0,0.0,0.0,0.0,0,0.0,1,0.0,0,0,0.0,0.0,1.0,1.0,0.0,inward,BZT
2387,0.0,0.0,0.0,0.0,0.0,0,0,0.0,0.0,0,0.0,0.0,0.0,0,0,1,0,0.0,0.0,0.0,0,1.0,0,0.0,0.0,1.0,0,1.0,0.0,0.0,0.0,0.0,0.0,0.0,0.0,0,0.0,1,0.0,1,0.0,0,0.0,0.0,0.0,1,1,0,0.0,0,0,0.0,1.0,0.0,0.0,0.0,0.0,0,0.0,1,0.0,0,0,0.0,0.0,1.0,1.0,0.0,inward,BZT
2388,0.0,0.0,0.0,0.0,0.0,0,0,0.0,0.0,0,0.0,0.0,0.0,0,0,0,0,0.0,0.0,0.0,0,0.0,0,0.0,0.0,0.0,1,1.0,1.0,0.0,1.0,0.0,0.0,0.0,0.0,0,0.0,1,0.0,1,0.0,1,1.0,0.0,0.0,1,0,1,0.0,0,0,0.0,0.0,0.0,0.0,0.0,0.0,0,0.0,1,0.0,0,0,0.0,0.0,1.0,1.0,0.0,inward,BZT
2389,0.0,0.0,0.0,0.0,0.0,0,0,0.0,0.0,0,0.0,0.0,0.0,0,0,1,1,0.0,0.0,0.0,0,0.0,0,0.0,0.0,0.0,0,1.0,0.0,0.0,0.0,0.0,0.0,0.0,0.0,0,0.0,0,0.0,1,0.0,1,0.0,0.0,0.0,1,0,0,0.0,0,0,0.0,0.0,0.0,0.0,0.0,0.0,0,0.0,1,0.0,0,0,0.0,0.0,1.0,1.0,0.0,inward,BZT
2390,0.0,0.0,0.0,0.0,0.0,0,0,0.0,0.0,0,0.0,0.0,0.0,0,0,1,0,0.0,0.0,0.0,0,0.0,0,0.0,0.0,0.0,0,1.0,0.0,0.0,1.0,0.0,1.0,0.0,0.0,0,0.0,1,0.0,1,0.0,0,1.0,0.0,0.0,1,1,0,0.0,0,0,0.0,1.0,0.0,0.0,0.0,0.0,0,0.0,1,0.0,0,0,0.0,0.0,1.0,1.0,0.0,inward,BZT
2391,0.0,0.0,0.0,0.0,0.0,0,1,0.0,0.0,0,0.0,0.0,0.0,0,0,1,0,0.0,0.0,0.0,1,0.0,0,0.0,0.0,1.0,1,1.0,0.0,0.0,1.0,0.0,0.0,0.0,0.0,0,0.0,1,0.0,1,0.0,0,1.0,0.0,0.0,1,1,1,0.0,0,0,0.0,1.0,0.0,0.0,0.0,0.0,0,0.0,1,0.0,0,0,0.0,0.0,1.0,1.0,0.0,inward,BZT
2392,0.0,0.0,0.0,0.0,0.0,0,0,0.0,0.0,0,0.0,0.0,0.0,0,0,0,0,0.0,0.0,0.0,0,1.0,0,0.0,0.0,0.0,1,1.0,1.0,0.0,0.0,0.0,0.0,0.0,0.0,0,0.0,1,0.0,1,0.0,0,0.0,0.0,0.0,1,1,0,0.0,0,1,0.0,0.0,0.0,0.0,0.0,0.0,1,0.0,0,0.0,0,0,0.0,0.0,1.0,1.0,0.0,inward,BZT
2393,0.0,0.0,0.0,0.0,0.0,0,1,0.0,0.0,0,0.0,0.0,0.0,0,0,1,0,0.0,0.0,0.0,0,0.0,0,0.0,0.0,0.0,0,0.0,0.0,0.0,1.0,0.0,0.0,0.0,0.0,0,0.0,1,0.0,1,0.0,1,0.0,0.0,0.0,1,0,1,0.0,0,0,0.0,1.0,0.0,0.0,0.0,0.0,0,0.0,1,0.0,0,0,0.0,0.0,1.0,1.0,0.0,inward,BZT
2394,0.0,0.0,0.0,0.0,0.0,0,1,0.0,0.0,0,0.0,0.0,0.0,0,0,0,0,0.0,0.0,0.0,0,1.0,0,0.0,0.0,1.0,1,1.0,0.0,0.0,1.0,0.0,0.0,0.0,0.0,0,0.0,1,0.0,1,0.0,1,1.0,0.0,0.0,1,0,1,0.0,0,1,0.0,0.0,0.0,0.0,0.0,0.0,0,0.0,1,0.0,0,0,0.0,0.0,1.0,1.0,0.0,inward,BZT
2395,0.0,0.0,0.0,0.0,0.0,0,0,0.0,0.0,0,0.0,0.0,0.0,0,0,0,0,0.0,0.0,0.0,1,1.0,0,0.0,0.0,0.0,0,1.0,0.0,0.0,1.0,0.0,0.0,0.0,0.0,0,0.0,1,0.0,1,0.0,0,0.0,0.0,0.0,1,0,1,0.0,0,1,0.0,1.0,0.0,0.0,0.0,0.0,0,0.0,1,0.0,0,0,0.0,0.0,1.0,1.0,0.0,inward,BZT
2396,0.0,0.0,0.0,0.0,0.0,0,0,0.0,0.0,0,0.0,0.0,0.0,0,0,1,0,0.0,0.0,0.0,1,0.0,0,0.0,0.0,0.0,0,1.0,0.0,0.0,1.0,0.0,0.0,0.0,0.0,0,0.0,1,0.0,1,0.0,0,0.0,0.0,0.0,1,1,1,0.0,0,0,0.0,1.0,0.0,0.0,0.0,0.0,0,0.0,0,0.0,0,0,0.0,0.0,1.0,1.0,0.0,inward,BZT
2397,0.0,0.0,0.0,0.0,0.0,0,0,0.0,0.0,0,0.0,0.0,0.0,0,0,1,1,0.0,0.0,0.0,1,0.0,0,0.0,0.0,0.0,1,0.0,0.0,0.0,1.0,0.0,0.0,0.0,0.0,0,0.0,1,0.0,1,0.0,0,0.0,0.0,0.0,1,1,1,0.0,0,0,0.0,1.0,0.0,0.0,0.0,0.0,0,0.0,0,0.0,0,0,0.0,0.0,1.0,0.0,0.0,inward,BZT
2398,0.0,0.0,0.0,0.0,0.0,0,0,0.0,0.0,0,0.0,0.0,0.0,0,0,1,0,0.0,0.0,0.0,0,0.0,0,0.0,0.0,0.0,0,1.0,0.0,0.0,1.0,0.0,0.0,0.0,0.0,0,0.0,0,0.0,1,0.0,0,0.0,0.0,0.0,1,0,1,0.0,0,0,0.0,1.0,0.0,0.0,0.0,0.0,0,0.0,0,0.0,0,0,0.0,0.0,1.0,1.0,0.0,inward,BZT
2399,0.0,0.0,0.0,0.0,0.0,0,0,0.0,0.0,0,0.0,0.0,0.0,0,0,1,0,0.0,0.0,0.0,1,0.0,0,0.0,0.0,0.0,0,0.0,0.0,0.0,1.0,0.0,0.0,0.0,0.0,0,0.0,1,0.0,1,0.0,0,1.0,0.0,0.0,1,0,1,0.0,0,0,0.0,0.0,0.0,0.0,0.0,0.0,0,0.0,1,0.0,0,0,0.0,0.0,1.0,1.0,0.0,inward,BZT
2400,0.0,0.0,0.0,0.0,0.0,0,0,0.0,0.0,0,0.0,0.0,0.0,0,0,1,0,0.0,0.0,0.0,0,1.0,1,0.0,0.0,0.0,1,0.0,0.0,0.0,1.0,0.0,0.0,0.0,0.0,0,0.0,1,0.0,1,0.0,1,0.0,0.0,0.0,1,1,1,0.0,0,1,0.0,0.0,0.0,0.0,0.0,0.0,0,0.0,0,0.0,0,0,0.0,0.0,1.0,1.0,0.0,inward,BZT
2401,0.0,0.0,0.0,0.0,0.0,0,0,0.0,0.0,0,0.0,0.0,0.0,0,0,0,0,0.0,0.0,0.0,0,0.0,0,0.0,0.0,0.0,0,1.0,0.0,0.0,1.0,0.0,0.0,0.0,0.0,0,0.0,1,0.0,1,0.0,0,1.0,0.0,0.0,1,1,1,0.0,0,0,0.0,1.0,0.0,0.0,0.0,0.0,0,0.0,1,0.0,0,0,0.0,0.0,1.0,1.0,0.0,inward,BZT
2402,0.0,0.0,0.0,0.0,0.0,0,1,0.0,0.0,0,0.0,0.0,0.0,0,0,1,0,0.0,0.0,0.0,1,0.0,0,0.0,0.0,0.0,0,1.0,0.0,0.0,1.0,0.0,0.0,0.0,0.0,0,0.0,1,0.0,1,0.0,0,1.0,0.0,0.0,1,1,0,0.0,1,0,0.0,1.0,0.0,0.0,0.0,0.0,0,0.0,1,0.0,0,0,0.0,0.0,1.0,1.0,0.0,inward,BZT
2403,0.0,0.0,0.0,0.0,0.0,0,1,0.0,0.0,0,0.0,0.0,0.0,0,0,1,0,0.0,0.0,0.0,0,1.0,0,0.0,0.0,0.0,0,0.0,0.0,0.0,0.0,0.0,0.0,0.0,0.0,0,0.0,1,0.0,0,0.0,0,1.0,0.0,0.0,1,1,1,0.0,0,0,0.0,1.0,0.0,0.0,0.0,0.0,0,0.0,1,0.0,0,0,0.0,0.0,1.0,1.0,0.0,inward,BZT
2404,0.0,0.0,0.0,0.0,0.0,0,0,0.0,0.0,0,0.0,0.0,0.0,0,0,1,0,0.0,0.0,0.0,1,0.0,0,0.0,0.0,0.0,1,1.0,1.0,0.0,1.0,0.0,0.0,0.0,0.0,0,0.0,1,0.0,1,0.0,0,0.0,0.0,0.0,1,1,1,0.0,0,0,0.0,1.0,0.0,0.0,0.0,0.0,0,0.0,1,0.0,0,0,0.0,0.0,1.0,1.0,0.0,inward,BZT
2405,0.0,0.0,0.0,0.0,0.0,0,1,0.0,0.0,0,0.0,0.0,0.0,0,0,1,0,0.0,0.0,0.0,0,1.0,1,0.0,0.0,0.0,0,1.0,0.0,0.0,1.0,0.0,0.0,0.0,0.0,0,0.0,0,0.0,0,0.0,0,0.0,0.0,0.0,1,1,1,0.0,0,0,0.0,1.0,0.0,0.0,0.0,0.0,0,0.0,0,0.0,0,0,0.0,0.0,1.0,1.0,0.0,inward,BZT
2406,0.0,0.0,0.0,0.0,0.0,0,0,0.0,0.0,0,0.0,0.0,0.0,0,0,1,0,0.0,0.0,0.0,1,1.0,0,0.0,0.0,0.0,0,0.0,0.0,0.0,1.0,0.0,0.0,0.0,0.0,0,0.0,1,0.0,1,0.0,0,0.0,0.0,0.0,1,1,0,0.0,0,0,0.0,1.0,0.0,0.0,0.0,0.0,0,0.0,1,0.0,0,0,0.0,0.0,1.0,1.0,0.0,inward,BZT
2407,0.0,0.0,0.0,0.0,0.0,0,0,0.0,0.0,0,0.0,0.0,0.0,0,0,1,0,0.0,0.0,0.0,0,0.0,1,0.0,0.0,0.0,1,1.0,0.0,0.0,1.0,0.0,0.0,0.0,1.0,0,0.0,1,0.0,1,0.0,0,0.0,0.0,0.0,1,0,1,0.0,0,0,0.0,0.0,0.0,0.0,0.0,0.0,0,0.0,0,0.0,0,0,0.0,0.0,1.0,1.0,0.0,inward,BZT
2408,0.0,0.0,0.0,0.0,0.0,0,0,0.0,0.0,0,0.0,0.0,0.0,0,0,1,1,0.0,0.0,0.0,1,0.0,0,0.0,0.0,0.0,0,1.0,0.0,0.0,1.0,0.0,0.0,0.0,0.0,0,0.0,1,0.0,1,0.0,0,1.0,0.0,1.0,1,0,0,0.0,0,0,0.0,0.0,0.0,0.0,0.0,1.0,0,0.0,1,0.0,0,0,0.0,0.0,1.0,1.0,0.0,inward,BZT
2409,0.0,0.0,0.0,0.0,0.0,0,1,0.0,0.0,0,0.0,0.0,0.0,1,0,1,1,0.0,0.0,0.0,0,0.0,0,0.0,0.0,0.0,0,1.0,0.0,0.0,1.0,0.0,0.0,0.0,0.0,0,0.0,1,0.0,1,0.0,0,0.0,0.0,0.0,1,1,1,0.0,0,1,0.0,0.0,0.0,0.0,0.0,0.0,0,0.0,1,0.0,0,0,0.0,0.0,1.0,1.0,0.0,inward,BZT
2410,0.0,0.0,0.0,0.0,0.0,0,0,0.0,0.0,0,0.0,0.0,0.0,0,0,1,0,0.0,0.0,0.0,1,0.0,0,0.0,0.0,0.0,0,1.0,0.0,0.0,1.0,0.0,0.0,0.0,0.0,0,0.0,1,0.0,0,0.0,0,1.0,0.0,0.0,1,0,0,0.0,0,0,0.0,1.0,0.0,0.0,0.0,0.0,0,0.0,1,0.0,0,0,0.0,0.0,1.0,1.0,0.0,inward,BZT
2411,0.0,0.0,0.0,0.0,0.0,0,0,0.0,0.0,0,0.0,0.0,0.0,0,0,0,0,0.0,0.0,0.0,1,0.0,0,0.0,0.0,0.0,0,1.0,0.0,0.0,0.0,0.0,0.0,0.0,0.0,0,0.0,1,0.0,1,0.0,0,0.0,0.0,0.0,1,1,0,0.0,0,0,0.0,1.0,0.0,0.0,0.0,0.0,0,0.0,1,0.0,0,0,0.0,0.0,1.0,1.0,0.0,inward,BZT
2412,0.0,0.0,0.0,0.0,0.0,0,0,0.0,0.0,0,0.0,0.0,0.0,0,0,1,0,0.0,0.0,0.0,1,1.0,0,0.0,0.0,0.0,1,1.0,0.0,0.0,1.0,0.0,0.0,0.0,0.0,0,0.0,1,0.0,1,0.0,0,1.0,0.0,0.0,1,1,1,0.0,0,0,0.0,0.0,0.0,0.0,0.0,0.0,0,0.0,1,0.0,0,0,0.0,0.0,1.0,1.0,0.0,inward,BZT
2413,0.0,0.0,0.0,0.0,0.0,0,0,0.0,0.0,0,0.0,0.0,0.0,0,0,1,0,0.0,0.0,0.0,0,0.0,0,0.0,0.0,0.0,1,1.0,0.0,0.0,1.0,0.0,1.0,0.0,0.0,0,0.0,1,0.0,1,0.0,0,0.0,0.0,0.0,1,1,1,0.0,0,0,0.0,1.0,0.0,0.0,0.0,0.0,0,0.0,1,0.0,0,0,0.0,0.0,1.0,1.0,0.0,inward,BZT
2414,0.0,0.0,0.0,0.0,0.0,0,1,0.0,0.0,0,0.0,0.0,0.0,0,0,1,1,0.0,0.0,0.0,0,0.0,0,0.0,0.0,1.0,1,1.0,0.0,0.0,1.0,0.0,0.0,0.0,0.0,0,0.0,1,0.0,1,0.0,0,0.0,0.0,0.0,1,0,1,0.0,0,1,0.0,1.0,0.0,0.0,0.0,0.0,0,0.0,1,0.0,0,0,0.0,0.0,1.0,0.0,0.0,inward,BZT
2415,0.0,0.0,0.0,0.0,0.0,0,1,0.0,0.0,0,0.0,0.0,0.0,0,0,1,0,0.0,0.0,0.0,0,0.0,0,0.0,0.0,0.0,0,1.0,0.0,0.0,0.0,0.0,0.0,0.0,0.0,0,0.0,0,0.0,1,0.0,0,0.0,0.0,0.0,1,0,1,0.0,0,0,0.0,0.0,0.0,0.0,0.0,0.0,0,0.0,1,0.0,0,0,0.0,0.0,1.0,1.0,0.0,inward,BZT
2416,0.0,0.0,0.0,0.0,0.0,0,0,0.0,0.0,0,0.0,0.0,0.0,0,0,1,0,0.0,0.0,0.0,0,0.0,0,0.0,0.0,0.0,1,0.0,0.0,0.0,1.0,0.0,0.0,0.0,1.0,0,0.0,0,0.0,1,0.0,1,0.0,0.0,0.0,1,1,1,0.0,0,0,0.0,0.0,0.0,0.0,0.0,0.0,0,0.0,1,0.0,0,0,0.0,0.0,1.0,1.0,0.0,inward,BZT
2417,0.0,0.0,0.0,0.0,0.0,0,0,0.0,0.0,0,0.0,0.0,0.0,0,0,1,0,0.0,0.0,0.0,0,1.0,0,0.0,0.0,0.0,1,1.0,0.0,0.0,1.0,0.0,0.0,0.0,0.0,0,0.0,0,0.0,1,0.0,0,1.0,0.0,0.0,1,0,1,0.0,0,1,0.0,0.0,0.0,0.0,0.0,0.0,0,0.0,1,0.0,0,0,0.0,0.0,1.0,1.0,0.0,inward,BZT
2418,0.0,0.0,0.0,0.0,0.0,0,0,0.0,0.0,0,0.0,0.0,0.0,0,0,1,1,0.0,0.0,0.0,0,1.0,0,0.0,0.0,0.0,1,1.0,0.0,0.0,0.0,0.0,0.0,0.0,0.0,0,0.0,1,0.0,1,0.0,0,1.0,0.0,0.0,1,0,1,0.0,0,0,0.0,1.0,0.0,0.0,0.0,0.0,0,0.0,0,0.0,0,0,0.0,0.0,1.0,1.0,0.0,inward,BZT
2419,0.0,0.0,0.0,0.0,0.0,0,0,0.0,0.0,0,0.0,0.0,0.0,0,0,1,0,0.0,0.0,0.0,1,1.0,0,0.0,0.0,1.0,0,1.0,0.0,0.0,1.0,0.0,0.0,0.0,0.0,0,0.0,1,0.0,1,0.0,0,1.0,0.0,0.0,1,0,1,0.0,0,0,0.0,1.0,0.0,0.0,0.0,0.0,0,0.0,1,0.0,0,0,0.0,0.0,1.0,1.0,0.0,inward,BZT
2420,0.0,0.0,0.0,0.0,0.0,0,1,0.0,0.0,0,0.0,0.0,0.0,0,0,1,0,0.0,0.0,0.0,0,0.0,0,0.0,0.0,1.0,1,1.0,0.0,0.0,1.0,0.0,0.0,0.0,0.0,0,0.0,1,0.0,1,0.0,0,1.0,0.0,0.0,1,1,1,0.0,0,0,0.0,1.0,0.0,0.0,0.0,0.0,0,0.0,1,0.0,0,0,0.0,0.0,1.0,1.0,0.0,inward,BZT
2421,0.0,0.0,0.0,0.0,0.0,0,0,0.0,0.0,0,0.0,0.0,0.0,0,0,1,0,0.0,0.0,0.0,1,0.0,0,0.0,0.0,0.0,1,1.0,0.0,0.0,1.0,0.0,1.0,0.0,0.0,0,0.0,0,0.0,1,0.0,0,0.0,0.0,0.0,1,0,1,0.0,0,0,0.0,0.0,0.0,0.0,0.0,0.0,1,0.0,1,0.0,0,0,0.0,0.0,1.0,1.0,0.0,inward,BZT
2422,0.0,0.0,0.0,0.0,0.0,0,1,0.0,0.0,0,0.0,0.0,0.0,0,0,1,0,0.0,0.0,0.0,0,1.0,0,0.0,0.0,0.0,1,1.0,1.0,0.0,0.0,0.0,0.0,0.0,0.0,0,0.0,1,0.0,1,0.0,0,1.0,0.0,0.0,1,0,1,0.0,1,1,0.0,0.0,0.0,0.0,0.0,0.0,0,0.0,1,0.0,0,0,0.0,0.0,1.0,1.0,0.0,inward,BZT
2423,0.0,0.0,0.0,0.0,0.0,0,0,0.0,0.0,0,0.0,0.0,0.0,0,0,1,1,0.0,0.0,0.0,0,0.0,0,0.0,0.0,0.0,1,1.0,1.0,0.0,1.0,0.0,0.0,0.0,0.0,0,0.0,0,0.0,1,0.0,1,0.0,0.0,0.0,1,0,0,0.0,0,0,0.0,1.0,0.0,0.0,0.0,0.0,0,0.0,0,0.0,0,0,0.0,0.0,1.0,1.0,0.0,inward,BZT
2424,0.0,0.0,0.0,0.0,0.0,0,0,0.0,0.0,0,0.0,0.0,0.0,0,0,1,1,0.0,0.0,0.0,0,0.0,0,0.0,0.0,0.0,1,1.0,1.0,0.0,1.0,0.0,1.0,0.0,0.0,0,0.0,1,0.0,1,0.0,0,0.0,0.0,0.0,1,1,1,0.0,1,0,0.0,1.0,0.0,0.0,0.0,0.0,0,0.0,1,0.0,0,0,0.0,0.0,1.0,1.0,0.0,inward,BZT
2425,0.0,0.0,0.0,0.0,0.0,0,0,0.0,0.0,0,0.0,0.0,0.0,0,0,1,0,0.0,0.0,0.0,0,1.0,0,0.0,0.0,1.0,1,1.0,1.0,0.0,1.0,0.0,0.0,0.0,0.0,0,0.0,1,0.0,1,0.0,0,1.0,0.0,0.0,1,0,1,0.0,1,1,0.0,0.0,0.0,0.0,0.0,0.0,0,0.0,1,0.0,0,0,0.0,0.0,1.0,0.0,0.0,inward,BZT
2426,0.0,0.0,0.0,0.0,0.0,0,0,0.0,0.0,0,0.0,0.0,0.0,0,0,1,0,0.0,0.0,0.0,0,0.0,0,0.0,0.0,1.0,1,1.0,1.0,0.0,1.0,0.0,0.0,0.0,0.0,0,0.0,1,0.0,1,0.0,0,0.0,0.0,0.0,1,0,1,0.0,0,0,0.0,1.0,0.0,0.0,0.0,0.0,0,0.0,1,0.0,0,0,0.0,0.0,1.0,1.0,0.0,inward,BZT
2427,0.0,0.0,0.0,0.0,0.0,0,0,0.0,0.0,0,0.0,0.0,0.0,0,0,1,0,0.0,0.0,0.0,0,1.0,1,0.0,0.0,1.0,1,1.0,0.0,0.0,1.0,0.0,0.0,0.0,0.0,0,0.0,1,0.0,0,0.0,0,1.0,0.0,0.0,1,0,0,0.0,0,1,0.0,1.0,0.0,0.0,0.0,0.0,0,0.0,1,0.0,0,0,0.0,0.0,1.0,1.0,0.0,inward,BZT
2428,0.0,0.0,0.0,0.0,0.0,0,0,0.0,0.0,0,0.0,0.0,0.0,0,0,1,0,0.0,0.0,0.0,0,0.0,0,0.0,0.0,0.0,1,1.0,1.0,0.0,0.0,0.0,0.0,0.0,0.0,0,0.0,1,0.0,0,0.0,0,1.0,0.0,0.0,1,0,0,0.0,0,0,0.0,0.0,0.0,0.0,0.0,0.0,0,0.0,1,0.0,0,0,0.0,0.0,1.0,1.0,0.0,inward,BZT
2429,0.0,0.0,0.0,0.0,0.0,0,0,0.0,0.0,0,0.0,0.0,0.0,0,0,1,0,0.0,0.0,0.0,1,0.0,0,0.0,0.0,0.0,1,1.0,1.0,0.0,1.0,0.0,0.0,0.0,0.0,0,0.0,0,0.0,1,0.0,1,1.0,0.0,0.0,1,1,1,0.0,0,0,0.0,0.0,0.0,0.0,0.0,0.0,0,0.0,0,0.0,0,0,0.0,0.0,1.0,1.0,0.0,inward,BZT
2430,0.0,0.0,0.0,0.0,0.0,0,0,0.0,0.0,0,0.0,0.0,0.0,0,0,1,0,0.0,0.0,0.0,1,1.0,0,0.0,0.0,1.0,1,1.0,0.0,0.0,1.0,0.0,1.0,0.0,0.0,0,0.0,1,0.0,1,0.0,0,1.0,0.0,0.0,1,1,1,0.0,0,1,0.0,1.0,0.0,0.0,0.0,0.0,0,0.0,1,0.0,0,0,0.0,0.0,1.0,1.0,0.0,inward,BZT
2431,0.0,0.0,0.0,0.0,0.0,0,0,0.0,0.0,0,0.0,0.0,0.0,0,0,1,0,0.0,0.0,0.0,0,0.0,0,0.0,0.0,1.0,0,1.0,0.0,0.0,1.0,0.0,0.0,0.0,0.0,0,0.0,1,0.0,1,0.0,0,1.0,0.0,0.0,1,0,1,0.0,0,0,0.0,1.0,0.0,0.0,0.0,0.0,0,0.0,0,0.0,0,0,0.0,0.0,1.0,1.0,0.0,inward,BZT
2432,0.0,0.0,0.0,0.0,0.0,0,1,0.0,0.0,0,0.0,0.0,0.0,0,0,1,1,0.0,0.0,0.0,1,0.0,0,0.0,0.0,1.0,0,1.0,0.0,0.0,1.0,0.0,0.0,0.0,0.0,0,0.0,1,0.0,1,0.0,0,0.0,0.0,0.0,1,0,1,0.0,0,0,0.0,1.0,0.0,0.0,0.0,0.0,0,0.0,0,0.0,0,0,0.0,0.0,1.0,0.0,0.0,inward,BZT
2433,0.0,0.0,0.0,0.0,0.0,0,0,0.0,0.0,0,0.0,0.0,0.0,0,0,1,0,0.0,0.0,0.0,1,0.0,0,0.0,0.0,1.0,1,0.0,0.0,0.0,1.0,0.0,0.0,0.0,0.0,0,0.0,1,0.0,0,0.0,0,1.0,0.0,1.0,1,0,0,0.0,0,0,0.0,1.0,0.0,0.0,0.0,0.0,0,0.0,1,0.0,0,0,0.0,0.0,1.0,1.0,0.0,inward,BZT
2434,0.0,0.0,0.0,0.0,0.0,0,1,0.0,0.0,0,0.0,0.0,0.0,1,0,1,0,0.0,0.0,0.0,0,1.0,0,0.0,0.0,1.0,1,1.0,0.0,0.0,1.0,0.0,0.0,0.0,0.0,0,0.0,1,0.0,0,0.0,0,1.0,0.0,0.0,1,0,0,0.0,0,0,0.0,1.0,0.0,0.0,0.0,0.0,0,0.0,1,0.0,0,0,0.0,0.0,1.0,1.0,0.0,inward,BZT
2435,0.0,0.0,0.0,0.0,0.0,0,1,0.0,0.0,0,0.0,0.0,0.0,0,0,1,0,0.0,0.0,0.0,0,0.0,0,0.0,0.0,0.0,1,0.0,0.0,0.0,1.0,0.0,0.0,0.0,0.0,0,0.0,1,0.0,0,0.0,0,0.0,0.0,0.0,1,0,1,0.0,0,1,0.0,0.0,0.0,0.0,0.0,0.0,1,0.0,1,0.0,0,0,0.0,0.0,1.0,1.0,0.0,inward,BZT
2436,0.0,0.0,0.0,0.0,0.0,0,0,0.0,0.0,0,0.0,0.0,0.0,0,0,1,0,0.0,0.0,0.0,1,0.0,0,0.0,0.0,1.0,1,1.0,1.0,0.0,0.0,0.0,0.0,0.0,0.0,0,0.0,1,0.0,1,0.0,0,1.0,0.0,0.0,1,0,0,0.0,0,0,0.0,0.0,0.0,0.0,0.0,0.0,0,0.0,1,0.0,0,0,0.0,0.0,1.0,1.0,0.0,inward,BZT
2437,0.0,0.0,0.0,0.0,0.0,0,0,0.0,0.0,0,0.0,0.0,0.0,0,0,1,0,0.0,0.0,0.0,1,0.0,0,0.0,0.0,1.0,1,1.0,0.0,0.0,1.0,0.0,0.0,0.0,0.0,0,0.0,0,0.0,1,0.0,0,0.0,0.0,0.0,1,1,0,0.0,0,0,0.0,1.0,0.0,0.0,0.0,0.0,0,0.0,1,0.0,0,0,0.0,0.0,1.0,1.0,0.0,inward,BZT
2438,0.0,0.0,0.0,0.0,0.0,0,0,0.0,0.0,0,0.0,0.0,0.0,0,0,1,1,0.0,0.0,0.0,0,0.0,0,0.0,0.0,0.0,0,0.0,0.0,0.0,0.0,0.0,0.0,0.0,0.0,0,0.0,0,0.0,1,0.0,0,1.0,0.0,0.0,1,0,0,0.0,0,0,0.0,0.0,0.0,0.0,0.0,0.0,0,0.0,0,0.0,0,0,0.0,0.0,1.0,1.0,0.0,inward,BZT
2439,0.0,0.0,0.0,0.0,0.0,0,1,0.0,0.0,0,0.0,0.0,0.0,0,0,1,1,0.0,0.0,0.0,0,0.0,0,0.0,0.0,0.0,0,1.0,1.0,0.0,1.0,0.0,0.0,0.0,0.0,0,0.0,1,0.0,0,0.0,0,1.0,0.0,0.0,1,1,1,0.0,0,0,0.0,1.0,0.0,0.0,0.0,0.0,0,0.0,1,0.0,0,0,0.0,0.0,1.0,1.0,0.0,inward,BZT
2440,0.0,0.0,0.0,0.0,0.0,0,0,0.0,0.0,0,0.0,0.0,0.0,0,0,1,1,0.0,0.0,0.0,0,0.0,0,0.0,0.0,0.0,0,1.0,1.0,0.0,1.0,0.0,0.0,0.0,0.0,0,0.0,1,0.0,1,0.0,0,0.0,0.0,0.0,1,0,1,0.0,1,0,0.0,0.0,0.0,0.0,0.0,0.0,0,0.0,0,0.0,0,0,0.0,0.0,1.0,1.0,0.0,inward,BZT
2441,0.0,0.0,0.0,0.0,0.0,0,0,0.0,0.0,0,0.0,0.0,0.0,0,0,1,1,0.0,0.0,0.0,0,1.0,0,0.0,0.0,0.0,1,1.0,0.0,0.0,0.0,0.0,0.0,0.0,0.0,0,0.0,0,0.0,0,0.0,0,1.0,0.0,0.0,1,1,1,0.0,0,1,0.0,0.0,0.0,0.0,0.0,0.0,0,0.0,1,0.0,0,0,0.0,0.0,1.0,1.0,0.0,inward,BZT
2442,0.0,0.0,0.0,0.0,0.0,0,1,0.0,0.0,0,0.0,0.0,0.0,0,0,1,0,0.0,0.0,0.0,0,0.0,0,0.0,0.0,1.0,1,1.0,1.0,0.0,0.0,0.0,0.0,0.0,0.0,0,0.0,1,0.0,1,0.0,0,1.0,0.0,0.0,1,0,1,0.0,1,0,0.0,0.0,0.0,0.0,0.0,0.0,0,0.0,1,0.0,0,0,0.0,0.0,1.0,1.0,0.0,inward,BZT
2443,0.0,0.0,0.0,0.0,0.0,0,0,0.0,0.0,0,0.0,0.0,0.0,0,0,1,1,0.0,0.0,0.0,0,0.0,0,0.0,0.0,0.0,0,1.0,0.0,0.0,0.0,0.0,0.0,0.0,0.0,0,0.0,1,0.0,1,0.0,0,0.0,0.0,0.0,1,1,1,0.0,0,1,0.0,0.0,0.0,0.0,0.0,0.0,0,0.0,1,0.0,0,0,0.0,0.0,1.0,1.0,0.0,inward,BZT
2444,0.0,0.0,0.0,0.0,0.0,0,0,0.0,0.0,0,0.0,0.0,0.0,0,0,1,0,0.0,0.0,0.0,0,0.0,0,0.0,0.0,0.0,0,1.0,0.0,0.0,1.0,0.0,0.0,0.0,0.0,0,0.0,1,0.0,0,0.0,0,1.0,0.0,0.0,1,1,1,0.0,0,1,0.0,0.0,0.0,0.0,0.0,0.0,0,0.0,1,0.0,0,0,0.0,0.0,1.0,0.0,0.0,inward,BZT
2445,0.0,0.0,0.0,0.0,0.0,0,0,0.0,0.0,0,0.0,0.0,0.0,0,0,1,1,0.0,0.0,0.0,1,1.0,0,0.0,0.0,1.0,1,1.0,0.0,0.0,0.0,0.0,0.0,0.0,0.0,0,0.0,1,0.0,1,0.0,0,0.0,0.0,0.0,1,1,1,0.0,1,0,0.0,0.0,0.0,0.0,0.0,0.0,0,0.0,1,0.0,0,0,0.0,0.0,1.0,1.0,0.0,inward,BZT
2446,0.0,0.0,0.0,0.0,0.0,0,0,0.0,0.0,0,0.0,0.0,0.0,0,0,1,0,0.0,0.0,0.0,1,1.0,0,0.0,0.0,0.0,1,1.0,0.0,0.0,1.0,0.0,0.0,0.0,0.0,0,0.0,0,0.0,1,0.0,1,1.0,0.0,0.0,1,0,1,0.0,0,0,0.0,0.0,0.0,0.0,0.0,0.0,0,0.0,0,0.0,0,0,0.0,0.0,1.0,0.0,0.0,inward,BZT
2447,0.0,0.0,0.0,0.0,0.0,0,0,0.0,0.0,0,0.0,0.0,0.0,0,0,1,0,0.0,0.0,0.0,0,0.0,0,0.0,0.0,1.0,1,1.0,0.0,0.0,1.0,0.0,0.0,0.0,0.0,0,0.0,1,0.0,1,0.0,0,0.0,0.0,0.0,1,0,1,0.0,0,1,0.0,1.0,0.0,0.0,0.0,0.0,0,0.0,1,0.0,0,0,0.0,0.0,1.0,1.0,0.0,inward,BZT
2448,0.0,0.0,0.0,0.0,0.0,0,0,0.0,0.0,0,0.0,0.0,0.0,0,0,1,1,0.0,0.0,0.0,1,0.0,0,0.0,0.0,1.0,1,1.0,0.0,0.0,1.0,0.0,0.0,0.0,0.0,0,0.0,1,0.0,1,0.0,1,1.0,0.0,0.0,1,0,1,0.0,0,0,0.0,1.0,0.0,0.0,0.0,0.0,0,0.0,1,0.0,0,0,0.0,0.0,1.0,1.0,0.0,inward,BZT
2449,0.0,0.0,0.0,0.0,0.0,0,1,0.0,0.0,0,0.0,0.0,0.0,0,0,1,1,0.0,0.0,0.0,0,1.0,0,0.0,0.0,0.0,0,1.0,1.0,0.0,0.0,0.0,0.0,0.0,0.0,0,0.0,1,0.0,1,0.0,0,0.0,0.0,0.0,1,0,1,0.0,0,0,0.0,0.0,0.0,0.0,0.0,0.0,1,0.0,1,0.0,0,0,0.0,0.0,1.0,1.0,0.0,inward,BZT
2450,0.0,0.0,0.0,0.0,0.0,0,0,0.0,0.0,0,0.0,0.0,0.0,0,0,1,0,0.0,0.0,0.0,0,0.0,0,0.0,0.0,0.0,1,1.0,0.0,0.0,1.0,0.0,0.0,0.0,0.0,0,0.0,1,0.0,1,0.0,1,1.0,0.0,0.0,1,0,0,0.0,1,0,0.0,0.0,0.0,0.0,0.0,0.0,1,0.0,1,0.0,0,0,0.0,0.0,1.0,1.0,0.0,inward,BZT
2451,0.0,0.0,0.0,0.0,0.0,0,0,0.0,0.0,0,0.0,0.0,0.0,0,0,1,0,0.0,0.0,0.0,0,1.0,0,0.0,0.0,0.0,0,1.0,1.0,0.0,1.0,0.0,0.0,0.0,0.0,0,0.0,1,0.0,1,0.0,0,1.0,0.0,0.0,1,1,1,0.0,0,0,0.0,0.0,0.0,0.0,0.0,0.0,0,0.0,1,0.0,0,0,0.0,0.0,1.0,0.0,0.0,inward,BZT
2452,0.0,0.0,0.0,0.0,0.0,0,0,0.0,0.0,0,0.0,0.0,0.0,0,0,1,0,0.0,0.0,0.0,0,0.0,0,0.0,0.0,0.0,0,1.0,0.0,0.0,0.0,0.0,0.0,0.0,0.0,0,0.0,0,0.0,0,0.0,0,1.0,0.0,0.0,1,0,0,0.0,0,0,0.0,0.0,0.0,0.0,0.0,0.0,0,0.0,1,0.0,0,0,0.0,0.0,1.0,1.0,0.0,inward,BZT
2453,0.0,0.0,0.0,0.0,0.0,0,0,0.0,0.0,0,0.0,0.0,0.0,0,0,0,0,0.0,0.0,0.0,0,0.0,0,0.0,0.0,0.0,1,1.0,1.0,0.0,1.0,0.0,0.0,0.0,0.0,0,0.0,1,0.0,1,0.0,0,1.0,0.0,0.0,1,1,1,0.0,1,1,0.0,0.0,0.0,0.0,0.0,0.0,0,0.0,1,0.0,0,0,0.0,0.0,1.0,1.0,0.0,inward,BZT
2454,0.0,0.0,0.0,0.0,0.0,0,0,0.0,0.0,0,0.0,0.0,0.0,0,0,1,0,0.0,0.0,0.0,0,1.0,0,0.0,0.0,0.0,0,1.0,0.0,0.0,0.0,0.0,0.0,0.0,0.0,0,0.0,1,0.0,1,0.0,1,0.0,0.0,0.0,1,0,1,0.0,0,0,0.0,0.0,0.0,0.0,0.0,0.0,0,0.0,0,0.0,0,0,0.0,0.0,1.0,1.0,0.0,inward,BZT
2455,0.0,0.0,0.0,0.0,0.0,0,0,0.0,0.0,0,0.0,0.0,0.0,0,0,1,0,0.0,0.0,0.0,0,0.0,0,0.0,0.0,1.0,1,1.0,0.0,0.0,0.0,0.0,0.0,0.0,0.0,0,0.0,1,0.0,1,0.0,0,0.0,0.0,0.0,1,1,1,0.0,0,0,0.0,1.0,0.0,0.0,0.0,0.0,0,0.0,1,0.0,0,0,0.0,0.0,1.0,1.0,0.0,inward,BZT
2456,0.0,0.0,0.0,0.0,0.0,0,0,0.0,0.0,0,0.0,0.0,0.0,0,0,1,0,0.0,0.0,0.0,0,0.0,0,0.0,0.0,0.0,0,1.0,0.0,0.0,0.0,0.0,0.0,0.0,0.0,0,0.0,0,0.0,1,0.0,0,1.0,0.0,0.0,1,1,1,0.0,0,1,0.0,0.0,0.0,0.0,0.0,0.0,1,0.0,1,0.0,0,0,0.0,0.0,1.0,1.0,0.0,inward,BZT
2457,0.0,0.0,0.0,0.0,0.0,0,0,0.0,0.0,0,0.0,0.0,0.0,0,0,1,0,0.0,0.0,0.0,1,1.0,1,0.0,0.0,1.0,1,1.0,0.0,0.0,1.0,0.0,0.0,0.0,0.0,0,0.0,1,0.0,1,0.0,0,0.0,0.0,0.0,1,1,1,0.0,0,0,0.0,0.0,0.0,0.0,0.0,0.0,0,0.0,1,0.0,0,0,0.0,0.0,1.0,1.0,0.0,inward,BZT
2458,0.0,0.0,0.0,0.0,0.0,0,0,0.0,0.0,0,0.0,0.0,0.0,0,0,1,0,0.0,0.0,0.0,1,0.0,1,0.0,0.0,0.0,0,1.0,0.0,0.0,1.0,0.0,0.0,0.0,0.0,0,0.0,1,0.0,1,0.0,0,0.0,0.0,0.0,1,0,1,0.0,0,0,0.0,1.0,0.0,0.0,0.0,0.0,0,0.0,1,0.0,0,0,0.0,0.0,1.0,0.0,0.0,inward,BZT
2459,0.0,0.0,0.0,0.0,0.0,0,0,0.0,0.0,0,0.0,0.0,0.0,0,0,0,0,0.0,0.0,0.0,0,1.0,0,0.0,0.0,0.0,0,1.0,1.0,0.0,1.0,0.0,1.0,0.0,0.0,0,0.0,1,0.0,0,0.0,0,0.0,0.0,0.0,1,1,1,0.0,0,1,0.0,1.0,0.0,0.0,0.0,0.0,0,0.0,1,0.0,0,0,0.0,0.0,1.0,1.0,0.0,inward,BZT
2460,0.0,0.0,0.0,0.0,0.0,0,0,0.0,0.0,0,0.0,0.0,0.0,0,0,1,1,0.0,0.0,0.0,1,0.0,0,0.0,0.0,0.0,0,1.0,1.0,0.0,0.0,0.0,0.0,0.0,0.0,0,0.0,0,0.0,1,0.0,0,0.0,0.0,0.0,1,0,1,0.0,0,1,0.0,0.0,0.0,0.0,0.0,0.0,1,0.0,0,0.0,0,0,0.0,0.0,1.0,1.0,0.0,inward,BZT
2461,0.0,0.0,0.0,0.0,0.0,0,0,0.0,0.0,0,0.0,0.0,0.0,0,0,1,1,0.0,0.0,0.0,0,0.0,0,0.0,0.0,0.0,1,1.0,1.0,0.0,0.0,0.0,0.0,0.0,0.0,0,0.0,1,0.0,1,0.0,0,1.0,0.0,0.0,1,0,1,0.0,1,0,0.0,0.0,0.0,0.0,0.0,0.0,0,0.0,1,0.0,0,0,0.0,0.0,1.0,1.0,0.0,inward,BZT
2462,0.0,0.0,0.0,0.0,0.0,0,0,0.0,0.0,0,0.0,1.0,0.0,0,0,1,1,0.0,0.0,0.0,1,0.0,0,0.0,0.0,0.0,0,1.0,0.0,0.0,0.0,0.0,0.0,0.0,1.0,0,0.0,1,0.0,1,0.0,0,0.0,0.0,0.0,1,0,1,0.0,0,1,0.0,0.0,0.0,0.0,0.0,0.0,1,0.0,1,0.0,0,0,0.0,0.0,1.0,1.0,0.0,inward,BZT
2463,0.0,0.0,0.0,0.0,0.0,0,0,0.0,0.0,0,0.0,0.0,0.0,0,0,1,1,0.0,0.0,0.0,0,0.0,0,0.0,0.0,0.0,0,1.0,0.0,0.0,0.0,0.0,0.0,0.0,0.0,0,0.0,0,0.0,1,0.0,1,0.0,0.0,0.0,1,0,0,0.0,0,1,0.0,0.0,0.0,0.0,0.0,0.0,1,0.0,1,0.0,0,0,0.0,0.0,1.0,1.0,0.0,inward,BZT
2464,0.0,0.0,0.0,0.0,0.0,0,0,0.0,0.0,0,0.0,0.0,0.0,0,0,1,1,0.0,0.0,0.0,1,0.0,0,0.0,0.0,0.0,0,1.0,0.0,0.0,0.0,0.0,0.0,0.0,0.0,0,0.0,1,0.0,1,0.0,1,0.0,0.0,0.0,1,0,1,0.0,0,1,0.0,0.0,0.0,0.0,0.0,0.0,1,0.0,0,0.0,0,0,0.0,0.0,1.0,1.0,0.0,inward,BZT
2465,0.0,0.0,0.0,0.0,0.0,0,0,0.0,0.0,0,0.0,0.0,0.0,1,0,1,0,0.0,0.0,0.0,0,0.0,0,0.0,0.0,0.0,1,1.0,0.0,0.0,0.0,0.0,0.0,0.0,0.0,0,0.0,0,0.0,1,0.0,0,0.0,0.0,0.0,1,1,1,0.0,0,0,0.0,0.0,0.0,0.0,0.0,0.0,1,0.0,1,0.0,0,1,0.0,0.0,1.0,1.0,0.0,inward,BZT
2466,0.0,0.0,0.0,0.0,0.0,0,0,0.0,0.0,0,0.0,0.0,0.0,0,0,1,0,0.0,0.0,0.0,0,0.0,0,0.0,0.0,0.0,1,1.0,1.0,0.0,0.0,0.0,0.0,0.0,0.0,0,0.0,0,0.0,1,0.0,0,0.0,0.0,0.0,1,0,1,0.0,0,0,0.0,0.0,0.0,0.0,0.0,0.0,0,0.0,0,0.0,0,0,0.0,0.0,1.0,0.0,0.0,inward,BZT
2467,0.0,0.0,0.0,0.0,0.0,0,0,0.0,0.0,0,0.0,0.0,0.0,0,0,1,0,0.0,0.0,0.0,0,0.0,0,0.0,0.0,0.0,1,1.0,1.0,0.0,1.0,0.0,0.0,0.0,0.0,0,0.0,1,0.0,1,0.0,1,0.0,0.0,0.0,1,1,1,0.0,0,0,0.0,0.0,0.0,0.0,0.0,0.0,0,0.0,1,0.0,0,0,0.0,0.0,1.0,1.0,0.0,inward,BZT
2468,0.0,0.0,0.0,0.0,0.0,0,0,0.0,0.0,0,0.0,0.0,0.0,0,0,1,1,0.0,0.0,0.0,0,0.0,0,0.0,0.0,0.0,0,1.0,1.0,0.0,1.0,0.0,1.0,0.0,0.0,0,0.0,0,0.0,1,0.0,0,1.0,0.0,0.0,1,0,1,0.0,0,0,0.0,0.0,0.0,0.0,0.0,0.0,0,0.0,1,0.0,0,0,0.0,0.0,1.0,1.0,0.0,inward,BZT
2469,0.0,0.0,0.0,0.0,0.0,0,0,0.0,0.0,0,0.0,0.0,0.0,0,0,1,0,0.0,0.0,0.0,0,0.0,0,0.0,0.0,1.0,1,1.0,0.0,0.0,1.0,0.0,0.0,0.0,0.0,0,0.0,1,0.0,1,0.0,0,0.0,0.0,0.0,1,0,0,0.0,0,1,0.0,0.0,0.0,0.0,0.0,0.0,0,0.0,0,0.0,0,0,0.0,0.0,1.0,0.0,0.0,inward,BZT
2470,0.0,0.0,0.0,0.0,0.0,0,0,0.0,0.0,0,0.0,0.0,0.0,1,0,1,0,0.0,0.0,0.0,0,0.0,0,0.0,0.0,0.0,1,1.0,1.0,0.0,0.0,0.0,0.0,0.0,0.0,0,0.0,1,0.0,1,0.0,0,1.0,0.0,0.0,1,0,1,0.0,0,0,0.0,0.0,0.0,0.0,0.0,0.0,0,0.0,1,0.0,0,0,0.0,0.0,1.0,1.0,0.0,inward,BZT
2471,0.0,0.0,0.0,0.0,0.0,0,0,0.0,0.0,0,0.0,0.0,0.0,0,0,1,0,0.0,0.0,0.0,0,1.0,0,0.0,0.0,1.0,0,1.0,1.0,0.0,0.0,0.0,0.0,0.0,0.0,0,0.0,0,0.0,0,0.0,0,1.0,0.0,0.0,1,1,0,0.0,0,1,0.0,0.0,0.0,0.0,0.0,0.0,0,0.0,1,0.0,0,0,0.0,0.0,1.0,1.0,0.0,inward,BZT
2472,0.0,0.0,0.0,0.0,0.0,0,1,0.0,0.0,0,0.0,0.0,0.0,0,0,1,1,0.0,0.0,0.0,0,1.0,0,0.0,0.0,0.0,0,1.0,0.0,0.0,1.0,0.0,0.0,0.0,0.0,0,0.0,1,0.0,1,0.0,1,0.0,0.0,0.0,1,0,1,0.0,0,0,0.0,0.0,0.0,0.0,0.0,0.0,0,0.0,1,0.0,0,0,0.0,0.0,1.0,1.0,0.0,inward,BZT
2473,0.0,0.0,0.0,0.0,0.0,0,0,0.0,0.0,0,0.0,0.0,0.0,0,0,1,0,0.0,0.0,0.0,0,0.0,0,0.0,0.0,0.0,1,1.0,1.0,0.0,1.0,0.0,0.0,0.0,1.0,0,0.0,1,0.0,1,0.0,0,0.0,0.0,0.0,1,1,1,0.0,0,0,0.0,0.0,0.0,0.0,0.0,0.0,0,0.0,0,0.0,0,0,0.0,0.0,1.0,1.0,0.0,inward,BZT
2474,0.0,0.0,0.0,0.0,0.0,0,0,0.0,0.0,0,0.0,0.0,0.0,0,0,1,1,0.0,0.0,0.0,0,0.0,0,0.0,0.0,1.0,1,1.0,1.0,0.0,1.0,0.0,0.0,0.0,0.0,0,0.0,1,0.0,1,0.0,0,0.0,0.0,0.0,1,1,1,0.0,0,0,0.0,0.0,0.0,0.0,0.0,0.0,0,0.0,1,0.0,0,0,0.0,0.0,1.0,1.0,0.0,inward,BZT
2475,0.0,0.0,0.0,0.0,0.0,0,0,0.0,0.0,0,0.0,0.0,0.0,1,0,1,1,0.0,0.0,0.0,0,0.0,0,0.0,0.0,1.0,1,1.0,0.0,0.0,1.0,0.0,0.0,0.0,0.0,0,0.0,1,0.0,0,0.0,0,1.0,0.0,0.0,1,1,1,0.0,0,0,0.0,0.0,0.0,0.0,0.0,0.0,0,0.0,1,0.0,0,0,0.0,0.0,1.0,1.0,0.0,inward,BZT
2476,0.0,0.0,0.0,0.0,0.0,0,1,0.0,0.0,0,0.0,0.0,0.0,1,0,1,1,0.0,0.0,0.0,1,1.0,0,0.0,0.0,1.0,1,1.0,0.0,0.0,1.0,0.0,0.0,0.0,0.0,0,0.0,1,0.0,1,0.0,0,1.0,0.0,0.0,1,1,1,0.0,1,0,0.0,1.0,0.0,0.0,0.0,0.0,0,0.0,1,0.0,0,0,0.0,0.0,1.0,1.0,0.0,inward,BZT
2477,0.0,0.0,0.0,0.0,0.0,0,0,0.0,0.0,0,0.0,0.0,0.0,0,0,1,0,0.0,0.0,0.0,0,0.0,0,0.0,0.0,0.0,0,1.0,0.0,0.0,0.0,0.0,0.0,0.0,0.0,0,0.0,0,0.0,1,0.0,0,0.0,0.0,0.0,1,1,1,0.0,0,0,0.0,0.0,0.0,0.0,0.0,0.0,0,0.0,1,0.0,0,0,0.0,0.0,1.0,1.0,0.0,inward,BZT
2478,0.0,0.0,0.0,0.0,0.0,0,0,0.0,0.0,0,0.0,0.0,0.0,0,0,1,1,0.0,0.0,0.0,1,0.0,0,1.0,0.0,1.0,1,1.0,0.0,0.0,1.0,0.0,0.0,0.0,0.0,0,0.0,0,0.0,1,0.0,0,0.0,0.0,0.0,1,1,1,0.0,0,0,0.0,0.0,0.0,0.0,0.0,0.0,0,0.0,0,0.0,0,0,0.0,0.0,1.0,1.0,0.0,inward,BZT
2479,0.0,0.0,0.0,0.0,0.0,0,0,0.0,0.0,0,0.0,0.0,0.0,0,0,1,0,0.0,0.0,0.0,0,0.0,0,0.0,0.0,0.0,1,1.0,0.0,0.0,1.0,0.0,1.0,0.0,0.0,0,0.0,0,0.0,0,0.0,0,0.0,0.0,0.0,1,0,1,0.0,0,0,0.0,0.0,0.0,0.0,0.0,0.0,0,0.0,1,0.0,0,0,0.0,0.0,1.0,0.0,0.0,inward,BZT
2480,0.0,0.0,0.0,0.0,0.0,0,1,0.0,0.0,0,0.0,0.0,0.0,0,0,1,0,0.0,0.0,0.0,1,1.0,0,0.0,0.0,0.0,0,1.0,0.0,0.0,1.0,0.0,0.0,0.0,0.0,0,0.0,1,0.0,1,0.0,0,0.0,0.0,0.0,1,0,1,0.0,0,1,0.0,0.0,0.0,0.0,0.0,0.0,0,0.0,1,0.0,0,0,0.0,0.0,1.0,1.0,0.0,inward,BZT
2481,0.0,0.0,0.0,0.0,0.0,0,0,0.0,0.0,0,0.0,0.0,0.0,0,0,1,0,0.0,0.0,0.0,0,0.0,0,0.0,0.0,0.0,1,1.0,1.0,0.0,1.0,0.0,0.0,0.0,0.0,0,0.0,0,0.0,1,0.0,0,1.0,0.0,0.0,1,0,1,0.0,0,1,0.0,0.0,0.0,0.0,0.0,0.0,0,0.0,0,0.0,0,0,0.0,0.0,1.0,1.0,0.0,inward,BZT
2482,0.0,0.0,0.0,0.0,0.0,0,0,0.0,0.0,0,0.0,0.0,0.0,0,0,1,0,0.0,0.0,0.0,0,1.0,0,0.0,0.0,0.0,0,1.0,1.0,0.0,1.0,0.0,0.0,0.0,0.0,0,0.0,0,0.0,1,0.0,0,0.0,0.0,0.0,1,0,1,0.0,0,0,0.0,0.0,0.0,0.0,0.0,0.0,0,0.0,0,0.0,0,0,0.0,0.0,1.0,1.0,0.0,inward,BZT
2483,0.0,0.0,0.0,0.0,0.0,0,0,0.0,0.0,0,0.0,0.0,0.0,0,0,1,0,0.0,0.0,0.0,0,1.0,0,0.0,0.0,0.0,1,1.0,0.0,0.0,1.0,0.0,0.0,0.0,0.0,0,0.0,1,0.0,1,0.0,0,0.0,0.0,0.0,1,0,1,0.0,0,1,0.0,0.0,0.0,0.0,0.0,0.0,0,0.0,1,0.0,0,0,0.0,0.0,1.0,0.0,0.0,inward,BZT
2484,0.0,0.0,0.0,0.0,0.0,0,0,0.0,0.0,0,0.0,0.0,0.0,0,0,1,1,0.0,0.0,0.0,0,1.0,0,0.0,0.0,0.0,1,1.0,1.0,0.0,1.0,0.0,0.0,0.0,0.0,0,0.0,1,0.0,1,0.0,1,0.0,0.0,0.0,1,0,0,0.0,0,1,0.0,0.0,0.0,0.0,0.0,0.0,0,0.0,0,0.0,0,0,0.0,0.0,1.0,1.0,0.0,inward,BZT
2485,0.0,0.0,0.0,0.0,0.0,0,0,0.0,0.0,0,0.0,0.0,0.0,0,0,1,0,0.0,0.0,0.0,1,1.0,0,0.0,0.0,0.0,0,1.0,1.0,0.0,0.0,0.0,0.0,0.0,0.0,0,0.0,1,0.0,1,0.0,0,0.0,0.0,0.0,1,0,1,0.0,0,0,0.0,0.0,0.0,0.0,0.0,0.0,0,0.0,1,0.0,0,0,0.0,0.0,1.0,0.0,0.0,inward,BZT
2486,0.0,0.0,0.0,0.0,0.0,0,0,0.0,0.0,0,0.0,0.0,0.0,0,0,1,1,0.0,0.0,0.0,1,0.0,0,0.0,0.0,1.0,0,1.0,1.0,0.0,0.0,0.0,0.0,0.0,0.0,0,0.0,1,0.0,1,0.0,0,1.0,0.0,1.0,1,0,0,0.0,1,0,0.0,0.0,0.0,0.0,0.0,0.0,0,0.0,1,0.0,0,0,0.0,0.0,1.0,1.0,0.0,inward,BZT
2487,0.0,0.0,0.0,0.0,0.0,0,0,0.0,0.0,0,0.0,0.0,0.0,0,0,1,0,0.0,0.0,0.0,0,0.0,0,0.0,0.0,0.0,0,1.0,1.0,0.0,1.0,0.0,0.0,0.0,0.0,0,0.0,0,0.0,0,0.0,0,1.0,0.0,0.0,1,1,1,0.0,0,0,0.0,0.0,0.0,0.0,0.0,0.0,0,0.0,1,0.0,0,0,0.0,0.0,1.0,1.0,0.0,inward,BZT
2488,0.0,0.0,0.0,0.0,0.0,0,0,0.0,0.0,0,0.0,0.0,0.0,0,0,1,1,0.0,0.0,0.0,0,0.0,0,0.0,0.0,0.0,1,1.0,1.0,0.0,1.0,0.0,1.0,0.0,1.0,0,0.0,1,0.0,1,0.0,0,0.0,0.0,0.0,1,1,1,0.0,0,0,0.0,0.0,0.0,0.0,0.0,0.0,0,0.0,1,0.0,0,0,0.0,0.0,1.0,1.0,0.0,inward,BZT
2489,0.0,0.0,0.0,0.0,0.0,0,0,0.0,0.0,0,0.0,0.0,0.0,0,0,1,0,0.0,0.0,0.0,1,1.0,0,0.0,0.0,1.0,1,1.0,0.0,0.0,1.0,0.0,0.0,0.0,0.0,0,0.0,1,0.0,1,0.0,1,0.0,0.0,0.0,1,0,1,0.0,1,0,0.0,0.0,0.0,0.0,0.0,0.0,0,0.0,0,0.0,0,0,0.0,0.0,1.0,1.0,0.0,inward,BZT
2490,0.0,0.0,0.0,0.0,0.0,0,0,0.0,0.0,0,0.0,0.0,0.0,0,0,1,1,0.0,0.0,0.0,0,0.0,0,0.0,0.0,0.0,1,1.0,1.0,0.0,0.0,0.0,0.0,0.0,0.0,0,0.0,1,0.0,1,0.0,1,0.0,0.0,0.0,1,0,1,0.0,0,0,0.0,0.0,0.0,0.0,0.0,0.0,0,0.0,1,0.0,0,0,0.0,0.0,1.0,1.0,0.0,inward,BZT
2491,0.0,0.0,0.0,0.0,0.0,0,0,0.0,0.0,0,0.0,0.0,0.0,0,0,1,0,0.0,0.0,0.0,0,0.0,0,0.0,0.0,1.0,1,1.0,0.0,0.0,1.0,0.0,0.0,0.0,0.0,0,0.0,0,0.0,1,0.0,0,1.0,0.0,0.0,1,0,1,0.0,0,0,0.0,0.0,0.0,0.0,0.0,0.0,0,0.0,1,0.0,0,0,0.0,0.0,1.0,0.0,0.0,inward,BZT
2492,0.0,0.0,0.0,0.0,0.0,0,0,0.0,0.0,0,0.0,0.0,0.0,0,0,1,1,0.0,0.0,0.0,1,0.0,0,0.0,0.0,1.0,1,1.0,1.0,0.0,1.0,0.0,1.0,0.0,0.0,0,0.0,0,0.0,1,0.0,0,1.0,0.0,0.0,1,0,1,0.0,1,1,0.0,0.0,0.0,0.0,0.0,0.0,1,0.0,1,0.0,0,0,0.0,0.0,1.0,1.0,0.0,inward,BZT
2493,0.0,0.0,0.0,0.0,0.0,0,0,0.0,0.0,0,0.0,0.0,0.0,0,0,1,1,0.0,0.0,0.0,1,0.0,0,0.0,0.0,0.0,0,1.0,1.0,0.0,0.0,0.0,0.0,0.0,0.0,0,0.0,1,0.0,1,0.0,0,0.0,0.0,0.0,1,1,1,0.0,0,0,0.0,0.0,0.0,0.0,0.0,0.0,0,0.0,1,0.0,0,0,0.0,0.0,1.0,1.0,0.0,inward,BZT
2494,0.0,0.0,0.0,0.0,0.0,0,0,0.0,0.0,0,0.0,0.0,0.0,0,0,1,0,0.0,0.0,0.0,1,0.0,1,0.0,0.0,0.0,0,1.0,1.0,0.0,1.0,0.0,1.0,0.0,0.0,0,0.0,1,0.0,1,0.0,0,0.0,0.0,0.0,1,0,1,0.0,0,0,0.0,0.0,0.0,0.0,0.0,0.0,0,0.0,1,0.0,0,0,0.0,0.0,1.0,1.0,0.0,inward,BZT
2495,0.0,0.0,0.0,0.0,0.0,0,0,0.0,0.0,0,0.0,0.0,0.0,0,0,1,0,0.0,0.0,0.0,0,0.0,0,0.0,0.0,1.0,1,1.0,1.0,0.0,1.0,0.0,0.0,0.0,0.0,0,0.0,1,0.0,1,0.0,0,0.0,0.0,0.0,1,1,1,0.0,1,0,0.0,0.0,0.0,0.0,0.0,0.0,0,0.0,0,0.0,0,0,0.0,0.0,1.0,1.0,0.0,inward,BZT
2496,0.0,0.0,0.0,0.0,0.0,0,0,0.0,0.0,0,0.0,0.0,0.0,0,0,1,1,0.0,0.0,0.0,0,0.0,0,0.0,0.0,0.0,0,1.0,0.0,0.0,0.0,0.0,0.0,0.0,0.0,0,0.0,1,0.0,1,0.0,1,0.0,0.0,0.0,1,1,1,0.0,0,0,0.0,1.0,0.0,0.0,0.0,0.0,0,0.0,1,0.0,0,0,0.0,0.0,1.0,1.0,0.0,inward,BZT
2497,0.0,0.0,0.0,0.0,0.0,0,0,0.0,0.0,0,0.0,0.0,0.0,0,0,0,1,0.0,0.0,0.0,0,0.0,0,0.0,0.0,0.0,0,1.0,0.0,0.0,1.0,0.0,0.0,0.0,1.0,0,0.0,1,0.0,1,0.0,0,0.0,0.0,0.0,1,0,0,0.0,0,0,0.0,0.0,0.0,0.0,0.0,0.0,0,0.0,1,0.0,0,0,0.0,0.0,1.0,1.0,0.0,inward,BZT
2498,0.0,0.0,0.0,0.0,0.0,0,0,0.0,0.0,0,0.0,0.0,0.0,1,0,1,0,0.0,0.0,0.0,0,1.0,0,0.0,0.0,0.0,1,1.0,1.0,0.0,1.0,0.0,0.0,0.0,1.0,0,0.0,1,0.0,1,0.0,0,0.0,0.0,0.0,1,1,1,0.0,0,0,0.0,0.0,0.0,0.0,0.0,0.0,0,0.0,1,0.0,0,0,0.0,0.0,1.0,1.0,0.0,inward,BZT
2499,0.0,0.0,0.0,0.0,0.0,0,0,0.0,0.0,0,0.0,0.0,0.0,0,0,1,0,0.0,0.0,0.0,0,0.0,0,0.0,0.0,0.0,0,1.0,1.0,0.0,1.0,0.0,0.0,0.0,0.0,0,0.0,1,0.0,1,0.0,0,0.0,0.0,0.0,1,0,1,0.0,1,0,0.0,0.0,0.0,0.0,0.0,0.0,0,0.0,1,0.0,0,0,0.0,0.0,1.0,0.0,0.0,inward,BZT
2500,0.0,0.0,0.0,0.0,0.0,0,0,0.0,0.0,0,0.0,0.0,0.0,0,0,0,1,0.0,0.0,0.0,0,0.0,0,0.0,0.0,0.0,0,1.0,0.0,0.0,1.0,0.0,0.0,0.0,0.0,0,0.0,1,0.0,1,0.0,0,1.0,0.0,0.0,1,1,1,0.0,0,0,0.0,0.0,0.0,0.0,0.0,0.0,0,0.0,1,0.0,0,0,0.0,0.0,1.0,1.0,0.0,inward,BZT
2501,0.0,0.0,0.0,0.0,0.0,0,0,0.0,0.0,0,0.0,0.0,0.0,0,0,0,0,0.0,0.0,0.0,1,0.0,0,0.0,0.0,0.0,0,1.0,0.0,0.0,1.0,0.0,0.0,0.0,0.0,0,0.0,0,0.0,1,0.0,0,1.0,0.0,0.0,1,0,1,0.0,0,0,0.0,0.0,0.0,0.0,0.0,0.0,0,0.0,1,0.0,0,0,0.0,0.0,1.0,1.0,0.0,inward,BZT
2502,0.0,0.0,0.0,0.0,0.0,0,0,0.0,0.0,0,0.0,0.0,0.0,0,0,1,0,1.0,0.0,0.0,0,1.0,0,0.0,0.0,0.0,0,1.0,1.0,0.0,0.0,0.0,0.0,0.0,0.0,0,0.0,0,0.0,1,0.0,0,1.0,0.0,0.0,0,0,0,0.0,0,1,0.0,0.0,0.0,0.0,0.0,0.0,1,0.0,1,0.0,0,0,0.0,0.0,1.0,1.0,0.0,inward,BZT
2503,0.0,0.0,0.0,0.0,0.0,0,0,0.0,0.0,0,0.0,0.0,0.0,0,0,1,0,0.0,0.0,0.0,0,0.0,0,0.0,0.0,0.0,0,1.0,1.0,0.0,1.0,0.0,1.0,0.0,0.0,0,0.0,1,0.0,1,0.0,0,0.0,0.0,0.0,1,1,1,0.0,0,0,0.0,1.0,0.0,0.0,0.0,0.0,0,0.0,1,0.0,0,0,0.0,0.0,1.0,1.0,0.0,inward,BZT
2504,0.0,0.0,0.0,0.0,0.0,0,0,0.0,0.0,0,0.0,0.0,0.0,0,0,1,1,0.0,0.0,0.0,1,0.0,0,0.0,0.0,0.0,0,1.0,1.0,0.0,0.0,0.0,0.0,0.0,0.0,0,0.0,1,0.0,1,0.0,1,1.0,0.0,0.0,1,0,0,0.0,0,0,0.0,0.0,0.0,0.0,0.0,0.0,0,0.0,1,0.0,0,0,0.0,0.0,1.0,1.0,0.0,inward,BZT
2505,0.0,0.0,0.0,0.0,0.0,0,0,0.0,0.0,0,0.0,0.0,0.0,0,0,1,1,0.0,0.0,0.0,1,0.0,0,0.0,0.0,1.0,1,1.0,0.0,0.0,1.0,0.0,0.0,0.0,0.0,0,0.0,1,0.0,1,0.0,0,1.0,0.0,0.0,1,1,1,0.0,0,0,0.0,1.0,0.0,0.0,0.0,0.0,0,0.0,1,0.0,0,0,0.0,0.0,1.0,1.0,0.0,inward,BZT
2506,0.0,0.0,0.0,0.0,0.0,0,0,0.0,0.0,0,0.0,0.0,0.0,0,0,0,0,0.0,0.0,0.0,0,1.0,0,0.0,0.0,0.0,0,1.0,0.0,0.0,1.0,0.0,0.0,0.0,1.0,0,0.0,1,0.0,1,0.0,0,0.0,0.0,0.0,1,0,1,0.0,0,1,0.0,0.0,0.0,0.0,0.0,0.0,0,0.0,1,0.0,0,0,0.0,0.0,1.0,1.0,0.0,inward,BZT
2507,0.0,0.0,0.0,0.0,0.0,0,0,0.0,0.0,0,0.0,0.0,0.0,0,0,1,0,0.0,0.0,0.0,1,0.0,0,0.0,0.0,0.0,1,1.0,0.0,0.0,0.0,0.0,0.0,0.0,1.0,0,0.0,1,0.0,1,0.0,0,0.0,0.0,0.0,1,1,1,0.0,0,0,0.0,0.0,0.0,0.0,0.0,0.0,0,0.0,1,0.0,0,0,0.0,0.0,1.0,0.0,0.0,inward,BZT
2508,0.0,0.0,0.0,0.0,0.0,0,0,0.0,0.0,0,0.0,0.0,0.0,0,0,1,1,0.0,0.0,0.0,1,0.0,0,0.0,0.0,0.0,1,1.0,1.0,0.0,1.0,0.0,1.0,0.0,0.0,0,0.0,1,0.0,0,0.0,0,1.0,0.0,0.0,1,0,1,0.0,0,1,0.0,0.0,0.0,0.0,0.0,0.0,0,0.0,1,0.0,0,0,0.0,0.0,1.0,1.0,0.0,inward,BZT
2509,0.0,0.0,0.0,0.0,0.0,0,0,0.0,0.0,0,0.0,0.0,0.0,0,0,1,1,0.0,0.0,0.0,0,0.0,0,0.0,0.0,0.0,0,1.0,1.0,0.0,1.0,0.0,0.0,0.0,1.0,0,0.0,1,0.0,1,0.0,1,0.0,0.0,0.0,1,1,0,0.0,0,0,0.0,0.0,0.0,0.0,0.0,0.0,1,0.0,1,0.0,0,0,0.0,0.0,1.0,1.0,0.0,inward,BZT
2510,0.0,0.0,0.0,0.0,0.0,0,0,0.0,0.0,0,0.0,0.0,0.0,0,0,1,0,0.0,0.0,0.0,0,0.0,0,0.0,0.0,1.0,0,1.0,0.0,0.0,1.0,0.0,0.0,0.0,0.0,0,0.0,1,0.0,1,0.0,1,1.0,0.0,0.0,1,0,1,0.0,0,0,0.0,0.0,0.0,0.0,0.0,0.0,0,0.0,1,0.0,0,0,0.0,0.0,1.0,1.0,0.0,inward,BZT
2511,0.0,0.0,0.0,0.0,0.0,0,0,0.0,0.0,0,0.0,0.0,0.0,1,0,1,1,0.0,0.0,0.0,0,0.0,0,0.0,0.0,1.0,0,1.0,1.0,0.0,1.0,0.0,1.0,0.0,0.0,0,0.0,1,0.0,1,0.0,1,1.0,0.0,0.0,1,0,1,0.0,0,0,0.0,0.0,0.0,0.0,0.0,0.0,0,0.0,1,0.0,0,0,0.0,0.0,1.0,1.0,0.0,inward,BZT
2512,0.0,0.0,0.0,0.0,0.0,0,0,0.0,0.0,0,0.0,0.0,0.0,0,0,1,0,0.0,0.0,0.0,0,0.0,0,0.0,0.0,0.0,1,1.0,0.0,0.0,1.0,0.0,0.0,0.0,0.0,0,0.0,1,0.0,1,0.0,0,1.0,0.0,0.0,1,1,1,0.0,1,0,0.0,0.0,0.0,0.0,0.0,0.0,0,0.0,1,0.0,0,0,0.0,0.0,1.0,1.0,0.0,inward,BZT
2513,0.0,0.0,0.0,0.0,0.0,0,0,0.0,0.0,0,0.0,0.0,0.0,0,0,1,0,0.0,0.0,0.0,1,0.0,0,0.0,0.0,0.0,1,1.0,0.0,0.0,1.0,0.0,0.0,0.0,0.0,0,0.0,1,0.0,1,0.0,0,0.0,0.0,0.0,1,0,1,0.0,0,0,0.0,1.0,0.0,0.0,0.0,0.0,0,0.0,1,0.0,0,0,0.0,0.0,1.0,1.0,0.0,inward,BZT
2514,0.0,0.0,0.0,0.0,0.0,0,0,0.0,0.0,0,0.0,0.0,0.0,0,0,1,1,0.0,0.0,0.0,1,0.0,0,0.0,0.0,0.0,1,1.0,1.0,0.0,1.0,0.0,0.0,0.0,0.0,0,0.0,0,0.0,1,0.0,1,1.0,0.0,0.0,1,0,1,0.0,0,0,0.0,0.0,0.0,0.0,0.0,0.0,1,0.0,1,0.0,0,0,0.0,0.0,1.0,1.0,0.0,inward,BZT
2515,0.0,0.0,0.0,0.0,0.0,0,0,0.0,0.0,0,0.0,0.0,0.0,0,0,0,0,0.0,0.0,0.0,0,1.0,0,0.0,0.0,0.0,1,1.0,1.0,0.0,0.0,0.0,0.0,0.0,0.0,0,0.0,0,0.0,1,0.0,0,1.0,0.0,0.0,1,0,1,0.0,0,0,0.0,0.0,0.0,0.0,0.0,0.0,0,0.0,1,0.0,0,0,0.0,0.0,1.0,1.0,0.0,inward,BZT
2516,0.0,0.0,0.0,0.0,0.0,0,0,0.0,0.0,0,0.0,0.0,0.0,0,0,1,1,0.0,0.0,0.0,1,1.0,0,0.0,0.0,0.0,1,1.0,1.0,0.0,1.0,0.0,0.0,0.0,1.0,0,0.0,1,0.0,1,0.0,0,1.0,0.0,0.0,1,0,1,0.0,1,1,0.0,0.0,0.0,0.0,0.0,0.0,1,0.0,1,0.0,0,0,0.0,0.0,1.0,1.0,0.0,inward,BZT
2517,0.0,0.0,0.0,0.0,0.0,0,1,0.0,0.0,0,0.0,0.0,0.0,0,0,1,0,0.0,0.0,0.0,0,0.0,0,0.0,0.0,0.0,1,1.0,1.0,0.0,1.0,0.0,0.0,0.0,0.0,0,0.0,1,0.0,1,0.0,0,0.0,0.0,0.0,1,0,1,0.0,0,1,0.0,0.0,0.0,0.0,0.0,0.0,1,0.0,0,0.0,0,0,0.0,0.0,1.0,1.0,0.0,inward,BZT
2518,0.0,0.0,0.0,0.0,0.0,0,1,0.0,0.0,0,0.0,0.0,0.0,0,0,1,1,0.0,0.0,0.0,0,0.0,0,0.0,0.0,0.0,1,1.0,0.0,0.0,0.0,0.0,0.0,0.0,0.0,0,0.0,1,0.0,1,0.0,0,0.0,0.0,0.0,1,0,1,0.0,1,0,0.0,0.0,0.0,0.0,0.0,0.0,0,0.0,1,0.0,0,0,0.0,0.0,1.0,1.0,0.0,inward,BZT
2519,0.0,0.0,0.0,0.0,0.0,0,0,0.0,0.0,0,0.0,0.0,0.0,0,0,1,0,0.0,0.0,0.0,0,0.0,0,0.0,0.0,0.0,0,1.0,1.0,0.0,1.0,0.0,0.0,0.0,0.0,0,0.0,1,0.0,1,0.0,0,1.0,0.0,0.0,1,1,1,0.0,0,0,0.0,0.0,0.0,0.0,0.0,0.0,0,0.0,1,0.0,0,0,0.0,0.0,1.0,1.0,0.0,inward,BZT
2520,0.0,0.0,0.0,0.0,0.0,0,0,0.0,0.0,0,0.0,0.0,0.0,0,0,1,0,0.0,0.0,0.0,0,0.0,0,0.0,0.0,0.0,0,1.0,0.0,0.0,1.0,0.0,0.0,0.0,0.0,0,0.0,1,0.0,1,0.0,0,0.0,0.0,0.0,1,0,0,0.0,1,0,0.0,1.0,0.0,0.0,0.0,0.0,0,0.0,0,0.0,0,0,0.0,0.0,1.0,1.0,0.0,inward,BZT
2521,0.0,0.0,0.0,0.0,0.0,0,0,0.0,0.0,0,0.0,0.0,0.0,0,0,1,1,0.0,0.0,0.0,0,0.0,0,0.0,0.0,0.0,1,1.0,0.0,0.0,1.0,0.0,1.0,0.0,0.0,0,0.0,1,0.0,1,0.0,0,0.0,0.0,0.0,1,1,0,0.0,0,0,0.0,0.0,0.0,0.0,0.0,0.0,0,0.0,1,0.0,0,0,0.0,0.0,1.0,1.0,0.0,inward,BZT
2522,0.0,0.0,0.0,0.0,0.0,0,1,0.0,0.0,0,0.0,0.0,0.0,0,0,1,1,0.0,0.0,0.0,1,0.0,0,0.0,0.0,0.0,1,1.0,1.0,0.0,1.0,0.0,0.0,0.0,0.0,0,0.0,1,0.0,1,0.0,0,0.0,0.0,0.0,1,1,0,0.0,1,0,0.0,1.0,0.0,0.0,0.0,0.0,0,0.0,1,0.0,0,0,0.0,0.0,1.0,1.0,0.0,inward,BZT
2523,0.0,0.0,0.0,0.0,0.0,0,0,0.0,0.0,0,0.0,0.0,0.0,0,0,1,1,0.0,0.0,0.0,0,0.0,0,0.0,0.0,0.0,1,1.0,0.0,0.0,0.0,0.0,0.0,0.0,0.0,0,0.0,0,0.0,1,0.0,0,0.0,0.0,0.0,1,1,1,0.0,0,0,0.0,1.0,0.0,0.0,0.0,0.0,0,0.0,0,0.0,0,0,0.0,0.0,1.0,1.0,0.0,inward,BZT
2524,0.0,0.0,0.0,0.0,0.0,0,0,0.0,0.0,0,0.0,0.0,0.0,0,0,1,0,0.0,0.0,0.0,0,0.0,0,0.0,0.0,0.0,1,1.0,1.0,0.0,1.0,0.0,0.0,0.0,0.0,0,0.0,1,0.0,1,0.0,0,1.0,0.0,0.0,1,1,1,0.0,0,0,0.0,0.0,0.0,0.0,0.0,0.0,0,0.0,1,0.0,0,0,0.0,0.0,1.0,0.0,0.0,inward,BZT
2525,0.0,0.0,0.0,0.0,0.0,0,0,0.0,0.0,0,0.0,0.0,0.0,1,0,1,1,0.0,0.0,0.0,1,0.0,0,0.0,0.0,0.0,1,1.0,1.0,0.0,0.0,0.0,0.0,0.0,0.0,0,0.0,1,0.0,1,0.0,0,0.0,0.0,0.0,1,0,0,0.0,1,1,0.0,0.0,0.0,0.0,0.0,0.0,1,0.0,1,0.0,0,0,0.0,0.0,1.0,0.0,0.0,inward,BZT
2526,0.0,0.0,0.0,0.0,0.0,0,0,0.0,0.0,0,0.0,0.0,0.0,0,0,1,1,0.0,0.0,0.0,0,0.0,0,0.0,0.0,0.0,1,1.0,1.0,0.0,0.0,0.0,0.0,0.0,0.0,0,0.0,0,0.0,1,0.0,0,0.0,0.0,0.0,1,0,1,0.0,1,0,0.0,0.0,0.0,0.0,0.0,0.0,1,0.0,1,0.0,0,0,0.0,0.0,1.0,1.0,0.0,inward,BZT
2527,0.0,0.0,0.0,0.0,0.0,0,0,0.0,0.0,0,0.0,0.0,0.0,0,0,1,0,0.0,0.0,0.0,0,1.0,0,0.0,0.0,0.0,1,1.0,1.0,0.0,1.0,0.0,0.0,0.0,0.0,0,0.0,1,0.0,1,0.0,0,0.0,0.0,0.0,1,1,1,0.0,0,0,0.0,0.0,0.0,0.0,0.0,0.0,0,0.0,1,0.0,0,0,0.0,0.0,1.0,1.0,0.0,inward,BZT
2528,0.0,0.0,0.0,0.0,0.0,0,0,0.0,0.0,0,0.0,0.0,0.0,0,0,1,0,0.0,0.0,0.0,1,1.0,0,0.0,0.0,0.0,0,1.0,1.0,0.0,1.0,0.0,0.0,0.0,0.0,0,0.0,0,0.0,1,0.0,1,0.0,0.0,0.0,1,1,1,0.0,0,0,0.0,0.0,0.0,0.0,0.0,0.0,0,0.0,0,0.0,0,0,0.0,0.0,1.0,0.0,0.0,inward,BZT
2529,0.0,0.0,0.0,0.0,0.0,0,0,0.0,0.0,0,0.0,0.0,0.0,0,0,1,1,0.0,0.0,0.0,0,0.0,0,0.0,0.0,0.0,1,1.0,0.0,0.0,0.0,0.0,0.0,0.0,0.0,0,0.0,1,0.0,1,0.0,0,0.0,0.0,0.0,1,0,1,0.0,1,0,0.0,0.0,0.0,0.0,0.0,0.0,0,0.0,1,0.0,0,0,0.0,0.0,1.0,1.0,0.0,inward,BZT
2530,0.0,0.0,0.0,0.0,0.0,0,0,0.0,0.0,0,0.0,0.0,0.0,0,0,0,1,0.0,0.0,0.0,0,1.0,0,0.0,0.0,0.0,1,1.0,0.0,0.0,1.0,0.0,0.0,0.0,0.0,0,0.0,1,0.0,1,0.0,1,0.0,0.0,0.0,1,0,0,0.0,1,0,0.0,0.0,0.0,0.0,0.0,0.0,0,0.0,0,0.0,0,0,0.0,0.0,1.0,1.0,0.0,inward,BZT
2531,0.0,0.0,0.0,0.0,0.0,0,0,0.0,0.0,0,0.0,0.0,0.0,0,0,1,0,0.0,0.0,0.0,0,0.0,0,0.0,0.0,0.0,1,1.0,1.0,0.0,1.0,0.0,0.0,0.0,0.0,0,0.0,0,0.0,1,0.0,1,0.0,0.0,0.0,1,1,0,0.0,0,0,0.0,0.0,0.0,0.0,0.0,0.0,0,0.0,1,0.0,0,0,0.0,0.0,1.0,1.0,0.0,inward,BZT
2532,0.0,0.0,0.0,0.0,0.0,0,0,0.0,0.0,0,0.0,0.0,0.0,0,0,0,0,0.0,0.0,0.0,0,0.0,0,0.0,0.0,0.0,0,1.0,1.0,0.0,1.0,0.0,0.0,0.0,0.0,0,0.0,1,0.0,1,0.0,0,1.0,0.0,0.0,1,0,1,0.0,0,0,0.0,1.0,0.0,0.0,0.0,0.0,0,0.0,1,0.0,0,0,0.0,0.0,1.0,0.0,0.0,inward,BZT
2533,0.0,0.0,0.0,0.0,0.0,0,0,0.0,0.0,0,0.0,0.0,0.0,0,0,1,0,0.0,0.0,0.0,0,0.0,0,0.0,0.0,0.0,1,1.0,1.0,0.0,0.0,0.0,0.0,0.0,0.0,0,0.0,1,0.0,1,0.0,1,0.0,0.0,0.0,1,1,1,0.0,0,0,0.0,0.0,0.0,0.0,0.0,0.0,0,0.0,0,0.0,0,0,0.0,0.0,1.0,1.0,0.0,inward,BZT
2534,0.0,0.0,0.0,0.0,0.0,0,0,0.0,0.0,0,0.0,0.0,0.0,1,0,1,1,0.0,0.0,0.0,0,0.0,0,0.0,0.0,1.0,1,0.0,0.0,0.0,1.0,0.0,0.0,0.0,0.0,0,0.0,1,0.0,1,0.0,0,0.0,0.0,0.0,1,0,1,0.0,0,0,0.0,0.0,0.0,0.0,0.0,0.0,0,0.0,1,0.0,0,0,0.0,0.0,1.0,0.0,0.0,inward,BZT
2535,0.0,0.0,0.0,0.0,0.0,0,0,0.0,0.0,0,0.0,0.0,0.0,0,0,1,1,0.0,0.0,0.0,1,0.0,0,0.0,0.0,1.0,1,1.0,0.0,0.0,1.0,0.0,0.0,0.0,0.0,0,0.0,1,0.0,1,0.0,0,0.0,0.0,0.0,1,0,1,0.0,0,0,0.0,1.0,0.0,0.0,0.0,0.0,0,0.0,1,0.0,0,0,0.0,0.0,1.0,1.0,0.0,inward,BZT
2536,0.0,0.0,0.0,0.0,0.0,0,0,0.0,0.0,0,0.0,0.0,0.0,0,0,1,1,0.0,0.0,0.0,0,1.0,0,0.0,0.0,0.0,0,1.0,1.0,0.0,1.0,0.0,0.0,0.0,0.0,0,0.0,1,0.0,1,0.0,0,0.0,0.0,0.0,1,1,0,0.0,0,1,0.0,0.0,0.0,0.0,0.0,0.0,0,0.0,1,0.0,0,0,0.0,0.0,1.0,1.0,0.0,inward,BZT
2537,0.0,0.0,0.0,0.0,0.0,0,1,0.0,0.0,0,0.0,0.0,0.0,0,0,1,0,0.0,0.0,0.0,0,0.0,0,0.0,0.0,0.0,0,0.0,0.0,0.0,1.0,0.0,0.0,0.0,0.0,0,0.0,1,0.0,1,0.0,1,0.0,0.0,0.0,1,1,1,0.0,0,1,0.0,1.0,0.0,0.0,0.0,0.0,1,0.0,1,0.0,0,0,0.0,0.0,1.0,1.0,0.0,inward,BZT
2538,0.0,0.0,0.0,0.0,0.0,0,0,0.0,0.0,0,0.0,0.0,0.0,0,0,1,0,0.0,0.0,0.0,0,0.0,0,0.0,0.0,1.0,1,1.0,1.0,0.0,1.0,0.0,0.0,0.0,0.0,0,0.0,1,0.0,1,0.0,0,0.0,0.0,0.0,1,0,1,0.0,1,0,0.0,0.0,0.0,0.0,0.0,0.0,0,0.0,0,0.0,0,0,0.0,0.0,1.0,1.0,0.0,inward,BZT
2539,0.0,0.0,0.0,0.0,0.0,0,0,0.0,0.0,0,0.0,0.0,0.0,0,0,1,1,0.0,0.0,0.0,0,1.0,0,0.0,0.0,0.0,0,1.0,0.0,0.0,0.0,0.0,0.0,0.0,1.0,0,0.0,1,0.0,1,0.0,1,1.0,0.0,0.0,1,0,1,0.0,0,0,0.0,0.0,0.0,0.0,0.0,0.0,0,0.0,1,0.0,0,0,0.0,0.0,1.0,0.0,0.0,inward,BZT
2540,0.0,0.0,0.0,0.0,0.0,0,0,0.0,0.0,0,0.0,0.0,0.0,0,0,1,1,0.0,0.0,0.0,1,1.0,0,0.0,0.0,1.0,0,1.0,1.0,0.0,1.0,0.0,1.0,0.0,0.0,0,0.0,1,0.0,1,0.0,0,0.0,0.0,0.0,1,1,0,0.0,0,0,0.0,0.0,0.0,0.0,0.0,0.0,0,0.0,0,0.0,0,0,0.0,0.0,1.0,1.0,0.0,inward,BZT
2541,0.0,0.0,0.0,0.0,0.0,0,0,0.0,0.0,0,0.0,0.0,0.0,1,0,1,1,0.0,0.0,0.0,1,0.0,0,0.0,0.0,0.0,1,1.0,1.0,0.0,0.0,0.0,0.0,0.0,0.0,0,0.0,1,0.0,1,0.0,0,0.0,0.0,0.0,1,1,1,0.0,0,0,0.0,1.0,0.0,0.0,0.0,0.0,0,0.0,1,0.0,0,0,0.0,0.0,1.0,1.0,0.0,inward,BZT
2542,0.0,0.0,0.0,0.0,0.0,0,0,0.0,0.0,0,0.0,0.0,0.0,1,0,1,0,0.0,0.0,0.0,0,0.0,0,0.0,0.0,0.0,1,1.0,1.0,0.0,1.0,0.0,0.0,0.0,0.0,0,0.0,1,0.0,1,0.0,0,0.0,0.0,0.0,1,0,1,0.0,0,0,0.0,0.0,0.0,0.0,0.0,0.0,0,0.0,0,0.0,0,0,0.0,0.0,1.0,1.0,0.0,inward,BZT
2543,0.0,0.0,0.0,0.0,0.0,0,0,0.0,0.0,0,0.0,0.0,0.0,0,0,1,1,0.0,0.0,0.0,0,0.0,0,0.0,0.0,1.0,1,1.0,1.0,0.0,0.0,0.0,0.0,0.0,0.0,0,0.0,1,0.0,1,0.0,0,0.0,0.0,0.0,1,0,1,0.0,0,0,0.0,0.0,0.0,0.0,0.0,0.0,0,0.0,0,0.0,0,0,0.0,0.0,1.0,1.0,0.0,inward,BZT
2544,0.0,0.0,0.0,0.0,0.0,0,1,0.0,0.0,0,0.0,0.0,0.0,0,0,1,1,0.0,0.0,0.0,0,1.0,0,0.0,0.0,0.0,1,1.0,1.0,0.0,0.0,0.0,0.0,0.0,0.0,0,0.0,1,0.0,1,0.0,0,0.0,0.0,0.0,1,0,1,0.0,0,1,0.0,0.0,0.0,0.0,0.0,0.0,1,0.0,1,0.0,0,0,0.0,0.0,1.0,1.0,0.0,inward,BZT
2545,0.0,0.0,0.0,0.0,0.0,0,1,0.0,0.0,0,0.0,0.0,0.0,0,0,1,1,0.0,0.0,0.0,1,0.0,0,0.0,0.0,0.0,1,1.0,1.0,0.0,0.0,0.0,0.0,0.0,0.0,0,0.0,0,0.0,1,0.0,1,1.0,0.0,0.0,1,1,1,0.0,0,0,0.0,0.0,0.0,0.0,0.0,0.0,1,0.0,1,0.0,0,0,0.0,0.0,1.0,1.0,0.0,inward,BZT
2546,0.0,0.0,0.0,0.0,0.0,0,0,0.0,0.0,0,0.0,0.0,0.0,0,0,1,1,0.0,0.0,0.0,0,0.0,0,0.0,0.0,0.0,0,1.0,0.0,0.0,1.0,0.0,1.0,0.0,0.0,0,0.0,1,0.0,1,0.0,0,0.0,0.0,0.0,1,0,1,0.0,0,0,0.0,1.0,0.0,0.0,0.0,0.0,0,0.0,1,0.0,0,0,0.0,0.0,1.0,1.0,0.0,inward,BZT
2547,0.0,0.0,0.0,0.0,0.0,0,0,0.0,0.0,0,0.0,0.0,0.0,0,0,1,1,0.0,0.0,0.0,1,0.0,0,0.0,0.0,0.0,0,1.0,0.0,0.0,1.0,0.0,0.0,0.0,0.0,0,0.0,0,0.0,1,0.0,0,0.0,0.0,0.0,1,1,1,0.0,0,0,0.0,1.0,0.0,0.0,0.0,0.0,0,0.0,0,0.0,0,0,0.0,0.0,1.0,0.0,0.0,inward,BZT
2548,0.0,0.0,0.0,0.0,0.0,0,0,0.0,0.0,0,0.0,0.0,0.0,0,0,1,0,0.0,0.0,0.0,0,0.0,0,0.0,0.0,0.0,0,1.0,0.0,0.0,0.0,0.0,0.0,0.0,0.0,0,0.0,1,0.0,1,0.0,0,0.0,0.0,0.0,1,1,1,0.0,0,0,0.0,0.0,0.0,0.0,0.0,0.0,0,0.0,1,0.0,0,0,0.0,0.0,1.0,1.0,0.0,inward,BZT
2549,0.0,0.0,0.0,0.0,0.0,0,0,0.0,0.0,0,0.0,0.0,0.0,0,0,1,0,0.0,0.0,0.0,1,0.0,0,0.0,0.0,0.0,1,1.0,0.0,0.0,1.0,0.0,0.0,0.0,0.0,0,0.0,0,0.0,1,0.0,0,0.0,0.0,0.0,1,0,1,0.0,0,0,0.0,1.0,0.0,0.0,0.0,0.0,0,0.0,0,0.0,0,0,0.0,0.0,1.0,1.0,0.0,inward,BZT
2550,0.0,0.0,0.0,0.0,0.0,0,0,0.0,0.0,0,0.0,0.0,0.0,0,0,1,1,0.0,0.0,0.0,0,0.0,0,0.0,0.0,1.0,1,1.0,1.0,0.0,0.0,0.0,0.0,0.0,0.0,0,0.0,1,0.0,1,0.0,0,0.0,0.0,0.0,1,1,1,0.0,1,0,0.0,0.0,0.0,0.0,0.0,0.0,0,0.0,1,0.0,0,0,0.0,0.0,1.0,1.0,0.0,inward,BZT
2551,0.0,0.0,0.0,0.0,0.0,0,0,0.0,0.0,0,0.0,0.0,0.0,0,0,1,0,0.0,0.0,0.0,0,1.0,0,0.0,0.0,0.0,0,1.0,1.0,0.0,1.0,0.0,0.0,0.0,0.0,0,0.0,1,0.0,1,0.0,0,0.0,0.0,0.0,1,0,0,0.0,0,1,0.0,0.0,0.0,0.0,0.0,0.0,0,0.0,0,0.0,0,0,0.0,0.0,1.0,1.0,0.0,inward,BZT
2552,0.0,0.0,0.0,0.0,0.0,0,0,0.0,0.0,0,0.0,0.0,0.0,1,0,1,1,0.0,0.0,0.0,0,0.0,0,0.0,0.0,0.0,0,1.0,0.0,0.0,0.0,0.0,0.0,0.0,0.0,0,0.0,1,0.0,1,0.0,0,0.0,0.0,0.0,1,1,1,0.0,0,0,0.0,0.0,0.0,0.0,0.0,0.0,0,0.0,0,0.0,0,0,0.0,0.0,1.0,1.0,0.0,inward,BZT
2553,0.0,0.0,0.0,0.0,0.0,0,1,0.0,0.0,0,0.0,0.0,0.0,0,0,1,1,0.0,0.0,0.0,0,0.0,0,0.0,0.0,0.0,0,0.0,0.0,0.0,1.0,0.0,0.0,0.0,0.0,0,0.0,1,0.0,1,0.0,0,1.0,0.0,1.0,1,0,0,0.0,0,1,0.0,1.0,0.0,0.0,0.0,0.0,0,0.0,1,0.0,0,0,0.0,0.0,1.0,1.0,0.0,inward,BZT
2554,0.0,0.0,0.0,0.0,0.0,0,1,0.0,0.0,0,0.0,0.0,0.0,0,0,1,1,0.0,0.0,0.0,0,0.0,0,0.0,0.0,0.0,0,1.0,0.0,0.0,1.0,0.0,0.0,0.0,0.0,0,0.0,1,0.0,1,0.0,0,1.0,0.0,0.0,1,0,1,0.0,0,0,0.0,1.0,0.0,0.0,0.0,0.0,0,0.0,1,0.0,0,0,0.0,0.0,1.0,1.0,0.0,inward,BZT
2555,0.0,0.0,0.0,0.0,0.0,0,1,0.0,0.0,0,0.0,0.0,0.0,1,0,1,1,0.0,0.0,0.0,1,0.0,0,0.0,0.0,1.0,1,0.0,0.0,0.0,0.0,0.0,0.0,0.0,0.0,0,0.0,1,0.0,1,0.0,0,1.0,0.0,1.0,1,0,0,0.0,0,0,0.0,0.0,0.0,0.0,0.0,0.0,0,0.0,1,0.0,0,0,0.0,0.0,1.0,1.0,0.0,inward,BZT
2556,0.0,0.0,0.0,0.0,0.0,0,0,0.0,0.0,0,0.0,0.0,0.0,1,0,1,1,0.0,0.0,0.0,1,0.0,0,0.0,0.0,1.0,1,0.0,0.0,0.0,0.0,0.0,0.0,0.0,1.0,0,0.0,1,0.0,1,0.0,1,0.0,0.0,0.0,1,0,1,0.0,0,0,0.0,0.0,0.0,0.0,0.0,0.0,0,0.0,1,0.0,0,0,0.0,0.0,1.0,1.0,0.0,inward,BZT
2557,0.0,0.0,0.0,0.0,0.0,0,0,0.0,0.0,0,0.0,0.0,0.0,0,0,1,0,0.0,0.0,0.0,1,0.0,0,0.0,0.0,0.0,0,1.0,0.0,0.0,0.0,0.0,0.0,0.0,0.0,0,0.0,1,0.0,1,0.0,1,1.0,0.0,0.0,1,0,1,0.0,0,0,0.0,0.0,0.0,0.0,0.0,0.0,0,0.0,1,0.0,0,0,0.0,0.0,1.0,1.0,0.0,inward,BZT
2558,0.0,0.0,0.0,0.0,0.0,0,0,0.0,0.0,0,0.0,0.0,0.0,0,0,1,1,0.0,0.0,0.0,0,0.0,0,0.0,0.0,0.0,0,0.0,0.0,0.0,0.0,0.0,0.0,0.0,0.0,0,0.0,1,0.0,1,0.0,0,0.0,0.0,0.0,1,0,1,0.0,0,1,0.0,0.0,0.0,0.0,0.0,0.0,0,0.0,0,0.0,0,0,0.0,0.0,1.0,1.0,0.0,inward,BZT
2559,0.0,0.0,0.0,0.0,0.0,0,0,0.0,0.0,0,0.0,0.0,0.0,0,0,1,0,0.0,0.0,0.0,0,0.0,0,0.0,0.0,1.0,1,0.0,0.0,0.0,0.0,0.0,0.0,0.0,0.0,0,0.0,1,0.0,1,0.0,0,0.0,0.0,0.0,1,0,1,0.0,0,0,0.0,0.0,0.0,0.0,0.0,0.0,1,0.0,1,0.0,0,0,0.0,0.0,1.0,0.0,0.0,inward,BZT
2560,0.0,0.0,0.0,0.0,0.0,0,1,0.0,0.0,0,0.0,0.0,0.0,0,0,1,1,0.0,0.0,0.0,0,1.0,0,0.0,0.0,0.0,1,0.0,0.0,0.0,0.0,0.0,0.0,0.0,1.0,0,0.0,1,0.0,1,0.0,0,1.0,0.0,0.0,1,0,1,0.0,0,0,0.0,0.0,0.0,0.0,0.0,0.0,0,0.0,1,0.0,0,0,0.0,0.0,1.0,1.0,0.0,inward,BZT
2561,0.0,0.0,0.0,0.0,0.0,0,0,0.0,0.0,0,0.0,0.0,0.0,0,0,1,0,0.0,0.0,0.0,0,1.0,0,0.0,0.0,0.0,0,1.0,0.0,0.0,0.0,0.0,0.0,0.0,1.0,0,0.0,1,0.0,1,0.0,0,0.0,0.0,0.0,1,1,1,0.0,0,0,0.0,0.0,0.0,0.0,0.0,0.0,1,0.0,1,0.0,0,0,0.0,0.0,1.0,0.0,0.0,inward,BZT
2562,0.0,0.0,0.0,0.0,0.0,0,0,0.0,0.0,0,0.0,0.0,0.0,0,0,1,0,0.0,0.0,0.0,0,0.0,0,0.0,0.0,0.0,1,1.0,0.0,0.0,0.0,0.0,0.0,0.0,0.0,0,0.0,1,0.0,1,0.0,0,0.0,0.0,0.0,1,1,0,0.0,1,0,0.0,0.0,0.0,0.0,0.0,0.0,0,0.0,0,0.0,0,0,0.0,0.0,1.0,1.0,0.0,inward,BZT
2563,0.0,0.0,0.0,0.0,0.0,0,0,0.0,0.0,0,0.0,0.0,0.0,0,0,1,0,0.0,0.0,0.0,0,0.0,0,1.0,0.0,0.0,1,1.0,0.0,0.0,0.0,0.0,0.0,0.0,0.0,0,0.0,0,0.0,1,0.0,0,0.0,0.0,0.0,1,1,1,0.0,0,0,0.0,0.0,0.0,0.0,0.0,0.0,0,0.0,0,0.0,0,0,0.0,0.0,1.0,1.0,0.0,inward,BZT
2564,0.0,0.0,0.0,0.0,0.0,0,0,0.0,0.0,0,0.0,0.0,0.0,0,0,1,1,0.0,0.0,0.0,0,0.0,0,0.0,0.0,0.0,0,1.0,0.0,0.0,0.0,0.0,0.0,0.0,0.0,0,0.0,0,0.0,0,0.0,0,0.0,0.0,0.0,1,1,0,0.0,0,1,0.0,0.0,0.0,0.0,0.0,0.0,0,0.0,1,0.0,0,0,0.0,0.0,1.0,1.0,0.0,inward,BZT
2565,0.0,0.0,0.0,0.0,0.0,0,0,0.0,0.0,0,0.0,0.0,0.0,0,0,1,1,0.0,0.0,0.0,0,0.0,0,0.0,0.0,1.0,1,1.0,1.0,0.0,1.0,0.0,0.0,0.0,0.0,0,0.0,1,0.0,1,0.0,0,0.0,0.0,0.0,1,1,1,0.0,0,0,0.0,0.0,0.0,0.0,0.0,0.0,1,0.0,1,0.0,0,0,0.0,0.0,1.0,0.0,0.0,inward,BZT
2566,0.0,0.0,0.0,0.0,0.0,0,1,0.0,0.0,0,0.0,0.0,0.0,0,0,1,0,0.0,0.0,0.0,0,1.0,0,0.0,0.0,0.0,1,1.0,1.0,0.0,0.0,0.0,0.0,0.0,0.0,0,0.0,0,0.0,1,0.0,0,0.0,0.0,0.0,1,1,0,0.0,0,1,0.0,0.0,0.0,0.0,0.0,0.0,0,0.0,1,0.0,0,0,0.0,0.0,1.0,1.0,0.0,inward,BZT
2567,0.0,0.0,0.0,0.0,0.0,0,1,0.0,0.0,0,0.0,0.0,0.0,0,0,1,0,0.0,0.0,0.0,0,1.0,0,0.0,0.0,0.0,0,1.0,1.0,0.0,0.0,0.0,0.0,0.0,1.0,0,0.0,1,0.0,1,0.0,0,0.0,0.0,0.0,1,0,1,0.0,0,0,0.0,0.0,0.0,0.0,0.0,0.0,0,0.0,0,0.0,0,0,0.0,0.0,1.0,1.0,0.0,inward,BZT
2568,0.0,0.0,0.0,0.0,0.0,0,0,0.0,0.0,0,0.0,0.0,0.0,1,0,1,0,0.0,0.0,0.0,0,0.0,0,0.0,0.0,0.0,0,1.0,0.0,0.0,0.0,0.0,0.0,0.0,0.0,0,0.0,0,0.0,1,0.0,0,0.0,0.0,0.0,1,0,1,0.0,0,1,0.0,0.0,0.0,0.0,0.0,0.0,0,0.0,1,0.0,0,0,0.0,0.0,1.0,0.0,0.0,inward,BZT
2569,0.0,0.0,0.0,0.0,0.0,0,1,0.0,0.0,0,0.0,0.0,0.0,0,0,1,1,0.0,0.0,0.0,1,0.0,0,0.0,0.0,0.0,1,1.0,1.0,0.0,0.0,0.0,0.0,0.0,0.0,0,0.0,0,0.0,1,0.0,0,0.0,0.0,0.0,1,1,1,0.0,0,0,0.0,0.0,0.0,0.0,0.0,0.0,0,0.0,0,0.0,0,0,0.0,0.0,1.0,1.0,0.0,inward,BZT
2570,0.0,0.0,0.0,0.0,0.0,0,0,0.0,0.0,0,0.0,0.0,0.0,0,0,1,0,0.0,0.0,0.0,0,1.0,0,0.0,0.0,0.0,0,1.0,0.0,0.0,0.0,0.0,0.0,0.0,0.0,0,0.0,0,0.0,1,0.0,0,0.0,0.0,0.0,1,0,0,0.0,0,1,0.0,0.0,0.0,0.0,0.0,0.0,0,0.0,0,0.0,0,0,0.0,0.0,1.0,1.0,0.0,inward,BZT
2571,0.0,0.0,0.0,0.0,0.0,0,0,0.0,0.0,0,0.0,0.0,0.0,0,0,1,0,0.0,0.0,0.0,0,0.0,0,0.0,0.0,0.0,1,1.0,0.0,0.0,0.0,0.0,0.0,0.0,0.0,0,0.0,0,0.0,1,0.0,1,0.0,0.0,0.0,1,0,1,0.0,0,1,0.0,0.0,0.0,0.0,0.0,0.0,0,0.0,1,0.0,0,0,0.0,0.0,1.0,1.0,0.0,inward,BZT
2572,0.0,0.0,0.0,0.0,0.0,0,0,0.0,0.0,0,0.0,0.0,0.0,1,0,0,1,0.0,0.0,0.0,0,1.0,0,0.0,0.0,0.0,1,1.0,0.0,0.0,0.0,0.0,0.0,0.0,0.0,0,0.0,1,0.0,1,0.0,0,0.0,0.0,0.0,1,1,1,0.0,1,1,0.0,0.0,0.0,0.0,0.0,0.0,1,0.0,1,0.0,0,0,0.0,0.0,1.0,0.0,0.0,inward,BZT
2573,0.0,0.0,0.0,0.0,0.0,0,0,0.0,0.0,0,0.0,0.0,0.0,1,0,1,0,1.0,0.0,0.0,0,1.0,0,0.0,0.0,0.0,0,1.0,0.0,0.0,0.0,0.0,0.0,0.0,0.0,0,0.0,0,0.0,1,0.0,1,0.0,0.0,0.0,1,0,1,0.0,0,1,0.0,0.0,0.0,0.0,0.0,0.0,0,0.0,1,0.0,0,0,0.0,0.0,1.0,1.0,0.0,inward,BZT
2574,0.0,0.0,0.0,0.0,0.0,0,0,0.0,0.0,0,0.0,0.0,0.0,0,0,1,0,0.0,0.0,0.0,0,0.0,0,0.0,0.0,0.0,0,1.0,0.0,0.0,0.0,0.0,0.0,0.0,0.0,0,0.0,0,0.0,1,0.0,1,0.0,0.0,0.0,1,0,1,0.0,0,0,0.0,0.0,0.0,0.0,0.0,0.0,1,0.0,1,0.0,0,0,0.0,0.0,1.0,0.0,0.0,inward,BZT
2575,0.0,0.0,0.0,0.0,0.0,0,0,0.0,0.0,0,0.0,0.0,0.0,0,0,1,0,0.0,0.0,0.0,0,1.0,0,0.0,0.0,0.0,1,1.0,1.0,0.0,0.0,0.0,0.0,0.0,0.0,0,0.0,0,0.0,1,0.0,0,0.0,0.0,0.0,1,0,1,0.0,1,0,0.0,0.0,0.0,0.0,0.0,0.0,0,0.0,0,0.0,0,0,0.0,0.0,1.0,1.0,0.0,inward,BZT
2576,0.0,0.0,0.0,0.0,0.0,0,0,0.0,0.0,0,0.0,0.0,0.0,0,0,0,0,0.0,0.0,0.0,0,0.0,0,0.0,0.0,0.0,0,1.0,0.0,0.0,0.0,0.0,0.0,0.0,0.0,0,0.0,1,0.0,1,0.0,0,0.0,0.0,0.0,1,0,1,0.0,0,0,0.0,0.0,0.0,0.0,0.0,0.0,0,0.0,1,0.0,0,0,0.0,0.0,1.0,1.0,0.0,inward,BZT
2577,0.0,0.0,0.0,0.0,0.0,0,0,0.0,0.0,0,0.0,0.0,0.0,0,0,1,0,0.0,0.0,0.0,0,1.0,0,0.0,0.0,0.0,1,1.0,0.0,0.0,0.0,0.0,0.0,0.0,0.0,0,0.0,1,0.0,1,0.0,0,0.0,0.0,0.0,1,0,0,0.0,0,0,0.0,0.0,0.0,0.0,0.0,0.0,0,0.0,0,0.0,0,0,0.0,0.0,1.0,0.0,0.0,inward,BZT
2578,0.0,0.0,0.0,0.0,0.0,0,0,0.0,0.0,0,0.0,0.0,0.0,0,0,1,1,0.0,0.0,0.0,0,1.0,0,0.0,0.0,0.0,1,0.0,0.0,0.0,0.0,0.0,0.0,0.0,0.0,0,0.0,0,0.0,1,0.0,0,0.0,0.0,0.0,1,0,1,0.0,0,0,0.0,0.0,0.0,0.0,0.0,0.0,1,0.0,1,0.0,0,1,0.0,0.0,1.0,1.0,0.0,inward,BZT
2579,0.0,0.0,0.0,0.0,0.0,0,1,0.0,0.0,0,0.0,0.0,0.0,0,0,1,1,0.0,0.0,0.0,0,0.0,0,0.0,0.0,0.0,1,0.0,0.0,0.0,0.0,0.0,0.0,0.0,0.0,0,0.0,1,0.0,1,0.0,0,0.0,0.0,0.0,1,0,1,0.0,0,1,0.0,0.0,0.0,0.0,0.0,0.0,1,0.0,1,0.0,0,0,0.0,0.0,1.0,0.0,0.0,inward,BZT
2580,0.0,0.0,0.0,0.0,0.0,0,1,0.0,0.0,0,0.0,0.0,0.0,0,0,1,0,0.0,0.0,0.0,0,0.0,0,0.0,0.0,0.0,1,1.0,0.0,0.0,0.0,0.0,0.0,0.0,0.0,0,0.0,0,0.0,1,0.0,0,0.0,0.0,0.0,1,1,1,0.0,0,0,0.0,0.0,0.0,0.0,0.0,0.0,0,0.0,0,0.0,0,0,0.0,0.0,1.0,1.0,0.0,inward,BZT
2581,0.0,0.0,0.0,0.0,0.0,0,0,0.0,0.0,0,0.0,0.0,0.0,0,0,1,1,0.0,0.0,0.0,0,0.0,0,0.0,0.0,0.0,1,1.0,1.0,0.0,0.0,0.0,0.0,0.0,0.0,0,0.0,0,0.0,1,0.0,1,0.0,0.0,0.0,1,1,0,0.0,0,1,0.0,0.0,0.0,0.0,0.0,0.0,0,0.0,0,0.0,0,0,0.0,0.0,1.0,1.0,0.0,inward,BZT
2582,0.0,0.0,0.0,0.0,0.0,0,0,0.0,0.0,0,0.0,0.0,0.0,0,0,1,0,0.0,0.0,0.0,0,0.0,0,0.0,0.0,0.0,1,1.0,1.0,0.0,0.0,0.0,0.0,0.0,0.0,0,0.0,0,0.0,1,0.0,0,0.0,0.0,0.0,1,0,1,0.0,0,0,0.0,0.0,0.0,0.0,0.0,0.0,0,0.0,1,0.0,0,0,0.0,0.0,1.0,1.0,0.0,inward,BZT
2583,0.0,0.0,0.0,0.0,0.0,0,0,0.0,0.0,0,0.0,0.0,0.0,0,0,1,0,0.0,0.0,0.0,1,0.0,0,0.0,0.0,1.0,1,1.0,1.0,0.0,1.0,0.0,1.0,0.0,1.0,0,0.0,1,0.0,1,0.0,0,0.0,0.0,0.0,1,0,1,0.0,1,0,0.0,0.0,0.0,0.0,0.0,0.0,0,0.0,0,0.0,0,0,0.0,0.0,1.0,1.0,0.0,inward,BZT
2584,0.0,0.0,0.0,0.0,0.0,0,0,0.0,0.0,0,0.0,0.0,0.0,0,0,1,0,0.0,0.0,0.0,0,0.0,1,0.0,0.0,0.0,0,1.0,0.0,0.0,0.0,0.0,0.0,0.0,0.0,0,0.0,0,0.0,1,0.0,1,0.0,0.0,0.0,1,0,1,0.0,0,0,0.0,0.0,0.0,0.0,0.0,0.0,0,0.0,1,0.0,0,0,0.0,0.0,1.0,1.0,0.0,inward,BZT
2585,0.0,0.0,0.0,0.0,0.0,0,1,0.0,0.0,0,0.0,0.0,0.0,0,0,1,0,1.0,0.0,0.0,0,1.0,0,0.0,0.0,0.0,0,1.0,0.0,0.0,1.0,0.0,0.0,0.0,1.0,0,0.0,1,0.0,1,0.0,0,0.0,0.0,0.0,1,0,1,0.0,0,0,0.0,0.0,0.0,0.0,0.0,0.0,1,0.0,1,0.0,0,0,0.0,0.0,1.0,0.0,0.0,inward,BZT
2586,0.0,0.0,0.0,0.0,0.0,0,0,0.0,0.0,0,0.0,0.0,0.0,0,0,1,1,0.0,0.0,0.0,0,0.0,0,0.0,0.0,0.0,0,1.0,1.0,0.0,0.0,0.0,0.0,0.0,0.0,0,0.0,0,0.0,1,0.0,1,0.0,0.0,0.0,1,0,1,0.0,0,0,0.0,0.0,0.0,0.0,0.0,0.0,0,0.0,0,0.0,0,0,0.0,0.0,1.0,1.0,0.0,inward,BZT
2587,0.0,0.0,0.0,0.0,0.0,0,0,0.0,0.0,0,0.0,0.0,0.0,0,0,1,0,0.0,0.0,0.0,0,0.0,0,0.0,0.0,0.0,1,1.0,0.0,0.0,1.0,0.0,0.0,0.0,0.0,0,0.0,1,0.0,1,0.0,0,1.0,0.0,0.0,1,0,1,0.0,1,0,0.0,0.0,0.0,0.0,0.0,0.0,0,0.0,1,0.0,0,0,0.0,0.0,1.0,0.0,0.0,inward,BZT
2588,0.0,0.0,0.0,0.0,0.0,0,0,0.0,0.0,0,0.0,0.0,0.0,0,0,1,0,0.0,0.0,0.0,0,1.0,0,0.0,0.0,0.0,1,1.0,1.0,0.0,1.0,0.0,0.0,0.0,0.0,0,0.0,0,0.0,1,0.0,0,0.0,0.0,0.0,1,1,1,0.0,0,0,0.0,0.0,0.0,0.0,0.0,0.0,1,0.0,1,0.0,0,0,0.0,0.0,1.0,0.0,0.0,inward,BZT
2589,0.0,0.0,0.0,0.0,0.0,0,0,0.0,0.0,0,0.0,0.0,0.0,1,0,1,1,0.0,0.0,0.0,0,1.0,0,0.0,0.0,0.0,0,1.0,1.0,0.0,0.0,0.0,0.0,0.0,0.0,0,0.0,1,0.0,1,0.0,0,1.0,0.0,0.0,1,0,0,0.0,0,1,0.0,0.0,0.0,0.0,0.0,0.0,0,0.0,1,0.0,0,0,0.0,0.0,1.0,1.0,0.0,inward,BZT
2590,0.0,0.0,0.0,0.0,0.0,0,1,0.0,0.0,0,0.0,0.0,0.0,0,0,1,1,0.0,0.0,0.0,0,0.0,0,0.0,0.0,0.0,0,1.0,0.0,0.0,0.0,0.0,0.0,0.0,0.0,0,0.0,1,0.0,1,0.0,0,0.0,0.0,0.0,1,1,1,0.0,0,0,0.0,0.0,0.0,0.0,0.0,0.0,0,0.0,0,0.0,0,0,0.0,0.0,1.0,0.0,0.0,inward,BZT
2591,0.0,0.0,0.0,0.0,0.0,0,0,0.0,0.0,0,0.0,0.0,0.0,0,0,0,0,0.0,0.0,0.0,0,1.0,0,0.0,0.0,0.0,0,1.0,0.0,0.0,0.0,0.0,0.0,0.0,0.0,0,0.0,1,0.0,1,0.0,0,1.0,0.0,0.0,1,1,1,0.0,0,1,0.0,0.0,0.0,0.0,0.0,0.0,0,0.0,1,0.0,0,0,0.0,0.0,1.0,0.0,0.0,inward,BZT
2592,0.0,0.0,0.0,0.0,0.0,0,0,0.0,0.0,0,0.0,0.0,0.0,0,0,1,1,0.0,0.0,0.0,0,0.0,0,0.0,0.0,0.0,1,1.0,1.0,0.0,1.0,0.0,0.0,0.0,0.0,0,0.0,0,0.0,1,0.0,1,0.0,0.0,0.0,1,0,1,0.0,0,0,0.0,1.0,0.0,0.0,0.0,0.0,0,0.0,1,0.0,0,0,0.0,0.0,1.0,1.0,0.0,inward,BZT
2593,0.0,0.0,0.0,0.0,0.0,0,0,0.0,0.0,0,0.0,0.0,0.0,0,0,1,0,0.0,0.0,0.0,0,1.0,0,0.0,0.0,0.0,1,1.0,1.0,0.0,0.0,0.0,0.0,0.0,0.0,0,0.0,1,0.0,1,0.0,0,0.0,0.0,0.0,1,0,1,0.0,0,0,0.0,0.0,0.0,0.0,0.0,0.0,1,0.0,0,0.0,0,1,0.0,0.0,1.0,1.0,0.0,inward,BZT
2594,0.0,0.0,0.0,0.0,0.0,0,0,0.0,0.0,0,0.0,0.0,0.0,0,0,1,0,0.0,0.0,0.0,0,0.0,0,0.0,0.0,1.0,1,1.0,1.0,0.0,0.0,0.0,0.0,0.0,0.0,0,0.0,1,0.0,1,0.0,0,0.0,0.0,0.0,1,0,1,0.0,0,0,0.0,0.0,0.0,0.0,0.0,0.0,0,0.0,1,0.0,0,0,0.0,0.0,1.0,1.0,0.0,inward,BZT
2595,0.0,0.0,0.0,0.0,0.0,0,0,0.0,0.0,0,0.0,0.0,0.0,0,0,1,1,0.0,0.0,0.0,0,1.0,0,0.0,0.0,0.0,1,1.0,0.0,0.0,0.0,0.0,0.0,0.0,0.0,0,0.0,0,0.0,1,0.0,0,0.0,0.0,0.0,1,1,1,0.0,0,1,0.0,0.0,0.0,0.0,0.0,0.0,0,0.0,1,0.0,0,0,0.0,0.0,1.0,1.0,0.0,inward,BZT
2596,0.0,0.0,0.0,0.0,0.0,0,1,0.0,0.0,0,0.0,0.0,0.0,0,0,1,0,0.0,0.0,0.0,0,0.0,0,0.0,0.0,0.0,1,1.0,0.0,0.0,1.0,0.0,0.0,0.0,0.0,0,0.0,1,0.0,1,0.0,0,0.0,0.0,0.0,1,1,1,0.0,0,0,0.0,0.0,0.0,0.0,0.0,0.0,0,0.0,1,0.0,0,0,0.0,0.0,1.0,1.0,0.0,inward,BZT
2597,0.0,0.0,0.0,0.0,0.0,0,0,0.0,0.0,0,0.0,0.0,0.0,0,0,1,0,0.0,0.0,0.0,0,0.0,0,0.0,0.0,0.0,0,1.0,1.0,0.0,0.0,0.0,0.0,0.0,0.0,0,0.0,0,0.0,1,0.0,1,1.0,0.0,0.0,1,1,1,0.0,0,1,0.0,0.0,0.0,0.0,0.0,0.0,1,0.0,1,0.0,0,0,0.0,0.0,1.0,1.0,0.0,inward,BZT
2598,0.0,0.0,0.0,0.0,0.0,0,0,0.0,0.0,0,0.0,0.0,0.0,0,0,1,1,0.0,0.0,0.0,0,1.0,0,0.0,0.0,0.0,0,1.0,1.0,0.0,1.0,0.0,0.0,0.0,0.0,0,0.0,1,0.0,1,0.0,0,1.0,0.0,0.0,1,0,1,0.0,0,0,0.0,0.0,0.0,0.0,0.0,0.0,0,0.0,0,0.0,0,0,0.0,0.0,1.0,1.0,0.0,inward,BZT
2599,0.0,0.0,0.0,0.0,0.0,0,0,0.0,0.0,0,0.0,0.0,0.0,1,0,1,1,0.0,0.0,0.0,0,0.0,0,0.0,0.0,0.0,1,1.0,1.0,0.0,1.0,0.0,0.0,0.0,0.0,0,0.0,1,0.0,1,0.0,0,0.0,0.0,0.0,1,0,0,0.0,0,0,0.0,1.0,0.0,0.0,0.0,0.0,1,0.0,0,0.0,0,0,0.0,0.0,1.0,1.0,0.0,inward,BZT
2600,0.0,0.0,0.0,0.0,0.0,0,0,0.0,0.0,0,0.0,0.0,0.0,1,0,1,1,0.0,0.0,0.0,1,0.0,0,0.0,0.0,0.0,0,1.0,0.0,0.0,0.0,0.0,0.0,0.0,0.0,0,0.0,1,0.0,1,0.0,1,0.0,0.0,0.0,1,0,0,0.0,0,0,0.0,0.0,0.0,0.0,0.0,0.0,0,0.0,1,0.0,0,0,0.0,0.0,1.0,1.0,0.0,inward,BZT
2601,0.0,0.0,0.0,0.0,0.0,0,1,0.0,0.0,0,0.0,0.0,0.0,0,0,1,1,0.0,0.0,0.0,0,0.0,0,0.0,0.0,0.0,1,1.0,0.0,0.0,0.0,0.0,0.0,0.0,0.0,0,0.0,1,0.0,1,0.0,0,1.0,0.0,0.0,1,0,1,0.0,0,1,0.0,0.0,0.0,0.0,0.0,0.0,1,0.0,1,0.0,0,0,0.0,0.0,1.0,1.0,0.0,inward,BZT
2602,0.0,0.0,0.0,0.0,0.0,0,0,0.0,0.0,0,0.0,0.0,0.0,0,0,1,0,0.0,0.0,0.0,0,1.0,0,0.0,0.0,0.0,0,1.0,1.0,0.0,0.0,0.0,0.0,0.0,0.0,0,0.0,0,0.0,1,0.0,1,0.0,0.0,0.0,1,1,0,0.0,0,0,0.0,0.0,0.0,0.0,0.0,0.0,0,0.0,1,0.0,0,0,0.0,0.0,1.0,1.0,0.0,inward,BZT
2603,0.0,0.0,0.0,0.0,0.0,0,0,0.0,0.0,0,0.0,0.0,0.0,0,0,1,0,0.0,0.0,0.0,1,0.0,0,0.0,0.0,0.0,0,1.0,1.0,0.0,1.0,0.0,1.0,0.0,1.0,0,0.0,1,0.0,1,0.0,0,1.0,0.0,0.0,1,1,1,0.0,0,0,0.0,0.0,0.0,0.0,0.0,0.0,0,0.0,1,0.0,0,0,0.0,0.0,1.0,1.0,0.0,inward,BZT
2604,0.0,0.0,0.0,0.0,0.0,0,1,0.0,0.0,0,0.0,0.0,0.0,0,0,1,1,0.0,0.0,0.0,1,0.0,0,0.0,0.0,0.0,1,1.0,0.0,0.0,1.0,0.0,1.0,0.0,0.0,0,0.0,1,0.0,1,0.0,0,0.0,0.0,0.0,1,1,1,0.0,0,0,0.0,1.0,0.0,0.0,0.0,0.0,0,0.0,1,0.0,0,0,0.0,0.0,1.0,1.0,0.0,inward,BZT
2605,0.0,0.0,0.0,0.0,0.0,0,0,0.0,0.0,0,0.0,0.0,0.0,0,0,0,0,0.0,0.0,0.0,1,1.0,0,0.0,0.0,0.0,1,1.0,0.0,0.0,0.0,0.0,0.0,0.0,0.0,0,0.0,1,0.0,1,0.0,0,0.0,0.0,0.0,1,1,1,0.0,0,0,0.0,0.0,0.0,0.0,0.0,0.0,0,0.0,1,0.0,0,0,0.0,0.0,1.0,1.0,0.0,inward,BZT
2606,0.0,0.0,0.0,0.0,0.0,0,0,0.0,0.0,0,0.0,0.0,0.0,0,0,1,1,0.0,0.0,0.0,1,0.0,0,0.0,0.0,0.0,1,1.0,1.0,0.0,1.0,0.0,0.0,0.0,0.0,0,0.0,1,0.0,1,0.0,1,1.0,0.0,0.0,1,0,1,0.0,0,1,0.0,1.0,0.0,0.0,0.0,0.0,0,0.0,1,0.0,0,0,0.0,0.0,1.0,1.0,0.0,inward,BZT
2607,0.0,0.0,0.0,0.0,0.0,0,0,0.0,0.0,0,0.0,0.0,0.0,0,0,1,1,0.0,0.0,0.0,0,1.0,1,0.0,0.0,0.0,0,0.0,0.0,0.0,0.0,0.0,0.0,0.0,0.0,0,0.0,0,0.0,1,0.0,0,1.0,0.0,0.0,1,1,1,0.0,0,1,0.0,0.0,0.0,0.0,0.0,0.0,0,0.0,1,0.0,0,0,0.0,0.0,1.0,1.0,0.0,inward,BZT
2608,0.0,0.0,0.0,0.0,0.0,0,1,0.0,0.0,0,0.0,0.0,0.0,0,0,1,0,0.0,0.0,0.0,0,0.0,0,0.0,0.0,1.0,1,0.0,0.0,0.0,1.0,0.0,0.0,0.0,0.0,0,0.0,1,0.0,1,0.0,1,1.0,0.0,0.0,1,1,1,0.0,0,0,0.0,1.0,0.0,0.0,0.0,0.0,0,0.0,1,0.0,0,0,0.0,0.0,1.0,1.0,0.0,inward,BZT
2609,0.0,0.0,0.0,0.0,0.0,0,0,0.0,0.0,0,0.0,0.0,0.0,0,0,1,0,0.0,0.0,0.0,1,0.0,0,0.0,0.0,0.0,0,1.0,0.0,0.0,1.0,0.0,0.0,0.0,0.0,0,0.0,1,0.0,1,0.0,0,1.0,0.0,0.0,1,1,1,0.0,0,0,0.0,1.0,0.0,0.0,0.0,0.0,0,0.0,1,0.0,0,0,0.0,0.0,1.0,1.0,0.0,inward,BZT
2610,0.0,0.0,0.0,0.0,0.0,0,0,0.0,0.0,0,0.0,0.0,0.0,0,0,1,0,0.0,0.0,0.0,0,0.0,0,0.0,0.0,1.0,0,1.0,1.0,0.0,1.0,0.0,0.0,0.0,0.0,0,0.0,1,0.0,1,0.0,0,1.0,0.0,0.0,1,0,0,0.0,0,0,0.0,1.0,0.0,0.0,0.0,0.0,0,0.0,1,0.0,0,0,0.0,0.0,1.0,1.0,0.0,inward,BZT
2611,0.0,0.0,0.0,0.0,0.0,0,0,0.0,0.0,0,0.0,0.0,0.0,0,0,1,1,0.0,0.0,0.0,1,0.0,0,0.0,0.0,0.0,1,1.0,0.0,0.0,1.0,0.0,0.0,0.0,0.0,0,0.0,1,0.0,1,0.0,0,0.0,0.0,0.0,1,0,1,0.0,0,0,0.0,1.0,0.0,0.0,0.0,0.0,0,0.0,1,0.0,0,0,0.0,0.0,1.0,1.0,0.0,inward,BZT
2612,0.0,0.0,0.0,0.0,0.0,0,1,0.0,0.0,0,0.0,0.0,0.0,0,0,1,1,0.0,0.0,0.0,0,0.0,0,0.0,0.0,0.0,1,0.0,0.0,0.0,1.0,0.0,0.0,0.0,0.0,0,0.0,1,0.0,1,0.0,0,0.0,0.0,0.0,1,1,1,0.0,0,0,0.0,1.0,0.0,0.0,0.0,0.0,0,0.0,0,0.0,0,0,0.0,0.0,1.0,1.0,0.0,inward,BZT
2613,0.0,0.0,0.0,0.0,0.0,0,0,0.0,0.0,0,0.0,0.0,0.0,0,0,1,1,0.0,0.0,0.0,1,0.0,0,0.0,0.0,1.0,1,1.0,0.0,0.0,1.0,0.0,0.0,0.0,0.0,0,0.0,1,0.0,1,0.0,0,0.0,0.0,0.0,1,1,1,0.0,0,0,0.0,1.0,0.0,0.0,0.0,0.0,0,0.0,1,0.0,0,0,0.0,0.0,1.0,1.0,0.0,inward,BZT
2614,0.0,0.0,0.0,0.0,0.0,0,0,0.0,0.0,0,0.0,0.0,0.0,0,0,1,1,0.0,0.0,0.0,1,0.0,0,0.0,0.0,0.0,0,1.0,0.0,0.0,1.0,0.0,0.0,0.0,0.0,0,0.0,1,0.0,1,0.0,1,1.0,0.0,0.0,1,1,1,0.0,0,0,0.0,1.0,0.0,0.0,0.0,0.0,0,0.0,1,0.0,0,0,0.0,0.0,1.0,1.0,0.0,inward,BZT
2615,0.0,0.0,0.0,0.0,0.0,0,1,0.0,0.0,0,0.0,0.0,0.0,0,0,1,0,0.0,0.0,0.0,0,0.0,0,0.0,0.0,0.0,0,1.0,0.0,0.0,1.0,0.0,0.0,0.0,0.0,0,0.0,1,0.0,1,0.0,1,0.0,0.0,0.0,1,1,1,0.0,0,0,0.0,1.0,0.0,0.0,0.0,0.0,0,0.0,1,0.0,0,0,0.0,0.0,1.0,0.0,0.0,inward,BZT
2616,0.0,0.0,0.0,0.0,0.0,0,0,0.0,0.0,0,0.0,0.0,0.0,0,0,1,0,0.0,0.0,0.0,0,0.0,0,0.0,0.0,0.0,1,1.0,1.0,0.0,0.0,0.0,0.0,0.0,0.0,0,0.0,1,0.0,1,0.0,1,0.0,0.0,0.0,1,1,1,0.0,0,0,0.0,1.0,0.0,0.0,0.0,0.0,0,0.0,1,0.0,0,0,0.0,0.0,1.0,1.0,0.0,inward,BZT
2617,0.0,0.0,0.0,0.0,0.0,0,0,0.0,0.0,0,0.0,0.0,0.0,0,0,1,0,0.0,0.0,0.0,1,0.0,0,0.0,0.0,0.0,0,1.0,1.0,0.0,0.0,0.0,0.0,0.0,0.0,0,0.0,0,0.0,1,0.0,0,0.0,0.0,0.0,1,0,1,0.0,0,0,0.0,1.0,0.0,0.0,0.0,0.0,0,0.0,1,0.0,0,0,0.0,0.0,1.0,1.0,0.0,inward,BZT
2618,0.0,0.0,0.0,0.0,0.0,0,0,0.0,0.0,0,0.0,0.0,0.0,0,0,0,0,0.0,0.0,0.0,1,0.0,0,0.0,0.0,0.0,0,1.0,0.0,0.0,0.0,0.0,0.0,0.0,0.0,0,0.0,1,0.0,1,0.0,0,0.0,0.0,0.0,1,0,1,0.0,0,1,0.0,1.0,0.0,0.0,0.0,0.0,0,0.0,1,0.0,0,0,0.0,0.0,1.0,1.0,0.0,inward,BZT
2619,0.0,0.0,0.0,0.0,0.0,0,0,0.0,0.0,0,0.0,0.0,0.0,0,0,1,0,0.0,0.0,0.0,1,0.0,0,0.0,0.0,1.0,0,1.0,0.0,0.0,1.0,0.0,1.0,0.0,0.0,0,0.0,1,0.0,1,0.0,0,1.0,0.0,1.0,1,1,1,0.0,0,0,0.0,1.0,1.0,0.0,0.0,0.0,0,0.0,1,0.0,0,0,0.0,0.0,1.0,1.0,0.0,inward,BZT
2620,0.0,0.0,0.0,0.0,0.0,0,0,0.0,0.0,0,0.0,0.0,0.0,0,0,0,1,0.0,0.0,0.0,1,0.0,0,0.0,0.0,0.0,1,1.0,1.0,0.0,1.0,0.0,0.0,0.0,0.0,0,0.0,1,0.0,1,0.0,1,0.0,0.0,0.0,1,1,1,0.0,0,0,0.0,1.0,0.0,0.0,0.0,0.0,0,0.0,1,0.0,0,0,0.0,0.0,1.0,1.0,0.0,inward,BZT
2621,0.0,0.0,0.0,0.0,0.0,0,0,0.0,0.0,0,0.0,0.0,0.0,0,0,1,0,0.0,0.0,0.0,1,0.0,0,0.0,0.0,1.0,0,1.0,0.0,0.0,1.0,0.0,0.0,0.0,0.0,0,0.0,1,0.0,0,0.0,0,1.0,0.0,0.0,1,0,1,0.0,1,0,0.0,1.0,0.0,0.0,0.0,0.0,0,0.0,0,0.0,0,0,0.0,0.0,1.0,0.0,0.0,inward,BZT
2622,0.0,0.0,0.0,0.0,0.0,0,1,0.0,1.0,0,0.0,0.0,0.0,0,0,1,0,0.0,0.0,0.0,1,0.0,0,0.0,0.0,0.0,1,1.0,0.0,0.0,1.0,0.0,1.0,0.0,0.0,0,0.0,1,0.0,1,0.0,0,1.0,0.0,1.0,1,1,1,0.0,0,0,0.0,1.0,0.0,0.0,0.0,0.0,0,0.0,1,0.0,0,0,0.0,0.0,1.0,1.0,0.0,inward,BZT
2623,0.0,0.0,0.0,0.0,0.0,0,1,0.0,0.0,0,0.0,0.0,0.0,0,0,1,0,0.0,0.0,0.0,1,0.0,0,0.0,0.0,1.0,1,0.0,0.0,0.0,1.0,0.0,0.0,0.0,0.0,0,0.0,1,0.0,1,0.0,0,0.0,0.0,0.0,1,1,1,0.0,0,0,0.0,1.0,1.0,0.0,0.0,0.0,0,0.0,0,0.0,0,0,0.0,0.0,1.0,0.0,0.0,inward,BZT
2624,0.0,0.0,0.0,0.0,0.0,0,0,0.0,0.0,0,0.0,0.0,0.0,0,0,1,0,0.0,0.0,0.0,1,0.0,0,0.0,0.0,1.0,0,1.0,1.0,0.0,1.0,0.0,1.0,0.0,0.0,0,0.0,1,0.0,1,0.0,0,1.0,0.0,0.0,1,1,0,0.0,0,0,0.0,1.0,0.0,0.0,0.0,0.0,0,0.0,1,0.0,0,0,0.0,0.0,1.0,1.0,0.0,inward,BZT
2625,0.0,0.0,0.0,0.0,0.0,0,0,0.0,0.0,0,0.0,0.0,0.0,0,0,1,1,0.0,0.0,0.0,1,0.0,0,0.0,0.0,1.0,1,1.0,0.0,0.0,1.0,0.0,0.0,0.0,0.0,0,0.0,0,0.0,1,0.0,0,1.0,0.0,1.0,1,0,1,0.0,0,0,0.0,1.0,0.0,0.0,0.0,0.0,0,0.0,1,0.0,0,0,0.0,0.0,1.0,1.0,0.0,inward,BZT
2626,0.0,0.0,0.0,0.0,0.0,0,1,0.0,0.0,0,0.0,0.0,0.0,0,0,1,0,0.0,0.0,0.0,1,0.0,0,0.0,0.0,0.0,1,1.0,0.0,0.0,1.0,0.0,0.0,0.0,0.0,0,0.0,1,0.0,1,0.0,0,1.0,0.0,1.0,1,0,1,0.0,0,0,0.0,1.0,0.0,0.0,0.0,0.0,0,0.0,1,0.0,0,0,0.0,0.0,1.0,1.0,0.0,inward,BZT
2627,0.0,0.0,0.0,0.0,0.0,0,1,0.0,0.0,0,0.0,0.0,0.0,0,0,1,1,0.0,0.0,0.0,1,0.0,0,0.0,0.0,0.0,1,0.0,0.0,0.0,1.0,0.0,0.0,0.0,0.0,0,0.0,1,0.0,1,0.0,0,1.0,0.0,0.0,1,1,1,0.0,0,0,0.0,1.0,0.0,0.0,0.0,0.0,1,0.0,0,0.0,0,0,0.0,0.0,1.0,1.0,0.0,inward,BZT
2628,0.0,0.0,0.0,0.0,0.0,0,0,0.0,0.0,0,0.0,0.0,0.0,0,0,1,0,0.0,0.0,0.0,1,0.0,0,0.0,0.0,0.0,1,0.0,0.0,0.0,1.0,0.0,0.0,0.0,0.0,0,0.0,1,0.0,1,0.0,0,1.0,0.0,0.0,1,0,1,0.0,0,0,0.0,1.0,0.0,0.0,0.0,0.0,0,0.0,1,0.0,0,0,0.0,0.0,1.0,1.0,0.0,inward,BZT
2629,0.0,0.0,0.0,0.0,0.0,0,1,0.0,0.0,0,0.0,0.0,0.0,0,0,1,1,0.0,0.0,0.0,1,0.0,1,0.0,0.0,1.0,1,1.0,0.0,0.0,1.0,0.0,0.0,0.0,0.0,0,0.0,1,0.0,1,0.0,0,1.0,1.0,0.0,1,1,1,0.0,0,0,0.0,1.0,0.0,0.0,0.0,0.0,0,0.0,1,0.0,0,0,0.0,0.0,1.0,1.0,0.0,inward,BZT
2630,0.0,0.0,0.0,0.0,0.0,0,0,0.0,0.0,0,0.0,0.0,0.0,0,0,0,0,0.0,0.0,0.0,1,0.0,0,0.0,0.0,0.0,1,1.0,0.0,0.0,1.0,0.0,0.0,0.0,0.0,0,0.0,1,0.0,1,0.0,1,1.0,0.0,0.0,1,1,1,0.0,0,0,0.0,1.0,0.0,0.0,0.0,0.0,0,0.0,1,0.0,0,0,0.0,0.0,1.0,1.0,0.0,inward,BZT
2631,0.0,0.0,0.0,0.0,0.0,0,0,0.0,0.0,0,0.0,0.0,0.0,0,0,0,0,0.0,0.0,0.0,1,1.0,1,0.0,0.0,0.0,1,1.0,0.0,0.0,1.0,0.0,0.0,0.0,0.0,0,0.0,0,0.0,1,0.0,0,1.0,0.0,0.0,1,1,1,0.0,0,0,0.0,1.0,1.0,0.0,0.0,0.0,0,0.0,1,0.0,0,0,0.0,0.0,1.0,0.0,0.0,inward,BZT
2632,0.0,0.0,0.0,0.0,0.0,0,0,0.0,0.0,0,0.0,0.0,0.0,0,0,1,1,0.0,0.0,0.0,0,0.0,0,0.0,0.0,0.0,0,1.0,0.0,0.0,1.0,0.0,0.0,0.0,0.0,0,0.0,1,0.0,1,0.0,0,1.0,0.0,0.0,1,1,0,0.0,0,0,0.0,1.0,0.0,0.0,0.0,0.0,0,0.0,1,0.0,0,0,0.0,0.0,1.0,0.0,0.0,inward,BZT
2633,0.0,0.0,0.0,0.0,0.0,0,0,0.0,0.0,0,0.0,0.0,0.0,0,0,1,0,0.0,0.0,0.0,1,0.0,0,0.0,0.0,0.0,1,1.0,0.0,0.0,1.0,0.0,0.0,0.0,0.0,0,0.0,0,0.0,1,0.0,0,1.0,0.0,1.0,1,1,1,0.0,0,0,0.0,1.0,1.0,0.0,0.0,0.0,0,0.0,0,0.0,0,0,0.0,0.0,1.0,1.0,0.0,inward,BZT
2634,0.0,0.0,0.0,0.0,0.0,0,0,0.0,0.0,0,0.0,0.0,0.0,0,0,1,0,0.0,0.0,0.0,1,0.0,0,0.0,0.0,1.0,0,0.0,0.0,0.0,0.0,0.0,0.0,0.0,1.0,0,0.0,1,0.0,1,0.0,0,1.0,0.0,0.0,1,1,0,0.0,0,0,0.0,1.0,0.0,0.0,0.0,0.0,0,0.0,0,0.0,0,0,0.0,0.0,1.0,1.0,0.0,inward,BZT
2635,0.0,0.0,0.0,0.0,0.0,0,1,0.0,0.0,0,0.0,0.0,0.0,0,0,1,0,0.0,0.0,0.0,1,0.0,0,0.0,0.0,0.0,1,0.0,0.0,0.0,1.0,0.0,0.0,0.0,0.0,0,0.0,1,0.0,1,0.0,0,1.0,1.0,0.0,1,1,0,0.0,0,0,0.0,1.0,0.0,0.0,0.0,0.0,0,0.0,1,0.0,0,0,0.0,0.0,1.0,1.0,0.0,inward,BZT
2636,0.0,0.0,0.0,0.0,0.0,0,0,0.0,0.0,0,0.0,0.0,0.0,0,0,1,1,0.0,0.0,0.0,1,0.0,0,0.0,0.0,1.0,1,1.0,0.0,0.0,1.0,0.0,1.0,0.0,0.0,0,0.0,1,0.0,1,0.0,0,1.0,0.0,0.0,1,0,0,0.0,0,0,0.0,1.0,0.0,0.0,0.0,0.0,0,0.0,0,0.0,0,0,0.0,0.0,1.0,0.0,0.0,inward,BZT
2637,0.0,0.0,0.0,0.0,0.0,0,1,0.0,0.0,0,0.0,0.0,0.0,0,0,1,1,0.0,0.0,0.0,0,0.0,0,0.0,0.0,0.0,1,1.0,0.0,0.0,1.0,0.0,0.0,0.0,0.0,0,0.0,1,0.0,1,0.0,0,1.0,0.0,0.0,1,0,1,0.0,0,0,0.0,1.0,0.0,0.0,0.0,0.0,0,0.0,1,0.0,0,0,0.0,0.0,1.0,1.0,0.0,inward,BZT
2638,0.0,0.0,0.0,0.0,0.0,0,1,0.0,0.0,0,0.0,0.0,0.0,0,0,0,0,0.0,0.0,0.0,1,0.0,0,0.0,0.0,0.0,0,0.0,0.0,0.0,1.0,0.0,0.0,0.0,0.0,0,0.0,0,0.0,1,0.0,1,0.0,0.0,0.0,1,0,0,0.0,0,0,0.0,0.0,0.0,0.0,0.0,0.0,0,0.0,0,0.0,0,0,0.0,0.0,1.0,1.0,0.0,inward,BZT
2639,0.0,0.0,0.0,0.0,0.0,0,0,0.0,0.0,0,0.0,0.0,0.0,0,0,0,0,0.0,0.0,0.0,1,0.0,0,0.0,0.0,0.0,1,1.0,1.0,0.0,1.0,0.0,0.0,0.0,0.0,0,0.0,1,0.0,1,0.0,0,0.0,0.0,0.0,1,1,1,0.0,0,0,0.0,0.0,0.0,0.0,0.0,0.0,0,0.0,0,0.0,0,0,0.0,0.0,1.0,1.0,0.0,inward,BZT
2640,0.0,0.0,0.0,0.0,0.0,0,1,0.0,0.0,0,0.0,0.0,0.0,0,0,1,1,0.0,0.0,0.0,1,0.0,0,0.0,0.0,0.0,0,1.0,0.0,0.0,0.0,0.0,0.0,0.0,0.0,0,0.0,1,0.0,1,0.0,1,0.0,0.0,0.0,1,0,1,0.0,0,0,0.0,0.0,0.0,0.0,0.0,0.0,0,0.0,1,0.0,0,0,0.0,0.0,1.0,1.0,0.0,inward,BZT
2641,0.0,0.0,0.0,0.0,0.0,0,0,0.0,0.0,0,0.0,0.0,0.0,0,0,1,1,0.0,0.0,0.0,1,0.0,0,0.0,0.0,0.0,1,1.0,0.0,0.0,1.0,0.0,0.0,0.0,0.0,0,0.0,1,0.0,0,0.0,0,0.0,0.0,0.0,1,1,0,0.0,0,0,0.0,1.0,0.0,0.0,0.0,0.0,0,0.0,1,0.0,0,0,0.0,0.0,1.0,1.0,0.0,inward,BZT
2642,0.0,0.0,0.0,0.0,0.0,0,0,0.0,0.0,0,0.0,0.0,0.0,0,0,1,1,0.0,0.0,0.0,0,0.0,0,0.0,0.0,0.0,1,1.0,1.0,0.0,1.0,0.0,0.0,0.0,0.0,0,0.0,1,0.0,1,0.0,0,1.0,0.0,1.0,1,1,0,0.0,0,0,0.0,1.0,0.0,0.0,0.0,0.0,0,0.0,1,0.0,0,0,0.0,0.0,1.0,1.0,0.0,inward,BZT
2643,0.0,0.0,0.0,0.0,0.0,0,0,0.0,0.0,0,0.0,0.0,0.0,0,0,1,1,0.0,0.0,0.0,1,0.0,0,0.0,0.0,0.0,0,1.0,1.0,0.0,1.0,0.0,0.0,0.0,0.0,0,0.0,0,0.0,1,0.0,0,1.0,0.0,0.0,1,0,0,0.0,0,0,0.0,1.0,0.0,0.0,0.0,0.0,0,0.0,0,0.0,0,0,0.0,0.0,1.0,0.0,0.0,inward,BZT
2644,0.0,0.0,0.0,0.0,0.0,0,0,0.0,0.0,0,0.0,0.0,0.0,0,0,1,1,0.0,0.0,0.0,1,0.0,0,0.0,0.0,0.0,0,1.0,0.0,0.0,1.0,0.0,0.0,0.0,0.0,0,0.0,1,0.0,1,0.0,0,1.0,0.0,0.0,1,0,1,0.0,0,1,0.0,1.0,0.0,0.0,0.0,0.0,0,0.0,0,0.0,0,0,0.0,0.0,1.0,1.0,0.0,inward,BZT
2645,0.0,0.0,0.0,0.0,0.0,0,0,0.0,0.0,0,0.0,0.0,0.0,1,0,1,1,0.0,0.0,0.0,1,0.0,0,0.0,0.0,0.0,0,1.0,0.0,0.0,0.0,0.0,0.0,0.0,0.0,0,0.0,1,0.0,1,0.0,0,0.0,0.0,0.0,1,0,1,0.0,0,0,0.0,1.0,0.0,0.0,0.0,0.0,0,0.0,1,0.0,0,0,0.0,0.0,1.0,0.0,0.0,inward,BZT
2646,0.0,0.0,0.0,0.0,0.0,0,1,0.0,0.0,0,0.0,0.0,0.0,0,0,1,0,0.0,0.0,0.0,0,1.0,0,0.0,0.0,0.0,1,0.0,0.0,0.0,1.0,0.0,1.0,0.0,1.0,0,0.0,1,0.0,1,0.0,0,0.0,0.0,0.0,1,0,0,0.0,0,0,0.0,1.0,0.0,0.0,0.0,0.0,0,0.0,1,0.0,0,0,0.0,0.0,1.0,1.0,0.0,inward,BZT
2647,0.0,0.0,0.0,0.0,0.0,0,1,0.0,0.0,0,0.0,0.0,0.0,0,0,1,0,0.0,0.0,0.0,1,0.0,0,0.0,0.0,1.0,0,0.0,0.0,0.0,1.0,0.0,0.0,0.0,0.0,0,0.0,1,0.0,0,0.0,0,1.0,0.0,1.0,1,1,0,0.0,0,0,0.0,1.0,0.0,0.0,0.0,0.0,0,0.0,1,0.0,0,0,0.0,0.0,1.0,1.0,0.0,inward,BZT
2648,0.0,0.0,0.0,0.0,0.0,0,1,0.0,0.0,0,0.0,0.0,0.0,0,0,1,1,0.0,0.0,0.0,1,0.0,0,0.0,0.0,0.0,0,1.0,0.0,0.0,1.0,0.0,0.0,0.0,0.0,0,0.0,1,0.0,1,0.0,0,1.0,0.0,0.0,1,1,1,0.0,0,1,0.0,1.0,0.0,0.0,0.0,0.0,0,0.0,0,0.0,0,0,0.0,0.0,1.0,1.0,0.0,inward,BZT
2649,0.0,0.0,0.0,0.0,0.0,0,0,0.0,0.0,0,0.0,0.0,0.0,0,0,0,1,0.0,0.0,0.0,1,0.0,0,0.0,0.0,0.0,0,1.0,0.0,0.0,1.0,0.0,0.0,0.0,0.0,0,0.0,0,0.0,1,0.0,0,0.0,0.0,0.0,1,0,1,0.0,0,0,0.0,1.0,1.0,0.0,0.0,0.0,0,0.0,1,0.0,0,0,0.0,0.0,1.0,1.0,0.0,inward,BZT
2650,0.0,0.0,0.0,0.0,0.0,0,0,0.0,0.0,0,0.0,0.0,0.0,0,0,1,0,0.0,0.0,0.0,1,0.0,0,0.0,0.0,0.0,0,1.0,0.0,0.0,1.0,0.0,0.0,0.0,0.0,0,0.0,1,0.0,0,0.0,0,0.0,0.0,0.0,1,0,0,0.0,0,0,0.0,1.0,0.0,0.0,0.0,0.0,0,0.0,0,0.0,0,0,0.0,0.0,1.0,0.0,0.0,inward,BZT
2651,0.0,0.0,0.0,0.0,0.0,0,1,0.0,0.0,0,0.0,0.0,0.0,0,0,1,0,0.0,0.0,0.0,1,0.0,0,0.0,0.0,0.0,1,1.0,0.0,0.0,1.0,0.0,0.0,0.0,0.0,0,0.0,1,0.0,0,0.0,0,1.0,0.0,1.0,1,0,1,0.0,0,0,0.0,1.0,0.0,0.0,0.0,0.0,0,0.0,1,0.0,0,0,0.0,0.0,1.0,1.0,0.0,inward,BZT
2652,0.0,0.0,0.0,0.0,0.0,0,0,0.0,0.0,0,0.0,0.0,0.0,0,0,1,1,0.0,0.0,0.0,1,0.0,0,0.0,0.0,0.0,1,1.0,0.0,0.0,1.0,0.0,1.0,0.0,0.0,0,0.0,0,0.0,1,0.0,0,1.0,0.0,0.0,1,1,1,0.0,0,0,0.0,1.0,0.0,0.0,0.0,0.0,0,0.0,1,0.0,0,0,0.0,0.0,1.0,1.0,0.0,inward,BZT
2653,0.0,0.0,0.0,0.0,0.0,0,0,0.0,0.0,0,0.0,0.0,0.0,0,0,1,0,0.0,0.0,0.0,1,0.0,0,0.0,0.0,1.0,1,0.0,0.0,0.0,1.0,0.0,0.0,0.0,0.0,0,0.0,1,0.0,1,0.0,0,1.0,0.0,0.0,1,1,1,0.0,0,0,0.0,1.0,0.0,0.0,0.0,1.0,1,0.0,1,0.0,0,0,0.0,0.0,1.0,0.0,0.0,inward,BZT
2654,0.0,0.0,0.0,0.0,0.0,0,0,0.0,1.0,0,0.0,0.0,0.0,0,0,1,1,0.0,0.0,0.0,1,0.0,0,0.0,0.0,1.0,1,1.0,0.0,0.0,1.0,0.0,0.0,0.0,0.0,0,0.0,0,0.0,0,0.0,0,1.0,0.0,1.0,1,0,1,0.0,0,1,0.0,1.0,0.0,0.0,0.0,0.0,0,0.0,1,0.0,0,0,0.0,0.0,1.0,1.0,0.0,inward,BZT
2655,0.0,0.0,0.0,0.0,0.0,0,0,0.0,0.0,0,0.0,0.0,0.0,0,0,1,1,0.0,0.0,0.0,1,0.0,0,0.0,0.0,1.0,1,1.0,0.0,0.0,1.0,0.0,0.0,0.0,0.0,0,0.0,1,0.0,1,0.0,0,1.0,0.0,1.0,1,0,1,0.0,0,0,0.0,1.0,0.0,0.0,0.0,0.0,0,0.0,1,0.0,0,0,0.0,0.0,1.0,1.0,0.0,inward,BZT
2656,0.0,0.0,0.0,0.0,0.0,0,0,0.0,0.0,0,0.0,0.0,0.0,0,0,1,1,0.0,0.0,0.0,1,0.0,0,0.0,0.0,1.0,1,1.0,0.0,0.0,1.0,0.0,0.0,0.0,0.0,0,0.0,1,0.0,1,0.0,0,1.0,0.0,0.0,1,1,1,0.0,0,0,0.0,1.0,0.0,0.0,0.0,0.0,0,0.0,1,0.0,0,0,0.0,0.0,1.0,1.0,0.0,inward,BZT
2657,0.0,0.0,0.0,0.0,0.0,0,1,0.0,0.0,0,0.0,0.0,0.0,0,0,1,1,0.0,0.0,0.0,1,0.0,0,0.0,0.0,1.0,1,0.0,0.0,0.0,1.0,0.0,0.0,0.0,0.0,0,0.0,1,0.0,1,0.0,0,1.0,0.0,1.0,1,1,1,0.0,0,0,0.0,1.0,0.0,0.0,0.0,0.0,0,0.0,1,0.0,0,0,0.0,0.0,1.0,1.0,0.0,inward,BZT
2658,0.0,0.0,0.0,0.0,0.0,0,0,0.0,0.0,0,0.0,0.0,0.0,1,0,1,1,0.0,0.0,0.0,0,0.0,0,0.0,0.0,1.0,1,1.0,0.0,0.0,1.0,0.0,0.0,0.0,0.0,0,0.0,1,0.0,1,0.0,0,1.0,0.0,0.0,1,0,1,0.0,0,0,0.0,1.0,0.0,0.0,0.0,0.0,0,0.0,1,0.0,0,0,0.0,0.0,1.0,1.0,0.0,inward,BZT
2659,0.0,0.0,0.0,0.0,0.0,0,0,0.0,0.0,0,0.0,0.0,0.0,0,0,1,1,0.0,0.0,0.0,1,0.0,0,0.0,0.0,1.0,1,1.0,0.0,0.0,1.0,0.0,0.0,0.0,1.0,0,0.0,1,0.0,1,0.0,0,1.0,0.0,0.0,1,0,1,0.0,0,0,0.0,1.0,0.0,0.0,0.0,0.0,0,0.0,1,0.0,0,0,0.0,0.0,1.0,1.0,0.0,inward,BZT
2660,0.0,0.0,0.0,0.0,0.0,0,0,0.0,0.0,0,0.0,0.0,0.0,0,0,1,1,0.0,0.0,0.0,1,0.0,0,0.0,0.0,1.0,1,1.0,0.0,0.0,1.0,0.0,1.0,0.0,0.0,0,0.0,1,0.0,1,0.0,0,1.0,0.0,0.0,1,1,1,0.0,0,0,0.0,1.0,0.0,0.0,0.0,0.0,0,0.0,1,0.0,0,0,0.0,0.0,1.0,1.0,0.0,inward,BZT
2661,0.0,0.0,0.0,0.0,0.0,0,0,0.0,0.0,0,0.0,0.0,0.0,0,0,0,0,0.0,0.0,0.0,0,1.0,0,0.0,0.0,0.0,1,1.0,0.0,0.0,0.0,0.0,0.0,0.0,0.0,0,0.0,1,0.0,1,0.0,0,0.0,0.0,0.0,1,1,1,0.0,0,0,0.0,1.0,0.0,0.0,0.0,0.0,0,0.0,0,0.0,0,0,0.0,0.0,1.0,1.0,0.0,inward,BZT
2662,0.0,0.0,0.0,0.0,0.0,0,0,0.0,1.0,0,0.0,0.0,0.0,0,0,1,1,0.0,0.0,0.0,0,1.0,0,0.0,0.0,1.0,1,1.0,0.0,0.0,1.0,0.0,0.0,0.0,0.0,0,0.0,1,0.0,1,0.0,0,1.0,0.0,0.0,1,0,1,0.0,0,1,0.0,1.0,0.0,0.0,0.0,0.0,0,0.0,1,0.0,0,0,0.0,0.0,1.0,1.0,0.0,inward,BZT
2663,0.0,0.0,0.0,0.0,0.0,0,0,0.0,0.0,0,0.0,0.0,0.0,0,0,1,0,0.0,0.0,0.0,1,0.0,0,0.0,0.0,1.0,1,1.0,0.0,0.0,1.0,0.0,0.0,0.0,0.0,0,0.0,0,0.0,0,0.0,0,1.0,0.0,0.0,1,1,1,0.0,0,0,0.0,1.0,1.0,0.0,0.0,0.0,0,0.0,1,0.0,0,0,0.0,0.0,1.0,1.0,0.0,inward,BZT
2664,0.0,0.0,0.0,0.0,0.0,0,0,0.0,0.0,0,0.0,0.0,0.0,0,0,1,0,0.0,0.0,0.0,0,0.0,0,0.0,0.0,0.0,1,1.0,0.0,0.0,1.0,0.0,1.0,0.0,0.0,0,0.0,1,0.0,1,0.0,0,1.0,0.0,0.0,1,0,1,0.0,0,0,0.0,1.0,0.0,0.0,0.0,0.0,0,0.0,1,0.0,0,0,0.0,0.0,1.0,1.0,0.0,inward,BZT
2665,0.0,0.0,0.0,0.0,0.0,0,0,0.0,0.0,0,0.0,0.0,0.0,0,0,1,0,0.0,0.0,0.0,1,0.0,0,0.0,0.0,0.0,1,1.0,1.0,0.0,1.0,0.0,0.0,0.0,0.0,0,0.0,0,0.0,1,0.0,1,1.0,0.0,0.0,1,0,1,0.0,0,0,0.0,0.0,0.0,0.0,0.0,0.0,0,0.0,1,0.0,0,0,0.0,0.0,1.0,1.0,0.0,inward,BZT
2666,0.0,0.0,0.0,0.0,0.0,0,0,0.0,0.0,0,0.0,0.0,0.0,0,0,1,0,0.0,0.0,0.0,1,0.0,0,0.0,0.0,0.0,0,1.0,0.0,0.0,0.0,0.0,0.0,0.0,0.0,0,0.0,0,0.0,1,0.0,0,0.0,0.0,0.0,1,0,1,0.0,0,0,0.0,1.0,0.0,0.0,0.0,0.0,0,0.0,0,0.0,0,0,0.0,0.0,1.0,1.0,0.0,inward,BZT
2667,0.0,0.0,0.0,0.0,0.0,0,1,0.0,1.0,0,0.0,0.0,0.0,0,0,1,1,0.0,0.0,0.0,1,0.0,0,0.0,0.0,1.0,1,1.0,0.0,0.0,1.0,0.0,0.0,0.0,0.0,0,0.0,1,0.0,0,0.0,0,0.0,0.0,0.0,1,0,1,0.0,0,0,0.0,1.0,0.0,0.0,0.0,0.0,0,0.0,1,0.0,0,0,0.0,0.0,1.0,0.0,0.0,inward,BZT
2668,0.0,0.0,0.0,0.0,0.0,0,0,0.0,1.0,1,0.0,0.0,0.0,0,0,1,0,0.0,0.0,0.0,1,0.0,0,0.0,0.0,1.0,1,1.0,0.0,0.0,1.0,0.0,0.0,0.0,0.0,0,0.0,0,0.0,1,0.0,0,1.0,0.0,0.0,1,0,1,0.0,0,0,0.0,1.0,0.0,0.0,0.0,0.0,0,0.0,0,0.0,0,0,0.0,0.0,1.0,1.0,0.0,inward,BZT
2669,0.0,0.0,0.0,0.0,0.0,0,0,0.0,0.0,0,0.0,0.0,0.0,0,0,1,0,0.0,0.0,0.0,1,0.0,0,0.0,0.0,0.0,1,1.0,0.0,0.0,1.0,0.0,0.0,0.0,0.0,0,0.0,0,0.0,1,0.0,0,1.0,0.0,1.0,1,1,1,0.0,0,0,0.0,1.0,0.0,0.0,0.0,0.0,0,0.0,0,0.0,0,0,0.0,0.0,1.0,0.0,0.0,inward,BZT
2670,0.0,0.0,0.0,0.0,0.0,0,0,0.0,0.0,0,0.0,0.0,0.0,0,0,1,1,0.0,0.0,0.0,1,0.0,0,0.0,0.0,0.0,1,0.0,0.0,0.0,0.0,0.0,0.0,0.0,1.0,0,0.0,1,0.0,1,0.0,0,1.0,0.0,0.0,1,1,1,0.0,0,0,0.0,1.0,0.0,0.0,0.0,0.0,0,0.0,1,0.0,0,0,0.0,0.0,1.0,1.0,0.0,inward,BZT
2671,0.0,0.0,0.0,0.0,0.0,0,0,0.0,0.0,0,0.0,0.0,0.0,0,0,0,0,0.0,0.0,0.0,1,0.0,0,0.0,0.0,0.0,1,1.0,1.0,0.0,1.0,0.0,0.0,0.0,0.0,0,0.0,1,0.0,1,0.0,0,0.0,0.0,0.0,1,1,1,0.0,0,0,0.0,1.0,0.0,0.0,0.0,0.0,0,0.0,0,0.0,0,0,0.0,0.0,1.0,1.0,0.0,inward,BZT
2672,0.0,0.0,0.0,0.0,0.0,0,0,0.0,1.0,0,0.0,0.0,0.0,0,0,1,0,0.0,0.0,0.0,1,0.0,0,0.0,0.0,0.0,0,0.0,0.0,0.0,1.0,0.0,0.0,0.0,0.0,0,0.0,1,0.0,1,0.0,0,0.0,0.0,0.0,1,1,1,0.0,0,0,0.0,1.0,0.0,0.0,0.0,0.0,0,0.0,1,0.0,0,0,0.0,0.0,1.0,1.0,0.0,inward,BZT
2673,0.0,0.0,0.0,0.0,0.0,0,0,0.0,0.0,0,0.0,0.0,0.0,0,0,1,0,0.0,0.0,0.0,0,0.0,0,0.0,0.0,0.0,0,1.0,1.0,0.0,0.0,0.0,0.0,0.0,0.0,0,0.0,0,0.0,1,0.0,1,0.0,0.0,0.0,1,1,1,0.0,0,0,0.0,1.0,0.0,0.0,0.0,0.0,0,0.0,1,0.0,0,0,0.0,0.0,1.0,1.0,0.0,inward,BZT
2674,0.0,0.0,0.0,0.0,0.0,0,0,0.0,0.0,0,0.0,0.0,0.0,0,0,1,0,1.0,0.0,0.0,0,0.0,0,0.0,0.0,0.0,0,1.0,0.0,0.0,1.0,0.0,0.0,0.0,0.0,0,0.0,0,0.0,1,0.0,0,0.0,0.0,0.0,1,0,0,0.0,0,0,0.0,0.0,0.0,0.0,0.0,0.0,1,0.0,1,0.0,0,0,0.0,0.0,1.0,1.0,0.0,inward,BZT
2675,0.0,0.0,0.0,0.0,0.0,0,0,0.0,0.0,0,0.0,0.0,0.0,0,0,1,1,0.0,0.0,0.0,1,1.0,1,0.0,0.0,0.0,1,0.0,0.0,0.0,1.0,0.0,1.0,0.0,0.0,0,0.0,1,0.0,1,0.0,1,1.0,0.0,0.0,1,0,1,0.0,0,0,0.0,1.0,0.0,0.0,0.0,0.0,0,0.0,1,0.0,0,0,0.0,0.0,1.0,1.0,0.0,inward,BZT
2676,0.0,0.0,0.0,0.0,0.0,0,1,0.0,1.0,0,0.0,0.0,0.0,0,0,1,1,0.0,0.0,0.0,0,0.0,0,0.0,0.0,0.0,1,1.0,0.0,0.0,1.0,0.0,1.0,0.0,0.0,0,0.0,1,0.0,1,0.0,0,1.0,0.0,0.0,1,0,1,0.0,0,0,0.0,1.0,0.0,0.0,0.0,0.0,0,0.0,1,0.0,0,0,0.0,0.0,1.0,1.0,0.0,inward,BZT
2677,0.0,0.0,0.0,0.0,0.0,0,0,0.0,0.0,0,0.0,0.0,0.0,0,0,1,1,0.0,0.0,0.0,1,0.0,0,0.0,0.0,0.0,0,0.0,0.0,0.0,0.0,0.0,0.0,0.0,0.0,0,0.0,0,0.0,0,0.0,0,0.0,0.0,0.0,1,1,1,0.0,0,0,0.0,1.0,0.0,0.0,0.0,0.0,0,0.0,0,0.0,0,0,0.0,0.0,1.0,0.0,0.0,inward,BZT
2678,0.0,0.0,0.0,0.0,0.0,0,0,0.0,0.0,0,0.0,0.0,0.0,0,0,0,0,0.0,0.0,0.0,1,0.0,0,0.0,0.0,0.0,1,1.0,0.0,0.0,1.0,0.0,1.0,0.0,0.0,0,0.0,1,0.0,1,0.0,0,1.0,0.0,0.0,1,1,1,0.0,0,0,0.0,1.0,1.0,0.0,0.0,0.0,0,0.0,1,0.0,0,0,0.0,0.0,1.0,0.0,0.0,inward,BZT
2679,0.0,0.0,0.0,0.0,0.0,0,0,0.0,0.0,0,0.0,0.0,0.0,0,0,1,0,0.0,0.0,0.0,1,0.0,1,0.0,0.0,0.0,0,1.0,0.0,0.0,0.0,0.0,0.0,0.0,0.0,0,0.0,0,0.0,1,0.0,0,0.0,0.0,0.0,1,1,1,0.0,0,0,0.0,1.0,1.0,0.0,0.0,0.0,0,0.0,1,0.0,0,0,0.0,0.0,1.0,1.0,0.0,inward,BZT
2680,0.0,0.0,0.0,0.0,0.0,0,1,0.0,0.0,0,0.0,0.0,0.0,0,0,1,0,0.0,0.0,0.0,1,0.0,0,0.0,0.0,0.0,1,1.0,1.0,0.0,1.0,0.0,0.0,0.0,0.0,0,0.0,1,0.0,1,0.0,0,1.0,0.0,0.0,1,0,0,0.0,0,0,0.0,1.0,0.0,0.0,0.0,0.0,0,0.0,0,0.0,0,0,0.0,0.0,1.0,1.0,0.0,inward,BZT
2681,0.0,0.0,0.0,0.0,0.0,0,1,0.0,0.0,0,0.0,0.0,0.0,0,0,1,1,0.0,0.0,0.0,1,0.0,0,0.0,0.0,1.0,1,1.0,0.0,0.0,1.0,0.0,0.0,0.0,0.0,0,0.0,1,0.0,1,0.0,1,1.0,0.0,0.0,1,1,1,0.0,0,0,0.0,1.0,0.0,0.0,0.0,0.0,0,0.0,1,0.0,0,0,0.0,0.0,1.0,0.0,0.0,inward,BZT
2682,0.0,0.0,0.0,0.0,0.0,0,0,0.0,0.0,0,0.0,0.0,0.0,0,0,1,0,0.0,0.0,0.0,1,0.0,0,0.0,0.0,0.0,1,1.0,0.0,0.0,1.0,0.0,0.0,0.0,0.0,0,0.0,1,0.0,1,0.0,1,1.0,0.0,0.0,1,0,1,0.0,0,0,0.0,1.0,0.0,0.0,0.0,0.0,0,0.0,1,0.0,0,0,0.0,0.0,1.0,0.0,0.0,inward,BZT
2683,0.0,0.0,0.0,0.0,0.0,0,0,0.0,0.0,0,0.0,0.0,0.0,0,0,1,0,0.0,0.0,0.0,1,0.0,0,0.0,0.0,1.0,1,1.0,0.0,0.0,1.0,0.0,0.0,0.0,0.0,0,0.0,0,0.0,1,0.0,0,1.0,0.0,0.0,1,1,1,0.0,0,0,0.0,1.0,0.0,0.0,0.0,0.0,0,0.0,1,0.0,0,0,0.0,0.0,1.0,1.0,0.0,inward,BZT
2684,0.0,0.0,0.0,0.0,0.0,0,1,0.0,0.0,0,0.0,0.0,0.0,0,0,1,0,0.0,0.0,0.0,1,0.0,0,0.0,0.0,1.0,0,0.0,0.0,0.0,1.0,0.0,0.0,0.0,0.0,0,0.0,1,0.0,1,0.0,0,1.0,0.0,0.0,1,0,0,0.0,1,0,0.0,1.0,0.0,0.0,0.0,0.0,0,0.0,0,0.0,0,0,0.0,0.0,1.0,0.0,0.0,inward,BZT
2685,0.0,0.0,0.0,0.0,0.0,0,1,0.0,0.0,0,0.0,0.0,0.0,0,0,1,0,0.0,0.0,0.0,1,0.0,1,0.0,0.0,0.0,0,0.0,0.0,0.0,0.0,0.0,0.0,0.0,0.0,0,0.0,1,0.0,1,0.0,0,1.0,0.0,0.0,1,0,1,0.0,0,0,0.0,1.0,0.0,0.0,0.0,0.0,0,0.0,1,0.0,0,0,0.0,0.0,1.0,1.0,0.0,inward,BZT
2686,0.0,0.0,0.0,0.0,0.0,0,0,0.0,0.0,0,0.0,0.0,0.0,0,0,0,0,0.0,0.0,0.0,1,0.0,0,0.0,0.0,1.0,1,1.0,0.0,0.0,1.0,0.0,0.0,0.0,0.0,0,0.0,1,0.0,0,0.0,0,1.0,0.0,0.0,1,0,1,0.0,1,0,0.0,1.0,0.0,0.0,0.0,0.0,0,0.0,0,0.0,0,0,0.0,0.0,1.0,1.0,0.0,inward,BZT
2687,0.0,0.0,0.0,0.0,0.0,0,0,0.0,0.0,0,0.0,0.0,0.0,0,0,0,0,0.0,0.0,0.0,1,0.0,0,0.0,0.0,0.0,1,1.0,0.0,0.0,1.0,0.0,0.0,0.0,0.0,0,0.0,1,0.0,1,0.0,0,1.0,0.0,1.0,1,0,1,0.0,0,0,0.0,1.0,0.0,0.0,0.0,0.0,0,0.0,0,0.0,0,0,0.0,0.0,1.0,1.0,0.0,inward,BZT
2688,0.0,0.0,0.0,0.0,0.0,0,0,0.0,0.0,0,0.0,0.0,0.0,0,0,1,0,1.0,0.0,0.0,1,0.0,1,0.0,0.0,1.0,0,1.0,0.0,0.0,1.0,0.0,0.0,0.0,0.0,0,0.0,1,0.0,0,0.0,0,1.0,0.0,0.0,1,1,1,0.0,0,0,0.0,1.0,0.0,0.0,0.0,0.0,0,0.0,0,0.0,0,0,0.0,0.0,1.0,1.0,0.0,inward,BZT
2689,0.0,0.0,0.0,0.0,0.0,0,0,0.0,0.0,0,0.0,0.0,0.0,0,0,1,0,0.0,0.0,0.0,1,0.0,0,0.0,0.0,1.0,1,1.0,0.0,0.0,1.0,0.0,0.0,0.0,0.0,0,0.0,1,0.0,1,0.0,0,1.0,0.0,0.0,1,0,0,0.0,0,0,0.0,1.0,0.0,0.0,0.0,0.0,0,0.0,1,0.0,0,0,0.0,0.0,1.0,1.0,0.0,inward,BZT
2690,0.0,0.0,0.0,0.0,0.0,0,0,0.0,0.0,0,0.0,0.0,0.0,0,0,1,0,1.0,0.0,0.0,0,0.0,0,0.0,0.0,1.0,1,1.0,0.0,0.0,1.0,0.0,1.0,0.0,0.0,0,0.0,0,0.0,0,0.0,0,0.0,0.0,0.0,1,1,1,0.0,0,0,0.0,1.0,0.0,0.0,0.0,0.0,0,0.0,1,0.0,0,0,0.0,0.0,1.0,1.0,0.0,inward,BZT
2691,0.0,0.0,0.0,0.0,0.0,0,0,0.0,0.0,0,0.0,0.0,0.0,0,0,1,0,0.0,0.0,0.0,1,0.0,0,0.0,0.0,0.0,0,1.0,1.0,0.0,1.0,0.0,0.0,0.0,0.0,0,0.0,0,0.0,1,0.0,0,0.0,0.0,0.0,1,1,1,0.0,0,0,0.0,1.0,0.0,0.0,0.0,0.0,0,0.0,0,0.0,0,0,0.0,0.0,1.0,1.0,0.0,inward,BZT
2692,0.0,0.0,0.0,0.0,0.0,0,1,0.0,0.0,0,0.0,0.0,0.0,0,0,1,1,0.0,0.0,0.0,1,1.0,1,0.0,0.0,0.0,0,0.0,0.0,0.0,0.0,0.0,0.0,0.0,0.0,0,0.0,1,0.0,1,0.0,0,0.0,0.0,0.0,1,0,0,0.0,0,0,0.0,1.0,0.0,0.0,0.0,0.0,0,0.0,1,0.0,0,0,0.0,0.0,1.0,1.0,0.0,inward,BZT
2693,0.0,0.0,0.0,0.0,0.0,0,0,0.0,0.0,0,0.0,0.0,0.0,0,0,0,0,0.0,0.0,0.0,1,0.0,0,0.0,0.0,0.0,0,0.0,0.0,0.0,1.0,0.0,0.0,0.0,0.0,0,0.0,0,0.0,1,0.0,0,1.0,1.0,0.0,1,0,1,0.0,0,0,0.0,1.0,1.0,0.0,0.0,0.0,0,0.0,1,0.0,0,0,0.0,0.0,1.0,1.0,0.0,inward,BZT
2694,0.0,0.0,0.0,0.0,0.0,0,0,0.0,0.0,0,0.0,0.0,0.0,0,0,1,0,0.0,0.0,0.0,1,1.0,0,0.0,0.0,0.0,1,1.0,1.0,0.0,1.0,0.0,0.0,0.0,0.0,0,0.0,0,0.0,1,0.0,0,0.0,0.0,0.0,1,0,1,0.0,0,0,0.0,1.0,0.0,0.0,0.0,0.0,0,0.0,0,0.0,0,0,0.0,0.0,1.0,1.0,0.0,inward,BZT
2695,0.0,0.0,0.0,0.0,0.0,0,1,0.0,0.0,0,0.0,0.0,0.0,0,0,1,0,1.0,0.0,0.0,0,0.0,0,0.0,0.0,0.0,0,1.0,0.0,0.0,1.0,0.0,0.0,0.0,0.0,0,0.0,0,0.0,1,0.0,0,1.0,0.0,0.0,1,0,1,0.0,0,1,0.0,1.0,0.0,0.0,0.0,0.0,0,0.0,1,0.0,0,0,0.0,0.0,1.0,0.0,0.0,inward,BZT
2696,0.0,0.0,0.0,0.0,0.0,0,0,0.0,0.0,0,0.0,0.0,0.0,0,0,1,1,0.0,0.0,0.0,1,0.0,0,0.0,0.0,0.0,1,0.0,0.0,0.0,0.0,0.0,0.0,0.0,0.0,0,0.0,1,0.0,1,0.0,0,1.0,0.0,0.0,1,0,1,0.0,0,0,0.0,1.0,0.0,0.0,0.0,0.0,0,0.0,0,0.0,0,0,0.0,0.0,1.0,1.0,0.0,inward,BZT
2697,0.0,0.0,0.0,0.0,0.0,0,0,0.0,0.0,0,0.0,0.0,0.0,0,0,1,0,0.0,0.0,0.0,0,0.0,0,0.0,0.0,0.0,1,1.0,0.0,0.0,1.0,0.0,0.0,0.0,0.0,0,0.0,1,0.0,1,0.0,0,1.0,0.0,1.0,1,0,0,0.0,0,0,0.0,1.0,0.0,0.0,0.0,0.0,0,0.0,0,0.0,0,0,0.0,0.0,1.0,1.0,0.0,inward,BZT
2698,0.0,0.0,0.0,0.0,0.0,0,0,0.0,0.0,0,0.0,0.0,0.0,0,0,1,0,0.0,0.0,0.0,1,0.0,0,0.0,0.0,1.0,0,0.0,0.0,0.0,0.0,0.0,0.0,0.0,0.0,0,0.0,1,0.0,1,0.0,0,1.0,0.0,0.0,1,1,1,0.0,0,0,0.0,1.0,0.0,0.0,0.0,0.0,0,0.0,1,0.0,0,0,0.0,0.0,1.0,0.0,0.0,inward,BZT
2699,0.0,0.0,0.0,0.0,0.0,0,0,0.0,0.0,0,0.0,0.0,0.0,0,0,1,1,0.0,0.0,0.0,1,0.0,0,0.0,0.0,0.0,0,1.0,0.0,0.0,1.0,0.0,0.0,0.0,0.0,0,0.0,0,0.0,1,0.0,0,1.0,1.0,1.0,1,1,1,0.0,0,0,0.0,0.0,0.0,0.0,0.0,0.0,0,0.0,1,0.0,0,0,0.0,0.0,1.0,0.0,0.0,inward,BZT
2700,0.0,0.0,0.0,0.0,0.0,0,0,0.0,0.0,0,0.0,0.0,0.0,0,0,1,1,0.0,0.0,0.0,1,0.0,1,0.0,0.0,1.0,0,1.0,0.0,0.0,1.0,0.0,0.0,0.0,0.0,0,0.0,1,0.0,1,0.0,1,1.0,0.0,0.0,1,1,1,0.0,0,0,0.0,1.0,0.0,0.0,0.0,0.0,0,0.0,1,0.0,0,0,0.0,0.0,1.0,1.0,0.0,inward,BZT
2701,0.0,0.0,0.0,0.0,0.0,0,0,0.0,0.0,0,0.0,0.0,0.0,0,0,0,0,1.0,0.0,0.0,1,0.0,1,0.0,0.0,0.0,1,1.0,1.0,0.0,0.0,0.0,0.0,0.0,0.0,0,0.0,1,0.0,1,0.0,0,1.0,0.0,0.0,1,1,0,0.0,0,0,0.0,1.0,0.0,0.0,0.0,0.0,0,0.0,0,0.0,0,0,0.0,0.0,1.0,1.0,0.0,inward,BZT
2702,0.0,0.0,0.0,0.0,0.0,0,0,0.0,1.0,0,0.0,0.0,0.0,0,0,1,0,0.0,0.0,0.0,1,0.0,1,0.0,0.0,1.0,1,1.0,0.0,0.0,1.0,0.0,0.0,0.0,0.0,0,0.0,1,0.0,1,0.0,0,1.0,0.0,0.0,1,1,1,0.0,1,0,0.0,1.0,0.0,0.0,0.0,0.0,0,0.0,1,0.0,0,0,0.0,0.0,1.0,0.0,0.0,inward,BZT
2703,0.0,0.0,0.0,0.0,0.0,0,0,0.0,0.0,0,0.0,0.0,0.0,0,0,1,1,0.0,0.0,0.0,1,0.0,0,0.0,0.0,1.0,0,1.0,0.0,0.0,1.0,0.0,0.0,0.0,0.0,0,0.0,1,0.0,1,0.0,1,1.0,0.0,0.0,1,1,1,0.0,0,0,0.0,1.0,0.0,0.0,0.0,0.0,0,0.0,1,0.0,0,0,0.0,0.0,1.0,1.0,0.0,inward,BZT
2704,0.0,0.0,0.0,0.0,0.0,0,0,0.0,0.0,0,0.0,0.0,0.0,0,0,1,0,1.0,0.0,0.0,0,0.0,1,0.0,0.0,0.0,0,1.0,0.0,0.0,0.0,0.0,0.0,0.0,0.0,0,0.0,1,0.0,1,0.0,1,0.0,0.0,0.0,1,0,0,0.0,0,0,0.0,0.0,0.0,0.0,0.0,0.0,1,0.0,1,0.0,0,0,0.0,0.0,1.0,1.0,0.0,inward,BZT
2705,0.0,0.0,0.0,0.0,0.0,0,1,0.0,1.0,0,0.0,0.0,0.0,0,0,1,1,0.0,0.0,0.0,1,0.0,0,0.0,0.0,1.0,1,1.0,0.0,0.0,1.0,0.0,0.0,0.0,0.0,0,0.0,1,0.0,1,0.0,0,1.0,0.0,0.0,1,1,1,0.0,0,0,0.0,1.0,0.0,0.0,0.0,0.0,0,0.0,1,0.0,0,0,0.0,0.0,1.0,1.0,0.0,inward,BZT
2706,0.0,0.0,0.0,0.0,0.0,0,0,0.0,0.0,0,0.0,0.0,0.0,0,0,1,0,1.0,0.0,0.0,1,0.0,0,0.0,0.0,0.0,1,1.0,0.0,0.0,0.0,0.0,0.0,0.0,1.0,0,0.0,1,0.0,1,0.0,0,1.0,0.0,0.0,1,0,1,0.0,0,0,0.0,0.0,0.0,0.0,0.0,1.0,1,0.0,1,0.0,0,0,0.0,0.0,1.0,1.0,0.0,inward,BZT
2707,0.0,0.0,0.0,0.0,0.0,0,1,0.0,0.0,0,0.0,0.0,0.0,0,0,1,1,1.0,0.0,0.0,1,0.0,0,0.0,0.0,1.0,1,1.0,0.0,0.0,1.0,0.0,1.0,0.0,0.0,0,0.0,1,0.0,1,0.0,1,1.0,0.0,0.0,1,1,0,0.0,0,0,0.0,1.0,1.0,0.0,0.0,0.0,0,0.0,1,0.0,0,0,0.0,0.0,1.0,1.0,0.0,inward,BZT
2708,0.0,0.0,0.0,0.0,0.0,0,0,0.0,0.0,0,0.0,0.0,0.0,0,0,1,0,1.0,1.0,0.0,1,0.0,1,0.0,0.0,0.0,1,1.0,0.0,0.0,1.0,0.0,0.0,0.0,0.0,0,0.0,1,0.0,1,0.0,1,1.0,0.0,0.0,1,1,0,0.0,0,0,0.0,1.0,0.0,0.0,0.0,0.0,0,0.0,0,0.0,0,0,0.0,0.0,1.0,1.0,0.0,inward,BZT
2709,0.0,0.0,0.0,0.0,0.0,0,0,0.0,0.0,0,0.0,0.0,0.0,0,0,0,0,1.0,0.0,0.0,0,0.0,0,0.0,0.0,0.0,1,1.0,0.0,0.0,1.0,0.0,0.0,0.0,0.0,0,0.0,1,0.0,1,0.0,0,0.0,0.0,0.0,1,1,1,0.0,0,0,0.0,1.0,0.0,0.0,0.0,0.0,0,0.0,0,0.0,0,0,0.0,0.0,1.0,1.0,0.0,inward,BZT
2710,0.0,0.0,0.0,0.0,0.0,0,0,0.0,0.0,0,0.0,0.0,0.0,0,0,0,0,0.0,0.0,0.0,1,0.0,1,0.0,0.0,0.0,1,1.0,0.0,0.0,1.0,0.0,1.0,0.0,0.0,0,0.0,1,0.0,1,0.0,1,1.0,0.0,1.0,1,1,1,0.0,0,0,0.0,0.0,0.0,0.0,0.0,0.0,0,0.0,0,0.0,0,0,0.0,0.0,1.0,1.0,0.0,inward,BZT
2711,0.0,0.0,0.0,0.0,0.0,0,0,0.0,0.0,0,0.0,0.0,0.0,1,0,1,0,1.0,0.0,0.0,1,0.0,1,0.0,0.0,0.0,1,1.0,1.0,0.0,1.0,0.0,1.0,0.0,0.0,0,0.0,1,0.0,1,0.0,0,1.0,0.0,0.0,1,1,0,0.0,0,0,0.0,1.0,0.0,0.0,0.0,0.0,0,0.0,0,0.0,0,0,0.0,0.0,1.0,1.0,0.0,inward,BZT
2712,0.0,0.0,0.0,0.0,0.0,0,1,0.0,0.0,0,0.0,0.0,0.0,0,0,1,0,1.0,0.0,0.0,1,0.0,0,0.0,0.0,0.0,0,1.0,0.0,0.0,0.0,0.0,0.0,0.0,0.0,0,0.0,1,0.0,1,0.0,1,0.0,0.0,0.0,1,0,0,0.0,1,0,0.0,1.0,0.0,0.0,0.0,0.0,0,0.0,0,0.0,0,0,0.0,0.0,1.0,1.0,0.0,inward,BZT
2713,0.0,0.0,0.0,0.0,0.0,0,0,0.0,0.0,0,0.0,0.0,0.0,0,0,1,0,1.0,0.0,0.0,0,1.0,0,0.0,0.0,0.0,0,1.0,1.0,0.0,0.0,0.0,0.0,0.0,0.0,0,0.0,0,0.0,1,0.0,0,0.0,0.0,0.0,1,1,1,0.0,0,1,0.0,0.0,0.0,0.0,0.0,1.0,0,0.0,1,0.0,0,0,0.0,0.0,1.0,1.0,0.0,inward,BZT
2714,0.0,0.0,0.0,0.0,0.0,0,0,0.0,0.0,0,0.0,0.0,0.0,0,0,1,0,1.0,0.0,0.0,1,0.0,1,0.0,0.0,0.0,1,1.0,0.0,0.0,1.0,0.0,0.0,0.0,0.0,0,0.0,0,0.0,1,0.0,0,1.0,0.0,0.0,1,1,1,0.0,0,0,0.0,0.0,0.0,0.0,0.0,1.0,1,0.0,1,0.0,0,0,0.0,0.0,1.0,1.0,0.0,inward,BZT
2715,0.0,0.0,0.0,0.0,0.0,0,0,0.0,0.0,0,0.0,0.0,0.0,0,0,1,1,1.0,0.0,0.0,1,0.0,0,0.0,0.0,0.0,0,1.0,0.0,0.0,0.0,0.0,0.0,0.0,0.0,0,0.0,1,0.0,1,0.0,0,0.0,0.0,0.0,1,0,1,0.0,0,0,0.0,1.0,0.0,0.0,0.0,0.0,0,0.0,0,0.0,0,0,0.0,0.0,1.0,0.0,0.0,inward,BZT
2716,0.0,0.0,0.0,0.0,0.0,1,1,0.0,0.0,0,0.0,0.0,0.0,0,0,0,0,1.0,0.0,0.0,1,0.0,0,0.0,0.0,1.0,1,1.0,1.0,0.0,1.0,0.0,1.0,0.0,0.0,0,0.0,1,0.0,0,0.0,0,0.0,0.0,0.0,1,1,0,0.0,0,0,0.0,1.0,0.0,0.0,0.0,0.0,0,0.0,1,0.0,0,0,0.0,0.0,1.0,1.0,0.0,inward,BZT
2717,0.0,0.0,0.0,0.0,0.0,0,0,0.0,0.0,0,0.0,0.0,0.0,0,0,1,1,0.0,0.0,0.0,1,0.0,0,0.0,0.0,0.0,1,1.0,0.0,0.0,1.0,0.0,1.0,0.0,0.0,0,0.0,0,0.0,0,0.0,0,1.0,0.0,0.0,1,1,1,0.0,0,0,0.0,1.0,0.0,0.0,0.0,0.0,0,0.0,1,0.0,0,0,0.0,0.0,1.0,0.0,0.0,inward,BZT
2718,0.0,0.0,0.0,0.0,0.0,0,0,0.0,0.0,0,0.0,0.0,0.0,0,0,1,0,1.0,0.0,0.0,1,0.0,1,0.0,0.0,1.0,0,1.0,0.0,0.0,1.0,0.0,1.0,0.0,0.0,0,0.0,1,0.0,1,0.0,0,0.0,0.0,0.0,1,0,1,0.0,0,0,0.0,1.0,0.0,0.0,0.0,0.0,0,0.0,1,0.0,0,0,0.0,0.0,1.0,1.0,0.0,inward,BZT
2719,0.0,0.0,0.0,0.0,0.0,0,0,0.0,0.0,0,0.0,0.0,0.0,0,0,1,0,1.0,0.0,0.0,1,1.0,0,0.0,0.0,0.0,1,1.0,0.0,0.0,0.0,0.0,0.0,0.0,1.0,0,0.0,1,0.0,1,0.0,0,0.0,0.0,0.0,1,0,1,0.0,0,0,0.0,0.0,0.0,0.0,0.0,0.0,0,0.0,1,0.0,0,0,0.0,0.0,1.0,0.0,0.0,inward,BZT
2720,0.0,0.0,0.0,0.0,0.0,0,0,0.0,0.0,0,0.0,0.0,0.0,0,0,0,1,0.0,0.0,0.0,0,0.0,0,0.0,0.0,1.0,0,1.0,1.0,0.0,1.0,0.0,1.0,0.0,0.0,0,0.0,1,0.0,1,0.0,0,1.0,0.0,0.0,1,1,0,0.0,0,0,0.0,1.0,1.0,0.0,0.0,0.0,0,0.0,0,0.0,0,0,0.0,0.0,1.0,1.0,0.0,inward,BZT
2721,0.0,0.0,0.0,0.0,0.0,0,0,0.0,0.0,0,0.0,0.0,0.0,0,0,1,1,1.0,0.0,0.0,1,0.0,0,0.0,0.0,0.0,1,1.0,0.0,0.0,1.0,0.0,0.0,0.0,0.0,0,0.0,1,0.0,1,0.0,1,1.0,0.0,0.0,1,1,0,0.0,0,0,0.0,1.0,0.0,0.0,0.0,0.0,0,0.0,0,0.0,0,0,0.0,0.0,1.0,1.0,0.0,inward,BZT
2722,0.0,0.0,0.0,0.0,0.0,0,0,0.0,0.0,0,0.0,0.0,0.0,0,0,0,0,1.0,1.0,0.0,1,1.0,0,0.0,0.0,0.0,1,1.0,1.0,0.0,1.0,0.0,0.0,0.0,0.0,0,0.0,1,0.0,1,0.0,0,1.0,0.0,1.0,1,1,0,0.0,0,0,0.0,0.0,0.0,0.0,0.0,0.0,0,0.0,1,0.0,0,0,0.0,0.0,1.0,1.0,0.0,inward,BZT
2723,0.0,0.0,0.0,0.0,0.0,0,0,0.0,0.0,0,0.0,0.0,0.0,0,0,1,0,0.0,0.0,0.0,1,0.0,0,0.0,0.0,1.0,1,0.0,0.0,0.0,1.0,0.0,0.0,0.0,0.0,0,0.0,1,0.0,1,0.0,0,1.0,0.0,0.0,1,0,1,0.0,0,0,0.0,1.0,0.0,0.0,0.0,0.0,0,0.0,0,0.0,0,0,0.0,0.0,1.0,1.0,0.0,inward,BZT
2724,0.0,0.0,0.0,0.0,0.0,0,0,0.0,0.0,0,0.0,0.0,0.0,0,0,1,0,1.0,0.0,0.0,0,0.0,1,0.0,0.0,0.0,1,1.0,0.0,0.0,0.0,0.0,0.0,0.0,0.0,0,0.0,1,0.0,1,0.0,0,1.0,0.0,0.0,1,0,1,0.0,0,0,0.0,0.0,0.0,0.0,0.0,0.0,0,0.0,1,0.0,0,0,0.0,0.0,1.0,1.0,0.0,inward,BZT
2725,0.0,0.0,0.0,0.0,0.0,0,1,0.0,0.0,0,0.0,0.0,0.0,0,0,0,0,1.0,0.0,0.0,0,0.0,0,0.0,0.0,0.0,1,1.0,0.0,0.0,1.0,0.0,0.0,0.0,0.0,0,0.0,1,0.0,1,0.0,0,1.0,0.0,0.0,1,0,0,0.0,0,0,0.0,1.0,0.0,0.0,0.0,0.0,0,0.0,0,0.0,0,0,0.0,0.0,1.0,1.0,0.0,inward,BZT
2726,0.0,0.0,0.0,0.0,0.0,0,0,0.0,0.0,0,0.0,0.0,0.0,0,0,1,0,1.0,0.0,0.0,0,1.0,0,0.0,0.0,0.0,0,1.0,0.0,0.0,1.0,0.0,0.0,0.0,0.0,0,0.0,1,0.0,1,0.0,0,1.0,1.0,0.0,1,0,1,0.0,0,0,0.0,0.0,0.0,0.0,0.0,0.0,0,0.0,1,0.0,0,0,0.0,0.0,1.0,1.0,0.0,inward,BZT
2727,0.0,0.0,0.0,0.0,0.0,0,0,0.0,0.0,0,0.0,0.0,0.0,0,0,0,0,1.0,0.0,0.0,1,1.0,0,0.0,0.0,0.0,0,1.0,1.0,0.0,0.0,0.0,0.0,0.0,0.0,0,0.0,1,0.0,1,0.0,0,1.0,0.0,0.0,1,1,1,0.0,0,0,0.0,0.0,0.0,0.0,0.0,0.0,1,0.0,1,0.0,0,0,0.0,0.0,1.0,0.0,0.0,inward,BZT
2728,0.0,0.0,0.0,0.0,0.0,0,0,0.0,0.0,0,0.0,0.0,0.0,0,0,1,0,1.0,0.0,0.0,0,0.0,1,0.0,0.0,0.0,0,0.0,0.0,0.0,1.0,0.0,0.0,0.0,0.0,0,0.0,1,0.0,1,0.0,1,1.0,0.0,0.0,1,0,0,0.0,0,0,0.0,0.0,0.0,0.0,0.0,0.0,1,0.0,1,0.0,0,0,0.0,0.0,1.0,0.0,0.0,inward,BZT
2729,0.0,0.0,0.0,0.0,0.0,0,0,0.0,0.0,0,0.0,0.0,0.0,0,0,1,0,1.0,0.0,0.0,0,0.0,0,0.0,0.0,0.0,0,1.0,1.0,0.0,1.0,0.0,0.0,0.0,0.0,0,0.0,1,0.0,1,0.0,0,1.0,0.0,0.0,1,1,0,0.0,0,0,0.0,0.0,0.0,0.0,0.0,0.0,0,0.0,1,0.0,0,0,0.0,0.0,1.0,1.0,0.0,inward,BZT
2730,0.0,0.0,0.0,0.0,0.0,0,0,0.0,0.0,0,0.0,0.0,0.0,0,0,1,0,1.0,0.0,0.0,1,0.0,1,0.0,0.0,0.0,1,1.0,0.0,0.0,1.0,0.0,0.0,0.0,0.0,0,0.0,0,0.0,1,0.0,0,1.0,0.0,0.0,1,0,1,0.0,0,0,0.0,0.0,0.0,0.0,0.0,0.0,0,0.0,1,0.0,0,0,0.0,0.0,1.0,1.0,0.0,inward,BZT
2731,0.0,0.0,0.0,0.0,0.0,0,0,0.0,0.0,0,0.0,0.0,0.0,0,0,1,1,1.0,0.0,0.0,0,1.0,0,0.0,0.0,1.0,1,1.0,1.0,0.0,1.0,0.0,0.0,0.0,0.0,0,0.0,1,0.0,1,0.0,1,0.0,0.0,0.0,1,0,1,0.0,0,0,0.0,0.0,0.0,0.0,0.0,0.0,1,0.0,1,0.0,0,0,0.0,0.0,1.0,1.0,0.0,inward,BZT
2732,0.0,0.0,0.0,0.0,0.0,0,0,0.0,0.0,0,0.0,0.0,0.0,0,0,1,0,1.0,0.0,0.0,1,0.0,1,0.0,0.0,0.0,0,1.0,1.0,0.0,0.0,0.0,0.0,0.0,0.0,0,0.0,0,0.0,1,0.0,0,1.0,0.0,0.0,1,0,0,0.0,0,0,0.0,0.0,0.0,0.0,0.0,0.0,0,0.0,1,0.0,0,0,0.0,0.0,1.0,1.0,0.0,inward,BZT
2733,0.0,0.0,0.0,0.0,0.0,0,0,0.0,0.0,0,0.0,0.0,0.0,0,0,1,1,0.0,0.0,0.0,1,0.0,0,0.0,0.0,1.0,1,1.0,0.0,0.0,1.0,0.0,0.0,0.0,0.0,0,0.0,1,0.0,1,0.0,0,1.0,0.0,1.0,1,1,1,0.0,0,0,0.0,1.0,0.0,0.0,0.0,0.0,0,0.0,1,0.0,0,0,0.0,0.0,1.0,1.0,0.0,inward,BZT
2734,0.0,0.0,0.0,0.0,0.0,0,1,0.0,0.0,1,0.0,0.0,0.0,0,0,1,0,0.0,0.0,0.0,1,0.0,0,0.0,0.0,1.0,1,1.0,0.0,0.0,1.0,0.0,0.0,0.0,0.0,0,0.0,0,0.0,1,0.0,0,1.0,1.0,0.0,1,0,1,0.0,0,0,0.0,1.0,0.0,0.0,0.0,0.0,0,0.0,1,0.0,0,0,0.0,0.0,1.0,1.0,0.0,inward,BZT
2735,0.0,0.0,0.0,0.0,0.0,0,1,0.0,0.0,0,0.0,0.0,0.0,0,0,1,1,1.0,0.0,0.0,1,0.0,0,0.0,0.0,0.0,1,1.0,1.0,0.0,1.0,0.0,0.0,0.0,0.0,0,0.0,1,0.0,1,0.0,0,1.0,0.0,0.0,1,0,0,0.0,0,1,0.0,0.0,0.0,0.0,0.0,1.0,0,0.0,1,0.0,0,0,0.0,0.0,1.0,1.0,0.0,inward,BZT
2736,0.0,0.0,0.0,0.0,0.0,0,0,0.0,0.0,0,0.0,0.0,0.0,0,0,1,1,0.0,0.0,0.0,1,1.0,0,0.0,0.0,0.0,0,1.0,0.0,0.0,1.0,0.0,0.0,0.0,0.0,0,0.0,1,0.0,1,0.0,0,0.0,0.0,0.0,1,0,1,0.0,0,0,0.0,1.0,0.0,0.0,0.0,0.0,0,0.0,1,0.0,0,0,0.0,0.0,1.0,1.0,0.0,inward,BZT
2737,0.0,0.0,0.0,0.0,0.0,0,0,0.0,0.0,0,0.0,0.0,0.0,0,0,1,1,1.0,0.0,0.0,0,1.0,1,0.0,0.0,1.0,1,1.0,0.0,0.0,0.0,0.0,0.0,0.0,0.0,0,0.0,0,0.0,1,0.0,0,0.0,0.0,0.0,1,0,1,0.0,0,0,0.0,1.0,0.0,0.0,0.0,0.0,0,0.0,0,0.0,0,0,0.0,0.0,1.0,1.0,0.0,inward,BZT
2738,0.0,0.0,0.0,0.0,0.0,0,0,0.0,0.0,0,0.0,0.0,0.0,0,0,0,0,1.0,1.0,0.0,1,0.0,0,0.0,0.0,0.0,0,1.0,1.0,0.0,1.0,0.0,1.0,0.0,0.0,0,0.0,1,0.0,1,0.0,1,0.0,0.0,0.0,1,0,1,0.0,0,1,0.0,1.0,0.0,0.0,0.0,0.0,0,0.0,1,0.0,0,0,0.0,0.0,1.0,0.0,0.0,inward,BZT
2739,0.0,0.0,0.0,0.0,0.0,0,0,0.0,0.0,0,0.0,0.0,0.0,0,0,1,1,0.0,0.0,0.0,1,0.0,0,0.0,0.0,1.0,1,1.0,1.0,0.0,1.0,0.0,0.0,0.0,0.0,0,0.0,1,0.0,1,0.0,1,0.0,0.0,0.0,1,0,0,0.0,0,1,0.0,1.0,0.0,0.0,0.0,0.0,0,0.0,0,0.0,0,0,0.0,0.0,1.0,1.0,0.0,inward,BZT
2740,0.0,0.0,0.0,0.0,0.0,0,1,0.0,0.0,1,0.0,0.0,0.0,0,0,1,1,0.0,0.0,0.0,1,1.0,0,0.0,0.0,0.0,1,0.0,0.0,0.0,0.0,0.0,0.0,0.0,0.0,0,0.0,1,0.0,1,0.0,0,1.0,0.0,0.0,1,1,1,0.0,0,0,0.0,0.0,0.0,0.0,0.0,0.0,0,0.0,0,0.0,0,0,0.0,0.0,1.0,0.0,0.0,inward,BZT
2741,0.0,0.0,0.0,0.0,0.0,0,0,0.0,0.0,0,0.0,0.0,0.0,0,0,1,0,0.0,0.0,0.0,1,0.0,0,0.0,0.0,0.0,1,1.0,0.0,0.0,0.0,0.0,0.0,0.0,0.0,0,0.0,1,0.0,1,0.0,1,0.0,0.0,0.0,1,0,0,0.0,0,0,0.0,1.0,0.0,0.0,0.0,0.0,0,0.0,1,0.0,0,0,0.0,0.0,1.0,1.0,0.0,inward,BZT
2742,0.0,0.0,0.0,0.0,0.0,0,0,0.0,0.0,0,0.0,0.0,0.0,0,0,1,1,0.0,0.0,0.0,1,0.0,0,0.0,0.0,0.0,0,0.0,0.0,0.0,1.0,0.0,0.0,0.0,0.0,0,0.0,1,0.0,1,0.0,0,1.0,0.0,0.0,1,0,1,0.0,0,0,0.0,0.0,0.0,0.0,0.0,0.0,0,0.0,0,0.0,0,0,0.0,0.0,1.0,1.0,0.0,inward,BZT
2743,0.0,0.0,0.0,0.0,0.0,0,0,0.0,0.0,0,0.0,0.0,0.0,0,0,0,0,0.0,0.0,0.0,1,0.0,0,0.0,0.0,0.0,0,1.0,0.0,0.0,1.0,0.0,0.0,0.0,0.0,0,0.0,1,0.0,1,0.0,0,1.0,0.0,0.0,1,1,1,0.0,0,0,0.0,1.0,0.0,0.0,0.0,0.0,0,0.0,1,0.0,0,0,0.0,0.0,1.0,1.0,0.0,inward,BZT
2744,0.0,0.0,0.0,0.0,0.0,0,1,0.0,0.0,0,0.0,0.0,0.0,0,0,1,0,1.0,0.0,0.0,1,0.0,0,0.0,0.0,0.0,0,1.0,0.0,0.0,0.0,0.0,0.0,0.0,0.0,0,0.0,1,0.0,0,0.0,0,0.0,0.0,0.0,1,0,0,0.0,0,0,0.0,1.0,0.0,0.0,0.0,0.0,0,0.0,1,0.0,0,0,0.0,0.0,1.0,0.0,0.0,inward,BZT
2745,0.0,0.0,0.0,0.0,0.0,0,0,0.0,0.0,0,0.0,0.0,0.0,1,0,1,0,0.0,0.0,0.0,1,0.0,0,0.0,0.0,1.0,1,1.0,0.0,0.0,1.0,0.0,0.0,0.0,0.0,0,0.0,1,0.0,1,0.0,0,0.0,0.0,0.0,1,1,1,0.0,0,0,0.0,1.0,0.0,0.0,0.0,0.0,0,0.0,0,0.0,0,0,0.0,0.0,1.0,1.0,0.0,inward,BZT
2746,0.0,0.0,0.0,0.0,0.0,0,0,0.0,0.0,0,0.0,0.0,0.0,1,0,1,1,0.0,0.0,0.0,1,0.0,0,0.0,0.0,0.0,1,1.0,0.0,0.0,1.0,0.0,0.0,0.0,0.0,0,0.0,1,0.0,1,0.0,0,1.0,0.0,0.0,1,1,1,0.0,0,1,0.0,0.0,0.0,0.0,0.0,0.0,0,0.0,1,0.0,0,0,0.0,0.0,1.0,1.0,0.0,inward,BZT
2747,0.0,0.0,0.0,0.0,0.0,0,1,0.0,0.0,0,0.0,0.0,0.0,0,0,1,0,1.0,1.0,0.0,1,0.0,1,0.0,0.0,0.0,1,1.0,1.0,0.0,1.0,0.0,0.0,0.0,0.0,0,0.0,1,0.0,1,0.0,1,0.0,0.0,0.0,1,1,1,0.0,0,0,0.0,1.0,0.0,0.0,0.0,0.0,0,0.0,0,0.0,0,0,0.0,0.0,1.0,1.0,0.0,inward,BZT
2748,0.0,0.0,0.0,0.0,0.0,0,0,0.0,0.0,0,0.0,0.0,0.0,0,0,0,0,1.0,1.0,0.0,0,0.0,0,0.0,0.0,0.0,0,1.0,1.0,0.0,1.0,0.0,0.0,0.0,0.0,0,0.0,1,0.0,1,0.0,0,0.0,0.0,0.0,1,0,0,0.0,0,0,0.0,1.0,0.0,0.0,0.0,0.0,0,0.0,1,0.0,0,0,0.0,0.0,1.0,1.0,0.0,inward,BZT
2749,0.0,0.0,0.0,0.0,0.0,0,0,0.0,0.0,0,0.0,0.0,0.0,0,0,1,0,1.0,1.0,0.0,0,0.0,0,0.0,0.0,0.0,0,1.0,0.0,0.0,1.0,0.0,0.0,0.0,0.0,0,0.0,1,0.0,1,0.0,1,0.0,0.0,0.0,1,1,1,0.0,0,0,0.0,1.0,0.0,0.0,0.0,0.0,1,0.0,1,0.0,0,0,0.0,0.0,1.0,0.0,0.0,inward,BZT
2750,0.0,0.0,0.0,0.0,0.0,0,0,0.0,0.0,0,0.0,0.0,0.0,0,0,1,0,1.0,1.0,0.0,0,1.0,1,0.0,0.0,0.0,0,1.0,0.0,0.0,1.0,0.0,1.0,0.0,0.0,0,0.0,1,0.0,1,0.0,0,1.0,0.0,0.0,1,1,1,0.0,0,1,0.0,1.0,0.0,0.0,0.0,0.0,0,0.0,1,0.0,0,0,0.0,0.0,1.0,1.0,0.0,inward,BZT
2751,0.0,0.0,0.0,0.0,0.0,0,0,0.0,0.0,0,0.0,0.0,0.0,1,0,1,0,1.0,0.0,0.0,1,0.0,0,0.0,0.0,0.0,0,1.0,0.0,0.0,1.0,0.0,0.0,0.0,0.0,0,0.0,1,0.0,1,0.0,1,0.0,0.0,0.0,1,0,1,0.0,0,0,0.0,1.0,0.0,0.0,0.0,0.0,1,0.0,1,0.0,0,0,0.0,0.0,1.0,1.0,0.0,inward,BZT
2752,0.0,0.0,0.0,0.0,0.0,0,0,0.0,0.0,0,0.0,0.0,0.0,0,0,1,0,1.0,1.0,0.0,0,0.0,0,0.0,0.0,0.0,0,1.0,0.0,0.0,0.0,0.0,0.0,0.0,0.0,0,0.0,1,0.0,1,0.0,0,0.0,0.0,0.0,1,1,1,0.0,0,1,0.0,0.0,0.0,0.0,0.0,0.0,1,0.0,1,0.0,0,0,0.0,0.0,1.0,1.0,0.0,inward,BZT
2753,0.0,0.0,0.0,0.0,0.0,0,0,0.0,0.0,0,0.0,0.0,0.0,0,0,0,0,1.0,0.0,0.0,0,1.0,0,0.0,0.0,0.0,1,1.0,0.0,0.0,0.0,0.0,0.0,0.0,0.0,0,0.0,1,0.0,1,0.0,0,1.0,0.0,1.0,1,0,1,0.0,0,1,0.0,0.0,0.0,0.0,0.0,0.0,1,0.0,1,0.0,0,0,0.0,0.0,1.0,1.0,0.0,inward,BZT
2754,0.0,0.0,0.0,0.0,0.0,0,0,0.0,0.0,0,0.0,0.0,0.0,0,0,1,0,0.0,0.0,0.0,1,1.0,1,0.0,0.0,1.0,1,0.0,0.0,0.0,1.0,0.0,1.0,0.0,0.0,0,0.0,1,0.0,1,0.0,0,0.0,0.0,0.0,1,0,0,0.0,0,0,0.0,1.0,0.0,0.0,0.0,0.0,0,0.0,0,0.0,0,0,0.0,0.0,1.0,1.0,0.0,inward,BZT
2755,0.0,0.0,0.0,0.0,0.0,0,0,0.0,0.0,0,0.0,0.0,0.0,0,0,1,0,0.0,0.0,0.0,0,0.0,0,0.0,0.0,1.0,1,0.0,0.0,0.0,1.0,0.0,0.0,0.0,0.0,0,0.0,1,0.0,1,0.0,1,0.0,0.0,0.0,1,0,0,0.0,1,1,0.0,1.0,0.0,0.0,0.0,0.0,1,0.0,1,0.0,0,0,0.0,0.0,1.0,1.0,0.0,inward,BZT
2756,0.0,0.0,0.0,0.0,0.0,0,0,0.0,0.0,0,0.0,0.0,0.0,0,0,1,1,0.0,0.0,0.0,1,0.0,1,0.0,0.0,0.0,0,1.0,0.0,0.0,0.0,0.0,0.0,0.0,0.0,0,0.0,1,0.0,1,0.0,0,0.0,0.0,0.0,1,0,0,0.0,0,0,0.0,1.0,0.0,0.0,0.0,0.0,0,0.0,1,0.0,0,0,0.0,0.0,1.0,1.0,0.0,inward,BZT
2757,0.0,0.0,0.0,0.0,0.0,0,0,0.0,0.0,0,0.0,0.0,0.0,0,0,1,0,1.0,0.0,0.0,1,0.0,0,0.0,0.0,0.0,1,1.0,1.0,0.0,1.0,0.0,0.0,0.0,0.0,0,0.0,1,0.0,1,0.0,0,0.0,0.0,0.0,1,1,0,0.0,0,0,0.0,1.0,0.0,0.0,0.0,0.0,1,0.0,1,0.0,0,0,0.0,0.0,1.0,1.0,0.0,inward,BZT
2758,0.0,0.0,0.0,0.0,0.0,0,0,0.0,0.0,0,0.0,0.0,0.0,1,0,1,1,1.0,0.0,0.0,1,1.0,0,0.0,0.0,0.0,1,1.0,1.0,0.0,1.0,0.0,0.0,0.0,0.0,0,0.0,1,0.0,1,0.0,0,0.0,0.0,0.0,1,0,0,0.0,0,0,0.0,1.0,0.0,0.0,0.0,0.0,0,0.0,1,0.0,0,0,0.0,0.0,1.0,0.0,0.0,inward,BZT
2759,0.0,0.0,0.0,0.0,0.0,0,1,0.0,0.0,0,0.0,0.0,0.0,1,0,0,0,1.0,1.0,0.0,1,0.0,1,0.0,0.0,0.0,0,1.0,1.0,0.0,1.0,0.0,1.0,0.0,0.0,0,0.0,1,0.0,1,0.0,0,0.0,0.0,0.0,1,0,1,0.0,0,0,0.0,1.0,0.0,0.0,0.0,0.0,0,0.0,0,0.0,0,0,0.0,0.0,1.0,0.0,0.0,inward,BZT
2760,0.0,0.0,0.0,0.0,0.0,0,0,0.0,0.0,0,0.0,0.0,0.0,1,0,1,1,0.0,0.0,0.0,1,0.0,0,0.0,0.0,0.0,1,1.0,1.0,0.0,1.0,0.0,0.0,0.0,0.0,0,0.0,0,0.0,1,0.0,0,0.0,0.0,0.0,1,1,0,0.0,0,0,0.0,0.0,0.0,0.0,0.0,0.0,0,0.0,1,0.0,0,0,0.0,0.0,1.0,1.0,0.0,inward,BZT
2761,0.0,0.0,0.0,0.0,0.0,0,0,0.0,0.0,0,0.0,0.0,0.0,0,0,1,0,1.0,0.0,0.0,0,1.0,0,0.0,0.0,0.0,0,1.0,0.0,0.0,1.0,0.0,0.0,0.0,0.0,0,0.0,1,0.0,1,0.0,0,0.0,0.0,0.0,1,0,0,0.0,0,0,0.0,0.0,0.0,0.0,0.0,0.0,1,0.0,1,0.0,0,0,0.0,0.0,1.0,1.0,0.0,inward,BZT
2762,0.0,0.0,0.0,0.0,0.0,0,1,0.0,0.0,0,0.0,0.0,0.0,0,0,1,0,1.0,0.0,0.0,1,0.0,0,0.0,0.0,0.0,1,1.0,0.0,0.0,1.0,0.0,0.0,0.0,0.0,0,0.0,0,0.0,1,0.0,1,0.0,0.0,0.0,1,0,0,0.0,0,0,0.0,0.0,0.0,0.0,0.0,0.0,0,0.0,1,0.0,0,0,0.0,0.0,1.0,0.0,0.0,inward,BZT
2763,0.0,0.0,0.0,0.0,0.0,0,0,0.0,0.0,0,0.0,0.0,0.0,1,0,1,1,1.0,1.0,0.0,0,0.0,0,0.0,0.0,0.0,0,1.0,0.0,0.0,1.0,0.0,0.0,0.0,0.0,0,0.0,0,0.0,1,0.0,1,0.0,0.0,0.0,1,0,0,0.0,0,0,0.0,1.0,0.0,0.0,0.0,0.0,0,0.0,1,0.0,0,0,0.0,0.0,1.0,1.0,0.0,inward,BZT
2764,0.0,0.0,0.0,0.0,0.0,0,1,0.0,0.0,0,0.0,0.0,0.0,0,0,1,0,1.0,0.0,0.0,0,1.0,0,0.0,0.0,0.0,0,1.0,0.0,0.0,0.0,0.0,0.0,0.0,0.0,0,0.0,1,0.0,1,0.0,1,0.0,0.0,0.0,1,1,1,0.0,0,0,0.0,0.0,0.0,0.0,0.0,0.0,0,0.0,0,0.0,0,0,0.0,0.0,1.0,0.0,0.0,inward,BZT
2765,0.0,0.0,0.0,0.0,0.0,0,0,0.0,0.0,0,0.0,0.0,0.0,0,0,1,0,1.0,0.0,0.0,0,0.0,1,0.0,0.0,0.0,0,1.0,0.0,0.0,1.0,0.0,0.0,0.0,0.0,0,0.0,0,0.0,1,0.0,0,0.0,0.0,0.0,1,0,1,0.0,0,0,0.0,0.0,0.0,0.0,0.0,0.0,0,0.0,1,0.0,0,0,0.0,0.0,1.0,1.0,0.0,inward,BZT
2766,0.0,0.0,0.0,0.0,0.0,0,0,0.0,0.0,0,0.0,0.0,0.0,0,0,1,1,1.0,0.0,0.0,0,1.0,0,0.0,0.0,0.0,1,1.0,0.0,0.0,0.0,0.0,0.0,0.0,0.0,0,0.0,1,0.0,1,0.0,1,0.0,0.0,0.0,1,0,0,0.0,0,1,0.0,0.0,0.0,0.0,0.0,0.0,0,0.0,1,0.0,0,0,0.0,0.0,1.0,1.0,0.0,inward,BZT
2767,0.0,0.0,0.0,0.0,0.0,0,0,0.0,0.0,0,0.0,0.0,0.0,0,0,1,0,1.0,1.0,0.0,0,1.0,0,0.0,0.0,0.0,0,1.0,1.0,0.0,1.0,0.0,0.0,0.0,0.0,0,0.0,1,0.0,1,0.0,0,0.0,0.0,0.0,1,1,1,0.0,0,0,0.0,0.0,0.0,0.0,0.0,0.0,0,0.0,1,0.0,0,0,0.0,0.0,1.0,1.0,0.0,inward,BZT
2768,0.0,0.0,0.0,0.0,0.0,0,0,0.0,0.0,0,0.0,0.0,0.0,1,0,1,0,1.0,1.0,0.0,1,1.0,0,0.0,0.0,0.0,1,1.0,0.0,0.0,1.0,0.0,0.0,0.0,1.0,0,0.0,0,0.0,1,0.0,0,0.0,0.0,0.0,1,0,0,0.0,0,0,0.0,1.0,0.0,0.0,0.0,0.0,1,0.0,1,0.0,0,0,0.0,0.0,1.0,0.0,0.0,inward,BZT
2769,0.0,0.0,0.0,0.0,0.0,0,0,0.0,0.0,0,0.0,0.0,0.0,0,0,1,0,0.0,1.0,0.0,1,0.0,0,0.0,0.0,0.0,0,1.0,1.0,0.0,0.0,0.0,0.0,0.0,0.0,0,0.0,1,0.0,1,0.0,0,0.0,0.0,0.0,1,0,1,0.0,0,0,0.0,0.0,0.0,0.0,0.0,0.0,0,0.0,1,0.0,0,0,0.0,0.0,1.0,0.0,0.0,inward,BZT
2770,0.0,0.0,0.0,0.0,0.0,0,0,0.0,0.0,0,0.0,0.0,0.0,0,0,1,0,0.0,0.0,0.0,1,1.0,0,0.0,0.0,0.0,1,1.0,1.0,0.0,0.0,0.0,0.0,0.0,0.0,0,0.0,1,0.0,1,0.0,0,1.0,0.0,0.0,1,1,1,0.0,0,1,0.0,0.0,0.0,0.0,0.0,0.0,1,0.0,1,0.0,0,0,0.0,0.0,1.0,1.0,0.0,inward,BZT
2771,0.0,0.0,0.0,0.0,0.0,0,0,0.0,0.0,0,0.0,0.0,0.0,0,0,1,0,0.0,0.0,0.0,1,0.0,0,0.0,0.0,0.0,1,1.0,1.0,0.0,1.0,0.0,0.0,0.0,0.0,0,0.0,1,0.0,1,0.0,1,0.0,0.0,0.0,1,0,1,0.0,0,0,0.0,0.0,0.0,0.0,0.0,0.0,0,0.0,0,0.0,0,0,0.0,0.0,1.0,1.0,0.0,inward,BZT
2772,0.0,0.0,0.0,0.0,0.0,0,0,0.0,0.0,0,0.0,0.0,0.0,0,0,0,0,1.0,1.0,0.0,1,1.0,0,0.0,0.0,0.0,1,1.0,0.0,0.0,0.0,0.0,0.0,0.0,0.0,0,0.0,0,0.0,1,0.0,1,0.0,0.0,0.0,1,1,1,0.0,0,0,0.0,0.0,0.0,0.0,0.0,0.0,1,0.0,1,0.0,0,0,0.0,0.0,1.0,1.0,0.0,inward,BZT
2773,0.0,0.0,0.0,0.0,0.0,0,0,0.0,0.0,0,0.0,0.0,0.0,0,0,1,0,0.0,0.0,0.0,1,0.0,0,0.0,0.0,0.0,1,1.0,1.0,0.0,1.0,0.0,0.0,0.0,0.0,0,0.0,1,0.0,1,0.0,0,0.0,0.0,0.0,1,0,1,0.0,0,0,0.0,1.0,0.0,0.0,0.0,0.0,0,0.0,0,0.0,0,0,0.0,0.0,1.0,1.0,0.0,inward,BZT
2774,0.0,0.0,0.0,0.0,0.0,0,0,0.0,0.0,0,0.0,0.0,0.0,0,0,1,0,0.0,0.0,0.0,1,0.0,1,0.0,0.0,0.0,1,1.0,1.0,0.0,0.0,0.0,0.0,0.0,0.0,0,0.0,1,0.0,1,0.0,0,0.0,0.0,0.0,1,0,1,0.0,0,0,0.0,0.0,0.0,0.0,0.0,0.0,0,0.0,0,0.0,0,0,0.0,0.0,1.0,1.0,0.0,inward,BZT
2775,0.0,0.0,0.0,0.0,0.0,0,0,0.0,0.0,0,0.0,0.0,0.0,0,0,1,0,0.0,0.0,0.0,1,1.0,0,0.0,0.0,0.0,1,1.0,1.0,0.0,0.0,0.0,0.0,0.0,0.0,0,0.0,1,0.0,1,0.0,0,0.0,0.0,0.0,1,0,1,0.0,0,0,0.0,0.0,0.0,0.0,0.0,0.0,0,0.0,1,0.0,0,0,0.0,0.0,1.0,0.0,0.0,inward,BZT
2776,0.0,0.0,0.0,0.0,0.0,0,1,0.0,0.0,0,0.0,0.0,0.0,0,0,1,0,0.0,0.0,0.0,1,0.0,0,0.0,0.0,0.0,0,1.0,1.0,0.0,1.0,0.0,0.0,0.0,0.0,0,0.0,0,0.0,1,0.0,0,0.0,0.0,0.0,1,0,0,0.0,0,0,0.0,0.0,0.0,0.0,0.0,0.0,0,0.0,1,0.0,0,0,0.0,0.0,1.0,1.0,0.0,inward,BZT
2777,0.0,0.0,0.0,0.0,0.0,0,0,0.0,0.0,0,0.0,0.0,0.0,0,0,1,0,0.0,0.0,0.0,1,0.0,0,0.0,0.0,1.0,1,1.0,0.0,0.0,1.0,0.0,0.0,0.0,0.0,0,0.0,1,0.0,1,0.0,0,1.0,1.0,0.0,1,0,1,0.0,0,0,0.0,1.0,0.0,0.0,0.0,0.0,0,0.0,1,0.0,0,0,0.0,0.0,1.0,1.0,0.0,inward,BZT
2778,0.0,0.0,0.0,0.0,0.0,0,0,0.0,0.0,0,0.0,0.0,0.0,0,0,1,0,1.0,0.0,0.0,1,0.0,0,0.0,0.0,1.0,0,1.0,0.0,0.0,1.0,0.0,0.0,0.0,0.0,0,0.0,1,0.0,1,0.0,1,1.0,1.0,0.0,1,0,1,0.0,0,0,0.0,1.0,0.0,0.0,0.0,0.0,0,0.0,0,0.0,0,0,0.0,0.0,1.0,1.0,0.0,inward,BZT
2779,0.0,0.0,0.0,0.0,0.0,0,0,0.0,0.0,0,0.0,0.0,0.0,0,0,1,0,0.0,0.0,0.0,0,1.0,0,0.0,0.0,0.0,0,1.0,1.0,0.0,1.0,0.0,0.0,0.0,0.0,0,0.0,1,0.0,1,0.0,0,0.0,0.0,0.0,1,0,0,0.0,0,0,0.0,0.0,0.0,0.0,0.0,0.0,0,0.0,1,0.0,0,0,0.0,0.0,1.0,1.0,0.0,inward,BZT
2780,0.0,0.0,0.0,0.0,0.0,0,0,0.0,0.0,0,0.0,0.0,0.0,1,0,1,1,0.0,0.0,0.0,0,0.0,0,0.0,0.0,0.0,0,1.0,0.0,0.0,0.0,0.0,0.0,0.0,0.0,0,0.0,1,0.0,1,0.0,0,0.0,0.0,0.0,1,0,0,0.0,0,0,0.0,1.0,0.0,0.0,0.0,0.0,0,0.0,1,0.0,0,0,0.0,0.0,1.0,1.0,0.0,inward,BZT
2781,0.0,0.0,0.0,0.0,0.0,0,1,0.0,0.0,0,0.0,0.0,0.0,0,0,1,0,0.0,0.0,0.0,1,0.0,0,0.0,0.0,0.0,1,1.0,1.0,0.0,1.0,0.0,0.0,0.0,0.0,0,0.0,0,0.0,1,0.0,1,0.0,0.0,0.0,1,0,1,0.0,0,0,0.0,0.0,0.0,0.0,0.0,0.0,1,0.0,1,0.0,0,0,0.0,0.0,1.0,1.0,0.0,inward,BZT
2782,0.0,0.0,0.0,0.0,0.0,0,1,0.0,0.0,0,0.0,0.0,0.0,0,0,1,1,0.0,0.0,0.0,1,0.0,0,0.0,0.0,0.0,1,1.0,0.0,0.0,0.0,0.0,0.0,0.0,0.0,0,0.0,0,0.0,1,0.0,0,0.0,0.0,0.0,1,0,1,0.0,0,1,0.0,0.0,0.0,0.0,0.0,0.0,0,0.0,0,0.0,0,0,0.0,0.0,1.0,1.0,0.0,inward,BZT
2783,0.0,0.0,0.0,0.0,0.0,0,0,0.0,0.0,0,0.0,0.0,0.0,0,0,1,1,1.0,1.0,0.0,0,1.0,0,0.0,0.0,0.0,0,1.0,0.0,0.0,0.0,0.0,0.0,0.0,0.0,0,0.0,1,0.0,1,0.0,0,0.0,0.0,0.0,1,1,1,0.0,0,0,0.0,1.0,0.0,0.0,0.0,0.0,0,0.0,0,0.0,0,0,0.0,0.0,1.0,0.0,0.0,inward,BZT
2784,0.0,0.0,0.0,0.0,0.0,0,1,0.0,0.0,0,0.0,0.0,0.0,1,0,1,0,1.0,0.0,0.0,1,1.0,0,0.0,0.0,0.0,0,1.0,0.0,0.0,0.0,0.0,0.0,0.0,0.0,0,0.0,0,0.0,1,0.0,0,0.0,0.0,0.0,1,1,1,0.0,0,0,0.0,0.0,0.0,0.0,0.0,0.0,0,0.0,1,0.0,0,0,0.0,0.0,1.0,1.0,0.0,inward,BZT
2785,0.0,0.0,0.0,0.0,0.0,0,0,0.0,0.0,0,0.0,0.0,0.0,1,0,1,1,1.0,0.0,0.0,0,1.0,0,0.0,0.0,0.0,0,1.0,1.0,0.0,1.0,0.0,0.0,0.0,0.0,0,0.0,1,0.0,1,0.0,0,1.0,0.0,0.0,1,1,1,0.0,0,0,0.0,0.0,0.0,0.0,0.0,0.0,0,0.0,0,0.0,0,0,0.0,0.0,1.0,1.0,0.0,inward,BZT
2786,0.0,0.0,0.0,0.0,0.0,0,0,0.0,0.0,0,0.0,0.0,0.0,0,0,1,0,1.0,0.0,0.0,1,0.0,0,0.0,0.0,0.0,1,1.0,1.0,0.0,0.0,0.0,0.0,0.0,0.0,0,0.0,1,0.0,1,0.0,0,1.0,0.0,0.0,1,1,1,0.0,0,0,0.0,0.0,0.0,0.0,0.0,0.0,0,0.0,0,0.0,0,0,0.0,0.0,1.0,1.0,0.0,inward,BZT
2787,0.0,0.0,0.0,0.0,0.0,0,0,0.0,0.0,0,0.0,0.0,0.0,0,0,1,0,1.0,0.0,0.0,1,1.0,0,0.0,0.0,0.0,1,1.0,1.0,0.0,1.0,0.0,1.0,0.0,0.0,0,0.0,0,0.0,1,0.0,1,0.0,0.0,0.0,1,1,1,0.0,0,0,0.0,0.0,0.0,0.0,0.0,0.0,1,0.0,1,0.0,0,0,0.0,0.0,1.0,1.0,0.0,inward,BZT
2788,0.0,0.0,0.0,0.0,0.0,0,0,0.0,0.0,0,0.0,0.0,0.0,1,0,1,1,0.0,0.0,0.0,1,0.0,0,0.0,0.0,1.0,1,1.0,0.0,0.0,1.0,0.0,1.0,0.0,0.0,0,0.0,1,0.0,1,0.0,1,0.0,0.0,0.0,1,0,1,0.0,0,0,0.0,0.0,0.0,0.0,0.0,0.0,0,0.0,0,0.0,0,0,0.0,0.0,1.0,1.0,0.0,inward,BZT
2789,0.0,0.0,0.0,0.0,0.0,0,0,0.0,0.0,0,0.0,0.0,0.0,0,0,1,1,1.0,0.0,0.0,0,0.0,0,0.0,0.0,0.0,1,1.0,0.0,0.0,0.0,0.0,0.0,0.0,0.0,0,0.0,1,0.0,1,0.0,0,0.0,0.0,0.0,1,0,0,0.0,0,0,0.0,0.0,0.0,0.0,0.0,0.0,1,0.0,0,0.0,0,0,0.0,0.0,1.0,0.0,0.0,inward,BZT
2790,0.0,0.0,0.0,0.0,0.0,0,0,0.0,0.0,0,0.0,0.0,0.0,1,0,1,1,1.0,1.0,0.0,0,0.0,0,0.0,0.0,0.0,0,1.0,0.0,0.0,0.0,0.0,0.0,0.0,0.0,0,0.0,1,0.0,1,0.0,0,0.0,0.0,0.0,1,1,0,0.0,0,1,0.0,0.0,0.0,0.0,0.0,0.0,0,0.0,0,0.0,0,0,0.0,0.0,1.0,0.0,0.0,inward,BZT
2791,0.0,0.0,0.0,0.0,0.0,0,0,0.0,0.0,0,0.0,0.0,0.0,0,0,1,0,1.0,0.0,0.0,1,0.0,0,0.0,0.0,0.0,1,1.0,0.0,0.0,0.0,0.0,0.0,0.0,0.0,0,0.0,0,0.0,1,0.0,0,0.0,0.0,0.0,1,0,0,0.0,0,0,0.0,0.0,0.0,0.0,0.0,0.0,0,0.0,0,0.0,0,0,0.0,0.0,1.0,0.0,0.0,inward,BZT
2792,0.0,0.0,0.0,0.0,0.0,0,0,0.0,0.0,0,0.0,0.0,0.0,0,0,1,1,1.0,0.0,0.0,0,0.0,0,0.0,0.0,0.0,0,1.0,0.0,0.0,1.0,0.0,0.0,0.0,0.0,0,0.0,1,0.0,1,0.0,0,0.0,0.0,0.0,1,1,0,0.0,0,0,0.0,0.0,0.0,0.0,0.0,0.0,0,0.0,0,0.0,0,0,0.0,0.0,1.0,1.0,0.0,inward,BZT
2793,0.0,0.0,0.0,0.0,0.0,0,0,0.0,0.0,0,0.0,0.0,0.0,0,0,1,1,1.0,0.0,0.0,0,0.0,0,0.0,0.0,0.0,0,1.0,1.0,0.0,1.0,0.0,0.0,0.0,1.0,0,0.0,1,0.0,1,0.0,1,0.0,0.0,0.0,1,0,0,0.0,0,0,0.0,1.0,0.0,0.0,0.0,0.0,0,0.0,1,0.0,0,0,0.0,0.0,1.0,1.0,0.0,inward,BZT
2794,0.0,0.0,0.0,0.0,0.0,0,0,0.0,0.0,0,0.0,0.0,0.0,0,0,1,0,1.0,0.0,0.0,1,1.0,0,0.0,0.0,0.0,0,1.0,1.0,0.0,0.0,0.0,0.0,0.0,0.0,0,0.0,0,0.0,1,0.0,0,0.0,0.0,0.0,1,1,1,0.0,0,0,0.0,0.0,0.0,0.0,0.0,0.0,0,0.0,0,0.0,0,0,0.0,0.0,1.0,1.0,0.0,inward,BZT
2795,0.0,0.0,0.0,0.0,0.0,0,1,0.0,0.0,0,0.0,0.0,0.0,0,0,1,1,0.0,0.0,0.0,1,0.0,0,0.0,0.0,0.0,0,1.0,0.0,0.0,0.0,0.0,0.0,0.0,0.0,0,0.0,1,0.0,1,0.0,0,1.0,0.0,0.0,1,0,1,0.0,0,0,0.0,0.0,0.0,0.0,0.0,0.0,1,0.0,1,0.0,0,0,0.0,0.0,1.0,1.0,0.0,inward,BZT
2796,0.0,0.0,0.0,0.0,0.0,0,0,0.0,0.0,0,0.0,0.0,0.0,0,0,1,0,0.0,0.0,0.0,0,1.0,1,0.0,0.0,0.0,0,1.0,1.0,0.0,1.0,0.0,0.0,0.0,0.0,0,0.0,0,0.0,1,0.0,1,0.0,0.0,0.0,1,0,1,0.0,1,0,0.0,0.0,0.0,0.0,0.0,0.0,0,0.0,1,0.0,0,0,0.0,0.0,1.0,1.0,0.0,inward,BZT
2797,0.0,0.0,0.0,0.0,0.0,0,0,0.0,0.0,0,0.0,0.0,0.0,1,0,1,0,0.0,0.0,0.0,0,0.0,0,0.0,0.0,0.0,0,1.0,1.0,0.0,0.0,0.0,0.0,0.0,0.0,0,0.0,0,0.0,1,0.0,0,0.0,0.0,0.0,1,0,1,0.0,0,0,0.0,0.0,0.0,0.0,0.0,0.0,0,0.0,1,0.0,0,0,0.0,0.0,1.0,1.0,0.0,inward,BZT
2798,0.0,0.0,0.0,0.0,0.0,0,0,0.0,0.0,0,0.0,0.0,0.0,0,0,1,0,1.0,0.0,0.0,0,0.0,0,0.0,0.0,0.0,0,1.0,0.0,0.0,1.0,0.0,0.0,0.0,0.0,0,0.0,1,0.0,1,0.0,0,0.0,0.0,0.0,1,0,0,0.0,0,0,0.0,1.0,0.0,0.0,0.0,0.0,0,0.0,0,0.0,0,0,0.0,0.0,1.0,0.0,0.0,inward,BZT
2799,0.0,0.0,0.0,0.0,0.0,0,0,0.0,0.0,0,0.0,0.0,0.0,0,0,0,0,0.0,0.0,0.0,1,1.0,0,0.0,0.0,0.0,1,1.0,0.0,0.0,0.0,0.0,0.0,0.0,0.0,0,0.0,1,0.0,1,0.0,0,0.0,0.0,0.0,1,1,1,0.0,0,1,0.0,0.0,0.0,0.0,0.0,0.0,0,0.0,1,0.0,0,0,0.0,0.0,1.0,1.0,0.0,inward,BZT
2800,0.0,0.0,0.0,0.0,0.0,0,0,0.0,0.0,0,0.0,0.0,0.0,0,0,1,0,0.0,0.0,0.0,0,0.0,0,0.0,0.0,1.0,1,1.0,1.0,0.0,0.0,1.0,0.0,0.0,0.0,0,0.0,1,0.0,1,0.0,1,0.0,0.0,0.0,1,0,1,0.0,0,0,0.0,1.0,0.0,0.0,0.0,0.0,0,0.0,1,0.0,0,0,0.0,0.0,1.0,1.0,0.0,inward,BZT
2801,0.0,0.0,0.0,0.0,0.0,0,0,0.0,0.0,0,0.0,0.0,0.0,0,0,1,0,0.0,0.0,0.0,0,0.0,0,0.0,0.0,0.0,0,1.0,1.0,0.0,1.0,0.0,0.0,0.0,0.0,0,0.0,1,0.0,1,0.0,0,0.0,0.0,0.0,1,1,1,0.0,0,0,0.0,0.0,0.0,0.0,0.0,0.0,0,0.0,1,0.0,0,0,0.0,0.0,1.0,0.0,0.0,inward,BZT
2802,0.0,0.0,0.0,0.0,0.0,0,1,0.0,0.0,0,0.0,0.0,0.0,0,0,1,0,0.0,0.0,0.0,0,0.0,0,0.0,0.0,1.0,0,1.0,1.0,0.0,0.0,0.0,0.0,0.0,0.0,0,0.0,1,0.0,1,0.0,1,0.0,0.0,0.0,1,1,1,0.0,0,0,0.0,0.0,0.0,0.0,0.0,0.0,0,0.0,0,0.0,0,0,0.0,0.0,1.0,1.0,0.0,inward,BZT
2803,0.0,0.0,0.0,0.0,0.0,0,0,0.0,0.0,0,0.0,0.0,0.0,0,0,1,0,0.0,0.0,0.0,0,1.0,1,0.0,0.0,0.0,1,1.0,0.0,0.0,0.0,0.0,0.0,0.0,0.0,0,0.0,0,0.0,1,0.0,0,0.0,0.0,0.0,1,0,0,0.0,0,1,0.0,0.0,0.0,0.0,0.0,0.0,1,0.0,1,0.0,0,0,0.0,0.0,1.0,1.0,0.0,inward,BZT
2804,0.0,0.0,0.0,0.0,0.0,0,0,0.0,0.0,0,0.0,0.0,0.0,0,0,1,0,1.0,0.0,0.0,1,1.0,0,0.0,0.0,0.0,1,1.0,1.0,0.0,0.0,0.0,0.0,0.0,0.0,0,0.0,1,0.0,1,0.0,0,0.0,0.0,0.0,1,0,0,0.0,0,0,0.0,0.0,0.0,0.0,0.0,0.0,0,0.0,1,0.0,0,0,0.0,0.0,1.0,1.0,0.0,inward,BZT
2805,0.0,0.0,0.0,0.0,0.0,0,0,0.0,0.0,0,0.0,0.0,0.0,0,0,1,0,0.0,0.0,0.0,1,1.0,0,0.0,0.0,0.0,1,1.0,1.0,0.0,1.0,0.0,0.0,0.0,0.0,0,0.0,1,0.0,1,0.0,0,0.0,0.0,0.0,1,1,1,0.0,0,0,0.0,1.0,0.0,0.0,0.0,0.0,0,0.0,0,0.0,0,0,0.0,0.0,1.0,1.0,0.0,inward,BZT
2806,0.0,0.0,0.0,0.0,0.0,0,0,0.0,0.0,0,0.0,0.0,0.0,0,0,1,1,0.0,0.0,0.0,1,0.0,0,0.0,0.0,0.0,1,1.0,1.0,0.0,1.0,0.0,0.0,0.0,0.0,0,0.0,1,0.0,1,0.0,1,0.0,0.0,0.0,1,0,1,0.0,1,0,0.0,1.0,0.0,0.0,0.0,0.0,0,0.0,1,0.0,0,0,0.0,0.0,1.0,1.0,0.0,inward,BZT
2807,0.0,0.0,0.0,0.0,0.0,0,0,0.0,0.0,0,0.0,0.0,0.0,0,0,1,1,0.0,0.0,0.0,0,0.0,0,0.0,0.0,1.0,1,1.0,0.0,0.0,1.0,0.0,0.0,0.0,0.0,0,0.0,0,0.0,1,0.0,0,1.0,0.0,0.0,1,0,1,0.0,0,0,0.0,1.0,0.0,0.0,0.0,0.0,0,0.0,1,0.0,0,0,0.0,0.0,1.0,1.0,0.0,inward,BZT
2808,0.0,0.0,0.0,0.0,0.0,0,0,0.0,0.0,0,0.0,0.0,0.0,0,0,1,0,0.0,0.0,0.0,1,0.0,0,0.0,0.0,0.0,1,0.0,0.0,0.0,1.0,0.0,0.0,0.0,0.0,0,0.0,1,0.0,1,0.0,0,1.0,0.0,0.0,1,1,0,0.0,0,0,0.0,1.0,0.0,0.0,0.0,0.0,0,0.0,0,0.0,0,0,0.0,0.0,1.0,1.0,0.0,inward,BZT
2809,0.0,0.0,0.0,0.0,0.0,0,0,0.0,0.0,0,0.0,0.0,0.0,0,0,1,0,0.0,0.0,0.0,0,0.0,0,0.0,0.0,0.0,0,0.0,0.0,0.0,0.0,0.0,0.0,0.0,0.0,0,0.0,0,0.0,1,0.0,0,1.0,1.0,0.0,1,1,1,0.0,0,0,0.0,0.0,0.0,0.0,0.0,0.0,0,0.0,1,0.0,0,0,0.0,0.0,1.0,1.0,0.0,inward,BZT
2810,0.0,0.0,0.0,0.0,0.0,0,1,0.0,0.0,0,0.0,0.0,0.0,0,0,1,1,0.0,0.0,0.0,1,0.0,0,1.0,0.0,1.0,1,1.0,0.0,0.0,1.0,0.0,0.0,0.0,0.0,0,0.0,0,0.0,1,0.0,0,0.0,0.0,0.0,1,1,1,0.0,1,0,0.0,1.0,0.0,0.0,0.0,0.0,0,0.0,1,0.0,0,0,0.0,0.0,1.0,1.0,0.0,inward,BZT
2811,0.0,0.0,0.0,0.0,0.0,0,0,0.0,0.0,0,0.0,0.0,0.0,0,0,1,0,0.0,0.0,0.0,0,0.0,0,0.0,0.0,0.0,1,1.0,0.0,0.0,0.0,0.0,0.0,0.0,0.0,0,0.0,1,0.0,1,0.0,0,0.0,0.0,0.0,1,1,1,0.0,0,0,0.0,1.0,0.0,0.0,0.0,0.0,0,0.0,1,0.0,0,0,0.0,0.0,1.0,1.0,0.0,inward,BZT
2812,0.0,0.0,0.0,0.0,0.0,0,0,0.0,0.0,0,0.0,0.0,0.0,0,0,1,0,0.0,0.0,0.0,0,0.0,0,0.0,0.0,0.0,0,1.0,1.0,0.0,0.0,0.0,0.0,0.0,0.0,0,0.0,1,0.0,1,0.0,0,0.0,0.0,0.0,1,0,1,0.0,0,0,0.0,0.0,0.0,0.0,0.0,0.0,0,0.0,1,0.0,0,0,0.0,0.0,1.0,0.0,0.0,inward,BZT
2813,0.0,0.0,0.0,0.0,0.0,0,0,0.0,0.0,0,0.0,0.0,0.0,0,0,1,0,0.0,0.0,0.0,0,0.0,0,0.0,0.0,0.0,1,1.0,0.0,0.0,1.0,0.0,0.0,0.0,0.0,0,0.0,0,0.0,1,0.0,0,0.0,0.0,0.0,1,1,0,0.0,0,0,0.0,1.0,0.0,0.0,0.0,0.0,0,0.0,1,0.0,0,0,0.0,0.0,1.0,0.0,0.0,inward,BZT
2814,0.0,0.0,0.0,0.0,0.0,0,0,0.0,0.0,0,0.0,0.0,0.0,1,0,1,0,0.0,0.0,0.0,1,1.0,0,0.0,0.0,0.0,0,1.0,1.0,0.0,1.0,0.0,0.0,0.0,0.0,0,0.0,1,0.0,1,0.0,0,0.0,0.0,0.0,1,1,1,0.0,0,1,0.0,1.0,0.0,0.0,0.0,0.0,0,0.0,0,0.0,0,0,0.0,0.0,1.0,0.0,0.0,inward,BZT
2815,0.0,0.0,0.0,0.0,0.0,0,0,0.0,0.0,0,0.0,0.0,0.0,0,0,1,0,0.0,0.0,0.0,0,0.0,0,0.0,0.0,1.0,0,1.0,0.0,0.0,1.0,0.0,0.0,0.0,0.0,0,0.0,0,0.0,1,0.0,1,0.0,0.0,0.0,1,1,1,0.0,0,1,0.0,0.0,0.0,0.0,0.0,0.0,0,0.0,0,0.0,0,0,0.0,0.0,1.0,1.0,0.0,inward,BZT
2816,0.0,0.0,0.0,0.0,0.0,0,0,0.0,0.0,0,0.0,0.0,0.0,0,0,1,0,0.0,0.0,0.0,1,0.0,0,0.0,0.0,0.0,1,1.0,1.0,0.0,0.0,0.0,0.0,0.0,0.0,0,0.0,0,0.0,1,0.0,1,0.0,0.0,0.0,1,1,1,0.0,0,0,0.0,0.0,0.0,0.0,0.0,0.0,0,0.0,1,0.0,0,0,0.0,0.0,1.0,1.0,0.0,inward,BZT
2817,0.0,0.0,0.0,0.0,0.0,0,0,0.0,0.0,0,0.0,0.0,0.0,0,0,1,1,0.0,0.0,0.0,1,0.0,0,0.0,0.0,0.0,1,1.0,1.0,0.0,0.0,0.0,0.0,0.0,0.0,0,0.0,0,0.0,1,0.0,1,0.0,0.0,0.0,1,0,0,0.0,1,0,0.0,0.0,0.0,0.0,0.0,0.0,0,0.0,1,0.0,0,0,0.0,0.0,1.0,1.0,0.0,inward,BZT
2818,0.0,0.0,0.0,0.0,0.0,0,0,0.0,0.0,0,0.0,0.0,0.0,0,0,1,0,0.0,0.0,0.0,0,0.0,0,0.0,0.0,0.0,0,1.0,0.0,0.0,0.0,0.0,0.0,0.0,0.0,0,0.0,1,0.0,1,0.0,0,0.0,0.0,0.0,1,0,0,0.0,0,1,0.0,0.0,0.0,0.0,0.0,0.0,0,0.0,1,0.0,0,0,0.0,0.0,1.0,1.0,0.0,inward,BZT
2819,0.0,0.0,0.0,0.0,0.0,0,0,0.0,0.0,0,0.0,0.0,0.0,0,0,1,0,0.0,0.0,0.0,0,1.0,0,0.0,0.0,0.0,0,1.0,0.0,0.0,0.0,0.0,0.0,0.0,0.0,0,0.0,1,0.0,1,0.0,0,0.0,0.0,0.0,1,1,1,0.0,0,1,0.0,0.0,0.0,0.0,0.0,0.0,0,0.0,0,0.0,0,0,0.0,0.0,1.0,1.0,0.0,inward,BZT
2820,0.0,0.0,0.0,0.0,0.0,0,0,0.0,0.0,0,0.0,0.0,0.0,0,0,1,0,0.0,0.0,0.0,0,0.0,0,0.0,0.0,0.0,0,1.0,0.0,0.0,1.0,0.0,0.0,0.0,0.0,0,0.0,0,0.0,1,0.0,0,0.0,0.0,0.0,1,1,1,0.0,0,0,0.0,0.0,0.0,0.0,0.0,0.0,0,0.0,1,0.0,0,0,0.0,0.0,1.0,0.0,0.0,inward,BZT
2821,0.0,0.0,0.0,0.0,0.0,0,0,0.0,0.0,0,0.0,0.0,0.0,0,0,1,0,0.0,0.0,0.0,1,0.0,0,0.0,0.0,0.0,0,1.0,1.0,0.0,0.0,0.0,0.0,0.0,0.0,0,0.0,1,0.0,1,0.0,1,0.0,0.0,0.0,1,0,1,0.0,0,0,0.0,0.0,0.0,0.0,0.0,0.0,1,0.0,1,0.0,0,0,0.0,0.0,1.0,0.0,0.0,inward,BZT
2822,0.0,0.0,0.0,0.0,0.0,0,0,0.0,0.0,0,0.0,0.0,0.0,0,0,0,0,1.0,0.0,0.0,1,0.0,0,0.0,0.0,0.0,0,1.0,1.0,0.0,1.0,0.0,0.0,0.0,0.0,0,0.0,1,0.0,1,0.0,1,0.0,0.0,0.0,1,1,0,0.0,0,0,0.0,1.0,0.0,0.0,0.0,0.0,0,0.0,1,0.0,0,0,0.0,0.0,1.0,0.0,0.0,inward,BZT
2823,0.0,0.0,0.0,0.0,0.0,0,0,0.0,0.0,0,0.0,0.0,0.0,0,0,1,0,1.0,0.0,0.0,0,1.0,0,0.0,0.0,0.0,0,1.0,1.0,0.0,0.0,0.0,0.0,0.0,0.0,0,0.0,0,0.0,1,0.0,1,0.0,0.0,0.0,1,0,1,0.0,0,0,0.0,0.0,0.0,0.0,0.0,0.0,0,0.0,1,0.0,0,0,0.0,0.0,1.0,1.0,0.0,inward,BZT
2824,0.0,0.0,0.0,0.0,0.0,0,1,0.0,0.0,0,0.0,0.0,0.0,0,0,1,0,0.0,0.0,0.0,1,0.0,0,0.0,0.0,0.0,0,1.0,1.0,0.0,1.0,0.0,0.0,0.0,0.0,0,0.0,0,0.0,1,0.0,1,0.0,0.0,0.0,1,1,1,0.0,0,0,0.0,0.0,0.0,0.0,0.0,0.0,0,0.0,0,0.0,0,0,0.0,0.0,1.0,1.0,0.0,inward,BZT
2825,0.0,0.0,0.0,0.0,0.0,0,0,0.0,0.0,0,0.0,0.0,0.0,0,0,1,1,1.0,0.0,0.0,1,1.0,0,0.0,0.0,0.0,0,1.0,0.0,0.0,1.0,0.0,0.0,0.0,0.0,0,0.0,1,0.0,1,0.0,1,0.0,0.0,0.0,1,1,1,0.0,0,0,0.0,0.0,0.0,0.0,0.0,0.0,0,0.0,0,0.0,0,0,0.0,0.0,1.0,1.0,0.0,inward,BZT
2826,0.0,0.0,0.0,0.0,0.0,0,0,0.0,0.0,0,0.0,0.0,0.0,0,0,1,1,1.0,0.0,0.0,1,0.0,1,0.0,0.0,0.0,1,1.0,0.0,0.0,0.0,0.0,0.0,0.0,0.0,0,0.0,0,0.0,1,0.0,0,0.0,0.0,0.0,1,0,1,0.0,0,0,0.0,0.0,0.0,0.0,0.0,0.0,1,0.0,0,0.0,0,0,0.0,0.0,1.0,1.0,0.0,inward,BZT
2827,0.0,0.0,0.0,0.0,0.0,0,0,0.0,0.0,0,0.0,0.0,0.0,0,0,1,0,0.0,0.0,0.0,1,1.0,0,0.0,0.0,0.0,0,1.0,0.0,0.0,0.0,0.0,0.0,0.0,0.0,0,0.0,0,0.0,1,0.0,1,0.0,0.0,0.0,1,0,0,0.0,0,1,0.0,0.0,0.0,0.0,0.0,1.0,1,0.0,1,0.0,0,1,0.0,0.0,1.0,1.0,0.0,inward,BZT
2828,0.0,0.0,0.0,0.0,0.0,0,0,0.0,0.0,0,0.0,0.0,0.0,0,0,1,0,0.0,0.0,0.0,0,1.0,0,0.0,0.0,0.0,1,1.0,1.0,0.0,0.0,0.0,0.0,0.0,0.0,0,0.0,1,0.0,1,0.0,0,0.0,0.0,0.0,1,0,1,0.0,0,1,0.0,0.0,0.0,0.0,0.0,0.0,0,0.0,0,0.0,0,0,0.0,0.0,1.0,1.0,0.0,inward,BZT
2829,0.0,0.0,0.0,0.0,0.0,0,0,0.0,0.0,0,0.0,0.0,0.0,0,0,1,1,0.0,0.0,0.0,1,0.0,0,0.0,0.0,0.0,0,0.0,0.0,0.0,0.0,0.0,0.0,0.0,0.0,0,0.0,1,0.0,1,0.0,1,0.0,0.0,0.0,1,1,0,0.0,0,1,0.0,0.0,0.0,0.0,0.0,0.0,0,0.0,1,0.0,0,0,0.0,0.0,1.0,1.0,0.0,inward,BZT
2830,0.0,0.0,0.0,0.0,0.0,0,0,0.0,0.0,0,0.0,0.0,0.0,0,0,1,0,0.0,0.0,0.0,1,1.0,0,0.0,0.0,0.0,1,1.0,1.0,0.0,1.0,0.0,0.0,0.0,0.0,0,0.0,1,0.0,1,0.0,1,0.0,0.0,0.0,1,0,1,0.0,0,1,0.0,0.0,0.0,0.0,0.0,1.0,1,0.0,1,0.0,0,0,0.0,0.0,1.0,1.0,0.0,inward,BZT
2831,0.0,0.0,0.0,0.0,0.0,0,0,0.0,0.0,0,0.0,0.0,0.0,1,0,1,1,0.0,0.0,0.0,0,0.0,0,0.0,0.0,0.0,0,1.0,0.0,0.0,0.0,0.0,0.0,0.0,0.0,0,0.0,1,0.0,1,0.0,1,0.0,0.0,0.0,1,0,0,0.0,0,0,0.0,0.0,0.0,0.0,0.0,0.0,0,0.0,0,0.0,0,0,0.0,0.0,1.0,0.0,0.0,inward,BZT
2832,0.0,0.0,0.0,0.0,0.0,0,0,0.0,0.0,0,0.0,0.0,0.0,1,0,1,1,0.0,0.0,0.0,0,1.0,0,0.0,0.0,1.0,1,0.0,0.0,0.0,1.0,0.0,0.0,0.0,0.0,0,0.0,1,0.0,1,0.0,1,0.0,0.0,0.0,1,0,1,0.0,0,0,0.0,0.0,0.0,0.0,0.0,0.0,1,0.0,1,0.0,0,0,0.0,0.0,1.0,0.0,0.0,inward,BZT
2833,0.0,0.0,0.0,0.0,0.0,0,0,0.0,0.0,0,0.0,0.0,0.0,0,0,1,0,1.0,0.0,0.0,0,0.0,0,0.0,0.0,0.0,1,1.0,0.0,0.0,0.0,0.0,0.0,0.0,0.0,0,0.0,0,0.0,1,0.0,1,0.0,0.0,0.0,1,0,1,0.0,0,0,0.0,0.0,0.0,0.0,0.0,0.0,1,0.0,1,0.0,0,0,0.0,0.0,1.0,1.0,0.0,inward,BZT
2834,0.0,0.0,0.0,0.0,0.0,0,0,0.0,0.0,0,0.0,0.0,0.0,0,0,1,0,0.0,0.0,0.0,0,0.0,1,0.0,0.0,1.0,1,1.0,1.0,0.0,1.0,0.0,0.0,0.0,0.0,0,0.0,1,0.0,1,0.0,1,0.0,0.0,0.0,1,0,0,0.0,1,1,0.0,1.0,0.0,0.0,0.0,0.0,0,0.0,0,0.0,0,0,0.0,0.0,1.0,1.0,0.0,inward,BZT
2835,0.0,0.0,0.0,0.0,0.0,0,1,0.0,0.0,0,0.0,0.0,0.0,1,0,1,1,0.0,0.0,0.0,1,1.0,0,0.0,0.0,0.0,1,0.0,0.0,0.0,1.0,0.0,0.0,0.0,0.0,0,0.0,0,0.0,1,0.0,0,0.0,0.0,0.0,1,1,1,0.0,0,0,0.0,1.0,0.0,0.0,0.0,0.0,0,0.0,1,0.0,0,0,0.0,0.0,1.0,1.0,0.0,inward,BZT
2836,0.0,0.0,0.0,0.0,0.0,0,0,0.0,0.0,0,0.0,0.0,0.0,0,0,0,0,1.0,0.0,0.0,0,0.0,1,0.0,0.0,0.0,0,1.0,0.0,0.0,1.0,0.0,0.0,0.0,0.0,0,0.0,1,0.0,1,0.0,1,1.0,0.0,1.0,1,0,0,0.0,0,1,0.0,0.0,0.0,0.0,0.0,0.0,0,0.0,0,0.0,0,0,0.0,0.0,1.0,1.0,0.0,inward,BZT
2837,0.0,0.0,0.0,0.0,0.0,0,1,0.0,0.0,0,0.0,0.0,0.0,0,0,1,0,0.0,0.0,0.0,0,1.0,0,0.0,0.0,0.0,0,1.0,1.0,0.0,0.0,0.0,0.0,0.0,0.0,0,0.0,0,0.0,1,0.0,0,0.0,0.0,0.0,1,0,1,0.0,0,0,0.0,1.0,0.0,0.0,0.0,0.0,0,0.0,1,0.0,0,0,0.0,0.0,1.0,1.0,0.0,inward,BZT
2838,0.0,0.0,0.0,0.0,0.0,0,1,0.0,0.0,0,0.0,0.0,0.0,0,0,1,0,0.0,0.0,0.0,0,0.0,0,0.0,0.0,0.0,0,1.0,1.0,0.0,0.0,0.0,0.0,0.0,0.0,0,0.0,1,0.0,1,0.0,1,1.0,0.0,0.0,1,0,1,0.0,0,0,0.0,0.0,0.0,0.0,0.0,0.0,0,0.0,1,0.0,0,0,0.0,0.0,1.0,0.0,0.0,inward,BZT
2839,0.0,0.0,0.0,0.0,0.0,0,1,0.0,0.0,0,0.0,0.0,0.0,1,0,1,1,1.0,0.0,0.0,1,0.0,0,0.0,0.0,1.0,1,1.0,0.0,0.0,1.0,0.0,0.0,0.0,0.0,0,0.0,1,0.0,1,0.0,1,0.0,0.0,0.0,1,0,1,0.0,0,0,0.0,0.0,0.0,0.0,0.0,0.0,1,0.0,1,0.0,0,0,0.0,0.0,1.0,0.0,0.0,inward,BZT
2840,0.0,0.0,0.0,0.0,0.0,0,0,0.0,0.0,0,0.0,0.0,0.0,0,0,1,1,1.0,0.0,0.0,0,1.0,1,0.0,0.0,0.0,1,1.0,0.0,0.0,0.0,0.0,0.0,0.0,0.0,0,0.0,1,0.0,1,0.0,0,0.0,0.0,0.0,1,0,0,0.0,0,0,0.0,0.0,0.0,0.0,0.0,0.0,0,0.0,1,0.0,0,0,0.0,0.0,1.0,1.0,0.0,inward,BZT
2841,0.0,0.0,0.0,0.0,0.0,0,0,0.0,0.0,0,0.0,0.0,0.0,0,0,0,0,1.0,0.0,0.0,0,0.0,1,0.0,0.0,0.0,1,1.0,1.0,0.0,1.0,0.0,0.0,0.0,0.0,0,0.0,1,0.0,1,0.0,1,0.0,0.0,0.0,1,1,1,0.0,0,0,0.0,0.0,0.0,0.0,0.0,0.0,0,0.0,1,0.0,0,0,0.0,0.0,1.0,0.0,0.0,inward,BZT
2842,0.0,0.0,0.0,0.0,0.0,0,0,0.0,0.0,0,0.0,0.0,0.0,0,0,0,0,0.0,0.0,0.0,0,0.0,0,0.0,0.0,0.0,0,1.0,1.0,0.0,0.0,0.0,0.0,0.0,0.0,0,0.0,1,0.0,1,0.0,0,1.0,0.0,0.0,1,1,0,0.0,0,0,0.0,0.0,0.0,0.0,0.0,0.0,0,0.0,1,0.0,0,0,0.0,0.0,1.0,1.0,0.0,inward,BZT
2843,0.0,0.0,0.0,0.0,0.0,0,0,0.0,0.0,0,0.0,0.0,0.0,0,0,0,0,1.0,0.0,0.0,0,0.0,0,0.0,0.0,0.0,1,1.0,0.0,0.0,1.0,0.0,0.0,0.0,0.0,0,0.0,1,0.0,1,0.0,0,1.0,0.0,0.0,1,1,0,0.0,0,0,0.0,1.0,0.0,0.0,0.0,0.0,0,0.0,0,0.0,0,0,0.0,0.0,1.0,1.0,0.0,inward,BZT
2844,0.0,0.0,0.0,0.0,0.0,0,0,0.0,0.0,0,0.0,0.0,0.0,0,0,1,1,0.0,0.0,0.0,1,0.0,1,0.0,0.0,0.0,1,1.0,0.0,0.0,1.0,0.0,0.0,0.0,0.0,0,0.0,1,0.0,1,0.0,1,0.0,0.0,0.0,1,0,1,0.0,0,1,0.0,1.0,0.0,0.0,0.0,0.0,0,0.0,1,0.0,0,0,0.0,0.0,1.0,1.0,0.0,inward,BZT
2845,0.0,0.0,0.0,0.0,0.0,0,0,0.0,0.0,0,0.0,0.0,0.0,0,0,1,0,0.0,0.0,0.0,1,0.0,0,0.0,0.0,1.0,1,1.0,0.0,0.0,1.0,0.0,0.0,0.0,0.0,0,0.0,1,0.0,1,0.0,0,0.0,0.0,0.0,1,1,1,0.0,0,1,0.0,1.0,0.0,0.0,0.0,0.0,0,0.0,1,0.0,0,0,0.0,0.0,1.0,0.0,0.0,inward,BZT
2846,0.0,0.0,0.0,0.0,0.0,0,0,0.0,0.0,0,0.0,0.0,0.0,0,0,1,0,0.0,0.0,0.0,1,0.0,0,0.0,0.0,0.0,0,1.0,1.0,0.0,1.0,0.0,0.0,0.0,0.0,0,0.0,1,0.0,1,0.0,1,1.0,0.0,0.0,1,1,1,0.0,0,0,0.0,1.0,0.0,0.0,0.0,0.0,0,0.0,0,0.0,0,0,0.0,0.0,1.0,1.0,0.0,inward,BZT
2847,0.0,0.0,0.0,0.0,0.0,0,0,0.0,0.0,0,0.0,0.0,0.0,0,0,0,0,1.0,0.0,0.0,0,0.0,0,0.0,0.0,0.0,1,1.0,0.0,0.0,1.0,0.0,0.0,0.0,0.0,0,0.0,1,0.0,1,0.0,0,1.0,0.0,1.0,1,1,0,0.0,0,0,0.0,1.0,0.0,0.0,0.0,0.0,0,0.0,1,0.0,0,0,0.0,0.0,1.0,1.0,0.0,inward,BZT
2848,0.0,0.0,0.0,0.0,0.0,0,0,0.0,0.0,0,0.0,0.0,0.0,0,0,0,0,1.0,0.0,0.0,0,0.0,1,0.0,0.0,0.0,1,1.0,1.0,0.0,1.0,0.0,0.0,0.0,0.0,0,0.0,1,0.0,1,0.0,0,1.0,0.0,0.0,1,1,1,0.0,0,0,0.0,1.0,0.0,0.0,0.0,0.0,0,0.0,1,0.0,0,0,0.0,0.0,1.0,1.0,0.0,inward,BZT
2849,0.0,0.0,0.0,0.0,0.0,0,0,0.0,0.0,0,0.0,0.0,0.0,0,0,1,0,0.0,0.0,0.0,0,0.0,1,0.0,0.0,0.0,0,1.0,0.0,0.0,1.0,0.0,0.0,0.0,1.0,0,0.0,1,0.0,1,0.0,0,1.0,0.0,0.0,1,0,1,0.0,0,0,0.0,1.0,0.0,0.0,0.0,0.0,0,0.0,0,0.0,0,0,0.0,0.0,1.0,0.0,0.0,inward,BZT
2850,0.0,0.0,0.0,0.0,0.0,0,1,0.0,0.0,0,0.0,0.0,0.0,0,0,1,0,1.0,0.0,0.0,0,0.0,0,0.0,0.0,0.0,0,1.0,0.0,0.0,0.0,0.0,0.0,0.0,0.0,0,0.0,0,0.0,1,0.0,1,1.0,0.0,1.0,1,1,0,0.0,0,0,0.0,1.0,0.0,0.0,0.0,0.0,0,0.0,0,0.0,0,0,0.0,0.0,1.0,1.0,0.0,inward,BZT
2851,0.0,0.0,0.0,0.0,0.0,0,0,0.0,0.0,0,0.0,0.0,0.0,0,0,1,1,0.0,0.0,0.0,0,0.0,0,0.0,0.0,0.0,1,1.0,1.0,0.0,1.0,0.0,0.0,0.0,0.0,0,0.0,1,0.0,1,0.0,0,0.0,0.0,0.0,1,1,0,0.0,0,0,0.0,0.0,0.0,0.0,0.0,0.0,0,0.0,1,0.0,0,0,0.0,0.0,1.0,0.0,0.0,inward,BZT
2852,0.0,0.0,0.0,0.0,0.0,0,0,0.0,0.0,0,0.0,0.0,0.0,0,0,1,1,0.0,0.0,0.0,0,0.0,0,0.0,0.0,0.0,0,1.0,0.0,0.0,0.0,0.0,0.0,0.0,1.0,0,0.0,1,0.0,1,0.0,0,0.0,0.0,0.0,1,1,1,0.0,0,0,0.0,0.0,0.0,0.0,0.0,0.0,1,0.0,1,0.0,0,0,0.0,0.0,1.0,0.0,0.0,inward,BZT
2853,0.0,0.0,0.0,0.0,0.0,0,1,0.0,0.0,0,0.0,0.0,0.0,0,0,1,1,0.0,0.0,0.0,0,0.0,1,0.0,0.0,1.0,1,0.0,0.0,0.0,1.0,0.0,0.0,0.0,0.0,0,0.0,1,0.0,1,0.0,1,0.0,0.0,0.0,1,1,1,0.0,1,0,0.0,1.0,0.0,0.0,0.0,0.0,0,0.0,1,0.0,0,0,0.0,0.0,1.0,1.0,0.0,inward,BZT
2854,0.0,0.0,0.0,0.0,0.0,0,0,0.0,0.0,0,0.0,0.0,0.0,0,0,1,0,0.0,0.0,0.0,1,0.0,0,0.0,0.0,1.0,1,1.0,1.0,0.0,1.0,0.0,0.0,0.0,0.0,0,0.0,1,0.0,1,0.0,0,1.0,0.0,1.0,1,1,1,0.0,0,0,0.0,1.0,0.0,0.0,0.0,0.0,0,0.0,1,0.0,0,0,0.0,0.0,1.0,1.0,0.0,inward,BZT
2855,0.0,0.0,0.0,0.0,0.0,0,0,0.0,0.0,0,0.0,0.0,0.0,0,0,1,1,0.0,0.0,0.0,0,0.0,0,0.0,0.0,1.0,0,1.0,0.0,0.0,1.0,0.0,0.0,0.0,0.0,0,0.0,1,0.0,1,0.0,0,1.0,0.0,0.0,1,0,1,0.0,0,0,0.0,1.0,0.0,0.0,0.0,0.0,0,0.0,1,0.0,0,0,0.0,0.0,1.0,0.0,0.0,inward,BZT
2856,0.0,0.0,0.0,0.0,0.0,0,0,0.0,0.0,0,0.0,0.0,0.0,0,0,1,1,0.0,0.0,0.0,0,1.0,0,0.0,0.0,0.0,1,1.0,1.0,0.0,0.0,0.0,0.0,0.0,0.0,0,0.0,1,0.0,1,0.0,1,0.0,0.0,0.0,1,1,0,0.0,0,1,0.0,0.0,0.0,0.0,0.0,0.0,1,0.0,1,0.0,0,0,0.0,0.0,1.0,1.0,0.0,inward,BZT
2857,0.0,0.0,0.0,0.0,0.0,0,0,0.0,0.0,0,0.0,0.0,0.0,0,0,0,0,1.0,0.0,0.0,1,0.0,1,0.0,0.0,0.0,0,1.0,0.0,0.0,0.0,0.0,0.0,0.0,0.0,0,0.0,1,0.0,1,0.0,1,0.0,0.0,0.0,1,1,1,0.0,0,0,0.0,1.0,0.0,0.0,0.0,0.0,0,0.0,0,0.0,0,0,0.0,0.0,1.0,1.0,0.0,inward,BZT
2858,0.0,0.0,0.0,0.0,0.0,0,0,0.0,0.0,0,0.0,0.0,0.0,0,0,0,1,0.0,0.0,0.0,1,0.0,0,0.0,0.0,0.0,0,1.0,1.0,0.0,0.0,0.0,0.0,0.0,0.0,0,0.0,1,0.0,1,0.0,0,0.0,0.0,0.0,1,0,1,0.0,0,0,0.0,1.0,0.0,0.0,0.0,0.0,1,0.0,1,0.0,0,0,0.0,0.0,1.0,1.0,0.0,inward,BZT
2859,0.0,0.0,0.0,0.0,0.0,0,0,0.0,0.0,0,0.0,0.0,0.0,0,0,0,0,0.0,0.0,0.0,1,0.0,0,0.0,0.0,1.0,0,1.0,0.0,0.0,1.0,0.0,0.0,0.0,0.0,0,0.0,1,0.0,1,0.0,1,1.0,0.0,0.0,1,1,1,0.0,0,0,0.0,1.0,0.0,0.0,0.0,0.0,0,0.0,0,0.0,0,0,0.0,0.0,1.0,1.0,0.0,inward,BZT
2860,0.0,0.0,0.0,0.0,0.0,0,0,0.0,0.0,0,0.0,0.0,0.0,0,0,0,0,0.0,0.0,0.0,0,0.0,0,0.0,0.0,0.0,1,1.0,0.0,0.0,1.0,0.0,1.0,0.0,0.0,0,0.0,1,0.0,1,0.0,0,0.0,0.0,0.0,1,1,0,0.0,0,1,0.0,1.0,0.0,0.0,0.0,0.0,0,0.0,0,0.0,0,0,0.0,0.0,1.0,1.0,0.0,inward,BZT
2861,0.0,0.0,0.0,0.0,0.0,0,1,0.0,0.0,0,0.0,0.0,0.0,0,0,1,1,0.0,0.0,0.0,0,1.0,0,0.0,0.0,0.0,0,1.0,1.0,0.0,0.0,0.0,0.0,0.0,0.0,0,0.0,1,0.0,1,0.0,0,0.0,0.0,0.0,1,1,1,0.0,0,1,0.0,1.0,0.0,0.0,0.0,0.0,0,0.0,1,0.0,0,0,0.0,0.0,1.0,1.0,0.0,inward,BZT
2862,0.0,0.0,0.0,0.0,0.0,0,0,0.0,0.0,0,0.0,0.0,0.0,0,0,1,1,0.0,0.0,0.0,1,0.0,1,0.0,0.0,0.0,0,1.0,0.0,0.0,0.0,0.0,0.0,0.0,0.0,0,0.0,1,0.0,1,0.0,1,0.0,0.0,0.0,1,1,1,0.0,0,0,0.0,1.0,0.0,0.0,0.0,0.0,0,0.0,1,0.0,0,0,0.0,0.0,1.0,1.0,0.0,inward,BZT
2863,0.0,0.0,0.0,0.0,0.0,0,1,0.0,0.0,0,0.0,0.0,0.0,0,0,0,0,0.0,0.0,0.0,0,0.0,1,0.0,0.0,0.0,1,1.0,0.0,0.0,1.0,0.0,0.0,0.0,0.0,0,0.0,0,0.0,1,0.0,1,0.0,0.0,0.0,1,0,1,0.0,0,1,0.0,1.0,0.0,0.0,0.0,0.0,0,0.0,0,0.0,0,0,0.0,0.0,1.0,1.0,0.0,inward,BZT
2864,0.0,0.0,0.0,0.0,0.0,0,0,0.0,0.0,0,0.0,0.0,0.0,0,0,0,0,0.0,0.0,0.0,0,1.0,0,0.0,0.0,1.0,1,1.0,1.0,0.0,1.0,0.0,1.0,0.0,0.0,0,0.0,1,0.0,1,0.0,0,0.0,0.0,0.0,1,0,1,0.0,0,1,0.0,0.0,0.0,0.0,0.0,0.0,0,0.0,0,0.0,0,0,0.0,0.0,1.0,0.0,0.0,inward,BZT
2865,0.0,0.0,0.0,0.0,0.0,0,0,0.0,0.0,0,0.0,0.0,0.0,0,0,0,0,0.0,0.0,0.0,0,0.0,0,0.0,0.0,0.0,0,1.0,1.0,0.0,0.0,0.0,0.0,0.0,0.0,0,0.0,1,0.0,1,0.0,0,0.0,0.0,0.0,1,1,0,0.0,0,0,0.0,0.0,0.0,0.0,0.0,0.0,0,0.0,1,0.0,0,0,0.0,0.0,1.0,1.0,0.0,inward,BZT
2866,0.0,0.0,0.0,0.0,0.0,0,0,0.0,0.0,0,0.0,0.0,0.0,0,0,0,0,1.0,0.0,0.0,1,1.0,1,0.0,0.0,0.0,0,1.0,1.0,0.0,1.0,0.0,0.0,0.0,0.0,0,0.0,1,0.0,1,0.0,1,1.0,0.0,0.0,1,0,1,0.0,0,0,0.0,1.0,1.0,0.0,0.0,0.0,0,0.0,0,0.0,0,0,0.0,0.0,1.0,1.0,0.0,inward,BZT
2867,0.0,0.0,0.0,0.0,0.0,0,0,0.0,0.0,0,0.0,0.0,0.0,0,0,1,0,0.0,0.0,0.0,1,0.0,0,0.0,0.0,0.0,1,1.0,0.0,0.0,1.0,0.0,0.0,0.0,0.0,0,0.0,1,0.0,1,0.0,0,0.0,0.0,0.0,1,0,1,0.0,0,0,0.0,1.0,0.0,0.0,0.0,0.0,0,0.0,1,0.0,0,0,0.0,0.0,1.0,1.0,0.0,inward,BZT
2868,0.0,0.0,0.0,0.0,0.0,0,0,0.0,0.0,0,0.0,0.0,0.0,0,0,0,0,0.0,0.0,0.0,1,1.0,1,0.0,0.0,0.0,0,1.0,1.0,0.0,1.0,0.0,0.0,0.0,0.0,0,0.0,1,0.0,1,0.0,1,0.0,0.0,0.0,1,1,1,0.0,0,1,0.0,1.0,0.0,0.0,0.0,0.0,0,0.0,1,0.0,0,0,0.0,0.0,1.0,1.0,0.0,inward,BZT
2869,0.0,0.0,0.0,0.0,0.0,0,1,0.0,0.0,0,0.0,0.0,0.0,0,0,1,0,0.0,0.0,0.0,0,0.0,0,0.0,0.0,0.0,0,1.0,0.0,0.0,1.0,0.0,1.0,0.0,0.0,0,0.0,1,0.0,1,0.0,0,1.0,0.0,0.0,1,0,1,0.0,0,0,0.0,1.0,0.0,0.0,0.0,0.0,0,0.0,1,0.0,0,0,0.0,0.0,1.0,1.0,0.0,inward,BZT
2870,0.0,0.0,0.0,0.0,0.0,0,0,0.0,0.0,0,0.0,0.0,0.0,0,0,1,1,0.0,0.0,0.0,0,0.0,0,0.0,0.0,0.0,0,1.0,1.0,0.0,1.0,0.0,0.0,0.0,0.0,0,0.0,1,0.0,1,0.0,0,0.0,0.0,0.0,1,0,1,0.0,1,0,0.0,0.0,0.0,0.0,0.0,0.0,0,0.0,0,0.0,0,0,0.0,0.0,1.0,0.0,0.0,inward,BZT
2871,0.0,0.0,0.0,0.0,0.0,0,1,0.0,0.0,0,0.0,0.0,0.0,0,0,0,0,0.0,0.0,0.0,1,0.0,0,0.0,0.0,1.0,0,1.0,0.0,0.0,0.0,0.0,0.0,0.0,0.0,0,0.0,1,0.0,1,0.0,0,1.0,0.0,0.0,1,0,1,0.0,1,0,0.0,1.0,0.0,0.0,0.0,0.0,0,0.0,1,0.0,0,0,0.0,0.0,1.0,1.0,0.0,inward,BZT
2872,0.0,0.0,0.0,0.0,0.0,0,0,0.0,0.0,0,0.0,0.0,0.0,0,0,0,0,0.0,0.0,0.0,1,0.0,0,0.0,0.0,0.0,1,1.0,1.0,0.0,1.0,0.0,0.0,0.0,0.0,0,0.0,1,0.0,1,0.0,1,0.0,0.0,0.0,1,0,0,0.0,0,1,0.0,0.0,0.0,0.0,0.0,0.0,0,0.0,1,0.0,0,0,0.0,0.0,1.0,1.0,0.0,inward,BZT
2873,0.0,0.0,0.0,0.0,0.0,0,0,0.0,0.0,0,0.0,0.0,0.0,0,0,1,0,0.0,0.0,0.0,0,0.0,0,0.0,0.0,0.0,1,1.0,1.0,0.0,0.0,0.0,0.0,0.0,0.0,0,0.0,0,0.0,1,0.0,0,0.0,0.0,0.0,1,0,0,0.0,0,1,0.0,1.0,0.0,0.0,0.0,0.0,1,0.0,1,0.0,0,0,0.0,0.0,1.0,1.0,0.0,inward,BZT
2874,0.0,0.0,0.0,0.0,0.0,0,0,0.0,0.0,0,0.0,0.0,0.0,0,0,0,1,0.0,0.0,0.0,0,1.0,0,0.0,0.0,0.0,0,1.0,0.0,0.0,0.0,0.0,0.0,0.0,0.0,0,0.0,0,0.0,1,0.0,0,1.0,0.0,0.0,1,0,1,0.0,0,0,0.0,0.0,0.0,0.0,0.0,0.0,0,0.0,0,0.0,0,0,0.0,0.0,1.0,1.0,0.0,inward,BZT
2875,0.0,0.0,0.0,0.0,0.0,0,0,0.0,0.0,0,0.0,0.0,0.0,0,0,0,0,0.0,0.0,0.0,0,0.0,0,0.0,0.0,0.0,1,1.0,0.0,0.0,0.0,0.0,0.0,0.0,0.0,0,0.0,0,0.0,1,0.0,0,0.0,0.0,0.0,1,1,1,0.0,0,0,0.0,1.0,0.0,0.0,0.0,0.0,0,0.0,1,0.0,0,0,0.0,0.0,1.0,1.0,0.0,inward,BZT
2876,0.0,0.0,0.0,0.0,0.0,0,0,0.0,0.0,0,0.0,0.0,0.0,0,0,1,0,0.0,0.0,0.0,1,0.0,0,0.0,0.0,1.0,1,1.0,0.0,0.0,1.0,0.0,0.0,0.0,0.0,0,0.0,0,0.0,1,0.0,0,1.0,0.0,0.0,1,0,0,0.0,0,0,0.0,1.0,0.0,0.0,0.0,0.0,0,0.0,0,0.0,0,0,0.0,0.0,1.0,1.0,0.0,inward,BZT
2877,0.0,0.0,0.0,0.0,0.0,0,0,0.0,0.0,0,0.0,0.0,0.0,0,0,1,1,0.0,0.0,0.0,0,0.0,0,0.0,0.0,0.0,1,1.0,0.0,0.0,0.0,0.0,0.0,0.0,0.0,0,0.0,1,0.0,1,0.0,0,0.0,0.0,0.0,1,0,1,0.0,0,0,0.0,0.0,0.0,0.0,0.0,0.0,0,0.0,1,0.0,0,0,0.0,0.0,1.0,1.0,0.0,inward,BZT
2878,0.0,0.0,0.0,0.0,0.0,0,0,0.0,0.0,0,0.0,0.0,0.0,0,0,0,0,0.0,0.0,0.0,1,1.0,1,0.0,0.0,0.0,0,1.0,1.0,0.0,0.0,0.0,0.0,0.0,0.0,0,0.0,1,0.0,1,0.0,0,0.0,0.0,0.0,1,0,0,0.0,0,0,0.0,0.0,0.0,0.0,0.0,0.0,0,0.0,0,0.0,0,0,0.0,0.0,1.0,0.0,0.0,inward,BZT
2879,0.0,0.0,0.0,0.0,0.0,0,0,0.0,0.0,0,0.0,0.0,0.0,1,0,1,1,0.0,0.0,0.0,0,1.0,0,0.0,0.0,0.0,1,1.0,1.0,0.0,1.0,0.0,0.0,0.0,0.0,0,0.0,1,0.0,1,0.0,1,0.0,0.0,0.0,1,0,0,0.0,0,0,0.0,0.0,0.0,0.0,0.0,0.0,0,0.0,1,0.0,0,0,0.0,0.0,1.0,1.0,0.0,inward,BZT
2880,0.0,0.0,0.0,0.0,0.0,0,1,0.0,0.0,0,0.0,0.0,0.0,0,0,1,1,0.0,0.0,0.0,1,0.0,0,0.0,0.0,0.0,0,1.0,1.0,0.0,1.0,0.0,0.0,0.0,0.0,0,0.0,1,0.0,1,0.0,0,0.0,0.0,0.0,1,0,1,0.0,0,0,0.0,1.0,0.0,0.0,0.0,0.0,0,0.0,0,0.0,0,0,0.0,0.0,1.0,1.0,0.0,inward,BZT
2881,0.0,0.0,0.0,0.0,0.0,0,1,0.0,0.0,0,0.0,0.0,0.0,0,0,1,0,0.0,0.0,0.0,0,0.0,1,0.0,0.0,0.0,0,1.0,1.0,0.0,1.0,0.0,0.0,0.0,0.0,0,0.0,0,0.0,1,0.0,0,0.0,0.0,0.0,1,0,1,0.0,0,1,0.0,0.0,0.0,0.0,0.0,0.0,1,0.0,1,0.0,0,0,0.0,0.0,1.0,1.0,0.0,inward,BZT
2882,0.0,0.0,0.0,0.0,0.0,0,0,0.0,0.0,0,0.0,0.0,0.0,0,0,1,0,0.0,0.0,0.0,0,0.0,0,0.0,0.0,0.0,0,1.0,0.0,0.0,0.0,0.0,0.0,0.0,0.0,0,0.0,1,0.0,1,0.0,1,1.0,0.0,0.0,1,1,0,0.0,1,0,0.0,0.0,0.0,0.0,0.0,0.0,0,0.0,0,0.0,0,0,0.0,0.0,1.0,1.0,0.0,inward,BZT
2883,0.0,0.0,0.0,0.0,0.0,0,0,0.0,0.0,0,0.0,0.0,0.0,0,0,1,0,0.0,0.0,0.0,0,0.0,0,0.0,0.0,0.0,1,1.0,1.0,0.0,1.0,0.0,0.0,0.0,0.0,0,0.0,0,0.0,1,0.0,1,0.0,0.0,0.0,1,0,0,0.0,0,0,0.0,0.0,0.0,0.0,0.0,0.0,0,0.0,1,0.0,0,0,0.0,0.0,1.0,1.0,0.0,inward,BZT
2884,0.0,0.0,0.0,0.0,0.0,0,1,0.0,0.0,0,0.0,0.0,0.0,0,0,1,0,0.0,0.0,0.0,1,0.0,0,0.0,0.0,1.0,1,1.0,0.0,0.0,1.0,0.0,1.0,0.0,0.0,0,0.0,1,0.0,1,0.0,1,1.0,0.0,0.0,1,0,0,0.0,0,0,0.0,0.0,0.0,0.0,0.0,0.0,0,0.0,1,0.0,0,0,0.0,0.0,1.0,1.0,0.0,inward,BZT
2885,0.0,0.0,0.0,0.0,0.0,0,0,0.0,0.0,0,0.0,0.0,0.0,0,0,1,0,0.0,0.0,0.0,1,0.0,0,0.0,0.0,1.0,1,1.0,1.0,0.0,1.0,0.0,0.0,0.0,0.0,0,0.0,1,0.0,1,0.0,0,0.0,0.0,0.0,1,1,1,0.0,0,0,0.0,0.0,0.0,0.0,0.0,0.0,0,0.0,1,0.0,0,0,0.0,0.0,1.0,1.0,0.0,inward,BZT
2886,0.0,0.0,0.0,0.0,0.0,0,0,0.0,0.0,0,0.0,0.0,0.0,0,0,1,0,0.0,0.0,0.0,0,0.0,0,0.0,0.0,0.0,1,1.0,0.0,0.0,1.0,0.0,0.0,0.0,0.0,0,0.0,1,0.0,1,0.0,0,1.0,0.0,0.0,1,1,1,0.0,0,0,0.0,0.0,0.0,0.0,0.0,0.0,0,0.0,1,0.0,0,0,0.0,0.0,1.0,1.0,0.0,inward,BZT
2887,0.0,0.0,0.0,0.0,0.0,0,0,0.0,0.0,0,0.0,0.0,0.0,0,0,1,0,0.0,0.0,0.0,1,0.0,0,0.0,0.0,1.0,0,1.0,1.0,0.0,0.0,0.0,0.0,0.0,0.0,0,0.0,1,0.0,1,0.0,0,0.0,0.0,0.0,1,1,1,0.0,0,0,0.0,0.0,0.0,0.0,0.0,0.0,0,0.0,1,0.0,0,0,0.0,0.0,1.0,1.0,0.0,inward,BZT
2888,0.0,0.0,0.0,0.0,0.0,0,0,0.0,0.0,0,0.0,0.0,0.0,0,0,1,1,0.0,0.0,0.0,1,0.0,0,0.0,0.0,0.0,0,1.0,0.0,0.0,1.0,0.0,0.0,0.0,0.0,0,0.0,0,0.0,1,0.0,0,0.0,0.0,0.0,1,0,1,0.0,0,0,0.0,0.0,0.0,0.0,0.0,0.0,0,0.0,0,0.0,0,0,0.0,0.0,1.0,1.0,0.0,inward,BZT
2889,0.0,0.0,0.0,0.0,0.0,0,1,0.0,0.0,0,0.0,0.0,0.0,0,0,1,1,0.0,0.0,0.0,1,1.0,0,0.0,0.0,1.0,1,1.0,0.0,0.0,0.0,0.0,0.0,0.0,0.0,0,0.0,1,0.0,1,0.0,1,0.0,0.0,0.0,1,0,0,0.0,0,1,0.0,0.0,0.0,0.0,0.0,0.0,1,0.0,1,0.0,0,0,0.0,0.0,1.0,1.0,0.0,inward,BZT
2890,0.0,0.0,0.0,0.0,0.0,0,1,0.0,0.0,0,0.0,0.0,0.0,0,0,1,1,0.0,0.0,0.0,0,1.0,0,0.0,0.0,0.0,1,1.0,1.0,0.0,1.0,0.0,0.0,0.0,0.0,0,0.0,1,1.0,1,0.0,1,1.0,0.0,0.0,1,1,1,0.0,0,0,0.0,0.0,0.0,0.0,0.0,0.0,0,0.0,1,0.0,0,0,0.0,0.0,1.0,1.0,0.0,inward,BZT
2891,0.0,0.0,0.0,0.0,0.0,0,0,0.0,0.0,0,0.0,0.0,0.0,0,0,1,1,0.0,0.0,0.0,0,1.0,0,0.0,0.0,0.0,0,1.0,1.0,0.0,0.0,0.0,0.0,0.0,1.0,0,0.0,1,0.0,1,0.0,0,0.0,0.0,0.0,1,0,0,0.0,0,0,0.0,0.0,0.0,0.0,0.0,0.0,0,0.0,1,0.0,0,0,0.0,0.0,1.0,1.0,0.0,inward,BZT
2892,0.0,0.0,0.0,0.0,0.0,0,0,0.0,0.0,0,0.0,0.0,0.0,0,0,1,0,0.0,0.0,0.0,1,0.0,0,0.0,0.0,0.0,0,1.0,1.0,0.0,1.0,0.0,0.0,0.0,0.0,0,0.0,1,0.0,1,0.0,0,0.0,0.0,0.0,1,0,1,0.0,0,0,0.0,1.0,0.0,0.0,0.0,0.0,0,0.0,1,0.0,0,0,0.0,0.0,1.0,0.0,0.0,inward,BZT
2893,0.0,0.0,0.0,0.0,0.0,0,0,0.0,0.0,0,0.0,0.0,0.0,0,0,1,0,0.0,0.0,0.0,0,0.0,0,0.0,0.0,0.0,1,1.0,1.0,0.0,1.0,0.0,0.0,0.0,0.0,0,0.0,0,0.0,1,0.0,1,0.0,0.0,0.0,1,0,0,0.0,1,0,0.0,0.0,0.0,0.0,0.0,0.0,0,0.0,0,0.0,0,0,0.0,0.0,1.0,1.0,0.0,inward,BZT
2894,0.0,0.0,0.0,0.0,0.0,0,0,0.0,0.0,0,0.0,0.0,0.0,1,0,1,1,0.0,0.0,0.0,1,1.0,0,0.0,0.0,0.0,1,1.0,1.0,0.0,0.0,0.0,0.0,0.0,0.0,0,0.0,0,0.0,1,0.0,1,0.0,0.0,0.0,1,0,1,0.0,0,0,0.0,0.0,0.0,0.0,0.0,0.0,1,0.0,1,0.0,0,0,0.0,0.0,1.0,1.0,0.0,inward,BZT
2895,0.0,0.0,0.0,0.0,0.0,0,1,0.0,0.0,0,0.0,0.0,0.0,0,0,1,1,0.0,0.0,0.0,1,1.0,0,0.0,0.0,0.0,1,1.0,0.0,0.0,1.0,0.0,0.0,0.0,0.0,0,0.0,1,0.0,1,0.0,1,0.0,0.0,0.0,1,0,1,0.0,0,0,0.0,0.0,0.0,0.0,0.0,0.0,0,0.0,1,0.0,0,0,0.0,0.0,1.0,1.0,0.0,inward,BZT
2896,0.0,0.0,0.0,0.0,0.0,0,0,0.0,0.0,0,0.0,0.0,0.0,0,0,1,0,0.0,0.0,0.0,0,0.0,0,0.0,0.0,0.0,1,1.0,1.0,0.0,1.0,0.0,0.0,0.0,1.0,0,0.0,1,0.0,1,0.0,1,0.0,0.0,0.0,1,0,1,0.0,1,0,0.0,0.0,0.0,0.0,0.0,0.0,0,0.0,0,0.0,0,0,0.0,0.0,1.0,1.0,0.0,inward,BZT
2897,0.0,0.0,0.0,0.0,0.0,0,0,0.0,0.0,0,0.0,0.0,0.0,0,0,0,0,0.0,0.0,0.0,1,0.0,0,0.0,0.0,0.0,1,1.0,0.0,0.0,1.0,0.0,0.0,0.0,0.0,0,0.0,1,0.0,1,0.0,1,0.0,0.0,0.0,1,1,1,0.0,0,0,0.0,0.0,0.0,0.0,0.0,0.0,0,0.0,1,0.0,0,0,0.0,0.0,1.0,1.0,0.0,inward,BZT
2898,0.0,0.0,0.0,0.0,0.0,0,0,0.0,0.0,0,0.0,0.0,0.0,0,0,1,0,0.0,0.0,0.0,0,0.0,1,0.0,0.0,0.0,0,1.0,0.0,0.0,1.0,0.0,0.0,0.0,0.0,0,0.0,1,0.0,1,0.0,1,0.0,0.0,0.0,1,0,1,0.0,0,0,0.0,0.0,0.0,0.0,0.0,0.0,0,0.0,0,0.0,0,0,0.0,0.0,1.0,0.0,0.0,inward,BZT
2899,0.0,0.0,0.0,0.0,0.0,0,0,0.0,0.0,0,0.0,0.0,0.0,0,0,1,0,0.0,0.0,0.0,0,0.0,0,0.0,0.0,0.0,1,1.0,0.0,0.0,0.0,0.0,0.0,0.0,1.0,0,0.0,1,0.0,1,0.0,0,0.0,0.0,0.0,1,0,0,0.0,1,0,0.0,0.0,0.0,0.0,0.0,0.0,0,0.0,1,0.0,0,0,0.0,0.0,1.0,1.0,0.0,inward,BZT
2900,0.0,0.0,0.0,0.0,0.0,0,0,0.0,0.0,0,0.0,0.0,0.0,0,0,0,0,1.0,0.0,0.0,0,0.0,0,0.0,0.0,0.0,0,1.0,1.0,0.0,1.0,0.0,0.0,0.0,0.0,0,0.0,0,0.0,1,0.0,1,0.0,0.0,0.0,1,1,0,0.0,0,0,0.0,0.0,0.0,0.0,0.0,0.0,0,0.0,1,0.0,0,0,0.0,0.0,1.0,1.0,0.0,inward,BZT
2901,0.0,0.0,0.0,0.0,0.0,0,0,0.0,0.0,0,0.0,0.0,0.0,0,0,0,0,0.0,0.0,0.0,1,0.0,0,0.0,0.0,0.0,0,1.0,1.0,0.0,0.0,0.0,0.0,0.0,0.0,0,0.0,0,0.0,1,0.0,1,0.0,0.0,0.0,1,0,1,0.0,0,0,0.0,0.0,0.0,0.0,0.0,0.0,0,0.0,1,0.0,0,0,0.0,0.0,1.0,0.0,0.0,inward,BZT
2902,0.0,0.0,0.0,0.0,0.0,0,1,0.0,0.0,0,0.0,0.0,0.0,0,0,1,1,0.0,0.0,0.0,0,1.0,0,0.0,0.0,0.0,0,1.0,0.0,0.0,0.0,0.0,0.0,0.0,0.0,0,0.0,1,0.0,1,0.0,0,0.0,0.0,0.0,1,1,1,0.0,0,0,0.0,1.0,0.0,0.0,0.0,0.0,0,0.0,1,0.0,0,0,0.0,0.0,1.0,0.0,0.0,inward,BZT
2903,0.0,0.0,0.0,0.0,0.0,0,0,0.0,0.0,0,0.0,0.0,0.0,0,0,1,0,0.0,0.0,0.0,1,1.0,0,0.0,0.0,0.0,1,1.0,1.0,0.0,0.0,0.0,0.0,0.0,0.0,0,0.0,0,0.0,1,0.0,1,0.0,0.0,0.0,1,0,0,0.0,0,0,0.0,0.0,0.0,0.0,0.0,0.0,0,0.0,1,0.0,0,0,0.0,0.0,1.0,1.0,0.0,inward,BZT
2904,0.0,0.0,0.0,0.0,0.0,0,0,0.0,0.0,0,0.0,0.0,0.0,0,0,1,1,0.0,0.0,0.0,1,0.0,0,0.0,0.0,0.0,0,1.0,1.0,0.0,0.0,0.0,0.0,0.0,0.0,0,0.0,0,0.0,1,0.0,0,0.0,0.0,0.0,1,1,1,0.0,0,0,0.0,0.0,0.0,0.0,0.0,0.0,0,0.0,1,0.0,0,0,0.0,0.0,1.0,1.0,0.0,inward,BZT
2905,0.0,0.0,0.0,0.0,0.0,0,0,0.0,0.0,0,0.0,0.0,0.0,0,0,0,0,0.0,0.0,0.0,0,0.0,0,0.0,0.0,1.0,1,1.0,0.0,0.0,1.0,0.0,1.0,0.0,0.0,0,0.0,1,0.0,1,0.0,0,1.0,0.0,0.0,1,0,1,0.0,0,0,0.0,1.0,0.0,0.0,0.0,0.0,0,0.0,1,0.0,0,0,0.0,0.0,1.0,1.0,0.0,inward,BZT
2906,0.0,0.0,0.0,0.0,0.0,0,0,0.0,0.0,0,0.0,0.0,0.0,0,0,1,0,0.0,0.0,0.0,0,0.0,0,0.0,0.0,0.0,1,0.0,0.0,0.0,1.0,0.0,0.0,0.0,0.0,0,0.0,1,0.0,1,0.0,0,0.0,0.0,0.0,1,1,1,0.0,1,0,0.0,0.0,0.0,0.0,0.0,0.0,0,0.0,1,0.0,0,0,0.0,0.0,1.0,0.0,0.0,inward,BZT
2907,0.0,0.0,0.0,0.0,0.0,0,0,0.0,0.0,0,0.0,0.0,0.0,0,0,1,0,0.0,0.0,0.0,0,0.0,0,0.0,0.0,0.0,1,1.0,1.0,0.0,0.0,0.0,0.0,0.0,0.0,0,0.0,1,0.0,1,0.0,0,0.0,0.0,0.0,1,0,0,0.0,0,0,0.0,0.0,0.0,0.0,0.0,0.0,0,0.0,0,0.0,0,0,0.0,0.0,1.0,1.0,0.0,inward,BZT
2908,0.0,0.0,0.0,0.0,0.0,0,0,0.0,0.0,0,0.0,0.0,0.0,0,0,1,0,0.0,0.0,0.0,0,0.0,0,0.0,0.0,0.0,1,1.0,1.0,0.0,1.0,0.0,0.0,0.0,0.0,0,0.0,1,0.0,1,0.0,1,0.0,0.0,0.0,1,1,1,0.0,0,0,0.0,1.0,0.0,0.0,0.0,0.0,0,0.0,1,0.0,0,0,0.0,0.0,1.0,1.0,0.0,inward,BZT
2909,0.0,0.0,0.0,0.0,0.0,0,0,0.0,0.0,0,0.0,0.0,0.0,0,0,1,0,0.0,0.0,0.0,0,1.0,0,0.0,0.0,0.0,0,1.0,0.0,0.0,1.0,0.0,0.0,0.0,0.0,0,0.0,0,0.0,1,0.0,0,0.0,0.0,0.0,1,0,1,0.0,0,0,0.0,1.0,0.0,0.0,0.0,0.0,0,0.0,1,0.0,0,0,0.0,0.0,1.0,0.0,0.0,inward,BZT
2910,0.0,0.0,0.0,0.0,0.0,0,0,0.0,0.0,0,0.0,0.0,0.0,0,0,1,0,0.0,0.0,0.0,1,0.0,0,0.0,0.0,1.0,1,1.0,0.0,0.0,1.0,0.0,0.0,0.0,0.0,0,0.0,0,0.0,1,0.0,0,0.0,0.0,0.0,1,0,1,0.0,0,1,0.0,1.0,0.0,0.0,0.0,0.0,0,0.0,1,0.0,0,0,0.0,0.0,1.0,1.0,0.0,inward,BZT
2911,0.0,0.0,0.0,0.0,0.0,0,0,0.0,0.0,0,0.0,0.0,0.0,0,0,1,1,0.0,0.0,0.0,0,0.0,0,0.0,0.0,0.0,1,1.0,1.0,0.0,1.0,0.0,0.0,0.0,1.0,0,0.0,1,0.0,1,0.0,1,0.0,0.0,0.0,1,0,1,0.0,0,0,0.0,0.0,0.0,0.0,0.0,0.0,1,0.0,1,0.0,0,0,0.0,0.0,1.0,1.0,0.0,inward,BZT
2912,0.0,0.0,0.0,0.0,0.0,0,1,0.0,0.0,0,0.0,0.0,0.0,0,0,1,0,0.0,0.0,0.0,0,0.0,0,0.0,0.0,1.0,0,1.0,0.0,0.0,1.0,0.0,0.0,0.0,0.0,0,0.0,0,0.0,1,0.0,0,0.0,0.0,0.0,1,0,1,0.0,0,0,0.0,1.0,0.0,0.0,0.0,0.0,0,0.0,1,0.0,0,0,0.0,0.0,1.0,0.0,0.0,inward,BZT
2913,0.0,0.0,0.0,0.0,0.0,0,0,0.0,0.0,0,0.0,0.0,0.0,1,0,1,1,0.0,0.0,0.0,0,0.0,0,0.0,0.0,0.0,0,1.0,0.0,0.0,0.0,0.0,0.0,0.0,0.0,0,0.0,0,0.0,1,0.0,0,0.0,0.0,0.0,1,0,1,0.0,0,0,0.0,1.0,0.0,0.0,0.0,0.0,1,0.0,1,0.0,0,0,0.0,0.0,1.0,1.0,0.0,inward,BZT
2914,0.0,0.0,0.0,0.0,0.0,0,0,0.0,0.0,0,0.0,0.0,0.0,0,0,1,0,1.0,0.0,0.0,1,0.0,0,0.0,0.0,0.0,1,0.0,0.0,0.0,1.0,0.0,0.0,0.0,0.0,0,0.0,1,0.0,1,0.0,1,0.0,0.0,0.0,1,1,1,0.0,0,0,0.0,1.0,1.0,0.0,0.0,0.0,0,0.0,1,0.0,0,0,0.0,0.0,1.0,1.0,0.0,inward,BZT
2915,0.0,0.0,0.0,0.0,0.0,0,0,0.0,0.0,0,0.0,0.0,0.0,0,0,0,0,0.0,0.0,0.0,1,0.0,1,0.0,0.0,0.0,1,1.0,0.0,0.0,1.0,0.0,0.0,0.0,0.0,0,0.0,1,0.0,1,0.0,0,0.0,0.0,0.0,1,1,1,0.0,0,0,0.0,1.0,0.0,0.0,0.0,0.0,0,0.0,1,0.0,0,0,0.0,0.0,1.0,1.0,0.0,inward,BZT
2916,0.0,0.0,0.0,0.0,0.0,0,0,0.0,0.0,0,0.0,0.0,0.0,0,0,1,0,1.0,0.0,0.0,1,0.0,0,0.0,0.0,0.0,1,1.0,1.0,0.0,1.0,0.0,1.0,0.0,0.0,0,0.0,1,0.0,1,0.0,0,0.0,0.0,0.0,1,0,1,0.0,0,0,0.0,0.0,0.0,0.0,0.0,0.0,0,0.0,0,0.0,0,0,0.0,0.0,1.0,1.0,0.0,inward,BZT
2917,0.0,0.0,0.0,0.0,0.0,0,0,0.0,0.0,0,0.0,0.0,0.0,1,0,1,1,0.0,0.0,0.0,0,1.0,0,0.0,0.0,0.0,1,1.0,0.0,0.0,1.0,0.0,0.0,0.0,0.0,0,0.0,1,0.0,1,0.0,1,0.0,0.0,0.0,1,1,1,0.0,0,0,0.0,1.0,0.0,0.0,0.0,0.0,0,0.0,1,0.0,0,0,0.0,0.0,1.0,1.0,0.0,inward,BZT
2918,0.0,0.0,0.0,0.0,0.0,0,0,0.0,0.0,0,0.0,0.0,0.0,0,0,1,0,1.0,0.0,0.0,0,1.0,0,0.0,0.0,0.0,0,1.0,1.0,0.0,0.0,0.0,0.0,0.0,0.0,0,0.0,1,0.0,1,0.0,0,0.0,0.0,0.0,1,1,1,0.0,0,0,0.0,0.0,0.0,0.0,0.0,0.0,0,0.0,1,0.0,0,0,0.0,0.0,1.0,1.0,0.0,inward,BZT
2919,0.0,0.0,0.0,0.0,0.0,0,0,0.0,0.0,0,0.0,0.0,0.0,0,0,1,0,0.0,0.0,0.0,0,1.0,0,0.0,0.0,0.0,1,1.0,0.0,0.0,1.0,0.0,0.0,0.0,0.0,0,0.0,0,0.0,1,0.0,1,0.0,0.0,0.0,1,0,1,0.0,0,0,0.0,1.0,0.0,0.0,0.0,0.0,0,0.0,1,0.0,0,0,0.0,0.0,1.0,1.0,0.0,inward,BZT
2920,0.0,0.0,0.0,0.0,0.0,0,1,0.0,0.0,0,0.0,0.0,0.0,0,0,1,1,0.0,0.0,0.0,0,0.0,0,0.0,0.0,0.0,0,0.0,0.0,0.0,1.0,0.0,0.0,0.0,0.0,0,0.0,1,0.0,1,0.0,1,0.0,0.0,0.0,1,0,1,0.0,0,0,0.0,1.0,0.0,0.0,0.0,0.0,0,0.0,0,0.0,0,0,0.0,0.0,1.0,1.0,0.0,inward,BZT
2921,0.0,0.0,0.0,0.0,0.0,0,1,0.0,0.0,0,0.0,0.0,0.0,0,0,1,0,0.0,0.0,0.0,0,0.0,1,0.0,0.0,0.0,0,1.0,1.0,0.0,0.0,0.0,0.0,0.0,0.0,0,0.0,0,0.0,1,0.0,0,0.0,0.0,0.0,1,0,1,0.0,0,0,0.0,1.0,0.0,0.0,0.0,0.0,0,0.0,1,0.0,0,0,0.0,0.0,1.0,1.0,0.0,inward,BZT
2922,0.0,0.0,0.0,0.0,0.0,0,0,0.0,0.0,0,0.0,0.0,0.0,0,0,1,1,0.0,0.0,0.0,1,0.0,0,0.0,0.0,0.0,1,1.0,0.0,0.0,0.0,0.0,0.0,0.0,0.0,0,0.0,1,0.0,1,0.0,1,0.0,0.0,0.0,1,0,1,0.0,0,0,0.0,1.0,0.0,0.0,0.0,0.0,0,0.0,0,0.0,0,0,0.0,0.0,1.0,1.0,0.0,inward,BZT
2923,0.0,0.0,0.0,0.0,0.0,0,0,0.0,0.0,0,0.0,0.0,0.0,0,0,1,0,1.0,0.0,0.0,0,0.0,0,0.0,0.0,0.0,1,1.0,1.0,0.0,0.0,0.0,0.0,0.0,0.0,0,0.0,1,0.0,1,0.0,0,0.0,0.0,0.0,1,1,1,0.0,0,0,0.0,0.0,0.0,0.0,0.0,0.0,0,0.0,1,0.0,0,0,0.0,0.0,1.0,0.0,0.0,inward,BZT
2924,0.0,0.0,0.0,0.0,0.0,0,0,0.0,0.0,0,0.0,0.0,0.0,0,0,1,0,0.0,0.0,0.0,1,0.0,0,0.0,0.0,0.0,0,1.0,0.0,0.0,0.0,0.0,0.0,0.0,0.0,0,0.0,1,0.0,1,0.0,0,0.0,0.0,0.0,1,0,1,0.0,0,0,0.0,1.0,0.0,0.0,0.0,0.0,0,0.0,1,0.0,0,0,0.0,0.0,1.0,0.0,0.0,inward,BZT
2925,0.0,0.0,0.0,0.0,0.0,0,0,0.0,0.0,0,0.0,0.0,0.0,0,0,1,0,0.0,0.0,0.0,0,0.0,0,0.0,0.0,1.0,1,1.0,1.0,0.0,0.0,0.0,0.0,0.0,0.0,0,0.0,1,0.0,1,0.0,1,0.0,0.0,0.0,1,1,1,0.0,0,1,0.0,0.0,0.0,0.0,0.0,0.0,0,0.0,1,0.0,0,0,0.0,0.0,1.0,1.0,0.0,inward,BZT
2926,0.0,0.0,0.0,0.0,0.0,0,0,0.0,0.0,0,0.0,0.0,0.0,0,0,0,0,0.0,0.0,0.0,0,0.0,0,0.0,0.0,0.0,1,1.0,0.0,0.0,0.0,0.0,0.0,0.0,0.0,0,0.0,0,0.0,1,0.0,0,0.0,0.0,0.0,1,0,1,0.0,0,0,0.0,0.0,0.0,0.0,0.0,0.0,0,0.0,1,0.0,0,0,0.0,0.0,1.0,1.0,0.0,inward,BZT
2927,0.0,0.0,0.0,0.0,0.0,0,0,0.0,0.0,0,0.0,0.0,0.0,0,0,1,0,0.0,0.0,0.0,1,0.0,0,0.0,0.0,0.0,1,1.0,1.0,0.0,1.0,0.0,0.0,0.0,0.0,0,0.0,1,0.0,1,0.0,0,0.0,0.0,0.0,1,1,1,0.0,0,1,0.0,0.0,0.0,0.0,0.0,0.0,0,0.0,1,0.0,0,0,0.0,0.0,1.0,0.0,0.0,inward,BZT
2928,0.0,0.0,0.0,0.0,0.0,0,1,0.0,0.0,0,0.0,0.0,0.0,0,0,1,1,0.0,0.0,0.0,0,0.0,0,0.0,0.0,1.0,0,1.0,1.0,0.0,0.0,0.0,0.0,0.0,0.0,0,0.0,0,0.0,1,0.0,0,0.0,0.0,0.0,1,1,1,0.0,0,0,0.0,1.0,0.0,0.0,0.0,0.0,0,0.0,1,0.0,0,0,0.0,0.0,1.0,1.0,0.0,inward,BZT
2929,0.0,0.0,0.0,0.0,0.0,0,0,0.0,0.0,0,0.0,0.0,0.0,0,0,1,0,0.0,0.0,0.0,1,0.0,0,0.0,0.0,0.0,1,1.0,0.0,0.0,1.0,0.0,0.0,0.0,0.0,0,0.0,1,0.0,1,0.0,0,0.0,0.0,0.0,1,1,0,0.0,0,1,0.0,1.0,0.0,0.0,0.0,0.0,0,0.0,1,0.0,0,0,0.0,0.0,1.0,1.0,0.0,inward,BZT
2930,0.0,0.0,0.0,0.0,0.0,0,0,0.0,0.0,0,0.0,0.0,0.0,1,0,0,0,0.0,0.0,0.0,0,0.0,0,0.0,0.0,0.0,1,1.0,1.0,0.0,0.0,0.0,0.0,0.0,0.0,0,0.0,0,0.0,0,0.0,0,0.0,0.0,0.0,1,0,1,0.0,0,1,0.0,0.0,0.0,0.0,0.0,0.0,0,0.0,0,0.0,0,0,0.0,0.0,1.0,1.0,0.0,inward,BZT
2931,0.0,0.0,0.0,0.0,0.0,0,0,0.0,0.0,0,0.0,0.0,0.0,1,0,1,1,0.0,0.0,0.0,0,1.0,0,0.0,0.0,0.0,1,1.0,0.0,0.0,0.0,0.0,0.0,0.0,0.0,0,0.0,0,0.0,1,0.0,1,0.0,0.0,0.0,1,0,1,0.0,0,0,0.0,0.0,0.0,0.0,0.0,0.0,0,0.0,1,0.0,0,0,0.0,0.0,1.0,1.0,0.0,inward,BZT
2932,0.0,0.0,0.0,0.0,0.0,0,0,0.0,0.0,0,0.0,0.0,0.0,0,0,1,1,0.0,0.0,0.0,0,0.0,0,0.0,0.0,0.0,1,1.0,0.0,0.0,0.0,0.0,0.0,0.0,0.0,0,0.0,0,0.0,1,0.0,0,0.0,0.0,0.0,1,1,0,0.0,0,0,0.0,1.0,0.0,0.0,0.0,0.0,0,0.0,0,0.0,0,0,0.0,0.0,1.0,1.0,0.0,inward,BZT
2933,0.0,0.0,0.0,0.0,0.0,0,0,0.0,0.0,0,0.0,0.0,0.0,0,0,1,0,0.0,0.0,0.0,0,0.0,0,0.0,0.0,0.0,0,1.0,1.0,0.0,0.0,0.0,0.0,0.0,0.0,0,0.0,0,0.0,1,0.0,0,0.0,0.0,0.0,1,0,1,0.0,0,1,0.0,0.0,0.0,0.0,0.0,0.0,0,0.0,1,0.0,0,0,0.0,0.0,1.0,1.0,0.0,inward,BZT
2934,0.0,0.0,0.0,0.0,0.0,0,0,0.0,0.0,0,0.0,0.0,0.0,0,0,1,0,0.0,0.0,0.0,0,1.0,0,0.0,0.0,0.0,0,1.0,1.0,0.0,0.0,0.0,0.0,0.0,0.0,0,0.0,0,0.0,1,0.0,0,0.0,0.0,0.0,1,0,1,0.0,1,1,0.0,0.0,0.0,0.0,0.0,0.0,0,0.0,1,0.0,0,0,0.0,0.0,1.0,1.0,0.0,inward,BZT
2935,0.0,0.0,0.0,0.0,0.0,0,0,0.0,0.0,0,0.0,0.0,0.0,1,0,1,0,0.0,0.0,0.0,0,0.0,0,0.0,0.0,1.0,1,1.0,0.0,0.0,0.0,0.0,0.0,0.0,0.0,0,0.0,1,0.0,1,0.0,0,0.0,0.0,0.0,1,0,0,0.0,0,0,0.0,0.0,0.0,0.0,0.0,0.0,0,0.0,1,0.0,0,0,0.0,0.0,1.0,1.0,0.0,inward,BZT
2936,0.0,0.0,0.0,0.0,0.0,0,0,0.0,0.0,0,0.0,0.0,0.0,0,0,1,1,0.0,0.0,0.0,0,0.0,0,0.0,0.0,0.0,1,1.0,0.0,0.0,1.0,0.0,0.0,0.0,0.0,0,0.0,1,0.0,1,0.0,0,0.0,0.0,0.0,1,1,1,0.0,0,0,0.0,0.0,0.0,0.0,0.0,0.0,0,0.0,1,0.0,0,0,0.0,0.0,1.0,1.0,0.0,inward,BZT
2937,0.0,0.0,0.0,0.0,0.0,0,0,0.0,0.0,0,0.0,0.0,0.0,0,0,1,0,0.0,0.0,0.0,0,0.0,0,0.0,0.0,0.0,1,1.0,1.0,0.0,0.0,0.0,0.0,0.0,0.0,0,0.0,0,0.0,1,0.0,1,0.0,0.0,0.0,1,1,1,0.0,0,0,0.0,0.0,0.0,0.0,0.0,0.0,0,0.0,1,0.0,0,0,0.0,0.0,1.0,1.0,0.0,inward,BZT
2938,0.0,0.0,0.0,0.0,0.0,0,0,0.0,0.0,0,0.0,0.0,0.0,0,0,0,0,0.0,0.0,0.0,0,0.0,0,0.0,0.0,0.0,1,1.0,0.0,0.0,0.0,0.0,0.0,0.0,0.0,0,0.0,0,0.0,1,0.0,1,0.0,0.0,0.0,1,0,0,0.0,0,0,0.0,0.0,0.0,0.0,0.0,0.0,0,0.0,1,0.0,0,0,0.0,0.0,1.0,1.0,0.0,inward,BZT
2939,0.0,0.0,0.0,0.0,0.0,0,0,0.0,0.0,0,0.0,0.0,0.0,0,0,1,0,0.0,0.0,0.0,0,0.0,1,0.0,0.0,0.0,0,1.0,0.0,0.0,0.0,0.0,0.0,0.0,0.0,0,0.0,0,0.0,1,0.0,1,0.0,0.0,0.0,1,1,1,0.0,0,0,0.0,0.0,0.0,0.0,0.0,0.0,1,0.0,1,0.0,0,0,0.0,0.0,1.0,1.0,0.0,inward,BZT
2940,0.0,0.0,0.0,0.0,0.0,0,0,0.0,0.0,0,0.0,0.0,0.0,0,0,1,1,0.0,0.0,0.0,1,0.0,0,0.0,0.0,1.0,1,1.0,0.0,0.0,0.0,0.0,0.0,0.0,0.0,0,0.0,0,0.0,1,0.0,0,0.0,0.0,0.0,1,0,1,0.0,1,0,0.0,1.0,0.0,0.0,0.0,0.0,0,0.0,1,0.0,0,0,0.0,0.0,1.0,1.0,0.0,inward,BZT
2941,0.0,0.0,0.0,0.0,0.0,0,0,0.0,0.0,0,0.0,0.0,0.0,0,0,1,1,0.0,0.0,0.0,0,0.0,0,0.0,0.0,0.0,1,1.0,1.0,0.0,0.0,0.0,0.0,0.0,0.0,0,0.0,0,0.0,1,0.0,0,0.0,0.0,0.0,1,0,1,0.0,0,0,0.0,0.0,0.0,0.0,0.0,0.0,0,0.0,1,0.0,0,0,0.0,0.0,1.0,0.0,0.0,inward,BZT
2942,0.0,0.0,0.0,0.0,0.0,0,0,0.0,0.0,0,0.0,0.0,0.0,0,0,1,0,0.0,0.0,0.0,0,0.0,0,0.0,0.0,0.0,1,1.0,1.0,0.0,0.0,0.0,0.0,0.0,0.0,0,0.0,1,0.0,1,0.0,1,0.0,0.0,0.0,1,1,1,0.0,0,0,0.0,1.0,0.0,0.0,0.0,0.0,0,0.0,1,0.0,0,0,0.0,0.0,1.0,1.0,0.0,inward,BZT
2943,0.0,0.0,0.0,0.0,0.0,0,0,0.0,0.0,0,0.0,0.0,0.0,0,0,0,0,0.0,0.0,0.0,0,0.0,0,0.0,0.0,0.0,1,1.0,0.0,0.0,0.0,0.0,0.0,0.0,0.0,0,0.0,1,0.0,1,0.0,0,0.0,0.0,0.0,1,0,1,0.0,1,0,0.0,0.0,0.0,0.0,0.0,0.0,0,0.0,1,0.0,0,0,0.0,0.0,1.0,0.0,0.0,inward,BZT
2944,0.0,0.0,0.0,0.0,0.0,0,0,0.0,0.0,0,0.0,0.0,0.0,0,0,1,0,0.0,0.0,0.0,0,0.0,0,0.0,0.0,0.0,1,1.0,1.0,0.0,0.0,0.0,0.0,0.0,0.0,0,0.0,1,0.0,1,0.0,1,0.0,0.0,0.0,1,0,0,0.0,1,0,0.0,0.0,0.0,0.0,0.0,0.0,0,0.0,0,0.0,0,0,0.0,0.0,1.0,0.0,0.0,inward,BZT
2945,0.0,0.0,0.0,0.0,0.0,0,0,0.0,0.0,0,0.0,0.0,0.0,1,0,1,1,0.0,0.0,0.0,0,0.0,0,0.0,0.0,0.0,0,1.0,0.0,0.0,0.0,0.0,0.0,0.0,0.0,0,0.0,1,0.0,1,0.0,1,0.0,0.0,0.0,1,1,0,0.0,0,1,0.0,0.0,0.0,0.0,0.0,0.0,0,0.0,1,0.0,0,0,0.0,0.0,1.0,1.0,0.0,inward,BZT
2946,0.0,0.0,0.0,0.0,0.0,0,0,0.0,0.0,0,0.0,0.0,0.0,1,0,1,0,0.0,0.0,0.0,0,1.0,0,0.0,0.0,0.0,1,1.0,1.0,0.0,0.0,0.0,0.0,0.0,0.0,0,0.0,0,0.0,1,0.0,0,0.0,0.0,0.0,1,0,1,0.0,0,0,0.0,0.0,0.0,0.0,0.0,0.0,0,0.0,1,0.0,0,0,0.0,0.0,1.0,0.0,0.0,inward,BZT
2947,0.0,0.0,0.0,0.0,0.0,0,0,0.0,0.0,0,0.0,0.0,0.0,0,0,1,1,0.0,0.0,0.0,0,0.0,0,0.0,0.0,0.0,1,1.0,1.0,0.0,0.0,0.0,0.0,0.0,0.0,0,0.0,0,0.0,1,0.0,1,0.0,0.0,0.0,1,0,1,0.0,0,1,0.0,0.0,0.0,0.0,0.0,0.0,1,0.0,1,0.0,0,1,0.0,0.0,1.0,1.0,0.0,inward,BZT
2948,0.0,0.0,0.0,0.0,0.0,0,0,0.0,0.0,0,0.0,0.0,0.0,0,0,1,0,0.0,0.0,0.0,0,0.0,0,0.0,0.0,0.0,1,1.0,0.0,0.0,1.0,0.0,0.0,0.0,0.0,0,0.0,0,0.0,1,0.0,0,0.0,0.0,0.0,1,0,1,0.0,0,0,0.0,0.0,0.0,0.0,0.0,0.0,0,0.0,0,0.0,0,0,0.0,0.0,1.0,1.0,0.0,inward,BZT
2949,0.0,0.0,0.0,0.0,0.0,0,0,0.0,0.0,0,0.0,0.0,0.0,0,0,0,0,0.0,0.0,0.0,0,0.0,0,0.0,0.0,0.0,1,1.0,0.0,0.0,0.0,0.0,0.0,0.0,0.0,0,0.0,0,0.0,1,0.0,1,0.0,0.0,0.0,1,1,1,0.0,0,1,0.0,0.0,0.0,0.0,0.0,0.0,0,0.0,1,0.0,0,0,0.0,0.0,1.0,1.0,0.0,inward,BZT
2950,0.0,0.0,0.0,0.0,0.0,0,1,0.0,0.0,0,0.0,0.0,0.0,0,0,0,0,0.0,0.0,0.0,0,0.0,0,0.0,0.0,0.0,0,1.0,1.0,0.0,0.0,0.0,0.0,0.0,0.0,0,0.0,0,0.0,1,0.0,0,0.0,0.0,0.0,1,0,1,0.0,0,0,0.0,0.0,0.0,0.0,0.0,0.0,0,0.0,0,0.0,0,0,0.0,0.0,1.0,1.0,0.0,inward,BZT
2951,0.0,0.0,0.0,0.0,0.0,0,0,0.0,0.0,0,0.0,0.0,0.0,0,0,1,1,0.0,0.0,0.0,0,0.0,0,0.0,0.0,0.0,0,1.0,0.0,0.0,1.0,0.0,0.0,0.0,0.0,0,0.0,0,1.0,1,0.0,1,0.0,0.0,0.0,1,0,1,0.0,0,0,0.0,0.0,0.0,0.0,0.0,0.0,0,0.0,1,0.0,0,0,0.0,0.0,1.0,1.0,0.0,inward,BZT
2952,0.0,0.0,0.0,0.0,0.0,0,0,0.0,0.0,0,0.0,0.0,0.0,0,0,0,0,0.0,0.0,0.0,0,0.0,0,0.0,0.0,0.0,1,1.0,0.0,0.0,0.0,0.0,0.0,0.0,0.0,0,0.0,0,0.0,1,0.0,0,0.0,0.0,0.0,1,1,1,0.0,0,1,0.0,0.0,0.0,0.0,0.0,0.0,0,0.0,1,0.0,0,0,0.0,0.0,1.0,1.0,0.0,inward,BZT
2953,0.0,0.0,0.0,0.0,0.0,0,0,0.0,0.0,0,0.0,0.0,0.0,1,0,1,0,0.0,0.0,0.0,0,0.0,0,0.0,0.0,1.0,0,1.0,1.0,0.0,1.0,0.0,0.0,0.0,0.0,0,0.0,1,0.0,1,0.0,0,0.0,0.0,0.0,1,0,1,0.0,0,0,0.0,0.0,0.0,0.0,0.0,0.0,0,0.0,0,0.0,0,0,0.0,0.0,1.0,1.0,0.0,inward,BZT
2954,0.0,0.0,0.0,0.0,0.0,0,1,0.0,0.0,0,0.0,0.0,0.0,0,0,1,0,0.0,0.0,0.0,0,0.0,0,0.0,0.0,1.0,1,1.0,0.0,0.0,0.0,0.0,0.0,0.0,0.0,0,0.0,1,0.0,1,0.0,0,0.0,0.0,0.0,1,0,1,0.0,0,0,0.0,1.0,0.0,0.0,0.0,0.0,0,0.0,1,0.0,0,0,0.0,0.0,1.0,1.0,0.0,inward,BZT
2955,0.0,0.0,0.0,0.0,0.0,0,0,0.0,0.0,0,0.0,0.0,0.0,0,0,1,0,0.0,0.0,0.0,0,0.0,0,0.0,0.0,0.0,1,1.0,0.0,0.0,1.0,0.0,0.0,0.0,0.0,0,0.0,0,0.0,1,0.0,0,0.0,0.0,0.0,1,0,1,0.0,0,0,0.0,0.0,0.0,0.0,0.0,0.0,0,0.0,1,0.0,0,0,0.0,0.0,1.0,1.0,0.0,inward,BZT
2956,0.0,0.0,0.0,0.0,0.0,0,0,0.0,0.0,0,0.0,0.0,0.0,0,0,1,0,0.0,0.0,0.0,0,1.0,0,0.0,0.0,0.0,0,1.0,0.0,0.0,1.0,0.0,0.0,0.0,0.0,0,0.0,0,0.0,1,0.0,1,0.0,0.0,0.0,1,0,1,0.0,0,0,0.0,0.0,0.0,0.0,0.0,0.0,0,0.0,1,0.0,0,0,0.0,0.0,1.0,0.0,0.0,inward,BZT
2957,0.0,0.0,0.0,0.0,0.0,0,0,0.0,0.0,0,0.0,0.0,0.0,0,0,1,0,0.0,0.0,0.0,0,0.0,0,0.0,0.0,1.0,1,1.0,1.0,0.0,0.0,0.0,0.0,0.0,0.0,0,0.0,0,0.0,1,0.0,0,0.0,0.0,0.0,1,0,1,0.0,0,0,0.0,0.0,0.0,0.0,0.0,0.0,0,0.0,0,0.0,0,0,0.0,0.0,1.0,1.0,0.0,inward,BZT
2958,0.0,0.0,0.0,0.0,0.0,0,0,0.0,0.0,0,0.0,0.0,0.0,0,0,1,0,0.0,0.0,0.0,1,0.0,0,0.0,0.0,0.0,1,1.0,0.0,0.0,0.0,0.0,0.0,0.0,0.0,0,0.0,0,0.0,1,0.0,1,0.0,0.0,0.0,1,0,1,0.0,0,0,0.0,0.0,0.0,0.0,0.0,0.0,1,0.0,1,0.0,0,0,0.0,0.0,1.0,0.0,0.0,inward,BZT
2959,0.0,0.0,0.0,0.0,0.0,0,1,0.0,0.0,0,0.0,0.0,0.0,0,0,1,0,0.0,0.0,0.0,0,0.0,0,0.0,0.0,1.0,0,1.0,0.0,0.0,1.0,0.0,0.0,0.0,0.0,0,0.0,0,0.0,1,0.0,0,0.0,0.0,0.0,1,0,1,0.0,0,0,0.0,1.0,0.0,0.0,0.0,0.0,0,0.0,0,0.0,0,0,0.0,0.0,1.0,1.0,0.0,inward,BZT
2960,0.0,0.0,0.0,0.0,0.0,0,0,0.0,0.0,0,0.0,0.0,0.0,0,0,1,0,0.0,0.0,0.0,1,1.0,0,0.0,0.0,0.0,1,1.0,1.0,0.0,1.0,0.0,0.0,0.0,0.0,0,0.0,1,0.0,1,0.0,1,0.0,0.0,0.0,1,0,1,0.0,0,0,0.0,1.0,0.0,0.0,0.0,0.0,0,0.0,1,0.0,0,0,0.0,0.0,1.0,1.0,0.0,inward,BZT
2961,0.0,0.0,0.0,0.0,0.0,0,0,0.0,0.0,0,0.0,0.0,0.0,0,0,1,0,0.0,0.0,0.0,0,0.0,0,0.0,0.0,0.0,1,1.0,1.0,0.0,1.0,0.0,0.0,0.0,0.0,0,0.0,1,0.0,1,0.0,0,0.0,0.0,0.0,1,0,1,0.0,0,1,0.0,0.0,0.0,0.0,0.0,0.0,0,0.0,1,0.0,0,0,0.0,0.0,1.0,1.0,0.0,inward,BZT
2962,0.0,0.0,0.0,0.0,0.0,0,0,0.0,0.0,0,0.0,0.0,0.0,0,0,1,1,0.0,0.0,0.0,1,0.0,0,0.0,0.0,0.0,0,1.0,1.0,0.0,1.0,0.0,0.0,0.0,0.0,0,0.0,1,0.0,1,0.0,1,0.0,0.0,0.0,1,0,1,0.0,1,0,0.0,1.0,0.0,0.0,0.0,0.0,0,0.0,1,0.0,0,0,0.0,0.0,1.0,1.0,0.0,inward,BZT
2963,0.0,0.0,0.0,0.0,0.0,0,0,0.0,0.0,0,0.0,0.0,0.0,0,0,1,0,0.0,0.0,0.0,1,0.0,0,0.0,0.0,0.0,0,1.0,0.0,0.0,1.0,0.0,0.0,0.0,0.0,0,0.0,1,0.0,1,0.0,0,0.0,0.0,0.0,1,0,1,0.0,0,0,0.0,0.0,0.0,0.0,0.0,0.0,0,0.0,1,0.0,0,0,0.0,0.0,1.0,1.0,0.0,inward,BZT
2964,0.0,0.0,0.0,0.0,0.0,0,0,0.0,0.0,0,0.0,0.0,0.0,0,0,1,0,0.0,0.0,0.0,0,0.0,0,0.0,0.0,0.0,1,1.0,0.0,0.0,0.0,0.0,0.0,0.0,0.0,0,0.0,0,0.0,1,0.0,0,0.0,0.0,0.0,1,1,1,0.0,0,1,0.0,0.0,0.0,0.0,0.0,0.0,0,0.0,1,0.0,0,0,0.0,0.0,1.0,1.0,0.0,inward,BZT
2965,0.0,0.0,0.0,0.0,0.0,0,0,0.0,0.0,0,0.0,0.0,0.0,0,0,1,0,0.0,0.0,0.0,0,0.0,0,0.0,0.0,0.0,1,1.0,1.0,0.0,1.0,0.0,0.0,0.0,0.0,0,0.0,1,0.0,1,0.0,0,0.0,0.0,0.0,1,0,0,0.0,1,0,0.0,0.0,0.0,0.0,0.0,0.0,0,0.0,1,0.0,0,0,0.0,0.0,1.0,1.0,0.0,inward,BZT
2966,0.0,0.0,0.0,0.0,0.0,0,1,0.0,0.0,0,0.0,0.0,0.0,0,0,1,0,0.0,0.0,0.0,1,0.0,0,0.0,0.0,0.0,0,0.0,0.0,0.0,1.0,0.0,0.0,0.0,1.0,0,0.0,1,0.0,1,0.0,0,0.0,0.0,0.0,1,0,1,0.0,0,1,0.0,1.0,0.0,0.0,0.0,0.0,0,0.0,1,0.0,0,0,0.0,0.0,1.0,1.0,0.0,inward,BZT
2967,0.0,0.0,0.0,0.0,0.0,0,0,0.0,0.0,0,0.0,0.0,0.0,0,0,1,0,0.0,0.0,0.0,1,0.0,0,0.0,0.0,1.0,1,1.0,0.0,0.0,0.0,0.0,0.0,0.0,0.0,0,0.0,1,0.0,1,0.0,0,0.0,0.0,0.0,1,0,1,0.0,0,0,0.0,1.0,0.0,0.0,0.0,0.0,0,0.0,1,0.0,0,0,0.0,0.0,1.0,1.0,0.0,inward,BZT
2968,0.0,0.0,0.0,0.0,0.0,0,0,0.0,0.0,0,0.0,0.0,0.0,0,0,1,0,0.0,0.0,0.0,0,0.0,0,0.0,0.0,0.0,1,1.0,0.0,0.0,0.0,0.0,0.0,0.0,0.0,0,0.0,1,0.0,1,0.0,1,1.0,0.0,0.0,1,0,0,0.0,1,0,0.0,0.0,0.0,0.0,0.0,0.0,0,0.0,1,0.0,0,0,0.0,0.0,1.0,1.0,0.0,inward,BZT
2969,0.0,0.0,0.0,0.0,0.0,0,0,0.0,0.0,0,0.0,0.0,0.0,0,0,1,0,0.0,0.0,0.0,0,0.0,0,0.0,0.0,0.0,0,1.0,0.0,0.0,1.0,0.0,1.0,0.0,0.0,0,0.0,0,0.0,1,0.0,0,0.0,0.0,0.0,1,0,1,0.0,1,0,0.0,1.0,0.0,0.0,0.0,0.0,0,0.0,1,0.0,0,0,0.0,0.0,1.0,1.0,0.0,inward,BZT
2970,0.0,0.0,0.0,0.0,0.0,0,0,0.0,0.0,0,0.0,0.0,0.0,0,0,1,0,0.0,0.0,0.0,1,1.0,0,0.0,0.0,0.0,0,1.0,0.0,0.0,0.0,0.0,0.0,0.0,0.0,0,0.0,1,0.0,1,0.0,1,0.0,0.0,0.0,1,0,1,0.0,0,0,0.0,0.0,0.0,0.0,0.0,0.0,1,0.0,1,0.0,0,0,0.0,0.0,1.0,0.0,0.0,inward,BZT
2971,0.0,0.0,0.0,0.0,0.0,0,0,0.0,0.0,0,0.0,0.0,0.0,0,0,1,1,0.0,0.0,0.0,0,1.0,0,0.0,0.0,0.0,0,1.0,0.0,0.0,0.0,0.0,0.0,0.0,0.0,0,0.0,0,0.0,1,0.0,1,1.0,0.0,0.0,1,0,1,0.0,0,0,0.0,0.0,0.0,0.0,0.0,0.0,0,0.0,1,0.0,0,0,0.0,0.0,1.0,1.0,0.0,inward,BZT
2972,0.0,0.0,0.0,0.0,0.0,0,1,0.0,0.0,0,0.0,0.0,0.0,0,0,1,0,1.0,0.0,0.0,1,0.0,0,0.0,0.0,0.0,1,1.0,0.0,0.0,1.0,0.0,0.0,0.0,0.0,0,0.0,1,0.0,1,0.0,0,0.0,0.0,0.0,1,0,1,0.0,1,1,0.0,0.0,0.0,0.0,0.0,0.0,0,0.0,1,0.0,0,0,0.0,0.0,1.0,1.0,0.0,inward,BZT
2973,0.0,0.0,0.0,0.0,0.0,0,1,0.0,0.0,0,0.0,0.0,0.0,0,0,1,1,0.0,0.0,0.0,0,0.0,1,0.0,0.0,1.0,1,1.0,0.0,0.0,0.0,0.0,0.0,0.0,0.0,0,0.0,0,0.0,1,0.0,0,0.0,0.0,0.0,1,0,1,0.0,1,0,0.0,0.0,0.0,0.0,0.0,0.0,1,0.0,1,0.0,0,0,0.0,0.0,1.0,1.0,0.0,inward,BZT
2974,0.0,0.0,0.0,0.0,0.0,0,0,0.0,0.0,0,0.0,0.0,0.0,0,0,1,0,0.0,0.0,0.0,0,0.0,0,0.0,0.0,0.0,0,1.0,1.0,0.0,1.0,0.0,0.0,0.0,0.0,0,0.0,0,0.0,1,0.0,0,0.0,0.0,0.0,1,0,1,0.0,0,0,0.0,1.0,0.0,0.0,0.0,0.0,0,0.0,1,0.0,0,0,0.0,0.0,1.0,1.0,0.0,inward,BZT
2975,0.0,0.0,0.0,0.0,0.0,0,0,0.0,0.0,0,0.0,0.0,0.0,0,0,1,0,0.0,0.0,0.0,0,0.0,0,0.0,0.0,0.0,1,1.0,0.0,0.0,1.0,0.0,0.0,0.0,0.0,0,0.0,1,0.0,1,0.0,0,0.0,0.0,0.0,1,0,1,0.0,0,0,0.0,0.0,0.0,0.0,0.0,0.0,1,0.0,1,0.0,0,0,0.0,0.0,1.0,1.0,0.0,inward,BZT
2976,0.0,0.0,0.0,0.0,0.0,0,0,0.0,0.0,0,0.0,0.0,0.0,0,0,1,1,0.0,0.0,0.0,1,0.0,0,0.0,0.0,0.0,0,1.0,0.0,0.0,0.0,0.0,0.0,0.0,0.0,0,0.0,0,0.0,1,0.0,0,0.0,0.0,0.0,1,1,0,0.0,0,0,0.0,1.0,1.0,0.0,0.0,0.0,0,0.0,1,0.0,0,0,0.0,0.0,1.0,1.0,0.0,inward,BZT
2977,0.0,0.0,0.0,0.0,0.0,0,0,0.0,0.0,0,0.0,0.0,0.0,0,0,1,1,0.0,0.0,0.0,0,1.0,0,0.0,0.0,0.0,1,1.0,0.0,0.0,1.0,0.0,1.0,0.0,1.0,0,0.0,1,0.0,1,0.0,1,0.0,0.0,0.0,1,0,1,0.0,0,0,0.0,0.0,0.0,0.0,0.0,0.0,0,0.0,0,0.0,0,0,0.0,0.0,1.0,0.0,0.0,inward,BZT
2978,0.0,0.0,0.0,0.0,0.0,0,1,0.0,0.0,0,0.0,0.0,0.0,1,0,1,1,0.0,0.0,0.0,1,0.0,0,0.0,0.0,0.0,1,1.0,1.0,0.0,1.0,0.0,0.0,0.0,0.0,0,0.0,1,0.0,1,0.0,0,0.0,0.0,0.0,1,0,1,0.0,0,0,0.0,0.0,0.0,0.0,0.0,0.0,0,0.0,1,0.0,0,0,0.0,0.0,1.0,1.0,0.0,inward,BZT
2979,0.0,0.0,0.0,0.0,0.0,0,0,0.0,0.0,0,0.0,0.0,0.0,0,0,1,0,0.0,0.0,0.0,0,0.0,0,0.0,0.0,0.0,1,1.0,0.0,0.0,1.0,0.0,0.0,0.0,0.0,0,0.0,0,0.0,1,0.0,1,0.0,0.0,0.0,1,1,0,0.0,0,0,0.0,0.0,0.0,0.0,0.0,0.0,0,0.0,1,0.0,0,0,0.0,0.0,1.0,1.0,0.0,inward,BZT
2980,0.0,0.0,0.0,0.0,0.0,0,0,0.0,0.0,0,0.0,0.0,0.0,0,0,1,0,0.0,0.0,0.0,1,0.0,0,0.0,0.0,0.0,0,1.0,0.0,0.0,1.0,0.0,0.0,0.0,0.0,0,0.0,1,0.0,1,0.0,0,0.0,0.0,0.0,1,0,1,0.0,0,1,0.0,1.0,0.0,0.0,0.0,0.0,0,0.0,0,0.0,0,0,0.0,0.0,1.0,1.0,0.0,inward,BZT
2981,0.0,0.0,0.0,0.0,0.0,0,1,0.0,0.0,0,0.0,0.0,0.0,0,0,1,0,0.0,0.0,0.0,0,1.0,0,0.0,0.0,1.0,0,1.0,1.0,0.0,1.0,0.0,0.0,0.0,0.0,0,0.0,1,0.0,1,0.0,1,0.0,0.0,0.0,1,0,1,0.0,0,0,0.0,0.0,0.0,0.0,0.0,0.0,0,0.0,1,0.0,0,0,0.0,0.0,1.0,1.0,0.0,inward,BZT
2982,0.0,0.0,0.0,0.0,0.0,0,0,0.0,0.0,0,0.0,0.0,0.0,0,0,0,0,0.0,0.0,0.0,1,1.0,0,0.0,0.0,0.0,0,1.0,0.0,0.0,0.0,0.0,0.0,0.0,0.0,0,0.0,1,0.0,1,0.0,0,0.0,0.0,0.0,1,0,1,0.0,1,0,0.0,1.0,0.0,0.0,0.0,0.0,0,0.0,0,0.0,0,0,0.0,0.0,1.0,1.0,0.0,inward,BZT
2983,0.0,0.0,0.0,0.0,0.0,0,0,0.0,0.0,0,0.0,0.0,0.0,0,0,1,0,0.0,0.0,0.0,1,0.0,0,0.0,0.0,1.0,1,1.0,0.0,0.0,1.0,0.0,0.0,0.0,0.0,0,0.0,0,0.0,1,0.0,0,0.0,0.0,0.0,1,0,1,0.0,0,0,0.0,1.0,0.0,0.0,0.0,0.0,0,0.0,1,0.0,0,0,0.0,0.0,1.0,1.0,0.0,inward,BZT
2984,0.0,0.0,0.0,0.0,0.0,0,0,0.0,0.0,0,0.0,0.0,0.0,0,0,1,1,0.0,0.0,0.0,1,1.0,0,0.0,0.0,0.0,0,1.0,0.0,0.0,1.0,0.0,1.0,0.0,0.0,0,0.0,0,0.0,1,0.0,0,0.0,0.0,0.0,1,0,1,0.0,0,0,0.0,0.0,0.0,0.0,0.0,0.0,0,0.0,1,0.0,0,0,0.0,0.0,1.0,1.0,0.0,inward,BZT
2985,0.0,0.0,0.0,0.0,0.0,0,0,0.0,0.0,0,0.0,0.0,0.0,0,0,1,1,0.0,0.0,0.0,1,0.0,0,0.0,0.0,0.0,0,1.0,1.0,0.0,1.0,0.0,0.0,0.0,0.0,0,0.0,1,0.0,1,0.0,1,0.0,0.0,0.0,1,0,1,0.0,0,0,0.0,1.0,0.0,0.0,0.0,0.0,0,0.0,1,0.0,0,0,0.0,0.0,1.0,1.0,0.0,inward,BZT
2986,0.0,0.0,0.0,0.0,0.0,0,0,0.0,0.0,0,0.0,0.0,0.0,0,0,1,0,0.0,0.0,0.0,0,0.0,0,0.0,0.0,0.0,0,1.0,1.0,0.0,0.0,0.0,0.0,0.0,0.0,0,0.0,0,0.0,1,0.0,0,0.0,0.0,0.0,1,0,0,0.0,0,0,0.0,0.0,0.0,0.0,0.0,0.0,0,0.0,1,0.0,0,0,0.0,0.0,1.0,1.0,0.0,inward,BZT
2987,0.0,0.0,0.0,0.0,0.0,0,0,0.0,0.0,0,0.0,0.0,0.0,0,0,1,1,0.0,0.0,0.0,0,0.0,0,0.0,0.0,0.0,1,0.0,0.0,0.0,0.0,0.0,0.0,0.0,0.0,0,0.0,1,0.0,1,0.0,1,0.0,0.0,0.0,1,1,0,0.0,0,0,0.0,0.0,0.0,0.0,0.0,0.0,0,0.0,1,0.0,0,0,0.0,0.0,1.0,0.0,0.0,inward,BZT
2988,0.0,0.0,0.0,0.0,0.0,0,0,0.0,0.0,0,0.0,0.0,0.0,0,0,0,0,1.0,0.0,0.0,0,0.0,0,0.0,0.0,0.0,0,1.0,1.0,0.0,1.0,0.0,0.0,0.0,0.0,0,0.0,0,0.0,1,0.0,0,0.0,0.0,0.0,1,1,1,0.0,0,0,0.0,0.0,0.0,0.0,0.0,0.0,0,0.0,1,0.0,0,0,0.0,0.0,1.0,1.0,0.0,inward,BZT
2989,0.0,0.0,0.0,0.0,0.0,0,0,0.0,0.0,0,0.0,0.0,0.0,0,0,1,0,0.0,0.0,0.0,0,0.0,0,0.0,0.0,0.0,0,1.0,1.0,0.0,1.0,0.0,0.0,0.0,0.0,0,0.0,0,0.0,1,0.0,0,0.0,0.0,0.0,1,1,1,0.0,0,0,0.0,0.0,0.0,0.0,0.0,0.0,0,0.0,1,0.0,0,0,0.0,0.0,1.0,1.0,0.0,inward,BZT
2990,0.0,0.0,0.0,0.0,0.0,0,0,0.0,0.0,0,0.0,0.0,0.0,0,0,1,0,0.0,0.0,0.0,1,0.0,0,0.0,0.0,0.0,0,1.0,0.0,0.0,0.0,0.0,0.0,0.0,0.0,0,0.0,1,0.0,1,0.0,1,1.0,1.0,0.0,1,0,1,0.0,0,0,0.0,1.0,0.0,0.0,0.0,0.0,0,0.0,0,0.0,0,0,0.0,0.0,1.0,1.0,1.0,inward,BZT
2991,0.0,0.0,0.0,0.0,0.0,0,0,0.0,0.0,0,0.0,0.0,0.0,0,0,1,1,0.0,0.0,0.0,1,1.0,0,0.0,0.0,1.0,0,1.0,0.0,0.0,0.0,0.0,0.0,0.0,0.0,0,0.0,0,0.0,1,0.0,0,0.0,0.0,0.0,1,0,1,0.0,0,0,0.0,1.0,0.0,0.0,0.0,0.0,0,0.0,1,0.0,0,0,0.0,0.0,1.0,1.0,0.0,inward,BZT
2992,0.0,0.0,0.0,0.0,0.0,0,0,0.0,0.0,0,0.0,0.0,0.0,0,0,1,0,0.0,0.0,0.0,1,0.0,0,0.0,0.0,1.0,1,1.0,0.0,0.0,1.0,0.0,0.0,0.0,0.0,0,0.0,0,0.0,1,0.0,1,0.0,0.0,0.0,1,1,1,0.0,0,0,0.0,1.0,0.0,0.0,0.0,0.0,0,0.0,1,0.0,0,0,0.0,0.0,1.0,1.0,0.0,inward,BZT
2993,0.0,0.0,0.0,0.0,0.0,0,1,0.0,0.0,0,0.0,0.0,0.0,0,0,1,1,0.0,0.0,0.0,1,0.0,0,0.0,0.0,0.0,1,1.0,0.0,0.0,0.0,0.0,0.0,0.0,0.0,0,0.0,1,0.0,1,0.0,0,1.0,0.0,0.0,1,0,0,0.0,0,0,0.0,1.0,0.0,0.0,0.0,0.0,0,0.0,1,0.0,0,0,0.0,0.0,1.0,1.0,0.0,inward,BZT
2994,0.0,0.0,0.0,0.0,0.0,0,1,0.0,0.0,0,0.0,0.0,0.0,0,0,1,1,0.0,0.0,0.0,1,1.0,0,0.0,0.0,0.0,1,1.0,0.0,0.0,0.0,0.0,0.0,0.0,0.0,0,0.0,1,0.0,1,0.0,0,0.0,0.0,0.0,1,0,1,0.0,0,0,0.0,1.0,0.0,0.0,0.0,0.0,0,0.0,1,0.0,0,0,0.0,0.0,1.0,1.0,0.0,inward,BZT
2995,0.0,0.0,0.0,0.0,0.0,1,1,0.0,0.0,0,0.0,0.0,0.0,0,0,1,0,0.0,0.0,0.0,0,0.0,0,0.0,0.0,0.0,0,1.0,0.0,0.0,0.0,0.0,0.0,0.0,0.0,0,0.0,0,0.0,1,0.0,0,0.0,0.0,0.0,1,0,1,0.0,0,0,0.0,1.0,0.0,0.0,0.0,0.0,0,0.0,1,0.0,0,0,0.0,0.0,1.0,1.0,0.0,inward,BZT
2996,0.0,0.0,0.0,0.0,0.0,0,0,0.0,0.0,0,0.0,0.0,0.0,0,0,1,1,0.0,0.0,0.0,1,1.0,0,0.0,0.0,0.0,0,0.0,0.0,0.0,0.0,0.0,0.0,0.0,0.0,0,0.0,0,0.0,1,0.0,0,0.0,0.0,0.0,1,0,0,0.0,0,0,0.0,1.0,0.0,0.0,0.0,0.0,0,0.0,0,0.0,0,0,0.0,0.0,1.0,1.0,0.0,inward,BZT
2997,0.0,0.0,0.0,0.0,0.0,0,1,0.0,0.0,0,0.0,0.0,0.0,0,0,1,1,0.0,0.0,0.0,1,1.0,0,0.0,0.0,0.0,1,0.0,0.0,0.0,1.0,0.0,0.0,0.0,0.0,0,0.0,1,0.0,1,0.0,0,0.0,0.0,0.0,1,1,1,0.0,0,0,0.0,1.0,0.0,0.0,0.0,0.0,0,0.0,1,0.0,0,0,0.0,0.0,1.0,0.0,0.0,inward,BZT
2998,0.0,0.0,0.0,0.0,0.0,0,0,0.0,0.0,0,0.0,0.0,0.0,1,0,1,1,0.0,0.0,0.0,0,0.0,0,0.0,0.0,0.0,1,0.0,0.0,0.0,1.0,0.0,0.0,0.0,0.0,0,0.0,1,0.0,1,0.0,1,0.0,0.0,0.0,1,1,1,0.0,0,0,0.0,1.0,0.0,0.0,0.0,0.0,1,0.0,1,0.0,0,0,0.0,0.0,1.0,1.0,0.0,inward,BZT
2999,0.0,0.0,0.0,0.0,0.0,0,0,0.0,0.0,0,0.0,0.0,0.0,0,0,1,1,0.0,0.0,0.0,0,0.0,0,0.0,0.0,0.0,0,1.0,1.0,0.0,1.0,0.0,0.0,0.0,0.0,0,0.0,1,0.0,1,0.0,0,0.0,0.0,0.0,1,1,1,0.0,1,0,0.0,1.0,0.0,0.0,0.0,0.0,0,0.0,1,0.0,0,0,0.0,0.0,1.0,1.0,0.0,inward,BZT
3000,0.0,0.0,0.0,0.0,0.0,0,0,0.0,0.0,0,0.0,0.0,0.0,0,0,1,0,0.0,0.0,0.0,0,0.0,0,0.0,0.0,0.0,1,1.0,0.0,0.0,1.0,0.0,0.0,0.0,0.0,0,0.0,1,0.0,1,0.0,0,0.0,0.0,0.0,1,0,0,0.0,0,0,0.0,1.0,0.0,0.0,0.0,0.0,0,0.0,1,0.0,0,0,0.0,0.0,1.0,1.0,0.0,inward,BZT
3001,0.0,0.0,0.0,0.0,0.0,0,0,0.0,0.0,0,0.0,0.0,0.0,0,0,1,0,0.0,0.0,0.0,0,0.0,0,0.0,0.0,0.0,1,1.0,1.0,0.0,1.0,0.0,0.0,0.0,0.0,0,0.0,1,0.0,1,0.0,1,0.0,0.0,0.0,1,0,0,0.0,0,0,0.0,1.0,0.0,0.0,0.0,0.0,1,0.0,1,0.0,0,0,0.0,0.0,1.0,1.0,0.0,inward,BZT
3002,0.0,0.0,0.0,0.0,0.0,0,0,0.0,0.0,0,0.0,0.0,0.0,0,0,1,0,0.0,0.0,0.0,0,0.0,0,0.0,0.0,1.0,1,1.0,0.0,0.0,0.0,0.0,0.0,0.0,0.0,0,0.0,0,0.0,1,0.0,0,0.0,0.0,0.0,1,1,1,0.0,0,0,0.0,1.0,0.0,0.0,0.0,0.0,0,0.0,0,0.0,0,0,0.0,0.0,1.0,1.0,0.0,inward,BZT
3003,0.0,0.0,0.0,0.0,0.0,0,0,0.0,0.0,0,0.0,0.0,0.0,1,0,1,1,0.0,0.0,0.0,0,1.0,0,0.0,0.0,0.0,1,1.0,0.0,0.0,0.0,0.0,0.0,0.0,0.0,0,0.0,1,0.0,1,0.0,0,1.0,0.0,0.0,1,1,0,0.0,0,0,0.0,0.0,0.0,0.0,0.0,0.0,0,0.0,0,0.0,0,0,0.0,0.0,1.0,1.0,0.0,inward,BZT
3004,0.0,0.0,0.0,0.0,0.0,0,0,0.0,0.0,0,0.0,0.0,0.0,0,0,0,0,0.0,0.0,0.0,0,0.0,0,0.0,0.0,1.0,1,1.0,0.0,0.0,1.0,0.0,1.0,0.0,0.0,0,0.0,1,0.0,1,0.0,0,0.0,0.0,0.0,1,0,1,0.0,0,0,0.0,1.0,0.0,0.0,0.0,0.0,0,0.0,1,0.0,0,0,0.0,0.0,1.0,1.0,0.0,inward,BZT
3005,0.0,0.0,0.0,0.0,0.0,0,0,0.0,0.0,0,0.0,0.0,0.0,0,0,1,1,0.0,0.0,0.0,0,0.0,0,0.0,0.0,0.0,0,1.0,0.0,0.0,1.0,0.0,0.0,0.0,0.0,0,0.0,1,0.0,1,0.0,0,0.0,0.0,0.0,1,0,1,0.0,0,0,0.0,1.0,1.0,0.0,0.0,0.0,0,0.0,0,0.0,0,0,0.0,0.0,1.0,0.0,0.0,inward,BZT
3006,0.0,0.0,0.0,0.0,0.0,0,0,0.0,0.0,0,0.0,0.0,0.0,0,0,1,1,0.0,0.0,0.0,0,0.0,0,0.0,0.0,0.0,1,1.0,1.0,0.0,1.0,0.0,0.0,0.0,0.0,0,0.0,1,0.0,1,0.0,1,1.0,0.0,0.0,1,0,1,0.0,0,0,0.0,1.0,0.0,0.0,0.0,0.0,0,0.0,0,0.0,0,0,0.0,0.0,1.0,1.0,0.0,inward,BZT
3007,0.0,0.0,0.0,0.0,0.0,0,0,0.0,0.0,0,0.0,0.0,0.0,0,0,1,0,0.0,0.0,0.0,0,0.0,0,0.0,0.0,0.0,1,1.0,1.0,0.0,0.0,0.0,0.0,0.0,0.0,0,0.0,0,0.0,1,0.0,0,0.0,0.0,0.0,1,0,0,0.0,0,1,0.0,0.0,0.0,0.0,0.0,0.0,0,0.0,1,0.0,0,0,0.0,0.0,1.0,1.0,0.0,inward,BZT
3008,0.0,0.0,0.0,0.0,0.0,0,0,0.0,0.0,0,0.0,0.0,0.0,0,0,0,0,0.0,0.0,0.0,0,0.0,0,0.0,0.0,0.0,1,1.0,1.0,0.0,1.0,0.0,0.0,0.0,0.0,0,0.0,1,0.0,1,0.0,0,0.0,0.0,0.0,1,0,0,0.0,0,0,0.0,1.0,0.0,0.0,0.0,0.0,0,0.0,1,0.0,0,0,0.0,0.0,1.0,1.0,0.0,inward,BZT
3009,0.0,0.0,0.0,0.0,0.0,0,1,0.0,0.0,0,0.0,0.0,0.0,0,0,1,1,0.0,0.0,0.0,1,0.0,0,0.0,0.0,1.0,1,1.0,1.0,0.0,1.0,0.0,0.0,0.0,0.0,0,0.0,1,0.0,1,0.0,0,1.0,0.0,0.0,1,0,0,0.0,0,0,0.0,1.0,0.0,0.0,0.0,0.0,0,0.0,0,0.0,0,0,0.0,0.0,1.0,1.0,0.0,inward,BZT
3010,0.0,0.0,0.0,0.0,0.0,0,1,0.0,0.0,0,0.0,0.0,0.0,0,0,0,0,0.0,0.0,0.0,0,0.0,0,0.0,0.0,0.0,1,1.0,0.0,0.0,0.0,0.0,0.0,0.0,0.0,0,0.0,1,0.0,1,0.0,0,1.0,0.0,0.0,1,1,1,0.0,0,0,0.0,1.0,0.0,0.0,0.0,0.0,0,0.0,0,0.0,0,0,0.0,0.0,1.0,1.0,0.0,inward,BZT
3011,0.0,0.0,0.0,0.0,0.0,0,1,0.0,0.0,0,0.0,0.0,0.0,0,0,1,0,0.0,0.0,0.0,0,0.0,0,0.0,0.0,1.0,1,1.0,1.0,0.0,1.0,0.0,0.0,0.0,0.0,0,0.0,1,0.0,1,0.0,0,1.0,0.0,0.0,1,0,1,0.0,0,0,0.0,1.0,0.0,0.0,0.0,0.0,0,0.0,1,0.0,0,0,0.0,0.0,1.0,1.0,0.0,inward,BZT
3012,0.0,0.0,0.0,0.0,0.0,0,0,0.0,0.0,0,0.0,0.0,0.0,0,0,1,1,0.0,0.0,0.0,0,0.0,0,0.0,0.0,1.0,0,1.0,0.0,0.0,1.0,0.0,1.0,0.0,0.0,0,0.0,0,0.0,1,0.0,0,1.0,0.0,0.0,1,1,1,0.0,0,0,0.0,1.0,0.0,0.0,0.0,0.0,0,0.0,1,0.0,0,0,0.0,0.0,1.0,1.0,0.0,inward,BZT
3013,0.0,0.0,0.0,0.0,0.0,0,0,0.0,0.0,0,0.0,0.0,0.0,0,0,1,1,0.0,0.0,0.0,1,0.0,0,0.0,0.0,1.0,0,1.0,0.0,0.0,1.0,0.0,0.0,0.0,0.0,0,0.0,1,0.0,1,0.0,0,1.0,0.0,0.0,1,0,1,0.0,0,0,0.0,1.0,1.0,0.0,0.0,0.0,0,0.0,0,0.0,0,0,0.0,0.0,1.0,0.0,0.0,inward,BZT
3014,0.0,0.0,0.0,0.0,0.0,0,0,0.0,0.0,0,0.0,0.0,0.0,0,0,1,0,0.0,0.0,0.0,1,0.0,0,0.0,0.0,1.0,1,1.0,0.0,0.0,1.0,0.0,0.0,0.0,0.0,0,0.0,1,0.0,1,0.0,1,1.0,0.0,0.0,1,1,0,0.0,0,0,0.0,1.0,0.0,0.0,0.0,0.0,0,0.0,1,0.0,0,0,0.0,0.0,1.0,1.0,0.0,inward,BZT
3015,0.0,0.0,0.0,0.0,0.0,0,0,0.0,0.0,0,0.0,0.0,0.0,0,0,1,1,0.0,0.0,0.0,0,0.0,0,0.0,0.0,0.0,0,1.0,0.0,0.0,0.0,0.0,0.0,0.0,0.0,0,0.0,1,0.0,1,0.0,0,0.0,0.0,0.0,1,0,0,0.0,1,1,0.0,0.0,0.0,0.0,0.0,1.0,0,0.0,1,0.0,0,0,0.0,0.0,1.0,1.0,0.0,inward,BZT
3016,0.0,0.0,0.0,0.0,0.0,0,0,0.0,0.0,0,0.0,0.0,0.0,0,0,1,1,0.0,0.0,0.0,0,0.0,0,0.0,0.0,1.0,1,0.0,0.0,0.0,0.0,0.0,0.0,0.0,0.0,0,0.0,1,0.0,1,0.0,0,0.0,0.0,0.0,1,0,1,0.0,0,0,0.0,1.0,0.0,0.0,0.0,0.0,0,0.0,1,0.0,0,0,0.0,0.0,1.0,1.0,0.0,inward,BZT
3017,0.0,0.0,0.0,0.0,0.0,0,0,0.0,0.0,0,0.0,0.0,0.0,0,0,0,0,0.0,0.0,0.0,0,0.0,0,0.0,0.0,0.0,0,1.0,0.0,0.0,0.0,0.0,0.0,0.0,0.0,0,0.0,0,0.0,1,0.0,1,0.0,0.0,0.0,1,0,1,0.0,0,0,0.0,1.0,0.0,0.0,0.0,0.0,0,0.0,1,0.0,0,0,0.0,0.0,1.0,1.0,0.0,inward,BZT
3018,0.0,0.0,0.0,0.0,0.0,0,0,0.0,0.0,0,0.0,0.0,0.0,0,0,1,1,1.0,1.0,0.0,1,0.0,0,0.0,0.0,1.0,1,1.0,0.0,0.0,1.0,0.0,0.0,0.0,0.0,0,0.0,1,0.0,1,0.0,0,0.0,0.0,0.0,1,0,0,0.0,0,0,0.0,1.0,0.0,0.0,0.0,0.0,0,0.0,1,0.0,0,0,0.0,0.0,1.0,1.0,0.0,inward,BZT
3019,0.0,0.0,0.0,0.0,0.0,0,0,0.0,0.0,0,0.0,0.0,0.0,0,0,1,0,1.0,0.0,0.0,0,1.0,0,0.0,0.0,0.0,0,1.0,0.0,0.0,0.0,0.0,0.0,0.0,0.0,0,0.0,0,0.0,1,0.0,1,0.0,0.0,0.0,1,1,0,0.0,0,1,0.0,0.0,0.0,0.0,0.0,0.0,0,0.0,0,0.0,0,0,0.0,0.0,1.0,1.0,0.0,inward,BZT
3020,0.0,0.0,0.0,0.0,0.0,0,0,0.0,0.0,0,0.0,0.0,0.0,0,0,0,0,0.0,0.0,0.0,1,0.0,0,0.0,0.0,0.0,0,1.0,0.0,0.0,0.0,0.0,0.0,0.0,0.0,0,0.0,0,0.0,1,0.0,0,0.0,0.0,0.0,1,1,1,0.0,0,0,0.0,1.0,0.0,0.0,0.0,0.0,0,0.0,1,0.0,0,0,0.0,0.0,1.0,1.0,0.0,inward,BZT
3021,0.0,0.0,0.0,0.0,0.0,0,0,0.0,0.0,0,0.0,0.0,0.0,0,0,1,0,0.0,0.0,0.0,1,0.0,0,0.0,0.0,0.0,0,1.0,1.0,0.0,1.0,1.0,0.0,0.0,0.0,0,0.0,1,0.0,1,0.0,1,0.0,0.0,0.0,1,0,1,0.0,0,0,0.0,1.0,0.0,0.0,0.0,0.0,0,0.0,0,0.0,0,0,0.0,0.0,1.0,0.0,0.0,inward,BZT
3022,0.0,0.0,0.0,0.0,0.0,0,0,0.0,0.0,0,0.0,0.0,0.0,0,0,0,0,0.0,0.0,0.0,0,1.0,0,0.0,0.0,0.0,0,1.0,1.0,0.0,0.0,0.0,0.0,0.0,0.0,0,0.0,0,0.0,1,0.0,0,0.0,0.0,0.0,1,1,0,0.0,0,0,0.0,1.0,0.0,0.0,0.0,0.0,0,0.0,1,0.0,0,0,0.0,0.0,1.0,1.0,0.0,inward,BZT
3023,0.0,0.0,0.0,0.0,0.0,0,1,0.0,0.0,0,0.0,0.0,0.0,0,0,1,0,0.0,0.0,0.0,1,0.0,0,0.0,0.0,1.0,1,1.0,0.0,0.0,1.0,0.0,0.0,0.0,0.0,0,0.0,1,0.0,1,0.0,1,1.0,0.0,0.0,1,1,1,0.0,0,0,0.0,1.0,0.0,0.0,0.0,0.0,0,0.0,1,0.0,0,0,0.0,0.0,1.0,1.0,0.0,inward,BZT
3024,0.0,0.0,0.0,0.0,0.0,0,1,0.0,0.0,0,0.0,0.0,0.0,0,0,1,0,0.0,0.0,0.0,1,0.0,0,0.0,0.0,0.0,0,1.0,0.0,0.0,1.0,0.0,0.0,0.0,0.0,0,0.0,0,0.0,1,0.0,0,1.0,0.0,0.0,1,0,1,0.0,0,0,0.0,1.0,0.0,0.0,0.0,0.0,0,0.0,1,0.0,0,0,0.0,0.0,1.0,1.0,0.0,inward,BZT
3025,0.0,0.0,0.0,0.0,0.0,0,0,0.0,0.0,0,0.0,0.0,0.0,0,0,1,0,1.0,0.0,0.0,0,0.0,0,0.0,0.0,0.0,1,1.0,1.0,0.0,1.0,0.0,0.0,0.0,0.0,0,0.0,1,0.0,1,0.0,1,0.0,0.0,0.0,1,0,0,0.0,0,0,0.0,1.0,0.0,0.0,0.0,0.0,1,0.0,1,0.0,0,0,0.0,0.0,1.0,1.0,0.0,inward,BZT
3026,0.0,0.0,0.0,0.0,0.0,0,0,0.0,0.0,0,0.0,0.0,0.0,0,0,1,1,1.0,0.0,0.0,0,0.0,1,0.0,0.0,0.0,1,0.0,0.0,0.0,1.0,0.0,0.0,0.0,0.0,0,0.0,0,0.0,1,0.0,0,0.0,0.0,0.0,1,0,1,0.0,0,0,0.0,1.0,0.0,0.0,0.0,0.0,0,0.0,1,0.0,0,1,0.0,0.0,1.0,1.0,0.0,inward,BZT
3027,0.0,0.0,0.0,0.0,0.0,0,0,0.0,0.0,0,0.0,0.0,0.0,0,0,0,0,0.0,0.0,0.0,0,0.0,0,0.0,0.0,0.0,1,1.0,0.0,0.0,1.0,0.0,0.0,0.0,0.0,0,0.0,1,0.0,1,0.0,1,1.0,0.0,0.0,1,0,1,0.0,0,0,0.0,1.0,0.0,0.0,0.0,0.0,0,0.0,1,0.0,0,0,0.0,0.0,1.0,1.0,0.0,inward,BZT
3028,0.0,0.0,0.0,0.0,0.0,0,0,0.0,0.0,0,0.0,0.0,0.0,0,0,0,0,1.0,0.0,0.0,0,1.0,0,0.0,0.0,0.0,1,1.0,1.0,0.0,0.0,0.0,0.0,0.0,0.0,0,0.0,0,0.0,1,0.0,0,0.0,0.0,0.0,1,0,0,0.0,0,0,0.0,0.0,0.0,0.0,0.0,0.0,0,0.0,1,0.0,0,0,0.0,0.0,1.0,1.0,0.0,inward,BZT
3029,0.0,0.0,0.0,0.0,0.0,0,0,0.0,0.0,0,0.0,0.0,0.0,0,0,0,0,1.0,1.0,0.0,0,1.0,0,0.0,0.0,0.0,1,1.0,0.0,0.0,0.0,0.0,0.0,0.0,0.0,0,0.0,1,0.0,1,0.0,0,0.0,0.0,0.0,1,1,0,0.0,0,0,0.0,1.0,0.0,0.0,0.0,0.0,0,0.0,1,0.0,0,0,0.0,0.0,1.0,0.0,0.0,inward,BZT
3030,0.0,0.0,0.0,0.0,0.0,0,0,0.0,0.0,0,0.0,0.0,0.0,0,0,0,0,1.0,0.0,0.0,0,0.0,0,0.0,0.0,0.0,0,1.0,1.0,0.0,1.0,0.0,0.0,0.0,0.0,0,0.0,0,0.0,1,0.0,1,0.0,0.0,0.0,1,0,1,0.0,0,0,0.0,0.0,0.0,0.0,0.0,0.0,1,0.0,0,0.0,0,0,0.0,0.0,1.0,1.0,0.0,inward,BZT
3031,0.0,0.0,0.0,0.0,0.0,0,0,0.0,0.0,0,0.0,0.0,0.0,0,0,1,0,1.0,1.0,0.0,1,1.0,1,0.0,0.0,0.0,0,1.0,0.0,0.0,0.0,0.0,0.0,0.0,0.0,0,0.0,1,0.0,1,0.0,0,0.0,0.0,0.0,1,0,1,0.0,0,0,0.0,0.0,0.0,0.0,0.0,0.0,0,0.0,1,0.0,0,0,0.0,0.0,1.0,0.0,0.0,inward,BZT
3032,0.0,0.0,0.0,0.0,0.0,0,0,0.0,0.0,0,0.0,0.0,0.0,1,0,1,1,0.0,0.0,0.0,0,1.0,0,0.0,0.0,0.0,0,1.0,0.0,0.0,1.0,0.0,0.0,0.0,0.0,0,0.0,0,0.0,1,0.0,0,0.0,0.0,0.0,1,0,1,0.0,0,0,0.0,1.0,0.0,0.0,0.0,0.0,0,0.0,1,0.0,0,0,0.0,0.0,1.0,1.0,0.0,inward,BZT
3033,0.0,0.0,0.0,0.0,0.0,0,0,0.0,0.0,0,0.0,0.0,0.0,0,0,1,1,0.0,0.0,0.0,1,0.0,0,0.0,0.0,1.0,1,1.0,0.0,0.0,0.0,0.0,0.0,0.0,0.0,0,0.0,0,0.0,1,0.0,0,0.0,0.0,0.0,1,0,1,0.0,0,0,0.0,1.0,0.0,0.0,0.0,0.0,0,0.0,0,0.0,0,0,0.0,0.0,1.0,1.0,0.0,inward,BZT
3034,0.0,0.0,0.0,0.0,0.0,0,0,0.0,0.0,0,0.0,0.0,0.0,0,0,1,0,0.0,0.0,0.0,0,0.0,0,0.0,0.0,1.0,1,0.0,0.0,0.0,1.0,0.0,0.0,0.0,0.0,0,0.0,1,0.0,1,0.0,0,0.0,0.0,0.0,1,0,1,0.0,0,0,0.0,1.0,0.0,0.0,0.0,0.0,0,0.0,1,0.0,0,0,0.0,0.0,1.0,0.0,0.0,inward,BZT
3035,0.0,0.0,0.0,0.0,0.0,0,1,0.0,0.0,0,0.0,0.0,0.0,0,0,1,0,0.0,0.0,0.0,0,0.0,0,0.0,0.0,0.0,1,1.0,0.0,0.0,0.0,0.0,0.0,0.0,0.0,0,0.0,1,0.0,1,0.0,0,0.0,0.0,0.0,1,0,0,0.0,0,0,0.0,1.0,0.0,0.0,0.0,0.0,0,0.0,1,0.0,0,0,0.0,0.0,1.0,0.0,0.0,inward,BZT
3036,0.0,0.0,0.0,0.0,0.0,0,1,0.0,0.0,0,0.0,0.0,0.0,0,0,1,0,1.0,0.0,0.0,1,1.0,0,0.0,0.0,0.0,0,1.0,0.0,0.0,0.0,0.0,0.0,0.0,0.0,0,0.0,0,0.0,1,0.0,1,0.0,0.0,0.0,1,0,1,0.0,0,0,0.0,1.0,0.0,0.0,0.0,0.0,0,0.0,0,0.0,0,0,0.0,0.0,1.0,0.0,0.0,inward,BZT
3037,0.0,0.0,0.0,0.0,0.0,0,0,0.0,0.0,0,0.0,0.0,0.0,0,0,0,0,0.0,0.0,0.0,0,0.0,0,0.0,0.0,1.0,0,1.0,0.0,0.0,0.0,0.0,0.0,0.0,0.0,0,0.0,1,0.0,1,0.0,0,0.0,0.0,0.0,1,1,0,0.0,0,0,0.0,1.0,0.0,0.0,0.0,0.0,1,0.0,1,0.0,0,0,0.0,0.0,1.0,1.0,0.0,inward,BZT
3038,0.0,0.0,0.0,0.0,0.0,0,1,0.0,0.0,0,0.0,0.0,0.0,0,0,1,1,1.0,0.0,0.0,0,0.0,1,0.0,0.0,0.0,1,0.0,0.0,0.0,0.0,0.0,0.0,0.0,0.0,0,0.0,1,0.0,1,0.0,0,0.0,0.0,0.0,1,1,1,0.0,0,0,0.0,1.0,0.0,0.0,0.0,0.0,0,0.0,1,0.0,0,0,0.0,0.0,1.0,0.0,0.0,inward,BZT
3039,0.0,0.0,0.0,0.0,0.0,0,1,0.0,0.0,0,0.0,0.0,0.0,0,0,1,1,1.0,0.0,0.0,1,1.0,1,0.0,0.0,0.0,0,0.0,0.0,0.0,1.0,0.0,0.0,0.0,0.0,0,0.0,1,0.0,1,0.0,0,0.0,0.0,0.0,1,0,1,0.0,0,0,0.0,1.0,1.0,0.0,0.0,0.0,0,0.0,1,0.0,0,0,0.0,0.0,1.0,1.0,0.0,inward,BZT
3040,0.0,0.0,0.0,0.0,0.0,0,1,0.0,0.0,0,0.0,0.0,0.0,0,0,1,1,1.0,0.0,0.0,1,0.0,0,0.0,0.0,1.0,0,0.0,0.0,0.0,1.0,0.0,0.0,0.0,0.0,0,0.0,0,0.0,0,0.0,0,0.0,0.0,0.0,1,0,1,0.0,0,0,0.0,1.0,0.0,0.0,0.0,0.0,0,0.0,1,0.0,0,0,0.0,0.0,1.0,0.0,0.0,inward,BZT
3041,0.0,0.0,0.0,0.0,0.0,0,0,0.0,0.0,0,0.0,0.0,0.0,0,0,1,0,1.0,0.0,0.0,0,0.0,0,0.0,0.0,0.0,0,1.0,0.0,0.0,0.0,0.0,0.0,0.0,0.0,0,0.0,1,0.0,1,0.0,0,0.0,0.0,0.0,1,1,1,0.0,0,0,0.0,1.0,0.0,0.0,0.0,0.0,0,0.0,1,0.0,0,0,0.0,0.0,1.0,1.0,0.0,inward,BZT
3042,0.0,0.0,0.0,0.0,0.0,0,0,0.0,0.0,0,0.0,0.0,0.0,0,0,1,0,0.0,0.0,0.0,0,0.0,0,0.0,0.0,0.0,1,1.0,1.0,0.0,1.0,0.0,0.0,0.0,0.0,0,0.0,0,0.0,1,0.0,0,0.0,0.0,0.0,1,1,1,0.0,0,1,0.0,1.0,0.0,0.0,0.0,0.0,0,0.0,1,0.0,0,0,0.0,0.0,1.0,1.0,0.0,inward,BZT
3043,0.0,0.0,0.0,0.0,0.0,0,0,0.0,0.0,0,0.0,0.0,0.0,0,0,0,1,0.0,0.0,0.0,1,0.0,0,0.0,0.0,0.0,0,1.0,0.0,0.0,1.0,0.0,0.0,0.0,0.0,0,0.0,0,0.0,1,0.0,0,0.0,0.0,0.0,1,1,1,0.0,0,0,0.0,0.0,0.0,0.0,0.0,0.0,0,0.0,1,0.0,0,0,0.0,0.0,1.0,1.0,0.0,inward,BZT
3044,0.0,0.0,0.0,0.0,0.0,0,0,0.0,0.0,0,0.0,0.0,0.0,0,0,1,0,0.0,0.0,0.0,0,0.0,0,0.0,0.0,0.0,0,1.0,0.0,0.0,0.0,0.0,0.0,0.0,0.0,0,0.0,0,0.0,1,0.0,0,0.0,0.0,0.0,1,1,0,0.0,0,0,0.0,1.0,0.0,0.0,0.0,0.0,0,0.0,1,0.0,0,0,0.0,0.0,1.0,0.0,0.0,inward,BZT
3045,0.0,0.0,0.0,0.0,0.0,0,0,0.0,0.0,0,0.0,0.0,0.0,0,0,1,0,1.0,0.0,0.0,0,0.0,0,0.0,0.0,0.0,0,0.0,0.0,0.0,0.0,0.0,0.0,0.0,0.0,0,0.0,1,0.0,1,0.0,0,0.0,0.0,0.0,1,0,1,0.0,0,0,0.0,1.0,1.0,0.0,0.0,0.0,1,0.0,1,0.0,0,0,0.0,0.0,1.0,1.0,0.0,inward,BZT
3046,0.0,0.0,0.0,0.0,0.0,0,0,0.0,0.0,0,0.0,0.0,0.0,0,0,1,0,0.0,0.0,0.0,0,1.0,0,0.0,0.0,0.0,0,1.0,1.0,0.0,0.0,0.0,0.0,0.0,0.0,0,0.0,0,0.0,1,0.0,0,0.0,0.0,0.0,1,0,1,0.0,0,0,0.0,1.0,0.0,0.0,0.0,0.0,0,0.0,1,0.0,0,0,0.0,0.0,1.0,1.0,0.0,inward,BZT
3047,0.0,0.0,0.0,0.0,0.0,0,1,0.0,0.0,0,0.0,0.0,0.0,0,0,1,0,0.0,0.0,0.0,0,0.0,0,0.0,0.0,0.0,0,1.0,0.0,0.0,1.0,0.0,0.0,0.0,0.0,0,0.0,1,0.0,1,0.0,0,0.0,0.0,0.0,1,0,0,0.0,1,0,0.0,1.0,0.0,0.0,0.0,0.0,0,0.0,1,0.0,0,0,0.0,0.0,1.0,0.0,0.0,inward,BZT
3048,0.0,0.0,0.0,0.0,0.0,0,0,0.0,0.0,0,0.0,0.0,0.0,1,0,1,0,0.0,0.0,0.0,0,0.0,0,0.0,0.0,1.0,1,1.0,0.0,0.0,1.0,0.0,0.0,0.0,0.0,0,0.0,1,0.0,1,0.0,0,0.0,0.0,0.0,1,0,1,0.0,0,0,0.0,1.0,1.0,0.0,0.0,0.0,0,0.0,0,0.0,0,0,0.0,0.0,1.0,1.0,0.0,inward,BZT
3049,0.0,0.0,0.0,0.0,0.0,0,1,0.0,0.0,0,0.0,0.0,0.0,0,0,1,1,0.0,0.0,0.0,0,1.0,0,0.0,0.0,1.0,1,1.0,1.0,0.0,1.0,0.0,0.0,0.0,0.0,0,0.0,1,0.0,1,0.0,0,0.0,0.0,0.0,1,0,1,0.0,0,1,0.0,1.0,0.0,0.0,0.0,0.0,0,0.0,1,0.0,0,0,0.0,0.0,1.0,1.0,0.0,inward,BZT
3050,0.0,0.0,0.0,0.0,0.0,0,1,0.0,0.0,0,0.0,0.0,0.0,0,0,1,1,0.0,0.0,0.0,0,1.0,0,0.0,0.0,0.0,1,1.0,0.0,0.0,0.0,0.0,0.0,0.0,0.0,0,0.0,1,0.0,1,0.0,1,0.0,0.0,0.0,1,0,1,0.0,1,0,0.0,0.0,0.0,0.0,0.0,0.0,0,0.0,1,0.0,0,0,0.0,0.0,1.0,1.0,0.0,inward,BZT
3051,0.0,0.0,0.0,0.0,0.0,0,1,0.0,0.0,0,0.0,0.0,0.0,0,0,1,0,0.0,0.0,0.0,0,1.0,0,0.0,0.0,0.0,0,1.0,0.0,0.0,1.0,0.0,0.0,0.0,0.0,0,0.0,1,0.0,1,0.0,0,0.0,0.0,0.0,1,0,1,0.0,0,1,0.0,1.0,0.0,0.0,0.0,0.0,1,0.0,0,0.0,0,0,0.0,0.0,1.0,1.0,0.0,inward,BZT
3052,0.0,0.0,0.0,0.0,0.0,0,0,0.0,0.0,0,0.0,0.0,0.0,0,0,1,1,0.0,0.0,0.0,0,1.0,0,0.0,0.0,0.0,0,1.0,1.0,0.0,1.0,0.0,0.0,0.0,0.0,0,0.0,1,0.0,1,0.0,1,0.0,0.0,0.0,1,1,0,0.0,0,0,0.0,1.0,0.0,0.0,0.0,0.0,0,0.0,1,0.0,0,0,0.0,0.0,1.0,1.0,0.0,inward,BZT
3053,0.0,0.0,0.0,0.0,0.0,0,0,0.0,0.0,0,0.0,0.0,0.0,0,0,1,0,0.0,0.0,0.0,0,0.0,0,0.0,0.0,0.0,0,1.0,1.0,0.0,1.0,0.0,1.0,0.0,0.0,0,0.0,1,0.0,1,0.0,1,0.0,0.0,0.0,1,0,1,0.0,0,0,0.0,1.0,0.0,0.0,0.0,0.0,0,0.0,0,0.0,0,0,0.0,0.0,1.0,1.0,0.0,inward,BZT
3054,0.0,0.0,0.0,0.0,0.0,0,1,0.0,0.0,0,0.0,0.0,0.0,0,0,1,1,0.0,0.0,0.0,1,0.0,0,0.0,0.0,1.0,0,1.0,1.0,0.0,1.0,0.0,0.0,0.0,0.0,0,0.0,1,0.0,1,0.0,0,0.0,0.0,0.0,1,0,0,0.0,0,0,0.0,1.0,0.0,0.0,0.0,0.0,0,0.0,1,0.0,0,0,0.0,0.0,1.0,0.0,0.0,inward,BZT
3055,0.0,0.0,0.0,0.0,0.0,0,0,0.0,0.0,0,0.0,0.0,0.0,0,0,1,0,0.0,0.0,0.0,0,0.0,0,0.0,0.0,0.0,1,1.0,0.0,0.0,1.0,0.0,0.0,0.0,0.0,0,0.0,1,0.0,1,0.0,1,1.0,0.0,0.0,1,0,0,0.0,1,0,0.0,1.0,0.0,0.0,0.0,0.0,0,0.0,1,0.0,0,0,0.0,0.0,1.0,1.0,0.0,inward,BZT
3056,0.0,0.0,0.0,0.0,0.0,0,0,0.0,0.0,0,0.0,0.0,0.0,1,0,0,0,0.0,0.0,0.0,1,0.0,0,0.0,0.0,1.0,1,1.0,1.0,0.0,1.0,0.0,0.0,0.0,0.0,0,0.0,1,0.0,1,0.0,0,0.0,0.0,0.0,1,0,0,0.0,0,0,0.0,1.0,0.0,0.0,0.0,0.0,0,0.0,1,0.0,0,0,0.0,0.0,1.0,1.0,0.0,inward,BZT
3057,0.0,0.0,0.0,0.0,0.0,0,0,0.0,0.0,0,0.0,0.0,0.0,0,0,1,0,0.0,0.0,0.0,1,0.0,1,0.0,0.0,0.0,1,1.0,1.0,0.0,1.0,0.0,0.0,0.0,0.0,0,0.0,1,0.0,1,0.0,0,0.0,0.0,0.0,1,0,1,0.0,1,0,0.0,1.0,0.0,0.0,0.0,0.0,0,0.0,1,0.0,0,0,0.0,0.0,1.0,1.0,0.0,inward,BZT
3058,0.0,0.0,0.0,0.0,0.0,0,1,0.0,0.0,0,0.0,0.0,0.0,0,0,1,1,0.0,0.0,0.0,1,0.0,0,0.0,0.0,0.0,1,1.0,0.0,0.0,1.0,0.0,0.0,0.0,0.0,0,0.0,1,0.0,1,0.0,0,0.0,0.0,0.0,1,1,1,0.0,1,1,0.0,1.0,0.0,0.0,0.0,0.0,0,0.0,1,0.0,0,0,0.0,0.0,1.0,1.0,0.0,inward,BZT
3059,0.0,0.0,0.0,0.0,0.0,0,0,0.0,0.0,0,0.0,0.0,0.0,0,0,1,0,0.0,0.0,0.0,0,0.0,0,0.0,0.0,0.0,0,1.0,1.0,0.0,1.0,0.0,0.0,0.0,0.0,0,0.0,0,0.0,1,0.0,0,0.0,0.0,0.0,1,1,1,0.0,0,1,0.0,1.0,0.0,0.0,0.0,0.0,0,0.0,1,0.0,0,0,0.0,0.0,1.0,0.0,0.0,inward,BZT
3060,0.0,0.0,0.0,0.0,0.0,0,1,0.0,0.0,0,0.0,0.0,0.0,0,0,1,0,0.0,0.0,0.0,0,1.0,0,0.0,0.0,0.0,1,1.0,0.0,0.0,0.0,0.0,0.0,0.0,0.0,0,0.0,1,0.0,1,0.0,0,0.0,0.0,0.0,1,1,1,0.0,0,1,0.0,0.0,0.0,0.0,0.0,0.0,0,0.0,0,0.0,0,0,0.0,0.0,1.0,1.0,0.0,inward,BZT
3061,0.0,0.0,0.0,0.0,0.0,0,0,0.0,0.0,0,0.0,0.0,0.0,1,0,0,0,0.0,0.0,0.0,1,1.0,0,0.0,0.0,0.0,0,1.0,0.0,0.0,1.0,0.0,0.0,0.0,0.0,0,0.0,1,0.0,1,0.0,0,0.0,0.0,0.0,1,0,0,0.0,0,0,0.0,1.0,0.0,0.0,0.0,0.0,0,0.0,0,0.0,0,0,0.0,0.0,1.0,1.0,0.0,inward,BZT
3062,0.0,0.0,0.0,0.0,0.0,0,1,0.0,0.0,0,0.0,0.0,0.0,0,0,1,0,0.0,0.0,0.0,1,1.0,0,0.0,0.0,0.0,0,1.0,0.0,0.0,1.0,0.0,0.0,0.0,0.0,0,0.0,1,0.0,1,0.0,0,0.0,0.0,0.0,1,0,1,0.0,0,0,0.0,1.0,0.0,0.0,0.0,0.0,0,0.0,1,0.0,0,0,0.0,0.0,1.0,1.0,0.0,inward,BZT
3063,0.0,0.0,0.0,0.0,0.0,0,1,0.0,0.0,0,0.0,0.0,0.0,0,0,1,0,0.0,0.0,0.0,0,0.0,0,0.0,0.0,0.0,1,0.0,0.0,0.0,1.0,0.0,0.0,0.0,0.0,0,0.0,1,0.0,1,0.0,0,0.0,0.0,0.0,1,0,0,0.0,0,0,0.0,1.0,0.0,0.0,0.0,0.0,0,0.0,1,0.0,0,0,0.0,0.0,1.0,0.0,0.0,inward,BZT
3064,0.0,0.0,0.0,0.0,0.0,0,0,0.0,0.0,0,0.0,0.0,0.0,0,0,1,0,0.0,0.0,0.0,0,0.0,0,0.0,0.0,0.0,1,1.0,1.0,0.0,1.0,0.0,0.0,0.0,0.0,0,0.0,1,0.0,1,0.0,0,0.0,0.0,0.0,1,0,1,0.0,0,0,0.0,1.0,0.0,0.0,0.0,0.0,0,0.0,1,0.0,0,0,0.0,0.0,1.0,1.0,0.0,inward,BZT
3065,0.0,0.0,0.0,0.0,0.0,0,0,0.0,0.0,0,0.0,0.0,0.0,0,0,1,0,0.0,0.0,0.0,0,0.0,0,0.0,0.0,0.0,0,1.0,0.0,0.0,0.0,0.0,0.0,0.0,0.0,0,0.0,0,0.0,1,0.0,1,0.0,0.0,0.0,1,1,1,0.0,0,0,0.0,0.0,0.0,0.0,0.0,0.0,1,0.0,0,0.0,0,0,0.0,0.0,1.0,0.0,0.0,inward,BZT
3066,0.0,0.0,0.0,0.0,0.0,0,0,0.0,0.0,0,0.0,0.0,0.0,0,0,1,0,0.0,0.0,0.0,0,0.0,0,0.0,0.0,0.0,1,1.0,0.0,0.0,0.0,0.0,0.0,0.0,0.0,0,0.0,0,0.0,1,0.0,0,1.0,0.0,0.0,1,1,1,0.0,0,1,0.0,1.0,0.0,0.0,0.0,0.0,0,0.0,0,0.0,0,0,0.0,0.0,1.0,1.0,0.0,inward,BZT
3067,0.0,0.0,0.0,0.0,0.0,0,0,0.0,0.0,0,0.0,0.0,0.0,0,0,1,0,0.0,0.0,0.0,1,0.0,0,0.0,0.0,1.0,0,1.0,0.0,0.0,1.0,0.0,0.0,0.0,0.0,0,0.0,1,0.0,1,0.0,1,0.0,0.0,0.0,1,0,1,0.0,1,0,0.0,1.0,1.0,0.0,0.0,0.0,0,0.0,1,0.0,0,0,0.0,0.0,1.0,1.0,0.0,inward,BZT
3068,0.0,0.0,0.0,0.0,0.0,0,1,0.0,0.0,0,0.0,0.0,0.0,0,0,1,0,0.0,0.0,0.0,1,1.0,0,0.0,0.0,0.0,1,1.0,1.0,0.0,1.0,0.0,0.0,0.0,0.0,0,0.0,1,0.0,1,0.0,0,0.0,0.0,0.0,1,0,1,0.0,0,0,0.0,1.0,0.0,0.0,0.0,0.0,0,0.0,0,0.0,0,0,0.0,0.0,1.0,1.0,0.0,inward,BZT
3069,0.0,0.0,0.0,0.0,0.0,0,0,0.0,0.0,0,0.0,0.0,0.0,0,0,0,0,0.0,0.0,0.0,0,1.0,0,0.0,0.0,0.0,1,1.0,1.0,0.0,0.0,0.0,0.0,0.0,0.0,0,0.0,1,0.0,1,0.0,1,0.0,0.0,0.0,1,0,0,0.0,0,0,0.0,1.0,0.0,0.0,0.0,0.0,0,0.0,0,0.0,0,0,0.0,0.0,1.0,1.0,0.0,inward,BZT
3070,0.0,0.0,0.0,0.0,0.0,0,0,0.0,0.0,0,0.0,0.0,0.0,0,0,1,0,0.0,0.0,0.0,0,0.0,0,0.0,0.0,0.0,1,1.0,1.0,0.0,1.0,0.0,1.0,0.0,0.0,0,0.0,0,0.0,1,0.0,1,0.0,0.0,0.0,1,0,1,0.0,0,0,0.0,1.0,0.0,0.0,0.0,0.0,0,0.0,0,0.0,0,0,0.0,0.0,1.0,1.0,0.0,inward,BZT
3071,0.0,0.0,0.0,0.0,0.0,0,0,0.0,0.0,0,0.0,0.0,0.0,0,0,1,1,0.0,0.0,0.0,0,0.0,0,0.0,0.0,1.0,1,1.0,0.0,0.0,1.0,0.0,0.0,0.0,0.0,0,0.0,1,0.0,1,0.0,0,0.0,0.0,0.0,1,0,1,0.0,1,0,0.0,1.0,0.0,0.0,0.0,0.0,0,0.0,0,0.0,0,1,0.0,0.0,1.0,1.0,0.0,inward,BZT
3072,0.0,0.0,0.0,0.0,0.0,0,0,0.0,0.0,0,0.0,0.0,0.0,0,0,1,1,0.0,0.0,0.0,0,1.0,0,0.0,0.0,0.0,1,1.0,0.0,0.0,1.0,0.0,0.0,0.0,0.0,0,0.0,0,0.0,1,0.0,0,0.0,0.0,0.0,1,0,1,0.0,0,0,0.0,1.0,1.0,0.0,0.0,0.0,0,0.0,0,0.0,0,0,0.0,0.0,1.0,0.0,0.0,inward,BZT
3073,0.0,0.0,0.0,0.0,0.0,0,1,0.0,0.0,0,0.0,0.0,0.0,0,0,0,0,0.0,0.0,0.0,0,0.0,0,0.0,0.0,1.0,1,1.0,0.0,0.0,0.0,0.0,0.0,0.0,0.0,0,0.0,1,0.0,1,0.0,1,0.0,0.0,0.0,1,0,0,0.0,1,0,0.0,0.0,0.0,0.0,0.0,0.0,0,0.0,0,0.0,0,0,0.0,0.0,1.0,0.0,0.0,inward,BZT
3074,0.0,0.0,0.0,0.0,0.0,0,1,0.0,0.0,0,0.0,0.0,0.0,0,0,0,0,0.0,0.0,0.0,0,0.0,0,0.0,0.0,1.0,1,1.0,1.0,0.0,1.0,0.0,0.0,0.0,0.0,0,0.0,1,0.0,1,0.0,0,0.0,0.0,0.0,1,0,1,0.0,0,0,0.0,1.0,0.0,0.0,0.0,1.0,0,0.0,1,0.0,0,0,0.0,0.0,1.0,1.0,0.0,inward,BZT
3075,0.0,0.0,0.0,0.0,0.0,0,1,0.0,0.0,0,0.0,0.0,0.0,0,0,1,0,1.0,1.0,0.0,1,1.0,1,0.0,0.0,1.0,1,1.0,0.0,0.0,1.0,0.0,0.0,0.0,0.0,0,0.0,1,0.0,1,0.0,1,0.0,0.0,0.0,1,0,1,0.0,1,0,0.0,1.0,0.0,0.0,0.0,0.0,0,0.0,1,0.0,0,0,0.0,0.0,1.0,1.0,0.0,inward,BZT
3076,0.0,0.0,0.0,0.0,0.0,0,0,0.0,0.0,0,0.0,0.0,0.0,0,0,0,0,1.0,0.0,0.0,1,0.0,0,0.0,0.0,1.0,1,1.0,0.0,0.0,1.0,0.0,0.0,0.0,0.0,0,0.0,1,0.0,1,0.0,0,0.0,0.0,0.0,1,0,1,0.0,0,0,0.0,1.0,0.0,0.0,0.0,0.0,0,0.0,0,0.0,0,0,0.0,0.0,1.0,1.0,0.0,inward,BZT
3077,0.0,0.0,0.0,0.0,0.0,0,1,0.0,0.0,0,0.0,0.0,0.0,0,0,1,1,0.0,0.0,0.0,0,0.0,0,0.0,0.0,0.0,1,1.0,0.0,0.0,0.0,0.0,0.0,0.0,0.0,0,0.0,0,0.0,1,0.0,0,0.0,0.0,0.0,1,0,1,0.0,0,1,0.0,1.0,0.0,0.0,0.0,0.0,0,0.0,1,0.0,0,0,0.0,0.0,1.0,1.0,0.0,inward,BZT
3078,0.0,0.0,0.0,0.0,0.0,0,0,0.0,0.0,0,0.0,0.0,0.0,0,0,1,1,0.0,0.0,0.0,1,0.0,0,0.0,0.0,0.0,1,0.0,0.0,0.0,1.0,0.0,1.0,0.0,0.0,0,0.0,1,0.0,1,0.0,1,0.0,0.0,0.0,1,0,0,0.0,0,1,0.0,1.0,0.0,0.0,0.0,0.0,0,0.0,0,0.0,0,0,0.0,0.0,1.0,1.0,0.0,inward,BZT
3079,0.0,0.0,0.0,0.0,0.0,0,1,0.0,0.0,0,0.0,0.0,0.0,1,0,1,1,0.0,0.0,0.0,0,0.0,0,0.0,0.0,0.0,1,1.0,0.0,0.0,1.0,0.0,0.0,0.0,0.0,0,0.0,1,0.0,1,0.0,0,0.0,0.0,0.0,1,0,1,0.0,0,0,0.0,1.0,0.0,0.0,0.0,0.0,0,0.0,0,0.0,0,0,0.0,0.0,1.0,0.0,0.0,inward,BZT
3080,0.0,0.0,0.0,0.0,0.0,0,0,0.0,0.0,0,0.0,0.0,0.0,0,0,1,0,0.0,0.0,0.0,0,0.0,0,0.0,0.0,0.0,0,1.0,0.0,0.0,1.0,0.0,0.0,0.0,0.0,0,0.0,1,0.0,1,0.0,1,0.0,0.0,0.0,1,0,1,0.0,0,1,0.0,1.0,0.0,0.0,0.0,0.0,1,0.0,1,0.0,0,0,0.0,0.0,1.0,1.0,0.0,inward,BZT
3081,0.0,0.0,0.0,0.0,0.0,0,0,0.0,0.0,0,0.0,0.0,0.0,0,0,1,0,0.0,0.0,0.0,0,0.0,0,0.0,0.0,1.0,1,1.0,0.0,0.0,0.0,0.0,0.0,0.0,0.0,0,0.0,1,0.0,1,0.0,1,0.0,0.0,0.0,1,0,1,0.0,0,1,0.0,0.0,0.0,0.0,0.0,0.0,1,0.0,1,0.0,0,0,0.0,0.0,1.0,1.0,0.0,inward,BZT
3082,0.0,0.0,0.0,0.0,0.0,0,0,0.0,0.0,0,0.0,0.0,0.0,0,0,1,0,0.0,0.0,0.0,0,1.0,0,0.0,0.0,1.0,1,1.0,0.0,0.0,1.0,0.0,0.0,0.0,1.0,0,0.0,1,0.0,1,0.0,1,0.0,0.0,0.0,1,1,1,0.0,0,0,0.0,1.0,0.0,0.0,0.0,0.0,0,0.0,1,0.0,0,0,0.0,0.0,1.0,1.0,0.0,inward,BZT
